== Conducting scraping for AI_Moderation on behance.net
== Getting initial 6 pages in sheet
==== We are at iteration 1 (tree depth).
====== We are on page 1 of 6: https://help.behance.net/hc/en-us
====== Number of Links on this Page: 57
======== We are on link 1 of 57
========== raw link #main-content
========== dropped link (either fragment ("#"), js, mailto, comment, pdf, or empty)
======== We are on link 2 of 57
========== raw link /hc/en-us
============ Found Relative: joining https://help.behance.net/hc/en-us and /hc/en-us
============ Checking for Redirections: https://help.behance.net/hc/en-us
============ Link after cleaning: https://help.behance.net/hc/en-us
========== link already checked
======== We are on link 3 of 57
========== raw link /hc/en-us/signin?return_to=https%3A%2F%2Fhelp.behance.net%2Fhc%2Fen-us
============ Prepended scheme.
============ Checking for Redirections: https://hc/en-us/signin?return_to=https%3A%2F%2Fhelp.behance.net%2Fhc%2Fen-us
========== dropped link https://hc/en-us/signin?return_to=https%3A%2F%2Fhelp.behance.net%2Fhc%2Fen-us. Could not follow redirection (or it was a meaninglessly small page or bot blocked by sessionID).
======== We are on link 4 of 57
========== raw link /hc/en-us/requests/new?ticket_form_id=4164
============ Found Relative: joining https://help.behance.net/hc/en-us and /hc/en-us/requests/new?ticket_form_id=4164
============ Checking for Redirections: https://help.behance.net/hc/en-us/requests/new?ticket_form_id=4164
========== dropped link https://help.behance.net/hc/en-us/requests/new?ticket_form_id=4164. Could not follow redirection (or it was a meaninglessly small page or bot blocked by sessionID).
======== We are on link 5 of 57
========== raw link https://behance.net/
============ Checking for Redirections: https://behance.net/
============ Followed Redirection to https://www.behance.net/
============ Link after cleaning: https://www.behance.net/
========== scraping https://www.behance.net/
======== We are on link 6 of 57
========== raw link https://www.adobe.com/
========== dropped link https://www.adobe.com/. Didn't pass first allows/blocks test.
======== We are on link 7 of 57
========== raw link /hc/en-us
============ Found Relative: joining https://help.behance.net/hc/en-us and /hc/en-us
============ Checking for Redirections: https://help.behance.net/hc/en-us
============ Link after cleaning: https://help.behance.net/hc/en-us
========== link already checked
======== We are on link 8 of 57
========== raw link /hc/en-us/categories/203238387-Behance-Basics
============ Found Relative: joining https://help.behance.net/hc/en-us and /hc/en-us/categories/203238387-Behance-Basics
============ Checking for Redirections: https://help.behance.net/hc/en-us/categories/203238387-Behance-Basics
============ Link after cleaning: https://help.behance.net/hc/en-us/categories/203238387-Behance-Basics
========== scraping https://help.behance.net/hc/en-us/categories/203238387-Behance-Basics
======== We are on link 9 of 57
========== raw link /hc/en-us/sections/205060288-Intro-To-Behance
============ Found Relative: joining https://help.behance.net/hc/en-us and /hc/en-us/sections/205060288-Intro-To-Behance
============ Checking for Redirections: https://help.behance.net/hc/en-us/sections/205060288-Intro-To-Behance
========== dropped link https://help.behance.net/hc/en-us/sections/205060288-Intro-To-Behance. Could not follow redirection (or it was a meaninglessly small page or bot blocked by sessionID).
======== We are on link 10 of 57
========== raw link /hc/en-us/sections/23267219561243-Behance-Pro
============ Found Relative: joining https://help.behance.net/hc/en-us and /hc/en-us/sections/23267219561243-Behance-Pro
============ Checking for Redirections: https://help.behance.net/hc/en-us/sections/23267219561243-Behance-Pro
========== dropped link https://help.behance.net/hc/en-us/sections/23267219561243-Behance-Pro. Could not follow redirection (or it was a meaninglessly small page or bot blocked by sessionID).
======== We are on link 11 of 57
========== raw link /hc/en-us/sections/360005958773-Behance-On-Mobile
============ Found Relative: joining https://help.behance.net/hc/en-us and /hc/en-us/sections/360005958773-Behance-On-Mobile
============ Checking for Redirections: https://help.behance.net/hc/en-us/sections/360005958773-Behance-On-Mobile
========== dropped link https://help.behance.net/hc/en-us/sections/360005958773-Behance-On-Mobile. Could not follow redirection (or it was a meaninglessly small page or bot blocked by sessionID).
======== We are on link 12 of 57
========== raw link /hc/en-us/sections/360005940694-Miscellaneous
============ Found Relative: joining https://help.behance.net/hc/en-us and /hc/en-us/sections/360005940694-Miscellaneous
============ Checking for Redirections: https://help.behance.net/hc/en-us/sections/360005940694-Miscellaneous
========== dropped link https://help.behance.net/hc/en-us/sections/360005940694-Miscellaneous. Could not follow redirection (or it was a meaninglessly small page or bot blocked by sessionID).
======== We are on link 13 of 57
========== raw link /hc/en-us/categories/203234268-Account-Profile-and-Network
============ Found Relative: joining https://help.behance.net/hc/en-us and /hc/en-us/categories/203234268-Account-Profile-and-Network
============ Checking for Redirections: https://help.behance.net/hc/en-us/categories/203234268-Account-Profile-and-Network
========== dropped link https://help.behance.net/hc/en-us/categories/203234268-Account-Profile-and-Network. Could not follow redirection (or it was a meaninglessly small page or bot blocked by sessionID).
======== We are on link 14 of 57
========== raw link /hc/en-us/sections/4410143194523-For-You-Your-Creative-Network
============ Found Relative: joining https://help.behance.net/hc/en-us and /hc/en-us/sections/4410143194523-For-You-Your-Creative-Network
============ Checking for Redirections: https://help.behance.net/hc/en-us/sections/4410143194523-For-You-Your-Creative-Network
========== dropped link https://help.behance.net/hc/en-us/sections/4410143194523-For-You-Your-Creative-Network. Could not follow redirection (or it was a meaninglessly small page or bot blocked by sessionID).
======== We are on link 15 of 57
========== raw link /hc/en-us/sections/4410130088475-Your-Profile
============ Found Relative: joining https://help.behance.net/hc/en-us and /hc/en-us/sections/4410130088475-Your-Profile
============ Checking for Redirections: https://help.behance.net/hc/en-us/sections/4410130088475-Your-Profile
========== dropped link https://help.behance.net/hc/en-us/sections/4410130088475-Your-Profile. Could not follow redirection (or it was a meaninglessly small page or bot blocked by sessionID).
======== We are on link 16 of 57
========== raw link /hc/en-us/sections/4410128163611-Your-Account
============ Found Relative: joining https://help.behance.net/hc/en-us and /hc/en-us/sections/4410128163611-Your-Account
============ Checking for Redirections: https://help.behance.net/hc/en-us/sections/4410128163611-Your-Account
========== dropped link https://help.behance.net/hc/en-us/sections/4410128163611-Your-Account. Could not follow redirection (or it was a meaninglessly small page or bot blocked by sessionID).
======== We are on link 17 of 57
========== raw link /hc/en-us/categories/203238407-Creating-Editing-Publishing
============ Found Relative: joining https://help.behance.net/hc/en-us and /hc/en-us/categories/203238407-Creating-Editing-Publishing
============ Checking for Redirections: https://help.behance.net/hc/en-us/categories/203238407-Creating-Editing-Publishing
============ Link after cleaning: https://help.behance.net/hc/en-us/categories/203238407-Creating-Editing-Publishing
========== scraping https://help.behance.net/hc/en-us/categories/203238407-Creating-Editing-Publishing
======== We are on link 18 of 57
========== raw link /hc/en-us/sections/205068647-Project-Basics
============ Found Relative: joining https://help.behance.net/hc/en-us and /hc/en-us/sections/205068647-Project-Basics
============ Checking for Redirections: https://help.behance.net/hc/en-us/sections/205068647-Project-Basics
========== dropped link https://help.behance.net/hc/en-us/sections/205068647-Project-Basics. Could not follow redirection (or it was a meaninglessly small page or bot blocked by sessionID).
======== We are on link 19 of 57
========== raw link /hc/en-us/sections/360006523653-Project-Settings
============ Found Relative: joining https://help.behance.net/hc/en-us and /hc/en-us/sections/360006523653-Project-Settings
============ Checking for Redirections: https://help.behance.net/hc/en-us/sections/360006523653-Project-Settings
========== dropped link https://help.behance.net/hc/en-us/sections/360006523653-Project-Settings. Could not follow redirection (or it was a meaninglessly small page or bot blocked by sessionID).
======== We are on link 20 of 57
========== raw link /hc/en-us/sections/115001059987-Project-Body-Styling
============ Found Relative: joining https://help.behance.net/hc/en-us and /hc/en-us/sections/115001059987-Project-Body-Styling
============ Checking for Redirections: https://help.behance.net/hc/en-us/sections/115001059987-Project-Body-Styling
========== dropped link https://help.behance.net/hc/en-us/sections/115001059987-Project-Body-Styling. Could not follow redirection (or it was a meaninglessly small page or bot blocked by sessionID).
======== We are on link 21 of 57
========== raw link /hc/en-us/sections/360001194734-Work-in-Progress
============ Found Relative: joining https://help.behance.net/hc/en-us and /hc/en-us/sections/360001194734-Work-in-Progress
============ Checking for Redirections: https://help.behance.net/hc/en-us/sections/360001194734-Work-in-Progress
============ Link after cleaning: https://help.behance.net/hc/en-us/sections/360001194734-Work-in-Progress
========== scraping https://help.behance.net/hc/en-us/sections/360001194734-Work-in-Progress
======== We are on link 22 of 57
========== raw link /hc/en-us/categories/34376131808539-Career-Resources
============ Found Relative: joining https://help.behance.net/hc/en-us and /hc/en-us/categories/34376131808539-Career-Resources
============ Checking for Redirections: https://help.behance.net/hc/en-us/categories/34376131808539-Career-Resources
========== dropped link https://help.behance.net/hc/en-us/categories/34376131808539-Career-Resources. Could not follow redirection (or it was a meaninglessly small page or bot blocked by sessionID).
======== We are on link 23 of 57
========== raw link /hc/en-us/sections/35986062839707-Creative-Apprenticeship
============ Found Relative: joining https://help.behance.net/hc/en-us and /hc/en-us/sections/35986062839707-Creative-Apprenticeship
============ Checking for Redirections: https://help.behance.net/hc/en-us/sections/35986062839707-Creative-Apprenticeship
========== dropped link https://help.behance.net/hc/en-us/sections/35986062839707-Creative-Apprenticeship. Could not follow redirection (or it was a meaninglessly small page or bot blocked by sessionID).
======== We are on link 24 of 57
========== raw link /hc/en-us/sections/35986101988251-Commissioned-Projects
============ Found Relative: joining https://help.behance.net/hc/en-us and /hc/en-us/sections/35986101988251-Commissioned-Projects
============ Checking for Redirections: https://help.behance.net/hc/en-us/sections/35986101988251-Commissioned-Projects
========== dropped link https://help.behance.net/hc/en-us/sections/35986101988251-Commissioned-Projects. Could not follow redirection (or it was a meaninglessly small page or bot blocked by sessionID).
======== We are on link 25 of 57
========== raw link /hc/en-us/sections/35986384859675-Mentorship
============ Found Relative: joining https://help.behance.net/hc/en-us and /hc/en-us/sections/35986384859675-Mentorship
============ Checking for Redirections: https://help.behance.net/hc/en-us/sections/35986384859675-Mentorship
========== dropped link https://help.behance.net/hc/en-us/sections/35986384859675-Mentorship. Could not follow redirection (or it was a meaninglessly small page or bot blocked by sessionID).
======== We are on link 26 of 57
========== raw link /hc/en-us/categories/203238627-Hiring
============ Found Relative: joining https://help.behance.net/hc/en-us and /hc/en-us/categories/203238627-Hiring
============ Checking for Redirections: https://help.behance.net/hc/en-us/categories/203238627-Hiring
========== dropped link https://help.behance.net/hc/en-us/categories/203238627-Hiring. Could not follow redirection (or it was a meaninglessly small page or bot blocked by sessionID).
======== We are on link 27 of 57
========== raw link /hc/en-us/sections/7296119517083-Freelance-Projects
============ Found Relative: joining https://help.behance.net/hc/en-us and /hc/en-us/sections/7296119517083-Freelance-Projects
============ Checking for Redirections: https://help.behance.net/hc/en-us/sections/7296119517083-Freelance-Projects
========== dropped link https://help.behance.net/hc/en-us/sections/7296119517083-Freelance-Projects. Could not follow redirection (or it was a meaninglessly small page or bot blocked by sessionID).
======== We are on link 28 of 57
========== raw link /hc/en-us/sections/13758438784667-Jobs
============ Found Relative: joining https://help.behance.net/hc/en-us and /hc/en-us/sections/13758438784667-Jobs
============ Checking for Redirections: https://help.behance.net/hc/en-us/sections/13758438784667-Jobs
========== dropped link https://help.behance.net/hc/en-us/sections/13758438784667-Jobs. Could not follow redirection (or it was a meaninglessly small page or bot blocked by sessionID).
======== We are on link 29 of 57
========== raw link /hc/en-us/sections/1260801640450-Hire-Me
============ Found Relative: joining https://help.behance.net/hc/en-us and /hc/en-us/sections/1260801640450-Hire-Me
============ Checking for Redirections: https://help.behance.net/hc/en-us/sections/1260801640450-Hire-Me
========== dropped link https://help.behance.net/hc/en-us/sections/1260801640450-Hire-Me. Could not follow redirection (or it was a meaninglessly small page or bot blocked by sessionID).
======== We are on link 30 of 57
========== raw link /hc/en-us/categories/9350774501659-Assets
============ Found Relative: joining https://help.behance.net/hc/en-us and /hc/en-us/categories/9350774501659-Assets
============ Checking for Redirections: https://help.behance.net/hc/en-us/categories/9350774501659-Assets
============ Link after cleaning: https://help.behance.net/hc/en-us/categories/9350774501659-Assets
========== scraping https://help.behance.net/hc/en-us/categories/9350774501659-Assets
======== We are on link 31 of 57
========== raw link /hc/en-us/sections/9350833195163-Frequently-Asked-Questions
============ Found Relative: joining https://help.behance.net/hc/en-us and /hc/en-us/sections/9350833195163-Frequently-Asked-Questions
============ Checking for Redirections: https://help.behance.net/hc/en-us/sections/9350833195163-Frequently-Asked-Questions
========== dropped link https://help.behance.net/hc/en-us/sections/9350833195163-Frequently-Asked-Questions. Could not follow redirection (or it was a meaninglessly small page or bot blocked by sessionID).
======== We are on link 32 of 57
========== raw link /hc/en-us/sections/10771633573403-For-Sellers
============ Found Relative: joining https://help.behance.net/hc/en-us and /hc/en-us/sections/10771633573403-For-Sellers
============ Checking for Redirections: https://help.behance.net/hc/en-us/sections/10771633573403-For-Sellers
========== dropped link https://help.behance.net/hc/en-us/sections/10771633573403-For-Sellers. Could not follow redirection (or it was a meaninglessly small page or bot blocked by sessionID).
======== We are on link 33 of 57
========== raw link /hc/en-us/sections/10771650494747-For-Buyers
============ Found Relative: joining https://help.behance.net/hc/en-us and /hc/en-us/sections/10771650494747-For-Buyers
============ Checking for Redirections: https://help.behance.net/hc/en-us/sections/10771650494747-For-Buyers
========== dropped link https://help.behance.net/hc/en-us/sections/10771650494747-For-Buyers. Could not follow redirection (or it was a meaninglessly small page or bot blocked by sessionID).
======== We are on link 34 of 57
========== raw link /hc/en-us/categories/1260801828110-Subscriptions
============ Found Relative: joining https://help.behance.net/hc/en-us and /hc/en-us/categories/1260801828110-Subscriptions
============ Checking for Redirections: https://help.behance.net/hc/en-us/categories/1260801828110-Subscriptions
============ Link after cleaning: https://help.behance.net/hc/en-us/categories/1260801828110-Subscriptions
========== scraping https://help.behance.net/hc/en-us/categories/1260801828110-Subscriptions
======== We are on link 35 of 57
========== raw link /hc/en-us/sections/4408755136539-For-Creators
============ Found Relative: joining https://help.behance.net/hc/en-us and /hc/en-us/sections/4408755136539-For-Creators
============ Checking for Redirections: https://help.behance.net/hc/en-us/sections/4408755136539-For-Creators
============ Link after cleaning: https://help.behance.net/hc/en-us/sections/4408755136539-For-Creators
========== scraping https://help.behance.net/hc/en-us/sections/4408755136539-For-Creators
======== We are on link 36 of 57
========== raw link /hc/en-us/sections/4408755178011-For-Subscribers
============ Found Relative: joining https://help.behance.net/hc/en-us and /hc/en-us/sections/4408755178011-For-Subscribers
============ Checking for Redirections: https://help.behance.net/hc/en-us/sections/4408755178011-For-Subscribers
============ Link after cleaning: https://help.behance.net/hc/en-us/sections/4408755178011-For-Subscribers
========== scraping https://help.behance.net/hc/en-us/sections/4408755178011-For-Subscribers
======== We are on link 37 of 57
========== raw link /hc/en-us/categories/203238667-Safety-and-Legal-Center
============ Found Relative: joining https://help.behance.net/hc/en-us and /hc/en-us/categories/203238667-Safety-and-Legal-Center
============ Checking for Redirections: https://help.behance.net/hc/en-us/categories/203238667-Safety-and-Legal-Center
============ Link after cleaning: https://help.behance.net/hc/en-us/categories/203238667-Safety-and-Legal-Center
========== scraping https://help.behance.net/hc/en-us/categories/203238667-Safety-and-Legal-Center
======== We are on link 38 of 57
========== raw link /hc/en-us/sections/360006020874-Behance-Guidelines
============ Found Relative: joining https://help.behance.net/hc/en-us and /hc/en-us/sections/360006020874-Behance-Guidelines
============ Checking for Redirections: https://help.behance.net/hc/en-us/sections/360006020874-Behance-Guidelines
========== dropped link https://help.behance.net/hc/en-us/sections/360006020874-Behance-Guidelines. Could not follow redirection (or it was a meaninglessly small page or bot blocked by sessionID).
======== We are on link 39 of 57
========== raw link /hc/en-us/sections/200813564-Report-Appeals
============ Found Relative: joining https://help.behance.net/hc/en-us and /hc/en-us/sections/200813564-Report-Appeals
============ Checking for Redirections: https://help.behance.net/hc/en-us/sections/200813564-Report-Appeals
========== dropped link https://help.behance.net/hc/en-us/sections/200813564-Report-Appeals. Could not follow redirection (or it was a meaninglessly small page or bot blocked by sessionID).
======== We are on link 40 of 57
========== raw link /hc/en-us/sections/360006044113-Copyright
============ Found Relative: joining https://help.behance.net/hc/en-us and /hc/en-us/sections/360006044113-Copyright
============ Checking for Redirections: https://help.behance.net/hc/en-us/sections/360006044113-Copyright
========== dropped link https://help.behance.net/hc/en-us/sections/360006044113-Copyright. Could not follow redirection (or it was a meaninglessly small page or bot blocked by sessionID).
======== We are on link 41 of 57
========== raw link /hc/en-us/sections/360006819274-Frequently-Asked-Questions
============ Found Relative: joining https://help.behance.net/hc/en-us and /hc/en-us/sections/360006819274-Frequently-Asked-Questions
============ Checking for Redirections: https://help.behance.net/hc/en-us/sections/360006819274-Frequently-Asked-Questions
========== dropped link https://help.behance.net/hc/en-us/sections/360006819274-Frequently-Asked-Questions. Could not follow redirection (or it was a meaninglessly small page or bot blocked by sessionID).
======== We are on link 42 of 57
========== raw link /hc/en-us/categories/203238647-Troubleshooting-FAQs
============ Found Relative: joining https://help.behance.net/hc/en-us and /hc/en-us/categories/203238647-Troubleshooting-FAQs
============ Checking for Redirections: https://help.behance.net/hc/en-us/categories/203238647-Troubleshooting-FAQs
============ Link after cleaning: https://help.behance.net/hc/en-us/categories/203238647-Troubleshooting-FAQs
========== scraping https://help.behance.net/hc/en-us/categories/203238647-Troubleshooting-FAQs
======== We are on link 43 of 57
========== raw link /hc/en-us/sections/360005814914-Browser-Help
============ Found Relative: joining https://help.behance.net/hc/en-us and /hc/en-us/sections/360005814914-Browser-Help
============ Checking for Redirections: https://help.behance.net/hc/en-us/sections/360005814914-Browser-Help
========== dropped link https://help.behance.net/hc/en-us/sections/360005814914-Browser-Help. Could not follow redirection (or it was a meaninglessly small page or bot blocked by sessionID).
======== We are on link 44 of 57
========== raw link /hc/en-us/sections/205069127-Supported-Formats
============ Found Relative: joining https://help.behance.net/hc/en-us and /hc/en-us/sections/205069127-Supported-Formats
============ Checking for Redirections: https://help.behance.net/hc/en-us/sections/205069127-Supported-Formats
========== dropped link https://help.behance.net/hc/en-us/sections/205069127-Supported-Formats. Could not follow redirection (or it was a meaninglessly small page or bot blocked by sessionID).
======== We are on link 45 of 57
========== raw link /hc/en-us/sections/200813524-Frequently-Asked-Questions
============ Found Relative: joining https://help.behance.net/hc/en-us and /hc/en-us/sections/200813524-Frequently-Asked-Questions
============ Checking for Redirections: https://help.behance.net/hc/en-us/sections/200813524-Frequently-Asked-Questions
============ Link after cleaning: https://help.behance.net/hc/en-us/sections/200813524-Frequently-Asked-Questions
========== scraping https://help.behance.net/hc/en-us/sections/200813524-Frequently-Asked-Questions
======== We are on link 46 of 57
========== raw link /hc/en-us/articles/23707029830043-Behance-Pro-Overview
============ Found Relative: joining https://help.behance.net/hc/en-us and /hc/en-us/articles/23707029830043-Behance-Pro-Overview
============ Checking for Redirections: https://help.behance.net/hc/en-us/articles/23707029830043-Behance-Pro-Overview
============ Link after cleaning: https://help.behance.net/hc/en-us/articles/23707029830043-Behance-Pro-Overview
========== scraping https://help.behance.net/hc/en-us/articles/23707029830043-Behance-Pro-Overview
======== We are on link 47 of 57
========== raw link /hc/en-us/articles/204484914-Guide-Change-Or-Update-Your-Adobe-ID
============ Found Relative: joining https://help.behance.net/hc/en-us and /hc/en-us/articles/204484914-Guide-Change-Or-Update-Your-Adobe-ID
============ Checking for Redirections: https://help.behance.net/hc/en-us/articles/204484914-Guide-Change-Or-Update-Your-Adobe-ID
============ Link after cleaning: https://help.behance.net/hc/en-us/articles/204484914-Guide-Change-Or-Update-Your-Adobe-ID
========== scraping https://help.behance.net/hc/en-us/articles/204484914-Guide-Change-Or-Update-Your-Adobe-ID
======== We are on link 48 of 57
========== raw link /hc/en-us/articles/204484424-Guide-Following-Creatives-On-Behance
============ Found Relative: joining https://help.behance.net/hc/en-us and /hc/en-us/articles/204484424-Guide-Following-Creatives-On-Behance
============ Checking for Redirections: https://help.behance.net/hc/en-us/articles/204484424-Guide-Following-Creatives-On-Behance
============ Link after cleaning: https://help.behance.net/hc/en-us/articles/204484424-Guide-Following-Creatives-On-Behance
========== scraping https://help.behance.net/hc/en-us/articles/204484424-Guide-Following-Creatives-On-Behance
======== We are on link 49 of 57
========== raw link /hc/en-us/articles/18318706310555-Guide-Adobe-ID-Management-Migrating-from-Business-Profiles-to-Personal-Profiles
============ Found Relative: joining https://help.behance.net/hc/en-us and /hc/en-us/articles/18318706310555-Guide-Adobe-ID-Management-Migrating-from-Business-Profiles-to-Personal-Profiles
============ Checking for Redirections: https://help.behance.net/hc/en-us/articles/18318706310555-Guide-Adobe-ID-Management-Migrating-from-Business-Profiles-to-Personal-Profiles
============ Link after cleaning: https://help.behance.net/hc/en-us/articles/18318706310555-Guide-Adobe-ID-Management-Migrating-from-Business-Profiles-to-Personal-Profiles
========== scraping https://help.behance.net/hc/en-us/articles/18318706310555-Guide-Adobe-ID-Management-Migrating-from-Business-Profiles-to-Personal-Profiles
======== We are on link 50 of 57
========== raw link /hc/en-us/articles/1260801942230-FAQ-Login-and-Account-Access-Issues
============ Found Relative: joining https://help.behance.net/hc/en-us and /hc/en-us/articles/1260801942230-FAQ-Login-and-Account-Access-Issues
============ Checking for Redirections: https://help.behance.net/hc/en-us/articles/1260801942230-FAQ-Login-and-Account-Access-Issues
============ Link after cleaning: https://help.behance.net/hc/en-us/articles/1260801942230-FAQ-Login-and-Account-Access-Issues
========== scraping https://help.behance.net/hc/en-us/articles/1260801942230-FAQ-Login-and-Account-Access-Issues
======== We are on link 51 of 57
========== raw link /hc/en-us/articles/360034538893-Guide-Editing-A-Draft-Or-Published-Project
============ Found Relative: joining https://help.behance.net/hc/en-us and /hc/en-us/articles/360034538893-Guide-Editing-A-Draft-Or-Published-Project
============ Checking for Redirections: https://help.behance.net/hc/en-us/articles/360034538893-Guide-Editing-A-Draft-Or-Published-Project
============ Link after cleaning: https://help.behance.net/hc/en-us/articles/360034538893-Guide-Editing-A-Draft-Or-Published-Project
========== scraping https://help.behance.net/hc/en-us/articles/360034538893-Guide-Editing-A-Draft-Or-Published-Project
======== We are on link 52 of 57
========== raw link /hc/en-us/articles/1260801395369-Guide-Protecting-Yourself-From-Scams
============ Found Relative: joining https://help.behance.net/hc/en-us and /hc/en-us/articles/1260801395369-Guide-Protecting-Yourself-From-Scams
============ Checking for Redirections: https://help.behance.net/hc/en-us/articles/1260801395369-Guide-Protecting-Yourself-From-Scams
============ Link after cleaning: https://help.behance.net/hc/en-us/articles/1260801395369-Guide-Protecting-Yourself-From-Scams
========== scraping https://help.behance.net/hc/en-us/articles/1260801395369-Guide-Protecting-Yourself-From-Scams
======== We are on link 53 of 57
========== raw link #
========== dropped link (either fragment ("#"), js, mailto, comment, pdf, or empty)
======== We are on link 54 of 57
========== raw link https://www.adobe.com/legal/terms.html
========== dropped link https://www.adobe.com/legal/terms.html. Didn't pass first allows/blocks test.
======== We are on link 55 of 57
========== raw link https://www.adobe.com/privacy.html
========== dropped link https://www.adobe.com/privacy.html. Didn't pass first allows/blocks test.
======== We are on link 56 of 57
========== raw link https://www.behance.net/misc/community
============ Checking for Redirections: https://www.behance.net/misc/community
============ Link unchanged
========== link already checked
======== We are on link 57 of 57
========== raw link https://www.adobe.com/
========== dropped link https://www.adobe.com/. Didn't pass first allows/blocks test.
====== We are on page 2 of 6: https://help.behance.net/hc/en-us/articles/360034609033-Guide-Comment-Guidelines
====== Number of Links on this Page: 16
======== We are on link 1 of 16
========== raw link #main-content
========== dropped link (either fragment ("#"), js, mailto, comment, pdf, or empty)
======== We are on link 2 of 16
========== raw link /hc/en-us
============ Found Relative: joining https://help.behance.net/hc/en-us/articles/360034609033-Guide-Comment-Guidelines and /hc/en-us
============ Checking for Redirections: https://help.behance.net/hc/en-us
============ Link after cleaning: https://help.behance.net/hc/en-us
========== link already checked
======== We are on link 3 of 16
========== raw link /hc/en-us/signin?return_to=https%3A%2F%2Fhelp.behance.net%2Fhc%2Fen-us%2Farticles%2F360034609033-Guide-Comment-Guidelines
============ Prepended scheme.
============ Checking for Redirections: https://hc/en-us/signin?return_to=https%3A%2F%2Fhelp.behance.net%2Fhc%2Fen-us%2Farticles%2F360034609033-Guide-Comment-Guidelines
========== dropped link https://hc/en-us/signin?return_to=https%3A%2F%2Fhelp.behance.net%2Fhc%2Fen-us%2Farticles%2F360034609033-Guide-Comment-Guidelines. Could not follow redirection (or it was a meaninglessly small page or bot blocked by sessionID).
======== We are on link 4 of 16
========== raw link /hc/en-us/requests/new?ticket_form_id=4164
============ Found Relative: joining https://help.behance.net/hc/en-us/articles/360034609033-Guide-Comment-Guidelines and /hc/en-us/requests/new?ticket_form_id=4164
============ Checking for Redirections: https://help.behance.net/hc/en-us/requests/new?ticket_form_id=4164
========== dropped link https://help.behance.net/hc/en-us/requests/new?ticket_form_id=4164. Could not follow redirection (or it was a meaninglessly small page or bot blocked by sessionID).
======== We are on link 5 of 16
========== raw link https://behance.net/
============ Checking for Redirections: https://behance.net/
============ Followed Redirection to https://www.behance.net/
============ Link after cleaning: https://www.behance.net/
========== link already checked
======== We are on link 6 of 16
========== raw link https://www.adobe.com/
========== dropped link https://www.adobe.com/. Didn't pass first allows/blocks test.
======== We are on link 7 of 16
========== raw link /hc/en-us
============ Found Relative: joining https://help.behance.net/hc/en-us/articles/360034609033-Guide-Comment-Guidelines and /hc/en-us
============ Checking for Redirections: https://help.behance.net/hc/en-us
============ Link after cleaning: https://help.behance.net/hc/en-us
========== link already checked
======== We are on link 8 of 16
========== raw link /hc/en-us/articles/204485024-Guide-Adult-Content-on-Behance
============ Found Relative: joining https://help.behance.net/hc/en-us/articles/360034609033-Guide-Comment-Guidelines and /hc/en-us/articles/204485024-Guide-Adult-Content-on-Behance
============ Checking for Redirections: https://help.behance.net/hc/en-us/articles/204485024-Guide-Adult-Content-on-Behance
============ Link after cleaning: https://help.behance.net/hc/en-us/articles/204485024-Guide-Adult-Content-on-Behance
========== scraping https://help.behance.net/hc/en-us/articles/204485024-Guide-Adult-Content-on-Behance
======== We are on link 9 of 16
========== raw link /hc/en-us/articles/360034609033-Guide-Comment-Guidelines
============ Found Relative: joining https://help.behance.net/hc/en-us/articles/360034609033-Guide-Comment-Guidelines and /hc/en-us/articles/360034609033-Guide-Comment-Guidelines
============ Checking for Redirections: https://help.behance.net/hc/en-us/articles/360034609033-Guide-Comment-Guidelines
============ Link after cleaning: https://help.behance.net/hc/en-us/articles/360034609033-Guide-Comment-Guidelines
========== link already checked
======== We are on link 10 of 16
========== raw link /hc/en-us/articles/360041354574-Guide-Livestreaming-Content-On-Behance
============ Found Relative: joining https://help.behance.net/hc/en-us/articles/360034609033-Guide-Comment-Guidelines and /hc/en-us/articles/360041354574-Guide-Livestreaming-Content-On-Behance
============ Checking for Redirections: https://help.behance.net/hc/en-us/articles/360041354574-Guide-Livestreaming-Content-On-Behance
============ Link after cleaning: https://help.behance.net/hc/en-us/articles/360041354574-Guide-Livestreaming-Content-On-Behance
========== scraping https://help.behance.net/hc/en-us/articles/360041354574-Guide-Livestreaming-Content-On-Behance
======== We are on link 11 of 16
========== raw link https://www.behance.net/misc/community
============ Checking for Redirections: https://www.behance.net/misc/community
============ Link unchanged
========== link already checked
======== We are on link 12 of 16
========== raw link #
========== dropped link (either fragment ("#"), js, mailto, comment, pdf, or empty)
======== We are on link 13 of 16
========== raw link https://www.adobe.com/legal/terms.html
========== dropped link https://www.adobe.com/legal/terms.html. Didn't pass first allows/blocks test.
======== We are on link 14 of 16
========== raw link https://www.adobe.com/privacy.html
========== dropped link https://www.adobe.com/privacy.html. Didn't pass first allows/blocks test.
======== We are on link 15 of 16
========== raw link https://www.behance.net/misc/community
============ Checking for Redirections: https://www.behance.net/misc/community
============ Link unchanged
========== link already checked
======== We are on link 16 of 16
========== raw link https://www.adobe.com/
========== dropped link https://www.adobe.com/. Didn't pass first allows/blocks test.
====== We are on page 3 of 6: https://www.behance.net/misc/community
====== Number of Links on this Page: 42
======== We are on link 1 of 42
========== raw link /?tracking_source=nav20
============ Found Relative: joining https://www.behance.net/misc/community and /?tracking_source=nav20
============ Checking for Redirections: https://www.behance.net/?tracking_source=nav20
============ Link after cleaning: https://www.behance.net/
========== link already checked
======== We are on link 2 of 42
========== raw link /joblist?tracking_source=nav20
============ Found Relative: joining https://www.behance.net/misc/community and /joblist?tracking_source=nav20
========== dropped link https://www.behance.net/joblist?tracking_source=nav20. Didn't pass first allows/blocks test.
======== We are on link 3 of 42
========== raw link /hire?tracking_source=nav20
============ Found Relative: joining https://www.behance.net/misc/community and /hire?tracking_source=nav20
========== dropped link https://www.behance.net/hire?tracking_source=nav20. Didn't pass first allows/blocks test.
======== We are on link 4 of 42
========== raw link /resources?tracking_source=nav20
============ Found Relative: joining https://www.behance.net/misc/community and /resources?tracking_source=nav20
============ Checking for Redirections: https://www.behance.net/resources?tracking_source=nav20
============ Link after cleaning: https://www.behance.net/resources
========== scraping https://www.behance.net/resources
============ New link added. Search term (AI) found on https://www.behance.net/resources.
======== We are on link 5 of 42
========== raw link https://itunes.apple.com/us/app/behance/id489667151
========== dropped link https://itunes.apple.com/us/app/behance/id489667151. Didn't pass first allows/blocks test.
======== We are on link 6 of 42
========== raw link https://play.google.com/store/apps/details?id=com.behance.behance
========== dropped link https://play.google.com/store/apps/details?id=com.behance.behance. Didn't pass first allows/blocks test.
======== We are on link 7 of 42
========== raw link /about
============ Found Relative: joining https://www.behance.net/misc/community and /about
============ Checking for Redirections: https://www.behance.net/about
============ Link after cleaning: https://www.behance.net/about
========== scraping https://www.behance.net/about
======== We are on link 8 of 42
========== raw link /blog
============ Found Relative: joining https://www.behance.net/misc/community and /blog
============ Checking for Redirections: https://www.behance.net/blog
============ Link after cleaning: https://www.behance.net/blog
========== link already checked
======== We are on link 9 of 42
========== raw link https://www.adobe.com/legal/terms.html
========== dropped link https://www.adobe.com/legal/terms.html. Didn't pass first allows/blocks test.
======== We are on link 10 of 42
========== raw link https://www.adobe.com/privacy.html
========== dropped link https://www.adobe.com/privacy.html. Didn't pass first allows/blocks test.
======== We are on link 11 of 42
========== raw link /misc/community
============ Found Relative: joining https://www.behance.net/misc/community and /misc/community
============ Checking for Redirections: https://www.behance.net/misc/community
============ Link after cleaning: https://www.behance.net/misc/community
========== link already checked
======== We are on link 12 of 42
========== raw link https://help.behance.net/
============ Checking for Redirections: https://help.behance.net/
============ Followed Redirection to https://help.behance.net/hc/en-us
============ Link after cleaning: https://help.behance.net/hc/en-us
========== link already checked
======== We are on link 13 of 42
========== raw link https://www.adobe.com/privacy/us-rights.html
========== dropped link https://www.adobe.com/privacy/us-rights.html. Didn't pass first allows/blocks test.
======== We are on link 14 of 42
========== raw link javascript:void(0)
========== dropped link (either fragment ("#"), js, mailto, comment, pdf, or empty)
======== We are on link 15 of 42
========== raw link javascript:void(0)
========== dropped link (either fragment ("#"), js, mailto, comment, pdf, or empty)
======== We are on link 16 of 42
========== raw link /
========== dropped link (either fragment ("#"), js, mailto, comment, pdf, or empty)
======== We are on link 17 of 42
========== raw link /?tracking_source=nav20
============ Found Relative: joining https://www.behance.net/misc/community and /?tracking_source=nav20
============ Checking for Redirections: https://www.behance.net/?tracking_source=nav20
============ Link after cleaning: https://www.behance.net/
========== link already checked
======== We are on link 18 of 42
========== raw link /joblist?tracking_source=nav20
============ Found Relative: joining https://www.behance.net/misc/community and /joblist?tracking_source=nav20
========== dropped link https://www.behance.net/joblist?tracking_source=nav20. Didn't pass first allows/blocks test.
======== We are on link 19 of 42
========== raw link /hire?tracking_source=nav20
============ Found Relative: joining https://www.behance.net/misc/community and /hire?tracking_source=nav20
========== dropped link https://www.behance.net/hire?tracking_source=nav20. Didn't pass first allows/blocks test.
======== We are on link 20 of 42
========== raw link /resources?tracking_source=nav20
============ Found Relative: joining https://www.behance.net/misc/community and /resources?tracking_source=nav20
============ Checking for Redirections: https://www.behance.net/resources?tracking_source=nav20
============ Link after cleaning: https://www.behance.net/resources
========== link already checked
======== We are on link 21 of 42
========== raw link /search/projects?tracking_source=nav20
============ Found Relative: joining https://www.behance.net/misc/community and /search/projects?tracking_source=nav20
============ Checking for Redirections: https://www.behance.net/search/projects?tracking_source=nav20
============ Link after cleaning: https://www.behance.net/search/projects
========== scraping https://www.behance.net/search/projects
======== We are on link 22 of 42
========== raw link /search/projects?tracking_source=nav20
============ Found Relative: joining https://www.behance.net/misc/community and /search/projects?tracking_source=nav20
============ Checking for Redirections: https://www.behance.net/search/projects?tracking_source=nav20
============ Link after cleaning: https://www.behance.net/search/projects
========== link already checked
======== We are on link 23 of 42
========== raw link https://www.adobe.com?promoid=RTQCN3LX
========== dropped link https://www.adobe.com?promoid=RTQCN3LX. Didn't pass first allows/blocks test.
======== We are on link 24 of 42
========== raw link https://www.adobe.com/trust/transparency.html
========== dropped link https://www.adobe.com/trust/transparency.html. Didn't pass first allows/blocks test.
======== We are on link 25 of 42
========== raw link https://www.adobe.com/legal/terms.html
========== dropped link https://www.adobe.com/legal/terms.html. Didn't pass first allows/blocks test.
======== We are on link 26 of 42
========== raw link https://help.behance.net/hc/en-us/articles/204485024-Guide-Adult-Content-on-Behance
============ Checking for Redirections: https://help.behance.net/hc/en-us/articles/204485024-Guide-Adult-Content-on-Behance
============ Link unchanged
========== link already checked
======== We are on link 27 of 42
========== raw link https://www.copyright.gov/circs/circ01.pdf
========== dropped link (either fragment ("#"), js, mailto, comment, pdf, or empty)
======== We are on link 28 of 42
========== raw link https://www.uspto.gov/trademark
========== dropped link https://www.uspto.gov/trademark. Didn't pass first allows/blocks test.
======== We are on link 29 of 42
========== raw link https://www.lumendatabase.org/
========== dropped link https://www.lumendatabase.org/. Didn't pass first allows/blocks test.
======== We are on link 30 of 42
========== raw link https://survey.adobe.com/jfe/form/SV_a3iwQO3jp990k2W
========== dropped link https://survey.adobe.com/jfe/form/SV_a3iwQO3jp990k2W. Didn't pass first allows/blocks test.
======== We are on link 31 of 42
========== raw link https://help.behance.net/hc/en-us/articles/360036885334-Guide-Best-Practices-When-Posting-A-Job
============ Checking for Redirections: https://help.behance.net/hc/en-us/articles/360036885334-Guide-Best-Practices-When-Posting-A-Job
============ Link unchanged
========== scraping https://help.behance.net/hc/en-us/articles/360036885334-Guide-Best-Practices-When-Posting-A-Job
======== We are on link 32 of 42
========== raw link https://help.behance.net/hc/en-us/articles/360036949214-Guide-Report-Abuse-on-Behance
============ Checking for Redirections: https://help.behance.net/hc/en-us/articles/360036949214-Guide-Report-Abuse-on-Behance
============ Link unchanged
========== scraping https://help.behance.net/hc/en-us/articles/360036949214-Guide-Report-Abuse-on-Behance
======== We are on link 33 of 42
========== raw link https://help.behance.net/hc/en-us/sections/200813564-Report-Appeals
============ Checking for Redirections: https://help.behance.net/hc/en-us/sections/200813564-Report-Appeals
========== dropped link https://help.behance.net/hc/en-us/sections/200813564-Report-Appeals. Could not follow redirection (or it was a meaninglessly small page or bot blocked by sessionID).
======== We are on link 34 of 42
========== raw link https://www.adobe.com/legal/terms.html
========== dropped link https://www.adobe.com/legal/terms.html. Didn't pass first allows/blocks test.
======== We are on link 35 of 42
========== raw link javascript:void(0)
========== dropped link (either fragment ("#"), js, mailto, comment, pdf, or empty)
======== We are on link 36 of 42
========== raw link /pro?tracking_source=footer_pro_marketing_page_
============ Found Relative: joining https://www.behance.net/misc/community and /pro?tracking_source=footer_pro_marketing_page_
============ Checking for Redirections: https://www.behance.net/pro?tracking_source=footer_pro_marketing_page_
============ Link after cleaning: https://www.behance.net/pro
========== scraping https://www.behance.net/pro
======== We are on link 37 of 42
========== raw link https://www.adobe.com/legal/terms.html
========== dropped link https://www.adobe.com/legal/terms.html. Didn't pass first allows/blocks test.
======== We are on link 38 of 42
========== raw link https://www.adobe.com/privacy.html
========== dropped link https://www.adobe.com/privacy.html. Didn't pass first allows/blocks test.
======== We are on link 39 of 42
========== raw link /misc/community?tracking_source=footer_infinity_
============ Found Relative: joining https://www.behance.net/misc/community and /misc/community?tracking_source=footer_infinity_
============ Checking for Redirections: https://www.behance.net/misc/community?tracking_source=footer_infinity_
============ Link after cleaning: https://www.behance.net/misc/community
========== link already checked
======== We are on link 40 of 42
========== raw link https://help.behance.net/
============ Checking for Redirections: https://help.behance.net/
============ Followed Redirection to https://help.behance.net/hc/en-us
============ Link after cleaning: https://help.behance.net/hc/en-us
========== link already checked
======== We are on link 41 of 42
========== raw link https://www.adobe.com/privacy/us-rights.html
========== dropped link https://www.adobe.com/privacy/us-rights.html. Didn't pass first allows/blocks test.
======== We are on link 42 of 42
========== raw link https://www.adobe.com?promoid=RYGDMYVW
========== dropped link https://www.adobe.com?promoid=RYGDMYVW. Didn't pass first allows/blocks test.
====== We are on page 4 of 6: https://www.behance.net/blog
====== Number of Links on this Page: 88
======== We are on link 1 of 88
========== raw link /?tracking_source=nav20
============ Found Relative: joining https://www.behance.net/blog and /?tracking_source=nav20
============ Checking for Redirections: https://www.behance.net/?tracking_source=nav20
============ Link after cleaning: https://www.behance.net/
========== link already checked
======== We are on link 2 of 88
========== raw link /joblist?tracking_source=nav20
============ Found Relative: joining https://www.behance.net/blog and /joblist?tracking_source=nav20
========== dropped link https://www.behance.net/joblist?tracking_source=nav20. Didn't pass first allows/blocks test.
======== We are on link 3 of 88
========== raw link /hire?tracking_source=nav20
============ Found Relative: joining https://www.behance.net/blog and /hire?tracking_source=nav20
========== dropped link https://www.behance.net/hire?tracking_source=nav20. Didn't pass first allows/blocks test.
======== We are on link 4 of 88
========== raw link /resources?tracking_source=nav20
============ Found Relative: joining https://www.behance.net/blog and /resources?tracking_source=nav20
============ Checking for Redirections: https://www.behance.net/resources?tracking_source=nav20
============ Link after cleaning: https://www.behance.net/resources
========== link already checked
======== We are on link 5 of 88
========== raw link https://itunes.apple.com/us/app/behance/id489667151
========== dropped link https://itunes.apple.com/us/app/behance/id489667151. Didn't pass first allows/blocks test.
======== We are on link 6 of 88
========== raw link https://play.google.com/store/apps/details?id=com.behance.behance
========== dropped link https://play.google.com/store/apps/details?id=com.behance.behance. Didn't pass first allows/blocks test.
======== We are on link 7 of 88
========== raw link /about
============ Found Relative: joining https://www.behance.net/blog and /about
============ Checking for Redirections: https://www.behance.net/about
============ Link after cleaning: https://www.behance.net/about
========== link already checked
======== We are on link 8 of 88
========== raw link /blog
============ Found Relative: joining https://www.behance.net/blog and /blog
============ Checking for Redirections: https://www.behance.net/blog
============ Link after cleaning: https://www.behance.net/blog
========== link already checked
======== We are on link 9 of 88
========== raw link https://www.adobe.com/legal/terms.html
========== dropped link https://www.adobe.com/legal/terms.html. Didn't pass first allows/blocks test.
======== We are on link 10 of 88
========== raw link https://www.adobe.com/privacy.html
========== dropped link https://www.adobe.com/privacy.html. Didn't pass first allows/blocks test.
======== We are on link 11 of 88
========== raw link /misc/community
============ Found Relative: joining https://www.behance.net/blog and /misc/community
============ Checking for Redirections: https://www.behance.net/misc/community
============ Link after cleaning: https://www.behance.net/misc/community
========== link already checked
======== We are on link 12 of 88
========== raw link https://help.behance.net/
============ Checking for Redirections: https://help.behance.net/
============ Followed Redirection to https://help.behance.net/hc/en-us
============ Link after cleaning: https://help.behance.net/hc/en-us
========== link already checked
======== We are on link 13 of 88
========== raw link https://www.adobe.com/privacy/us-rights.html
========== dropped link https://www.adobe.com/privacy/us-rights.html. Didn't pass first allows/blocks test.
======== We are on link 14 of 88
========== raw link javascript:void(0)
========== dropped link (either fragment ("#"), js, mailto, comment, pdf, or empty)
======== We are on link 15 of 88
========== raw link javascript:void(0)
========== dropped link (either fragment ("#"), js, mailto, comment, pdf, or empty)
======== We are on link 16 of 88
========== raw link /
========== dropped link (either fragment ("#"), js, mailto, comment, pdf, or empty)
======== We are on link 17 of 88
========== raw link /?tracking_source=nav20
============ Found Relative: joining https://www.behance.net/blog and /?tracking_source=nav20
============ Checking for Redirections: https://www.behance.net/?tracking_source=nav20
============ Link after cleaning: https://www.behance.net/
========== link already checked
======== We are on link 18 of 88
========== raw link /joblist?tracking_source=nav20
============ Found Relative: joining https://www.behance.net/blog and /joblist?tracking_source=nav20
========== dropped link https://www.behance.net/joblist?tracking_source=nav20. Didn't pass first allows/blocks test.
======== We are on link 19 of 88
========== raw link /hire?tracking_source=nav20
============ Found Relative: joining https://www.behance.net/blog and /hire?tracking_source=nav20
========== dropped link https://www.behance.net/hire?tracking_source=nav20. Didn't pass first allows/blocks test.
======== We are on link 20 of 88
========== raw link /resources?tracking_source=nav20
============ Found Relative: joining https://www.behance.net/blog and /resources?tracking_source=nav20
============ Checking for Redirections: https://www.behance.net/resources?tracking_source=nav20
============ Link after cleaning: https://www.behance.net/resources
========== link already checked
======== We are on link 21 of 88
========== raw link /search/projects?tracking_source=nav20
============ Found Relative: joining https://www.behance.net/blog and /search/projects?tracking_source=nav20
============ Checking for Redirections: https://www.behance.net/search/projects?tracking_source=nav20
============ Link after cleaning: https://www.behance.net/search/projects
========== link already checked
======== We are on link 22 of 88
========== raw link /search/projects?tracking_source=nav20
============ Found Relative: joining https://www.behance.net/blog and /search/projects?tracking_source=nav20
============ Checking for Redirections: https://www.behance.net/search/projects?tracking_source=nav20
============ Link after cleaning: https://www.behance.net/search/projects
========== link already checked
======== We are on link 23 of 88
========== raw link https://www.adobe.com?promoid=RTQCN3LX
========== dropped link https://www.adobe.com?promoid=RTQCN3LX. Didn't pass first allows/blocks test.
======== We are on link 24 of 88
========== raw link /blog
============ Found Relative: joining https://www.behance.net/blog and /blog
============ Checking for Redirections: https://www.behance.net/blog
============ Link after cleaning: https://www.behance.net/blog
========== link already checked
======== We are on link 25 of 88
========== raw link /blog/jose-villacrez
============ Found Relative: joining https://www.behance.net/blog and /blog/jose-villacrez
============ Checking for Redirections: https://www.behance.net/blog/jose-villacrez
============ Link after cleaning: https://www.behance.net/blog/jose-villacrez
========== scraping https://www.behance.net/blog/jose-villacrez
======== We are on link 26 of 88
========== raw link /blog/pasta-packaging
============ Found Relative: joining https://www.behance.net/blog and /blog/pasta-packaging
============ Checking for Redirections: https://www.behance.net/blog/pasta-packaging
============ Link after cleaning: https://www.behance.net/blog/pasta-packaging
========== scraping https://www.behance.net/blog/pasta-packaging
======== We are on link 27 of 88
========== raw link /blog/sustainable-design
============ Found Relative: joining https://www.behance.net/blog and /blog/sustainable-design
============ Checking for Redirections: https://www.behance.net/blog/sustainable-design
============ Link after cleaning: https://www.behance.net/blog/sustainable-design
========== scraping https://www.behance.net/blog/sustainable-design
======== We are on link 28 of 88
========== raw link https://www.behance.net/craniodsgn
============ Checking for Redirections: https://www.behance.net/craniodsgn
============ Link unchanged
========== scraping https://www.behance.net/craniodsgn
======== We are on link 29 of 88
========== raw link https://www.behance.net/craniodsgn
============ Checking for Redirections: https://www.behance.net/craniodsgn
============ Link unchanged
========== link already checked
======== We are on link 30 of 88
========== raw link https://www.behance.net/search/users?field=illustration
============ Checking for Redirections: https://www.behance.net/search/users?field=illustration
============ Link after cleaning: https://www.behance.net/search/users
========== scraping https://www.behance.net/search/users
======== We are on link 31 of 88
========== raw link https://www.behance.net/stacysdesign
============ Checking for Redirections: https://www.behance.net/stacysdesign
============ Link unchanged
========== scraping https://www.behance.net/stacysdesign
======== We are on link 32 of 88
========== raw link https://www.behance.net/stacysdesign
============ Checking for Redirections: https://www.behance.net/stacysdesign
============ Link unchanged
========== link already checked
======== We are on link 33 of 88
========== raw link https://www.behance.net/search/users?field=graphic+design
============ Checking for Redirections: https://www.behance.net/search/users?field=graphic+design
============ Link after cleaning: https://www.behance.net/search/users
========== link already checked
======== We are on link 34 of 88
========== raw link https://www.behance.net/lanaburlachuk
============ Checking for Redirections: https://www.behance.net/lanaburlachuk
============ Link unchanged
========== scraping https://www.behance.net/lanaburlachuk
======== We are on link 35 of 88
========== raw link https://www.behance.net/lanaburlachuk
============ Checking for Redirections: https://www.behance.net/lanaburlachuk
============ Link unchanged
========== link already checked
======== We are on link 36 of 88
========== raw link https://www.behance.net/search/users?field=graphic+design
============ Checking for Redirections: https://www.behance.net/search/users?field=graphic+design
============ Link after cleaning: https://www.behance.net/search/users
========== link already checked
======== We are on link 37 of 88
========== raw link https://www.behance.net/studiomoara
============ Checking for Redirections: https://www.behance.net/studiomoara
============ Link unchanged
========== scraping https://www.behance.net/studiomoara
======== We are on link 38 of 88
========== raw link https://www.behance.net/studiomoara
============ Checking for Redirections: https://www.behance.net/studiomoara
============ Link unchanged
========== link already checked
======== We are on link 39 of 88
========== raw link https://www.behance.net/search/users?field=graphic+design
============ Checking for Redirections: https://www.behance.net/search/users?field=graphic+design
============ Link after cleaning: https://www.behance.net/search/users
========== link already checked
======== We are on link 40 of 88
========== raw link https://www.behance.net/michelledeborah
============ Checking for Redirections: https://www.behance.net/michelledeborah
============ Link unchanged
========== scraping https://www.behance.net/michelledeborah
======== We are on link 41 of 88
========== raw link https://www.behance.net/michelledeborah
============ Checking for Redirections: https://www.behance.net/michelledeborah
============ Link unchanged
========== link already checked
======== We are on link 42 of 88
========== raw link https://www.behance.net/search/users?field=graphic+design
============ Checking for Redirections: https://www.behance.net/search/users?field=graphic+design
============ Link after cleaning: https://www.behance.net/search/users
========== link already checked
======== We are on link 43 of 88
========== raw link https://www.behance.net/alonahaidash
============ Checking for Redirections: https://www.behance.net/alonahaidash
============ Link unchanged
========== scraping https://www.behance.net/alonahaidash
======== We are on link 44 of 88
========== raw link https://www.behance.net/alonahaidash
============ Checking for Redirections: https://www.behance.net/alonahaidash
============ Link unchanged
========== link already checked
======== We are on link 45 of 88
========== raw link https://www.behance.net/search/users?field=illustration
============ Checking for Redirections: https://www.behance.net/search/users?field=illustration
============ Link after cleaning: https://www.behance.net/search/users
========== link already checked
======== We are on link 46 of 88
========== raw link /blog/cranio-desgn
============ Found Relative: joining https://www.behance.net/blog and /blog/cranio-desgn
============ Checking for Redirections: https://www.behance.net/blog/cranio-desgn
============ Link after cleaning: https://www.behance.net/blog/cranio-desgn
========== scraping https://www.behance.net/blog/cranio-desgn
======== We are on link 47 of 88
========== raw link /blog/fifthsip
============ Found Relative: joining https://www.behance.net/blog and /blog/fifthsip
============ Checking for Redirections: https://www.behance.net/blog/fifthsip
============ Link after cleaning: https://www.behance.net/blog/fifthsip
========== scraping https://www.behance.net/blog/fifthsip
======== We are on link 48 of 88
========== raw link /blog/freelancer-mistakes-and-fixes
============ Found Relative: joining https://www.behance.net/blog and /blog/freelancer-mistakes-and-fixes
============ Checking for Redirections: https://www.behance.net/blog/freelancer-mistakes-and-fixes
============ Link after cleaning: https://www.behance.net/blog/freelancer-mistakes-and-fixes
========== scraping https://www.behance.net/blog/freelancer-mistakes-and-fixes
======== We are on link 49 of 88
========== raw link /blog/severance
============ Found Relative: joining https://www.behance.net/blog and /blog/severance
============ Checking for Redirections: https://www.behance.net/blog/severance
============ Link after cleaning: https://www.behance.net/blog/severance
========== scraping https://www.behance.net/blog/severance
======== We are on link 50 of 88
========== raw link /blog/lana-b
============ Found Relative: joining https://www.behance.net/blog and /blog/lana-b
============ Checking for Redirections: https://www.behance.net/blog/lana-b
============ Link after cleaning: https://www.behance.net/blog/lana-b
========== scraping https://www.behance.net/blog/lana-b
======== We are on link 51 of 88
========== raw link /blog/wildlife
============ Found Relative: joining https://www.behance.net/blog and /blog/wildlife
============ Checking for Redirections: https://www.behance.net/blog/wildlife
============ Link after cleaning: https://www.behance.net/blog/wildlife
========== scraping https://www.behance.net/blog/wildlife
======== We are on link 52 of 88
========== raw link /blog/guide-to-networking
============ Found Relative: joining https://www.behance.net/blog and /blog/guide-to-networking
============ Checking for Redirections: https://www.behance.net/blog/guide-to-networking
============ Link after cleaning: https://www.behance.net/blog/guide-to-networking
========== scraping https://www.behance.net/blog/guide-to-networking
======== We are on link 53 of 88
========== raw link /blog/studio-moara
============ Found Relative: joining https://www.behance.net/blog and /blog/studio-moara
============ Checking for Redirections: https://www.behance.net/blog/studio-moara
============ Link after cleaning: https://www.behance.net/blog/studio-moara
========== scraping https://www.behance.net/blog/studio-moara
======== We are on link 54 of 88
========== raw link /blog/severance
============ Found Relative: joining https://www.behance.net/blog and /blog/severance
============ Checking for Redirections: https://www.behance.net/blog/severance
============ Link after cleaning: https://www.behance.net/blog/severance
========== link already checked
======== We are on link 55 of 88
========== raw link /blog/communities-every-creative-needs-to-build
============ Found Relative: joining https://www.behance.net/blog and /blog/communities-every-creative-needs-to-build
============ Checking for Redirections: https://www.behance.net/blog/communities-every-creative-needs-to-build
============ Link after cleaning: https://www.behance.net/blog/communities-every-creative-needs-to-build
========== scraping https://www.behance.net/blog/communities-every-creative-needs-to-build
======== We are on link 56 of 88
========== raw link /blog/brewman-coffee-tokyo
============ Found Relative: joining https://www.behance.net/blog and /blog/brewman-coffee-tokyo
============ Checking for Redirections: https://www.behance.net/blog/brewman-coffee-tokyo
============ Link after cleaning: https://www.behance.net/blog/brewman-coffee-tokyo
========== scraping https://www.behance.net/blog/brewman-coffee-tokyo
======== We are on link 57 of 88
========== raw link /blog/year-of-the-snake
============ Found Relative: joining https://www.behance.net/blog and /blog/year-of-the-snake
============ Checking for Redirections: https://www.behance.net/blog/year-of-the-snake
============ Link after cleaning: https://www.behance.net/blog/year-of-the-snake
========== scraping https://www.behance.net/blog/year-of-the-snake
======== We are on link 58 of 88
========== raw link /blog/alona-haidash
============ Found Relative: joining https://www.behance.net/blog and /blog/alona-haidash
============ Checking for Redirections: https://www.behance.net/blog/alona-haidash
============ Link after cleaning: https://www.behance.net/blog/alona-haidash
========== scraping https://www.behance.net/blog/alona-haidash
======== We are on link 59 of 88
========== raw link /blog/creative-habits-for-freelancers
============ Found Relative: joining https://www.behance.net/blog and /blog/creative-habits-for-freelancers
============ Checking for Redirections: https://www.behance.net/blog/creative-habits-for-freelancers
============ Link after cleaning: https://www.behance.net/blog/creative-habits-for-freelancers
========== scraping https://www.behance.net/blog/creative-habits-for-freelancers
======== We are on link 60 of 88
========== raw link /blog/behance-2025
============ Found Relative: joining https://www.behance.net/blog and /blog/behance-2025
============ Checking for Redirections: https://www.behance.net/blog/behance-2025
============ Link after cleaning: https://www.behance.net/blog/behance-2025
========== scraping https://www.behance.net/blog/behance-2025
======== We are on link 61 of 88
========== raw link /blog/janice-chang
============ Found Relative: joining https://www.behance.net/blog and /blog/janice-chang
============ Checking for Redirections: https://www.behance.net/blog/janice-chang
============ Link after cleaning: https://www.behance.net/blog/janice-chang
========== scraping https://www.behance.net/blog/janice-chang
======== We are on link 62 of 88
========== raw link /blog/year-in-review-2024
============ Found Relative: joining https://www.behance.net/blog and /blog/year-in-review-2024
============ Checking for Redirections: https://www.behance.net/blog/year-in-review-2024
============ Link after cleaning: https://www.behance.net/blog/year-in-review-2024
========== scraping https://www.behance.net/blog/year-in-review-2024
======== We are on link 63 of 88
========== raw link /blog/visual-trends-2024
============ Found Relative: joining https://www.behance.net/blog and /blog/visual-trends-2024
============ Checking for Redirections: https://www.behance.net/blog/visual-trends-2024
============ Link after cleaning: https://www.behance.net/blog/visual-trends-2024
========== scraping https://www.behance.net/blog/visual-trends-2024
============ New link added. Search term (AI) found on https://www.behance.net/blog/visual-trends-2024.
======== We are on link 64 of 88
========== raw link /blog/pricing-guidance
============ Found Relative: joining https://www.behance.net/blog and /blog/pricing-guidance
============ Checking for Redirections: https://www.behance.net/blog/pricing-guidance
============ Link after cleaning: https://www.behance.net/blog/pricing-guidance
========== scraping https://www.behance.net/blog/pricing-guidance
======== We are on link 65 of 88
========== raw link /blog/halloween
============ Found Relative: joining https://www.behance.net/blog and /blog/halloween
============ Checking for Redirections: https://www.behance.net/blog/halloween
============ Link after cleaning: https://www.behance.net/blog/halloween
========== scraping https://www.behance.net/blog/halloween
======== We are on link 66 of 88
========== raw link /blog/max-2024-behance-updates
============ Found Relative: joining https://www.behance.net/blog and /blog/max-2024-behance-updates
============ Checking for Redirections: https://www.behance.net/blog/max-2024-behance-updates
============ Link after cleaning: https://www.behance.net/blog/max-2024-behance-updates
========== scraping https://www.behance.net/blog/max-2024-behance-updates
============ New link added. Search term (AI) found on https://www.behance.net/blog/max-2024-behance-updates.
======== We are on link 67 of 88
========== raw link /blog/power-of-mentorship
============ Found Relative: joining https://www.behance.net/blog and /blog/power-of-mentorship
============ Checking for Redirections: https://www.behance.net/blog/power-of-mentorship
============ Link after cleaning: https://www.behance.net/blog/power-of-mentorship
========== scraping https://www.behance.net/blog/power-of-mentorship
======== We are on link 68 of 88
========== raw link /blog/kate-anto
============ Found Relative: joining https://www.behance.net/blog and /blog/kate-anto
============ Checking for Redirections: https://www.behance.net/blog/kate-anto
============ Link after cleaning: https://www.behance.net/blog/kate-anto
========== scraping https://www.behance.net/blog/kate-anto
======== We are on link 69 of 88
========== raw link /blog/art-of-mooncake-packaging
============ Found Relative: joining https://www.behance.net/blog and /blog/art-of-mooncake-packaging
============ Checking for Redirections: https://www.behance.net/blog/art-of-mooncake-packaging
============ Link after cleaning: https://www.behance.net/blog/art-of-mooncake-packaging
========== scraping https://www.behance.net/blog/art-of-mooncake-packaging
======== We are on link 70 of 88
========== raw link /blog/portfolio-that-gets-you-hired
============ Found Relative: joining https://www.behance.net/blog and /blog/portfolio-that-gets-you-hired
============ Checking for Redirections: https://www.behance.net/blog/portfolio-that-gets-you-hired
============ Link after cleaning: https://www.behance.net/blog/portfolio-that-gets-you-hired
========== scraping https://www.behance.net/blog/portfolio-that-gets-you-hired
======== We are on link 71 of 88
========== raw link /blog/download-templates-mockups-behance
============ Found Relative: joining https://www.behance.net/blog and /blog/download-templates-mockups-behance
============ Checking for Redirections: https://www.behance.net/blog/download-templates-mockups-behance
============ Link after cleaning: https://www.behance.net/blog/download-templates-mockups-behance
========== scraping https://www.behance.net/blog/download-templates-mockups-behance
======== We are on link 72 of 88
========== raw link /blog/alexandra-pacheco
============ Found Relative: joining https://www.behance.net/blog and /blog/alexandra-pacheco
============ Checking for Redirections: https://www.behance.net/blog/alexandra-pacheco
============ Link after cleaning: https://www.behance.net/blog/alexandra-pacheco
========== scraping https://www.behance.net/blog/alexandra-pacheco
============ New link added. Search term (AI) found on https://www.behance.net/blog/alexandra-pacheco.
======== We are on link 73 of 88
========== raw link /blog/overcoming-rejection
============ Found Relative: joining https://www.behance.net/blog and /blog/overcoming-rejection
============ Checking for Redirections: https://www.behance.net/blog/overcoming-rejection
============ Link after cleaning: https://www.behance.net/blog/overcoming-rejection
========== scraping https://www.behance.net/blog/overcoming-rejection
======== We are on link 74 of 88
========== raw link /blog/personal-projects
============ Found Relative: joining https://www.behance.net/blog and /blog/personal-projects
============ Checking for Redirections: https://www.behance.net/blog/personal-projects
============ Link after cleaning: https://www.behance.net/blog/personal-projects
========== scraping https://www.behance.net/blog/personal-projects
======== We are on link 75 of 88
========== raw link /blog/profile-customizations
============ Found Relative: joining https://www.behance.net/blog and /blog/profile-customizations
============ Checking for Redirections: https://www.behance.net/blog/profile-customizations
============ Link after cleaning: https://www.behance.net/blog/profile-customizations
========== scraping https://www.behance.net/blog/profile-customizations
======== We are on link 76 of 88
========== raw link /blog/ulysses-design-co
============ Found Relative: joining https://www.behance.net/blog and /blog/ulysses-design-co
============ Checking for Redirections: https://www.behance.net/blog/ulysses-design-co
============ Link after cleaning: https://www.behance.net/blog/ulysses-design-co
========== scraping https://www.behance.net/blog/ulysses-design-co
======== We are on link 77 of 88
========== raw link /blog/2024-summer-olympics
============ Found Relative: joining https://www.behance.net/blog and /blog/2024-summer-olympics
============ Checking for Redirections: https://www.behance.net/blog/2024-summer-olympics
============ Link after cleaning: https://www.behance.net/blog/2024-summer-olympics
========== scraping https://www.behance.net/blog/2024-summer-olympics
======== We are on link 78 of 88
========== raw link /blog/client-retention-101
============ Found Relative: joining https://www.behance.net/blog and /blog/client-retention-101
============ Checking for Redirections: https://www.behance.net/blog/client-retention-101
============ Link after cleaning: https://www.behance.net/blog/client-retention-101
========== scraping https://www.behance.net/blog/client-retention-101
======== We are on link 79 of 88
========== raw link /blog/how-to-stay-motivated
============ Found Relative: joining https://www.behance.net/blog and /blog/how-to-stay-motivated
============ Checking for Redirections: https://www.behance.net/blog/how-to-stay-motivated
============ Link after cleaning: https://www.behance.net/blog/how-to-stay-motivated
========== scraping https://www.behance.net/blog/how-to-stay-motivated
======== We are on link 80 of 88
========== raw link /blog/halit-benli
============ Found Relative: joining https://www.behance.net/blog and /blog/halit-benli
============ Checking for Redirections: https://www.behance.net/blog/halit-benli
============ Link after cleaning: https://www.behance.net/blog/halit-benli
========== scraping https://www.behance.net/blog/halit-benli
======== We are on link 81 of 88
========== raw link javascript:void(0)
========== dropped link (either fragment ("#"), js, mailto, comment, pdf, or empty)
======== We are on link 82 of 88
========== raw link /pro?tracking_source=footer_pro_marketing_page_blogFeed
============ Found Relative: joining https://www.behance.net/blog and /pro?tracking_source=footer_pro_marketing_page_blogFeed
============ Checking for Redirections: https://www.behance.net/pro?tracking_source=footer_pro_marketing_page_blogFeed
============ Link after cleaning: https://www.behance.net/pro
========== link already checked
======== We are on link 83 of 88
========== raw link https://www.adobe.com/legal/terms.html
========== dropped link https://www.adobe.com/legal/terms.html. Didn't pass first allows/blocks test.
======== We are on link 84 of 88
========== raw link https://www.adobe.com/privacy.html
========== dropped link https://www.adobe.com/privacy.html. Didn't pass first allows/blocks test.
======== We are on link 85 of 88
========== raw link /misc/community?tracking_source=footer_infinity_blogFeed
============ Found Relative: joining https://www.behance.net/blog and /misc/community?tracking_source=footer_infinity_blogFeed
============ Checking for Redirections: https://www.behance.net/misc/community?tracking_source=footer_infinity_blogFeed
============ Link after cleaning: https://www.behance.net/misc/community
========== link already checked
======== We are on link 86 of 88
========== raw link https://help.behance.net/
============ Checking for Redirections: https://help.behance.net/
============ Followed Redirection to https://help.behance.net/hc/en-us
============ Link after cleaning: https://help.behance.net/hc/en-us
========== link already checked
======== We are on link 87 of 88
========== raw link https://www.adobe.com/privacy/us-rights.html
========== dropped link https://www.adobe.com/privacy/us-rights.html. Didn't pass first allows/blocks test.
======== We are on link 88 of 88
========== raw link https://www.adobe.com?promoid=RYGDMYVW
========== dropped link https://www.adobe.com?promoid=RYGDMYVW. Didn't pass first allows/blocks test.
====== We are on page 5 of 6: https://help.behance.net/hc/en-us/articles/13850092907931-Behance-and-Adobe-Firefly-FAQ
====== Number of Links on this Page: 18
======== We are on link 1 of 18
========== raw link #main-content
========== dropped link (either fragment ("#"), js, mailto, comment, pdf, or empty)
======== We are on link 2 of 18
========== raw link /hc/en-us
============ Found Relative: joining https://help.behance.net/hc/en-us/articles/13850092907931-Behance-and-Adobe-Firefly-FAQ and /hc/en-us
============ Checking for Redirections: https://help.behance.net/hc/en-us
============ Link after cleaning: https://help.behance.net/hc/en-us
========== link already checked
======== We are on link 3 of 18
========== raw link /hc/en-us/signin?return_to=https%3A%2F%2Fhelp.behance.net%2Fhc%2Fen-us%2Farticles%2F13850092907931-Behance-and-Adobe-Firefly-FAQ
============ Prepended scheme.
============ Checking for Redirections: https://hc/en-us/signin?return_to=https%3A%2F%2Fhelp.behance.net%2Fhc%2Fen-us%2Farticles%2F13850092907931-Behance-and-Adobe-Firefly-FAQ
========== dropped link https://hc/en-us/signin?return_to=https%3A%2F%2Fhelp.behance.net%2Fhc%2Fen-us%2Farticles%2F13850092907931-Behance-and-Adobe-Firefly-FAQ. Could not follow redirection (or it was a meaninglessly small page or bot blocked by sessionID).
======== We are on link 4 of 18
========== raw link /hc/en-us/requests/new?ticket_form_id=4164
============ Found Relative: joining https://help.behance.net/hc/en-us/articles/13850092907931-Behance-and-Adobe-Firefly-FAQ and /hc/en-us/requests/new?ticket_form_id=4164
============ Checking for Redirections: https://help.behance.net/hc/en-us/requests/new?ticket_form_id=4164
========== dropped link https://help.behance.net/hc/en-us/requests/new?ticket_form_id=4164. Could not follow redirection (or it was a meaninglessly small page or bot blocked by sessionID).
======== We are on link 5 of 18
========== raw link https://behance.net/
============ Checking for Redirections: https://behance.net/
============ Followed Redirection to https://www.behance.net/
============ Link after cleaning: https://www.behance.net/
========== link already checked
======== We are on link 6 of 18
========== raw link https://www.adobe.com/
========== dropped link https://www.adobe.com/. Didn't pass first allows/blocks test.
======== We are on link 7 of 18
========== raw link /hc/en-us
============ Found Relative: joining https://help.behance.net/hc/en-us/articles/13850092907931-Behance-and-Adobe-Firefly-FAQ and /hc/en-us
============ Checking for Redirections: https://help.behance.net/hc/en-us
============ Link after cleaning: https://help.behance.net/hc/en-us
========== link already checked
======== We are on link 8 of 18
========== raw link /hc/en-us/articles/13850092907931-Behance-and-Adobe-Firefly-FAQ
============ Found Relative: joining https://help.behance.net/hc/en-us/articles/13850092907931-Behance-and-Adobe-Firefly-FAQ and /hc/en-us/articles/13850092907931-Behance-and-Adobe-Firefly-FAQ
============ Checking for Redirections: https://help.behance.net/hc/en-us/articles/13850092907931-Behance-and-Adobe-Firefly-FAQ
============ Link after cleaning: https://help.behance.net/hc/en-us/articles/13850092907931-Behance-and-Adobe-Firefly-FAQ
========== link already checked
======== We are on link 9 of 18
========== raw link /hc/en-us/articles/204484844-FAQ-Can-I-make-my-Behance-profile-private
============ Found Relative: joining https://help.behance.net/hc/en-us/articles/13850092907931-Behance-and-Adobe-Firefly-FAQ and /hc/en-us/articles/204484844-FAQ-Can-I-make-my-Behance-profile-private
============ Checking for Redirections: https://help.behance.net/hc/en-us/articles/204484844-FAQ-Can-I-make-my-Behance-profile-private
============ Link after cleaning: https://help.behance.net/hc/en-us/articles/204484844-FAQ-Can-I-make-my-Behance-profile-private
========== scraping https://help.behance.net/hc/en-us/articles/204484844-FAQ-Can-I-make-my-Behance-profile-private
======== We are on link 10 of 18
========== raw link /hc/en-us/articles/204485014-FAQ-How-do-I-know-if-my-content-is-mature
============ Found Relative: joining https://help.behance.net/hc/en-us/articles/13850092907931-Behance-and-Adobe-Firefly-FAQ and /hc/en-us/articles/204485014-FAQ-How-do-I-know-if-my-content-is-mature
============ Checking for Redirections: https://help.behance.net/hc/en-us/articles/204485014-FAQ-How-do-I-know-if-my-content-is-mature
============ Link after cleaning: https://help.behance.net/hc/en-us/articles/204485014-FAQ-How-do-I-know-if-my-content-is-mature
========== scraping https://help.behance.net/hc/en-us/articles/204485014-FAQ-How-do-I-know-if-my-content-is-mature
======== We are on link 11 of 18
========== raw link /hc/en-us/articles/204485064-FAQ-What-does-Behance-do-to-prevent-visitors-from-saving-images
============ Found Relative: joining https://help.behance.net/hc/en-us/articles/13850092907931-Behance-and-Adobe-Firefly-FAQ and /hc/en-us/articles/204485064-FAQ-What-does-Behance-do-to-prevent-visitors-from-saving-images
============ Checking for Redirections: https://help.behance.net/hc/en-us/articles/204485064-FAQ-What-does-Behance-do-to-prevent-visitors-from-saving-images
============ Link after cleaning: https://help.behance.net/hc/en-us/articles/204485064-FAQ-What-does-Behance-do-to-prevent-visitors-from-saving-images
========== scraping https://help.behance.net/hc/en-us/articles/204485064-FAQ-What-does-Behance-do-to-prevent-visitors-from-saving-images
======== We are on link 12 of 18
========== raw link https://www.behance.net/misc/community
============ Checking for Redirections: https://www.behance.net/misc/community
============ Link unchanged
========== link already checked
======== We are on link 13 of 18
========== raw link https://wwwimages2.adobe.com/content/dam/cc/en/legal/servicetou/Behance-Additional-Terms-en_US-20221001.pdf
========== dropped link (either fragment ("#"), js, mailto, comment, pdf, or empty)
======== We are on link 14 of 18
========== raw link #
========== dropped link (either fragment ("#"), js, mailto, comment, pdf, or empty)
======== We are on link 15 of 18
========== raw link https://www.adobe.com/legal/terms.html
========== dropped link https://www.adobe.com/legal/terms.html. Didn't pass first allows/blocks test.
======== We are on link 16 of 18
========== raw link https://www.adobe.com/privacy.html
========== dropped link https://www.adobe.com/privacy.html. Didn't pass first allows/blocks test.
======== We are on link 17 of 18
========== raw link https://www.behance.net/misc/community
============ Checking for Redirections: https://www.behance.net/misc/community
============ Link unchanged
========== link already checked
======== We are on link 18 of 18
========== raw link https://www.adobe.com/
========== dropped link https://www.adobe.com/. Didn't pass first allows/blocks test.
====== We are on page 6 of 6: https://www.behance.net/about?tracking_source=footer_static_search_projects
====== Number of Links on this Page: 80
======== We are on link 1 of 80
========== raw link /?tracking_source=nav20
============ Found Relative: joining https://www.behance.net/about?tracking_source=footer_static_search_projects and /?tracking_source=nav20
============ Checking for Redirections: https://www.behance.net/?tracking_source=nav20
============ Link after cleaning: https://www.behance.net/
========== link already checked
======== We are on link 2 of 80
========== raw link /joblist?tracking_source=nav20
============ Found Relative: joining https://www.behance.net/about?tracking_source=footer_static_search_projects and /joblist?tracking_source=nav20
========== dropped link https://www.behance.net/joblist?tracking_source=nav20. Didn't pass first allows/blocks test.
======== We are on link 3 of 80
========== raw link /hire?tracking_source=nav20
============ Found Relative: joining https://www.behance.net/about?tracking_source=footer_static_search_projects and /hire?tracking_source=nav20
========== dropped link https://www.behance.net/hire?tracking_source=nav20. Didn't pass first allows/blocks test.
======== We are on link 4 of 80
========== raw link /resources?tracking_source=nav20
============ Found Relative: joining https://www.behance.net/about?tracking_source=footer_static_search_projects and /resources?tracking_source=nav20
============ Checking for Redirections: https://www.behance.net/resources?tracking_source=nav20
============ Link after cleaning: https://www.behance.net/resources
========== link already checked
======== We are on link 5 of 80
========== raw link https://itunes.apple.com/us/app/behance/id489667151
========== dropped link https://itunes.apple.com/us/app/behance/id489667151. Didn't pass first allows/blocks test.
======== We are on link 6 of 80
========== raw link https://play.google.com/store/apps/details?id=com.behance.behance
========== dropped link https://play.google.com/store/apps/details?id=com.behance.behance. Didn't pass first allows/blocks test.
======== We are on link 7 of 80
========== raw link /about
============ Found Relative: joining https://www.behance.net/about?tracking_source=footer_static_search_projects and /about
============ Checking for Redirections: https://www.behance.net/about
============ Link after cleaning: https://www.behance.net/about
========== link already checked
======== We are on link 8 of 80
========== raw link /blog
============ Found Relative: joining https://www.behance.net/about?tracking_source=footer_static_search_projects and /blog
============ Checking for Redirections: https://www.behance.net/blog
============ Link after cleaning: https://www.behance.net/blog
========== link already checked
======== We are on link 9 of 80
========== raw link https://www.adobe.com/legal/terms.html
========== dropped link https://www.adobe.com/legal/terms.html. Didn't pass first allows/blocks test.
======== We are on link 10 of 80
========== raw link https://www.adobe.com/privacy.html
========== dropped link https://www.adobe.com/privacy.html. Didn't pass first allows/blocks test.
======== We are on link 11 of 80
========== raw link /misc/community
============ Found Relative: joining https://www.behance.net/about?tracking_source=footer_static_search_projects and /misc/community
============ Checking for Redirections: https://www.behance.net/misc/community
============ Link after cleaning: https://www.behance.net/misc/community
========== link already checked
======== We are on link 12 of 80
========== raw link https://help.behance.net/
============ Checking for Redirections: https://help.behance.net/
============ Followed Redirection to https://help.behance.net/hc/en-us
============ Link after cleaning: https://help.behance.net/hc/en-us
========== link already checked
======== We are on link 13 of 80
========== raw link https://www.adobe.com/privacy/us-rights.html
========== dropped link https://www.adobe.com/privacy/us-rights.html. Didn't pass first allows/blocks test.
======== We are on link 14 of 80
========== raw link javascript:void(0)
========== dropped link (either fragment ("#"), js, mailto, comment, pdf, or empty)
======== We are on link 15 of 80
========== raw link javascript:void(0)
========== dropped link (either fragment ("#"), js, mailto, comment, pdf, or empty)
======== We are on link 16 of 80
========== raw link /
========== dropped link (either fragment ("#"), js, mailto, comment, pdf, or empty)
======== We are on link 17 of 80
========== raw link /?tracking_source=nav20
============ Found Relative: joining https://www.behance.net/about?tracking_source=footer_static_search_projects and /?tracking_source=nav20
============ Checking for Redirections: https://www.behance.net/?tracking_source=nav20
============ Link after cleaning: https://www.behance.net/
========== link already checked
======== We are on link 18 of 80
========== raw link /joblist?tracking_source=nav20
============ Found Relative: joining https://www.behance.net/about?tracking_source=footer_static_search_projects and /joblist?tracking_source=nav20
========== dropped link https://www.behance.net/joblist?tracking_source=nav20. Didn't pass first allows/blocks test.
======== We are on link 19 of 80
========== raw link /hire?tracking_source=nav20
============ Found Relative: joining https://www.behance.net/about?tracking_source=footer_static_search_projects and /hire?tracking_source=nav20
========== dropped link https://www.behance.net/hire?tracking_source=nav20. Didn't pass first allows/blocks test.
======== We are on link 20 of 80
========== raw link /resources?tracking_source=nav20
============ Found Relative: joining https://www.behance.net/about?tracking_source=footer_static_search_projects and /resources?tracking_source=nav20
============ Checking for Redirections: https://www.behance.net/resources?tracking_source=nav20
============ Link after cleaning: https://www.behance.net/resources
========== link already checked
======== We are on link 21 of 80
========== raw link /search/projects?tracking_source=nav20
============ Found Relative: joining https://www.behance.net/about?tracking_source=footer_static_search_projects and /search/projects?tracking_source=nav20
============ Checking for Redirections: https://www.behance.net/search/projects?tracking_source=nav20
============ Link after cleaning: https://www.behance.net/search/projects
========== link already checked
======== We are on link 22 of 80
========== raw link /search/projects?tracking_source=nav20
============ Found Relative: joining https://www.behance.net/about?tracking_source=footer_static_search_projects and /search/projects?tracking_source=nav20
============ Checking for Redirections: https://www.behance.net/search/projects?tracking_source=nav20
============ Link after cleaning: https://www.behance.net/search/projects
========== link already checked
======== We are on link 23 of 80
========== raw link https://www.adobe.com?promoid=RTQCN3LX
========== dropped link https://www.adobe.com?promoid=RTQCN3LX. Didn't pass first allows/blocks test.
======== We are on link 24 of 80
========== raw link /blog?tracking_source=about
============ Found Relative: joining https://www.behance.net/about?tracking_source=footer_static_search_projects and /blog?tracking_source=about
============ Checking for Redirections: https://www.behance.net/blog?tracking_source=about
============ Link after cleaning: https://www.behance.net/blog
========== link already checked
======== We are on link 25 of 80
========== raw link /emmamake?tracking_source=about
============ Found Relative: joining https://www.behance.net/about?tracking_source=footer_static_search_projects and /emmamake?tracking_source=about
============ Checking for Redirections: https://www.behance.net/emmamake?tracking_source=about
============ Link after cleaning: https://www.behance.net/emmamake
========== scraping https://www.behance.net/emmamake
======== We are on link 26 of 80
========== raw link /emmamake?tracking_source=about
============ Found Relative: joining https://www.behance.net/about?tracking_source=footer_static_search_projects and /emmamake?tracking_source=about
============ Checking for Redirections: https://www.behance.net/emmamake?tracking_source=about
============ Link after cleaning: https://www.behance.net/emmamake
========== link already checked
======== We are on link 27 of 80
========== raw link /harborb?tracking_source=about
============ Found Relative: joining https://www.behance.net/about?tracking_source=footer_static_search_projects and /harborb?tracking_source=about
============ Checking for Redirections: https://www.behance.net/harborb?tracking_source=about
============ Link after cleaning: https://www.behance.net/harborb
========== scraping https://www.behance.net/harborb
======== We are on link 28 of 80
========== raw link /harborb?tracking_source=about
============ Found Relative: joining https://www.behance.net/about?tracking_source=footer_static_search_projects and /harborb?tracking_source=about
============ Checking for Redirections: https://www.behance.net/harborb?tracking_source=about
============ Link after cleaning: https://www.behance.net/harborb
========== link already checked
======== We are on link 29 of 80
========== raw link /Batzorig_Regzen?tracking_source=about
============ Found Relative: joining https://www.behance.net/about?tracking_source=footer_static_search_projects and /Batzorig_Regzen?tracking_source=about
============ Checking for Redirections: https://www.behance.net/Batzorig_Regzen?tracking_source=about
============ Link after cleaning: https://www.behance.net/Batzorig_Regzen
========== scraping https://www.behance.net/Batzorig_Regzen
======== We are on link 30 of 80
========== raw link /Batzorig_Regzen?tracking_source=about
============ Found Relative: joining https://www.behance.net/about?tracking_source=footer_static_search_projects and /Batzorig_Regzen?tracking_source=about
============ Checking for Redirections: https://www.behance.net/Batzorig_Regzen?tracking_source=about
============ Link after cleaning: https://www.behance.net/Batzorig_Regzen
========== link already checked
======== We are on link 31 of 80
========== raw link /updates/behance-assets?tracking_source=about
============ Found Relative: joining https://www.behance.net/about?tracking_source=footer_static_search_projects and /updates/behance-assets?tracking_source=about
============ Checking for Redirections: https://www.behance.net/updates/behance-assets?tracking_source=about
============ Link after cleaning: https://www.behance.net/updates/behance-assets
========== scraping https://www.behance.net/updates/behance-assets
============ New link added. Search term (AI) found on https://www.behance.net/updates/behance-assets.
======== We are on link 32 of 80
========== raw link /hazardmockups?tracking_source=about
============ Found Relative: joining https://www.behance.net/about?tracking_source=footer_static_search_projects and /hazardmockups?tracking_source=about
============ Checking for Redirections: https://www.behance.net/hazardmockups?tracking_source=about
============ Link after cleaning: https://www.behance.net/hazardmockups
========== scraping https://www.behance.net/hazardmockups
======== We are on link 33 of 80
========== raw link https://www.behance.net/leonardoworx?tracking_source=about
============ Checking for Redirections: https://www.behance.net/leonardoworx?tracking_source=about
============ Link after cleaning: https://www.behance.net/leonardoworx
========== scraping https://www.behance.net/leonardoworx
======== We are on link 34 of 80
========== raw link https://www.behance.net/lauranormand?tracking_source=about
============ Checking for Redirections: https://www.behance.net/lauranormand?tracking_source=about
============ Link after cleaning: https://www.behance.net/lauranormand
========== scraping https://www.behance.net/lauranormand
======== We are on link 35 of 80
========== raw link https://www.behance.net/popandpac?tracking_source=about
============ Checking for Redirections: https://www.behance.net/popandpac?tracking_source=about
============ Link after cleaning: https://www.behance.net/popandpac
========== scraping https://www.behance.net/popandpac
======== We are on link 36 of 80
========== raw link https://www.behance.net/Keefphotography?tracking_source=about
============ Checking for Redirections: https://www.behance.net/Keefphotography?tracking_source=about
============ Link after cleaning: https://www.behance.net/Keefphotography
========== scraping https://www.behance.net/Keefphotography
======== We are on link 37 of 80
========== raw link https://www.behance.net/barkandbite?tracking_source=about
============ Checking for Redirections: https://www.behance.net/barkandbite?tracking_source=about
============ Link after cleaning: https://www.behance.net/barkandbite
========== scraping https://www.behance.net/barkandbite
======== We are on link 38 of 80
========== raw link https://www.behance.net/alexvxvxvxvx?tracking_source=about
============ Checking for Redirections: https://www.behance.net/alexvxvxvxvx?tracking_source=about
============ Link after cleaning: https://www.behance.net/alexvxvxvxvx
========== scraping https://www.behance.net/alexvxvxvxvx
======== We are on link 39 of 80
========== raw link https://www.behance.net/oritoor?tracking_source=about
============ Checking for Redirections: https://www.behance.net/oritoor?tracking_source=about
============ Link after cleaning: https://www.behance.net/oritoor
========== scraping https://www.behance.net/oritoor
======== We are on link 40 of 80
========== raw link https://help.behance.net/hc/en-us/articles/23476087650843
============ Checking for Redirections: https://help.behance.net/hc/en-us/articles/23476087650843
============ Followed Redirection to https://help.behance.net/hc/en-us/articles/23476087650843-Guide-Connecting-to-PayPal
============ Link after cleaning: https://help.behance.net/hc/en-us/articles/23476087650843-Guide-Connecting-to-PayPal
========== scraping https://help.behance.net/hc/en-us/articles/23476087650843-Guide-Connecting-to-PayPal
======== We are on link 41 of 80
========== raw link https://help.behance.net/hc/en-us/articles/19619397131931
============ Checking for Redirections: https://help.behance.net/hc/en-us/articles/19619397131931
============ Followed Redirection to https://help.behance.net/hc/en-us/articles/19619397131931-Guide-Connecting-to-Stripe
============ Link after cleaning: https://help.behance.net/hc/en-us/articles/19619397131931-Guide-Connecting-to-Stripe
========== scraping https://help.behance.net/hc/en-us/articles/19619397131931-Guide-Connecting-to-Stripe
======== We are on link 42 of 80
========== raw link https://help.behance.net/hc/en-us/articles/23476087650843
============ Checking for Redirections: https://help.behance.net/hc/en-us/articles/23476087650843
============ Followed Redirection to https://help.behance.net/hc/en-us/articles/23476087650843-Guide-Connecting-to-PayPal
============ Link after cleaning: https://help.behance.net/hc/en-us/articles/23476087650843-Guide-Connecting-to-PayPal
========== link already checked
======== We are on link 43 of 80
========== raw link https://help.behance.net/hc/en-us/articles/19619397131931
============ Checking for Redirections: https://help.behance.net/hc/en-us/articles/19619397131931
============ Followed Redirection to https://help.behance.net/hc/en-us/articles/19619397131931-Guide-Connecting-to-Stripe
============ Link after cleaning: https://help.behance.net/hc/en-us/articles/19619397131931-Guide-Connecting-to-Stripe
========== link already checked
======== We are on link 44 of 80
========== raw link javascript:void(0)
========== dropped link (either fragment ("#"), js, mailto, comment, pdf, or empty)
======== We are on link 45 of 80
========== raw link /pro?tracking_source=footer_pro_marketing_page_aboutRoot
============ Found Relative: joining https://www.behance.net/about?tracking_source=footer_static_search_projects and /pro?tracking_source=footer_pro_marketing_page_aboutRoot
============ Checking for Redirections: https://www.behance.net/pro?tracking_source=footer_pro_marketing_page_aboutRoot
============ Link after cleaning: https://www.behance.net/pro
========== link already checked
======== We are on link 46 of 80
========== raw link https://www.adobe.com/legal/terms.html
========== dropped link https://www.adobe.com/legal/terms.html. Didn't pass first allows/blocks test.
======== We are on link 47 of 80
========== raw link https://www.adobe.com/privacy.html
========== dropped link https://www.adobe.com/privacy.html. Didn't pass first allows/blocks test.
======== We are on link 48 of 80
========== raw link /misc/community?tracking_source=footer_infinity_aboutRoot
============ Found Relative: joining https://www.behance.net/about?tracking_source=footer_static_search_projects and /misc/community?tracking_source=footer_infinity_aboutRoot
============ Checking for Redirections: https://www.behance.net/misc/community?tracking_source=footer_infinity_aboutRoot
============ Link after cleaning: https://www.behance.net/misc/community
========== link already checked
======== We are on link 49 of 80
========== raw link https://help.behance.net/
============ Checking for Redirections: https://help.behance.net/
============ Followed Redirection to https://help.behance.net/hc/en-us
============ Link after cleaning: https://help.behance.net/hc/en-us
========== link already checked
======== We are on link 50 of 80
========== raw link https://www.adobe.com/privacy/us-rights.html
========== dropped link https://www.adobe.com/privacy/us-rights.html. Didn't pass first allows/blocks test.
======== We are on link 51 of 80
========== raw link https://www.adobe.com?promoid=RYGDMYVW
========== dropped link https://www.adobe.com?promoid=RYGDMYVW. Didn't pass first allows/blocks test.
======== We are on link 52 of 80
========== raw link javascript:void(0)
========== dropped link (either fragment ("#"), js, mailto, comment, pdf, or empty)
======== We are on link 53 of 80
========== raw link /
========== dropped link (either fragment ("#"), js, mailto, comment, pdf, or empty)
======== We are on link 54 of 80
========== raw link /pro?tracking_source=footer_static_aboutRoot
============ Found Relative: joining https://www.behance.net/about?tracking_source=footer_static_search_projects and /pro?tracking_source=footer_static_aboutRoot
============ Checking for Redirections: https://www.behance.net/pro?tracking_source=footer_static_aboutRoot
============ Link after cleaning: https://www.behance.net/pro
========== link already checked
======== We are on link 55 of 80
========== raw link /galleries?tracking_source=footer_static_aboutRoot
============ Found Relative: joining https://www.behance.net/about?tracking_source=footer_static_search_projects and /galleries?tracking_source=footer_static_aboutRoot
============ Checking for Redirections: https://www.behance.net/galleries?tracking_source=footer_static_aboutRoot
============ Link after cleaning: https://www.behance.net/galleries
========== scraping https://www.behance.net/galleries
======== We are on link 56 of 80
========== raw link /updates/get-hired-on-behance?tracking_source=footer_static_aboutRoot
============ Found Relative: joining https://www.behance.net/about?tracking_source=footer_static_search_projects and /updates/get-hired-on-behance?tracking_source=footer_static_aboutRoot
============ Checking for Redirections: https://www.behance.net/updates/get-hired-on-behance?tracking_source=footer_static_aboutRoot
============ Link after cleaning: https://www.behance.net/updates/get-hired-on-behance
========== scraping https://www.behance.net/updates/get-hired-on-behance
======== We are on link 57 of 80
========== raw link /updates/behance-assets?tracking_source=footer_static_aboutRoot
============ Found Relative: joining https://www.behance.net/about?tracking_source=footer_static_search_projects and /updates/behance-assets?tracking_source=footer_static_aboutRoot
============ Checking for Redirections: https://www.behance.net/updates/behance-assets?tracking_source=footer_static_aboutRoot
============ Link after cleaning: https://www.behance.net/updates/behance-assets
========== link already checked
======== We are on link 58 of 80
========== raw link /updates/get-hired-on-behance-with-services?tracking_source=footer_static_aboutRoot
============ Found Relative: joining https://www.behance.net/about?tracking_source=footer_static_search_projects and /updates/get-hired-on-behance-with-services?tracking_source=footer_static_aboutRoot
============ Checking for Redirections: https://www.behance.net/updates/get-hired-on-behance-with-services?tracking_source=footer_static_aboutRoot
============ Link after cleaning: https://www.behance.net/updates/get-hired-on-behance-with-services
========== scraping https://www.behance.net/updates/get-hired-on-behance-with-services
======== We are on link 59 of 80
========== raw link /joblist?tracking_source=footer_static_aboutRoot
============ Found Relative: joining https://www.behance.net/about?tracking_source=footer_static_search_projects and /joblist?tracking_source=footer_static_aboutRoot
========== dropped link https://www.behance.net/joblist?tracking_source=footer_static_aboutRoot. Didn't pass first allows/blocks test.
======== We are on link 60 of 80
========== raw link /hire/graphic-designers?tracking_source=footer_static_aboutRoot
============ Found Relative: joining https://www.behance.net/about?tracking_source=footer_static_search_projects and /hire/graphic-designers?tracking_source=footer_static_aboutRoot
========== dropped link https://www.behance.net/hire/graphic-designers?tracking_source=footer_static_aboutRoot. Didn't pass first allows/blocks test.
======== We are on link 61 of 80
========== raw link /hire/photographers?tracking_source=footer_static_aboutRoot
============ Found Relative: joining https://www.behance.net/about?tracking_source=footer_static_search_projects and /hire/photographers?tracking_source=footer_static_aboutRoot
========== dropped link https://www.behance.net/hire/photographers?tracking_source=footer_static_aboutRoot. Didn't pass first allows/blocks test.
======== We are on link 62 of 80
========== raw link /hire/video-editors?tracking_source=footer_static_aboutRoot
============ Found Relative: joining https://www.behance.net/about?tracking_source=footer_static_search_projects and /hire/video-editors?tracking_source=footer_static_aboutRoot
========== dropped link https://www.behance.net/hire/video-editors?tracking_source=footer_static_aboutRoot. Didn't pass first allows/blocks test.
======== We are on link 63 of 80
========== raw link /hire/web-designers?tracking_source=footer_static_aboutRoot
============ Found Relative: joining https://www.behance.net/about?tracking_source=footer_static_search_projects and /hire/web-designers?tracking_source=footer_static_aboutRoot
========== dropped link https://www.behance.net/hire/web-designers?tracking_source=footer_static_aboutRoot. Didn't pass first allows/blocks test.
======== We are on link 64 of 80
========== raw link /hire/illustrators?tracking_source=footer_static_aboutRoot
============ Found Relative: joining https://www.behance.net/about?tracking_source=footer_static_search_projects and /hire/illustrators?tracking_source=footer_static_aboutRoot
========== dropped link https://www.behance.net/hire/illustrators?tracking_source=footer_static_aboutRoot. Didn't pass first allows/blocks test.
======== We are on link 65 of 80
========== raw link /about?tracking_source=footer_static_aboutRoot
============ Found Relative: joining https://www.behance.net/about?tracking_source=footer_static_search_projects and /about?tracking_source=footer_static_aboutRoot
============ Checking for Redirections: https://www.behance.net/about?tracking_source=footer_static_aboutRoot
============ Link after cleaning: https://www.behance.net/about
========== link already checked
======== We are on link 66 of 80
========== raw link https://portfolio.adobe.com/
========== dropped link https://portfolio.adobe.com/. Didn't pass first allows/blocks test.
======== We are on link 67 of 80
========== raw link /blog?tracking_source=footer_static_aboutRoot
============ Found Relative: joining https://www.behance.net/about?tracking_source=footer_static_search_projects and /blog?tracking_source=footer_static_aboutRoot
============ Checking for Redirections: https://www.behance.net/blog?tracking_source=footer_static_aboutRoot
============ Link after cleaning: https://www.behance.net/blog
========== link already checked
======== We are on link 68 of 80
========== raw link https://www.adobe.com/careers.html
========== dropped link https://www.adobe.com/careers.html. Didn't pass first allows/blocks test.
======== We are on link 69 of 80
========== raw link https://help.behance.net/
============ Checking for Redirections: https://help.behance.net/
============ Followed Redirection to https://help.behance.net/hc/en-us
============ Link after cleaning: https://help.behance.net/hc/en-us
========== link already checked
======== We are on link 70 of 80
========== raw link https://help.behance.net/hc/en-us/requests/new?ticket_form_id=4164
============ Checking for Redirections: https://help.behance.net/hc/en-us/requests/new?ticket_form_id=4164
========== dropped link https://help.behance.net/hc/en-us/requests/new?ticket_form_id=4164. Could not follow redirection (or it was a meaninglessly small page or bot blocked by sessionID).
======== We are on link 71 of 80
========== raw link http://instagram.com/behance
========== dropped link http://instagram.com/behance. Didn't pass first allows/blocks test.
======== We are on link 72 of 80
========== raw link http://twitter.com/behance
========== dropped link http://twitter.com/behance. Didn't pass first allows/blocks test.
======== We are on link 73 of 80
========== raw link http://www.pinterest.com/behance
========== dropped link http://www.pinterest.com/behance. Didn't pass first allows/blocks test.
======== We are on link 74 of 80
========== raw link http://www.facebook.com/Behance
========== dropped link http://www.facebook.com/Behance. Didn't pass first allows/blocks test.
======== We are on link 75 of 80
========== raw link https://www.linkedin.com/company/151575
========== dropped link https://www.linkedin.com/company/151575. Didn't pass first allows/blocks test.
======== We are on link 76 of 80
========== raw link https://www.adobe.com?promoid=RYGDMYVW
========== dropped link https://www.adobe.com?promoid=RYGDMYVW. Didn't pass first allows/blocks test.
======== We are on link 77 of 80
========== raw link https://www.adobe.com/legal/terms.html
========== dropped link https://www.adobe.com/legal/terms.html. Didn't pass first allows/blocks test.
======== We are on link 78 of 80
========== raw link https://www.adobe.com/privacy.html
========== dropped link https://www.adobe.com/privacy.html. Didn't pass first allows/blocks test.
======== We are on link 79 of 80
========== raw link /misc/community?tracking_source=footer_static_aboutRoot
============ Found Relative: joining https://www.behance.net/about?tracking_source=footer_static_search_projects and /misc/community?tracking_source=footer_static_aboutRoot
============ Checking for Redirections: https://www.behance.net/misc/community?tracking_source=footer_static_aboutRoot
============ Link after cleaning: https://www.behance.net/misc/community
========== link already checked
======== We are on link 80 of 80
========== raw link https://www.adobe.com/privacy/us-rights.html
========== dropped link https://www.adobe.com/privacy/us-rights.html. Didn't pass first allows/blocks test.
==== Number of new pages added: 5
==== We are at iteration 2 (tree depth).
====== We are on page 1 of 5: https://www.behance.net/resources
====== Number of Links on this Page: 83
======== We are on link 1 of 83
========== raw link /?tracking_source=nav20
============ Found Relative: joining https://www.behance.net/resources and /?tracking_source=nav20
============ Checking for Redirections: https://www.behance.net/?tracking_source=nav20
============ Link after cleaning: https://www.behance.net/
========== link already checked
======== We are on link 2 of 83
========== raw link /joblist?tracking_source=nav20
============ Found Relative: joining https://www.behance.net/resources and /joblist?tracking_source=nav20
========== dropped link https://www.behance.net/joblist?tracking_source=nav20. Didn't pass first allows/blocks test.
======== We are on link 3 of 83
========== raw link /hire?tracking_source=nav20
============ Found Relative: joining https://www.behance.net/resources and /hire?tracking_source=nav20
========== dropped link https://www.behance.net/hire?tracking_source=nav20. Didn't pass first allows/blocks test.
======== We are on link 4 of 83
========== raw link /resources?tracking_source=nav20
============ Found Relative: joining https://www.behance.net/resources and /resources?tracking_source=nav20
============ Checking for Redirections: https://www.behance.net/resources?tracking_source=nav20
============ Link after cleaning: https://www.behance.net/resources
========== link already checked
======== We are on link 5 of 83
========== raw link https://itunes.apple.com/us/app/behance/id489667151
========== dropped link https://itunes.apple.com/us/app/behance/id489667151. Didn't pass first allows/blocks test.
======== We are on link 6 of 83
========== raw link https://play.google.com/store/apps/details?id=com.behance.behance
========== dropped link https://play.google.com/store/apps/details?id=com.behance.behance. Didn't pass first allows/blocks test.
======== We are on link 7 of 83
========== raw link /about
============ Found Relative: joining https://www.behance.net/resources and /about
============ Checking for Redirections: https://www.behance.net/about
============ Link after cleaning: https://www.behance.net/about
========== link already checked
======== We are on link 8 of 83
========== raw link /blog
============ Found Relative: joining https://www.behance.net/resources and /blog
============ Checking for Redirections: https://www.behance.net/blog
============ Link after cleaning: https://www.behance.net/blog
========== link already checked
======== We are on link 9 of 83
========== raw link https://www.adobe.com/legal/terms.html
========== dropped link https://www.adobe.com/legal/terms.html. Didn't pass first allows/blocks test.
======== We are on link 10 of 83
========== raw link https://www.adobe.com/privacy.html
========== dropped link https://www.adobe.com/privacy.html. Didn't pass first allows/blocks test.
======== We are on link 11 of 83
========== raw link /misc/community
============ Found Relative: joining https://www.behance.net/resources and /misc/community
============ Checking for Redirections: https://www.behance.net/misc/community
============ Link after cleaning: https://www.behance.net/misc/community
========== link already checked
======== We are on link 12 of 83
========== raw link https://help.behance.net/
============ Checking for Redirections: https://help.behance.net/
============ Followed Redirection to https://help.behance.net/hc/en-us
============ Link after cleaning: https://help.behance.net/hc/en-us
========== link already checked
======== We are on link 13 of 83
========== raw link https://www.adobe.com/privacy/us-rights.html
========== dropped link https://www.adobe.com/privacy/us-rights.html. Didn't pass first allows/blocks test.
======== We are on link 14 of 83
========== raw link javascript:void(0)
========== dropped link (either fragment ("#"), js, mailto, comment, pdf, or empty)
======== We are on link 15 of 83
========== raw link javascript:void(0)
========== dropped link (either fragment ("#"), js, mailto, comment, pdf, or empty)
======== We are on link 16 of 83
========== raw link /
========== dropped link (either fragment ("#"), js, mailto, comment, pdf, or empty)
======== We are on link 17 of 83
========== raw link /?tracking_source=nav20
============ Found Relative: joining https://www.behance.net/resources and /?tracking_source=nav20
============ Checking for Redirections: https://www.behance.net/?tracking_source=nav20
============ Link after cleaning: https://www.behance.net/
========== link already checked
======== We are on link 18 of 83
========== raw link /joblist?tracking_source=nav20
============ Found Relative: joining https://www.behance.net/resources and /joblist?tracking_source=nav20
========== dropped link https://www.behance.net/joblist?tracking_source=nav20. Didn't pass first allows/blocks test.
======== We are on link 19 of 83
========== raw link /hire?tracking_source=nav20
============ Found Relative: joining https://www.behance.net/resources and /hire?tracking_source=nav20
========== dropped link https://www.behance.net/hire?tracking_source=nav20. Didn't pass first allows/blocks test.
======== We are on link 20 of 83
========== raw link /resources?tracking_source=nav20
============ Found Relative: joining https://www.behance.net/resources and /resources?tracking_source=nav20
============ Checking for Redirections: https://www.behance.net/resources?tracking_source=nav20
============ Link after cleaning: https://www.behance.net/resources
========== link already checked
======== We are on link 21 of 83
========== raw link /search/projects?tracking_source=nav20
============ Found Relative: joining https://www.behance.net/resources and /search/projects?tracking_source=nav20
============ Checking for Redirections: https://www.behance.net/search/projects?tracking_source=nav20
============ Link after cleaning: https://www.behance.net/search/projects
========== link already checked
======== We are on link 22 of 83
========== raw link /search/projects?tracking_source=nav20
============ Found Relative: joining https://www.behance.net/resources and /search/projects?tracking_source=nav20
============ Checking for Redirections: https://www.behance.net/search/projects?tracking_source=nav20
============ Link after cleaning: https://www.behance.net/search/projects
========== link already checked
======== We are on link 23 of 83
========== raw link https://www.adobe.com?promoid=RTQCN3LX
========== dropped link https://www.adobe.com?promoid=RTQCN3LX. Didn't pass first allows/blocks test.
======== We are on link 24 of 83
========== raw link /resources
============ Found Relative: joining https://www.behance.net/resources and /resources
============ Checking for Redirections: https://www.behance.net/resources
============ Link after cleaning: https://www.behance.net/resources
========== link already checked
======== We are on link 25 of 83
========== raw link /resources/guides
============ Found Relative: joining https://www.behance.net/resources and /resources/guides
============ Checking for Redirections: https://www.behance.net/resources/guides
============ Link after cleaning: https://www.behance.net/resources/guides
========== scraping https://www.behance.net/resources/guides
======== We are on link 26 of 83
========== raw link /resources/commissions
============ Found Relative: joining https://www.behance.net/resources and /resources/commissions
============ Checking for Redirections: https://www.behance.net/resources/commissions
============ Link after cleaning: https://www.behance.net/resources/commissions
========== scraping https://www.behance.net/resources/commissions
============ New link added. Search term (AI) found on https://www.behance.net/resources/commissions.
======== We are on link 27 of 83
========== raw link /resources/apprenticeship
============ Found Relative: joining https://www.behance.net/resources and /resources/apprenticeship
============ Checking for Redirections: https://www.behance.net/resources/apprenticeship
============ Link after cleaning: https://www.behance.net/resources/apprenticeship
========== scraping https://www.behance.net/resources/apprenticeship
======== We are on link 28 of 83
========== raw link https://www.behance.net/Pheebstuff
============ Checking for Redirections: https://www.behance.net/Pheebstuff
============ Link unchanged
========== scraping https://www.behance.net/Pheebstuff
======== We are on link 29 of 83
========== raw link /resources/guides
============ Found Relative: joining https://www.behance.net/resources and /resources/guides
============ Checking for Redirections: https://www.behance.net/resources/guides
============ Link after cleaning: https://www.behance.net/resources/guides
========== link already checked
======== We are on link 30 of 83
========== raw link /resources/commissions
============ Found Relative: joining https://www.behance.net/resources and /resources/commissions
============ Checking for Redirections: https://www.behance.net/resources/commissions
============ Link after cleaning: https://www.behance.net/resources/commissions
========== link already checked
======== We are on link 31 of 83
========== raw link /resources/apprenticeship
============ Found Relative: joining https://www.behance.net/resources and /resources/apprenticeship
============ Checking for Redirections: https://www.behance.net/resources/apprenticeship
============ Link after cleaning: https://www.behance.net/resources/apprenticeship
========== link already checked
======== We are on link 32 of 83
========== raw link /resources/guides
============ Found Relative: joining https://www.behance.net/resources and /resources/guides
============ Checking for Redirections: https://www.behance.net/resources/guides
============ Link after cleaning: https://www.behance.net/resources/guides
========== link already checked
======== We are on link 33 of 83
========== raw link /resources/courses/course:13552175/Turn-Personal-Projects-Into-Dream-Clients-with-Andrew-Hochradel
============ Found Relative: joining https://www.behance.net/resources and /resources/courses/course:13552175/Turn-Personal-Projects-Into-Dream-Clients-with-Andrew-Hochradel
============ Checking for Redirections: https://www.behance.net/resources/courses/course:13552175/Turn-Personal-Projects-Into-Dream-Clients-with-Andrew-Hochradel
============ Link after cleaning: https://www.behance.net/resources/courses/course:13552175/Turn-Personal-Projects-Into-Dream-Clients-with-Andrew-Hochradel
========== scraping https://www.behance.net/resources/courses/course:13552175/Turn-Personal-Projects-Into-Dream-Clients-with-Andrew-Hochradel
======== We are on link 34 of 83
========== raw link /resources/courses/course:12550018/Soft-Skills-for-Career-Growth-with-Jesse-Showalter
============ Found Relative: joining https://www.behance.net/resources and /resources/courses/course:12550018/Soft-Skills-for-Career-Growth-with-Jesse-Showalter
============ Checking for Redirections: https://www.behance.net/resources/courses/course:12550018/Soft-Skills-for-Career-Growth-with-Jesse-Showalter
============ Link after cleaning: https://www.behance.net/resources/courses/course:12550018/Soft-Skills-for-Career-Growth-with-Jesse-Showalter
========== scraping https://www.behance.net/resources/courses/course:12550018/Soft-Skills-for-Career-Growth-with-Jesse-Showalter
======== We are on link 35 of 83
========== raw link /resources/courses/course:12493629/A-Career-Shaped-By-You-with-Meg-Lewis
============ Found Relative: joining https://www.behance.net/resources and /resources/courses/course:12493629/A-Career-Shaped-By-You-with-Meg-Lewis
============ Checking for Redirections: https://www.behance.net/resources/courses/course:12493629/A-Career-Shaped-By-You-with-Meg-Lewis
============ Link after cleaning: https://www.behance.net/resources/courses/course:12493629/A-Career-Shaped-By-You-with-Meg-Lewis
========== scraping https://www.behance.net/resources/courses/course:12493629/A-Career-Shaped-By-You-with-Meg-Lewis
======== We are on link 36 of 83
========== raw link /resources/courses/course:12493624/How-To-Make-Money-As-A-Creative-with-Weekend-Creative
============ Found Relative: joining https://www.behance.net/resources and /resources/courses/course:12493624/How-To-Make-Money-As-A-Creative-with-Weekend-Creative
============ Checking for Redirections: https://www.behance.net/resources/courses/course:12493624/How-To-Make-Money-As-A-Creative-with-Weekend-Creative
============ Link after cleaning: https://www.behance.net/resources/courses/course:12493624/How-To-Make-Money-As-A-Creative-with-Weekend-Creative
========== scraping https://www.behance.net/resources/courses/course:12493624/How-To-Make-Money-As-A-Creative-with-Weekend-Creative
======== We are on link 37 of 83
========== raw link /resources/commissions
============ Found Relative: joining https://www.behance.net/resources and /resources/commissions
============ Checking for Redirections: https://www.behance.net/resources/commissions
============ Link after cleaning: https://www.behance.net/resources/commissions
========== link already checked
======== We are on link 38 of 83
========== raw link https://www.adobe.com/max.html
========== dropped link https://www.adobe.com/max.html. Didn't pass first allows/blocks test.
======== We are on link 39 of 83
========== raw link https://www.adobe.com/events.html
========== dropped link https://www.adobe.com/events.html. Didn't pass first allows/blocks test.
======== We are on link 40 of 83
========== raw link /resources/guides
============ Found Relative: joining https://www.behance.net/resources and /resources/guides
============ Checking for Redirections: https://www.behance.net/resources/guides
============ Link after cleaning: https://www.behance.net/resources/guides
========== link already checked
======== We are on link 41 of 83
========== raw link /resources/articles/raymond-alva
============ Found Relative: joining https://www.behance.net/resources and /resources/articles/raymond-alva
============ Checking for Redirections: https://www.behance.net/resources/articles/raymond-alva
============ Link after cleaning: https://www.behance.net/resources/articles/raymond-alva
========== scraping https://www.behance.net/resources/articles/raymond-alva
======== We are on link 42 of 83
========== raw link /resources/articles/elisha-zepeda
============ Found Relative: joining https://www.behance.net/resources and /resources/articles/elisha-zepeda
============ Checking for Redirections: https://www.behance.net/resources/articles/elisha-zepeda
============ Link after cleaning: https://www.behance.net/resources/articles/elisha-zepeda
========== scraping https://www.behance.net/resources/articles/elisha-zepeda
======== We are on link 43 of 83
========== raw link /resources/articles/working-with-clients
============ Found Relative: joining https://www.behance.net/resources and /resources/articles/working-with-clients
============ Checking for Redirections: https://www.behance.net/resources/articles/working-with-clients
============ Link after cleaning: https://www.behance.net/resources/articles/working-with-clients
========== scraping https://www.behance.net/resources/articles/working-with-clients
======== We are on link 44 of 83
========== raw link /resources/articles/create-a-career
============ Found Relative: joining https://www.behance.net/resources and /resources/articles/create-a-career
============ Checking for Redirections: https://www.behance.net/resources/articles/create-a-career
============ Link after cleaning: https://www.behance.net/resources/articles/create-a-career
========== scraping https://www.behance.net/resources/articles/create-a-career
======== We are on link 45 of 83
========== raw link /resources/apprenticeship
============ Found Relative: joining https://www.behance.net/resources and /resources/apprenticeship
============ Checking for Redirections: https://www.behance.net/resources/apprenticeship
============ Link after cleaning: https://www.behance.net/resources/apprenticeship
========== link already checked
======== We are on link 46 of 83
========== raw link https://www.behance.net/Pheebstuff
============ Checking for Redirections: https://www.behance.net/Pheebstuff
============ Link unchanged
========== link already checked
======== We are on link 47 of 83
========== raw link javascript:void(0)
========== dropped link (either fragment ("#"), js, mailto, comment, pdf, or empty)
======== We are on link 48 of 83
========== raw link /pro?tracking_source=footer_pro_marketing_page_Overview
============ Found Relative: joining https://www.behance.net/resources and /pro?tracking_source=footer_pro_marketing_page_Overview
============ Checking for Redirections: https://www.behance.net/pro?tracking_source=footer_pro_marketing_page_Overview
============ Link after cleaning: https://www.behance.net/pro
========== link already checked
======== We are on link 49 of 83
========== raw link https://www.adobe.com/legal/terms.html
========== dropped link https://www.adobe.com/legal/terms.html. Didn't pass first allows/blocks test.
======== We are on link 50 of 83
========== raw link https://www.adobe.com/privacy.html
========== dropped link https://www.adobe.com/privacy.html. Didn't pass first allows/blocks test.
======== We are on link 51 of 83
========== raw link /misc/community?tracking_source=footer_infinity_Overview
============ Found Relative: joining https://www.behance.net/resources and /misc/community?tracking_source=footer_infinity_Overview
============ Checking for Redirections: https://www.behance.net/misc/community?tracking_source=footer_infinity_Overview
============ Link after cleaning: https://www.behance.net/misc/community
========== link already checked
======== We are on link 52 of 83
========== raw link https://help.behance.net/
============ Checking for Redirections: https://help.behance.net/
============ Followed Redirection to https://help.behance.net/hc/en-us
============ Link after cleaning: https://help.behance.net/hc/en-us
========== link already checked
======== We are on link 53 of 83
========== raw link https://www.adobe.com/privacy/us-rights.html
========== dropped link https://www.adobe.com/privacy/us-rights.html. Didn't pass first allows/blocks test.
======== We are on link 54 of 83
========== raw link https://www.adobe.com?promoid=RYGDMYVW
========== dropped link https://www.adobe.com?promoid=RYGDMYVW. Didn't pass first allows/blocks test.
======== We are on link 55 of 83
========== raw link javascript:void(0)
========== dropped link (either fragment ("#"), js, mailto, comment, pdf, or empty)
======== We are on link 56 of 83
========== raw link /
========== dropped link (either fragment ("#"), js, mailto, comment, pdf, or empty)
======== We are on link 57 of 83
========== raw link /pro?tracking_source=footer_static_Overview
============ Found Relative: joining https://www.behance.net/resources and /pro?tracking_source=footer_static_Overview
============ Checking for Redirections: https://www.behance.net/pro?tracking_source=footer_static_Overview
============ Link after cleaning: https://www.behance.net/pro
========== link already checked
======== We are on link 58 of 83
========== raw link /galleries?tracking_source=footer_static_Overview
============ Found Relative: joining https://www.behance.net/resources and /galleries?tracking_source=footer_static_Overview
============ Checking for Redirections: https://www.behance.net/galleries?tracking_source=footer_static_Overview
============ Link after cleaning: https://www.behance.net/galleries
========== link already checked
======== We are on link 59 of 83
========== raw link /updates/get-hired-on-behance?tracking_source=footer_static_Overview
============ Found Relative: joining https://www.behance.net/resources and /updates/get-hired-on-behance?tracking_source=footer_static_Overview
============ Checking for Redirections: https://www.behance.net/updates/get-hired-on-behance?tracking_source=footer_static_Overview
============ Link after cleaning: https://www.behance.net/updates/get-hired-on-behance
========== link already checked
======== We are on link 60 of 83
========== raw link /updates/behance-assets?tracking_source=footer_static_Overview
============ Found Relative: joining https://www.behance.net/resources and /updates/behance-assets?tracking_source=footer_static_Overview
============ Checking for Redirections: https://www.behance.net/updates/behance-assets?tracking_source=footer_static_Overview
============ Link after cleaning: https://www.behance.net/updates/behance-assets
========== link already checked
======== We are on link 61 of 83
========== raw link /updates/get-hired-on-behance-with-services?tracking_source=footer_static_Overview
============ Found Relative: joining https://www.behance.net/resources and /updates/get-hired-on-behance-with-services?tracking_source=footer_static_Overview
============ Checking for Redirections: https://www.behance.net/updates/get-hired-on-behance-with-services?tracking_source=footer_static_Overview
============ Link after cleaning: https://www.behance.net/updates/get-hired-on-behance-with-services
========== link already checked
======== We are on link 62 of 83
========== raw link /joblist?tracking_source=footer_static_Overview
============ Found Relative: joining https://www.behance.net/resources and /joblist?tracking_source=footer_static_Overview
========== dropped link https://www.behance.net/joblist?tracking_source=footer_static_Overview. Didn't pass first allows/blocks test.
======== We are on link 63 of 83
========== raw link /hire/graphic-designers?tracking_source=footer_static_Overview
============ Found Relative: joining https://www.behance.net/resources and /hire/graphic-designers?tracking_source=footer_static_Overview
========== dropped link https://www.behance.net/hire/graphic-designers?tracking_source=footer_static_Overview. Didn't pass first allows/blocks test.
======== We are on link 64 of 83
========== raw link /hire/photographers?tracking_source=footer_static_Overview
============ Found Relative: joining https://www.behance.net/resources and /hire/photographers?tracking_source=footer_static_Overview
========== dropped link https://www.behance.net/hire/photographers?tracking_source=footer_static_Overview. Didn't pass first allows/blocks test.
======== We are on link 65 of 83
========== raw link /hire/video-editors?tracking_source=footer_static_Overview
============ Found Relative: joining https://www.behance.net/resources and /hire/video-editors?tracking_source=footer_static_Overview
========== dropped link https://www.behance.net/hire/video-editors?tracking_source=footer_static_Overview. Didn't pass first allows/blocks test.
======== We are on link 66 of 83
========== raw link /hire/web-designers?tracking_source=footer_static_Overview
============ Found Relative: joining https://www.behance.net/resources and /hire/web-designers?tracking_source=footer_static_Overview
========== dropped link https://www.behance.net/hire/web-designers?tracking_source=footer_static_Overview. Didn't pass first allows/blocks test.
======== We are on link 67 of 83
========== raw link /hire/illustrators?tracking_source=footer_static_Overview
============ Found Relative: joining https://www.behance.net/resources and /hire/illustrators?tracking_source=footer_static_Overview
========== dropped link https://www.behance.net/hire/illustrators?tracking_source=footer_static_Overview. Didn't pass first allows/blocks test.
======== We are on link 68 of 83
========== raw link /about?tracking_source=footer_static_Overview
============ Found Relative: joining https://www.behance.net/resources and /about?tracking_source=footer_static_Overview
============ Checking for Redirections: https://www.behance.net/about?tracking_source=footer_static_Overview
============ Link after cleaning: https://www.behance.net/about
========== link already checked
======== We are on link 69 of 83
========== raw link https://portfolio.adobe.com/
========== dropped link https://portfolio.adobe.com/. Didn't pass first allows/blocks test.
======== We are on link 70 of 83
========== raw link /blog?tracking_source=footer_static_Overview
============ Found Relative: joining https://www.behance.net/resources and /blog?tracking_source=footer_static_Overview
============ Checking for Redirections: https://www.behance.net/blog?tracking_source=footer_static_Overview
============ Link after cleaning: https://www.behance.net/blog
========== link already checked
======== We are on link 71 of 83
========== raw link https://www.adobe.com/careers.html
========== dropped link https://www.adobe.com/careers.html. Didn't pass first allows/blocks test.
======== We are on link 72 of 83
========== raw link https://help.behance.net/
============ Checking for Redirections: https://help.behance.net/
============ Followed Redirection to https://help.behance.net/hc/en-us
============ Link after cleaning: https://help.behance.net/hc/en-us
========== link already checked
======== We are on link 73 of 83
========== raw link https://help.behance.net/hc/en-us/requests/new?ticket_form_id=4164
============ Checking for Redirections: https://help.behance.net/hc/en-us/requests/new?ticket_form_id=4164
========== dropped link https://help.behance.net/hc/en-us/requests/new?ticket_form_id=4164. Could not follow redirection (or it was a meaninglessly small page or bot blocked by sessionID).
======== We are on link 74 of 83
========== raw link http://instagram.com/behance
========== dropped link http://instagram.com/behance. Didn't pass first allows/blocks test.
======== We are on link 75 of 83
========== raw link http://twitter.com/behance
========== dropped link http://twitter.com/behance. Didn't pass first allows/blocks test.
======== We are on link 76 of 83
========== raw link http://www.pinterest.com/behance
========== dropped link http://www.pinterest.com/behance. Didn't pass first allows/blocks test.
======== We are on link 77 of 83
========== raw link http://www.facebook.com/Behance
========== dropped link http://www.facebook.com/Behance. Didn't pass first allows/blocks test.
======== We are on link 78 of 83
========== raw link https://www.linkedin.com/company/151575
========== dropped link https://www.linkedin.com/company/151575. Didn't pass first allows/blocks test.
======== We are on link 79 of 83
========== raw link https://www.adobe.com?promoid=RYGDMYVW
========== dropped link https://www.adobe.com?promoid=RYGDMYVW. Didn't pass first allows/blocks test.
======== We are on link 80 of 83
========== raw link https://www.adobe.com/legal/terms.html
========== dropped link https://www.adobe.com/legal/terms.html. Didn't pass first allows/blocks test.
======== We are on link 81 of 83
========== raw link https://www.adobe.com/privacy.html
========== dropped link https://www.adobe.com/privacy.html. Didn't pass first allows/blocks test.
======== We are on link 82 of 83
========== raw link /misc/community?tracking_source=footer_static_Overview
============ Found Relative: joining https://www.behance.net/resources and /misc/community?tracking_source=footer_static_Overview
============ Checking for Redirections: https://www.behance.net/misc/community?tracking_source=footer_static_Overview
============ Link after cleaning: https://www.behance.net/misc/community
========== link already checked
======== We are on link 83 of 83
========== raw link https://www.adobe.com/privacy/us-rights.html
========== dropped link https://www.adobe.com/privacy/us-rights.html. Didn't pass first allows/blocks test.
====== We are on page 2 of 5: https://www.behance.net/blog/visual-trends-2024
====== Number of Links on this Page: 62
======== We are on link 1 of 62
========== raw link /?tracking_source=nav20
============ Found Relative: joining https://www.behance.net/blog/visual-trends-2024 and /?tracking_source=nav20
============ Checking for Redirections: https://www.behance.net/?tracking_source=nav20
============ Link after cleaning: https://www.behance.net/
========== link already checked
======== We are on link 2 of 62
========== raw link /joblist?tracking_source=nav20
============ Found Relative: joining https://www.behance.net/blog/visual-trends-2024 and /joblist?tracking_source=nav20
========== dropped link https://www.behance.net/joblist?tracking_source=nav20. Didn't pass first allows/blocks test.
======== We are on link 3 of 62
========== raw link /hire?tracking_source=nav20
============ Found Relative: joining https://www.behance.net/blog/visual-trends-2024 and /hire?tracking_source=nav20
========== dropped link https://www.behance.net/hire?tracking_source=nav20. Didn't pass first allows/blocks test.
======== We are on link 4 of 62
========== raw link /resources?tracking_source=nav20
============ Found Relative: joining https://www.behance.net/blog/visual-trends-2024 and /resources?tracking_source=nav20
============ Checking for Redirections: https://www.behance.net/resources?tracking_source=nav20
============ Link after cleaning: https://www.behance.net/resources
========== link already checked
======== We are on link 5 of 62
========== raw link https://itunes.apple.com/us/app/behance/id489667151
========== dropped link https://itunes.apple.com/us/app/behance/id489667151. Didn't pass first allows/blocks test.
======== We are on link 6 of 62
========== raw link https://play.google.com/store/apps/details?id=com.behance.behance
========== dropped link https://play.google.com/store/apps/details?id=com.behance.behance. Didn't pass first allows/blocks test.
======== We are on link 7 of 62
========== raw link /about
============ Found Relative: joining https://www.behance.net/blog/visual-trends-2024 and /about
============ Checking for Redirections: https://www.behance.net/about
============ Link after cleaning: https://www.behance.net/about
========== link already checked
======== We are on link 8 of 62
========== raw link /blog
============ Found Relative: joining https://www.behance.net/blog/visual-trends-2024 and /blog
============ Checking for Redirections: https://www.behance.net/blog
============ Link after cleaning: https://www.behance.net/blog
========== link already checked
======== We are on link 9 of 62
========== raw link https://www.adobe.com/legal/terms.html
========== dropped link https://www.adobe.com/legal/terms.html. Didn't pass first allows/blocks test.
======== We are on link 10 of 62
========== raw link https://www.adobe.com/privacy.html
========== dropped link https://www.adobe.com/privacy.html. Didn't pass first allows/blocks test.
======== We are on link 11 of 62
========== raw link /misc/community
============ Found Relative: joining https://www.behance.net/blog/visual-trends-2024 and /misc/community
============ Checking for Redirections: https://www.behance.net/misc/community
============ Link after cleaning: https://www.behance.net/misc/community
========== link already checked
======== We are on link 12 of 62
========== raw link https://help.behance.net/
============ Checking for Redirections: https://help.behance.net/
============ Followed Redirection to https://help.behance.net/hc/en-us
============ Link after cleaning: https://help.behance.net/hc/en-us
========== link already checked
======== We are on link 13 of 62
========== raw link https://www.adobe.com/privacy/us-rights.html
========== dropped link https://www.adobe.com/privacy/us-rights.html. Didn't pass first allows/blocks test.
======== We are on link 14 of 62
========== raw link javascript:void(0)
========== dropped link (either fragment ("#"), js, mailto, comment, pdf, or empty)
======== We are on link 15 of 62
========== raw link javascript:void(0)
========== dropped link (either fragment ("#"), js, mailto, comment, pdf, or empty)
======== We are on link 16 of 62
========== raw link /
========== dropped link (either fragment ("#"), js, mailto, comment, pdf, or empty)
======== We are on link 17 of 62
========== raw link /?tracking_source=nav20
============ Found Relative: joining https://www.behance.net/blog/visual-trends-2024 and /?tracking_source=nav20
============ Checking for Redirections: https://www.behance.net/?tracking_source=nav20
============ Link after cleaning: https://www.behance.net/
========== link already checked
======== We are on link 18 of 62
========== raw link /joblist?tracking_source=nav20
============ Found Relative: joining https://www.behance.net/blog/visual-trends-2024 and /joblist?tracking_source=nav20
========== dropped link https://www.behance.net/joblist?tracking_source=nav20. Didn't pass first allows/blocks test.
======== We are on link 19 of 62
========== raw link /hire?tracking_source=nav20
============ Found Relative: joining https://www.behance.net/blog/visual-trends-2024 and /hire?tracking_source=nav20
========== dropped link https://www.behance.net/hire?tracking_source=nav20. Didn't pass first allows/blocks test.
======== We are on link 20 of 62
========== raw link /resources?tracking_source=nav20
============ Found Relative: joining https://www.behance.net/blog/visual-trends-2024 and /resources?tracking_source=nav20
============ Checking for Redirections: https://www.behance.net/resources?tracking_source=nav20
============ Link after cleaning: https://www.behance.net/resources
========== link already checked
======== We are on link 21 of 62
========== raw link /search/projects?tracking_source=nav20
============ Found Relative: joining https://www.behance.net/blog/visual-trends-2024 and /search/projects?tracking_source=nav20
============ Checking for Redirections: https://www.behance.net/search/projects?tracking_source=nav20
============ Link after cleaning: https://www.behance.net/search/projects
========== link already checked
======== We are on link 22 of 62
========== raw link /search/projects?tracking_source=nav20
============ Found Relative: joining https://www.behance.net/blog/visual-trends-2024 and /search/projects?tracking_source=nav20
============ Checking for Redirections: https://www.behance.net/search/projects?tracking_source=nav20
============ Link after cleaning: https://www.behance.net/search/projects
========== link already checked
======== We are on link 23 of 62
========== raw link https://www.adobe.com?promoid=RTQCN3LX
========== dropped link https://www.adobe.com?promoid=RTQCN3LX. Didn't pass first allows/blocks test.
======== We are on link 24 of 62
========== raw link /blog
============ Found Relative: joining https://www.behance.net/blog/visual-trends-2024 and /blog
============ Checking for Redirections: https://www.behance.net/blog
============ Link after cleaning: https://www.behance.net/blog
========== link already checked
======== We are on link 25 of 62
========== raw link https://behance.net/behance
============ Checking for Redirections: https://behance.net/behance
============ Followed Redirection to https://www.behance.net/behance/moodboards
============ Link after cleaning: https://www.behance.net/behance/moodboards
========== scraping https://www.behance.net/behance/moodboards
======== We are on link 26 of 62
========== raw link https://www.behance.net/moodboard/215277465/Electric-Pink
============ Checking for Redirections: https://www.behance.net/moodboard/215277465/Electric-Pink
============ Link unchanged
========== scraping https://www.behance.net/moodboard/215277465/Electric-Pink
======== We are on link 27 of 62
========== raw link https://www.behance.net/gallery/191486173/%08CIHY(Caffeine-I-Hate-You)-Brand-Identity-Packaging
========== dropped link https://www.behance.net/gallery/191486173/%08CIHY(Caffeine-I-Hate-You)-Brand-Identity-Packaging. Didn't pass first allows/blocks test.
======== We are on link 28 of 62
========== raw link https://www.behance.net/galobato
============ Checking for Redirections: https://www.behance.net/galobato
============ Link unchanged
========== scraping https://www.behance.net/galobato
======== We are on link 29 of 62
========== raw link https://www.behance.net/gallery/192516097/Capivara-Films-Brand-Identity
========== dropped link https://www.behance.net/gallery/192516097/Capivara-Films-Brand-Identity. Didn't pass first allows/blocks test.
======== We are on link 30 of 62
========== raw link https://www.behance.net/gallery/192516097/Capivara-Films-Brand-Identity
========== dropped link https://www.behance.net/gallery/192516097/Capivara-Films-Brand-Identity. Didn't pass first allows/blocks test.
======== We are on link 31 of 62
========== raw link https://www.behance.net/luciapham
============ Checking for Redirections: https://www.behance.net/luciapham
============ Link unchanged
========== scraping https://www.behance.net/luciapham
======== We are on link 32 of 62
========== raw link https://www.behance.net/gallery/188512249/Illustration-Collection-I-2024
========== dropped link https://www.behance.net/gallery/188512249/Illustration-Collection-I-2024. Didn't pass first allows/blocks test.
======== We are on link 33 of 62
========== raw link https://www.behance.net/moodboard/215277465/Electric-Pink
============ Checking for Redirections: https://www.behance.net/moodboard/215277465/Electric-Pink
============ Link unchanged
========== link already checked
======== We are on link 34 of 62
========== raw link https://www.behance.net/moodboard/214977575/Earthencraft
============ Checking for Redirections: https://www.behance.net/moodboard/214977575/Earthencraft
============ Link unchanged
========== scraping https://www.behance.net/moodboard/214977575/Earthencraft
======== We are on link 35 of 62
========== raw link https://www.behance.net/gallery/194191453/Oaku-Logo-Brand-Product-Design
========== dropped link https://www.behance.net/gallery/194191453/Oaku-Logo-Brand-Product-Design. Didn't pass first allows/blocks test.
======== We are on link 36 of 62
========== raw link https://www.behance.net/hiestudio
============ Checking for Redirections: https://www.behance.net/hiestudio
============ Link unchanged
========== scraping https://www.behance.net/hiestudio
======== We are on link 37 of 62
========== raw link https://www.behance.net/gallery/203940099/LABROSO-TEQUILA
========== dropped link https://www.behance.net/gallery/203940099/LABROSO-TEQUILA. Didn't pass first allows/blocks test.
======== We are on link 38 of 62
========== raw link https://www.behance.net/damiaogiovani
============ Checking for Redirections: https://www.behance.net/damiaogiovani
============ Link unchanged
========== scraping https://www.behance.net/damiaogiovani
======== We are on link 39 of 62
========== raw link https://www.behance.net/gallery/193755513/ABSTRATO
========== dropped link https://www.behance.net/gallery/193755513/ABSTRATO. Didn't pass first allows/blocks test.
======== We are on link 40 of 62
========== raw link https://www.behance.net/gallery/193755513/ABSTRATO
========== dropped link https://www.behance.net/gallery/193755513/ABSTRATO. Didn't pass first allows/blocks test.
======== We are on link 41 of 62
========== raw link https://www.behance.net/moodboard/214977575/Earthencraft
============ Checking for Redirections: https://www.behance.net/moodboard/214977575/Earthencraft
============ Link unchanged
========== link already checked
======== We are on link 42 of 62
========== raw link https://www.behance.net/moodboard/215277723/Translucency
============ Checking for Redirections: https://www.behance.net/moodboard/215277723/Translucency
============ Link unchanged
========== scraping https://www.behance.net/moodboard/215277723/Translucency
======== We are on link 43 of 62
========== raw link https://www.behance.net/leonardoworx
============ Checking for Redirections: https://www.behance.net/leonardoworx
============ Link unchanged
========== link already checked
======== We are on link 44 of 62
========== raw link https://www.behance.net/leonardoworx
============ Checking for Redirections: https://www.behance.net/leonardoworx
============ Link unchanged
========== link already checked
======== We are on link 45 of 62
========== raw link https://www.behance.net/gallery/194350419/ONE-OF-A-KIND
========== dropped link https://www.behance.net/gallery/194350419/ONE-OF-A-KIND. Didn't pass first allows/blocks test.
======== We are on link 46 of 62
========== raw link https://www.behance.net/gallery/188421529/Root-node-problems-Visualising-AI
========== dropped link https://www.behance.net/gallery/188421529/Root-node-problems-Visualising-AI. Didn't pass first allows/blocks test.
======== We are on link 47 of 62
========== raw link https://www.behance.net/jesperlindborg
============ Checking for Redirections: https://www.behance.net/jesperlindborg
============ Link unchanged
========== scraping https://www.behance.net/jesperlindborg
======== We are on link 48 of 62
========== raw link https://www.behance.net/moodboard/215277723/Translucency
============ Checking for Redirections: https://www.behance.net/moodboard/215277723/Translucency
============ Link unchanged
========== link already checked
======== We are on link 49 of 62
========== raw link https://www.behance.net/moodboard/214976895/2024
============ Checking for Redirections: https://www.behance.net/moodboard/214976895/2024
============ Link unchanged
========== scraping https://www.behance.net/moodboard/214976895/2024
======== We are on link 50 of 62
========== raw link /blog
============ Found Relative: joining https://www.behance.net/blog/visual-trends-2024 and /blog
============ Checking for Redirections: https://www.behance.net/blog
============ Link after cleaning: https://www.behance.net/blog
========== link already checked
======== We are on link 51 of 62
========== raw link mailto:beteam@adobe.com
========== dropped link (either fragment ("#"), js, mailto, comment, pdf, or empty)
======== We are on link 52 of 62
========== raw link /blog/jose-villacrez
============ Found Relative: joining https://www.behance.net/blog/visual-trends-2024 and /blog/jose-villacrez
============ Checking for Redirections: https://www.behance.net/blog/jose-villacrez
============ Link after cleaning: https://www.behance.net/blog/jose-villacrez
========== link already checked
======== We are on link 53 of 62
========== raw link /blog/pasta-packaging
============ Found Relative: joining https://www.behance.net/blog/visual-trends-2024 and /blog/pasta-packaging
============ Checking for Redirections: https://www.behance.net/blog/pasta-packaging
============ Link after cleaning: https://www.behance.net/blog/pasta-packaging
========== link already checked
======== We are on link 54 of 62
========== raw link /blog/sustainable-design
============ Found Relative: joining https://www.behance.net/blog/visual-trends-2024 and /blog/sustainable-design
============ Checking for Redirections: https://www.behance.net/blog/sustainable-design
============ Link after cleaning: https://www.behance.net/blog/sustainable-design
========== link already checked
======== We are on link 55 of 62
========== raw link javascript:void(0)
========== dropped link (either fragment ("#"), js, mailto, comment, pdf, or empty)
======== We are on link 56 of 62
========== raw link /pro?tracking_source=footer_pro_marketing_page_blog
============ Found Relative: joining https://www.behance.net/blog/visual-trends-2024 and /pro?tracking_source=footer_pro_marketing_page_blog
============ Checking for Redirections: https://www.behance.net/pro?tracking_source=footer_pro_marketing_page_blog
============ Link after cleaning: https://www.behance.net/pro
========== link already checked
======== We are on link 57 of 62
========== raw link https://www.adobe.com/legal/terms.html
========== dropped link https://www.adobe.com/legal/terms.html. Didn't pass first allows/blocks test.
======== We are on link 58 of 62
========== raw link https://www.adobe.com/privacy.html
========== dropped link https://www.adobe.com/privacy.html. Didn't pass first allows/blocks test.
======== We are on link 59 of 62
========== raw link /misc/community?tracking_source=footer_infinity_blog
============ Found Relative: joining https://www.behance.net/blog/visual-trends-2024 and /misc/community?tracking_source=footer_infinity_blog
============ Checking for Redirections: https://www.behance.net/misc/community?tracking_source=footer_infinity_blog
============ Link after cleaning: https://www.behance.net/misc/community
========== link already checked
======== We are on link 60 of 62
========== raw link https://help.behance.net/
============ Checking for Redirections: https://help.behance.net/
============ Followed Redirection to https://help.behance.net/hc/en-us
============ Link after cleaning: https://help.behance.net/hc/en-us
========== link already checked
======== We are on link 61 of 62
========== raw link https://www.adobe.com/privacy/us-rights.html
========== dropped link https://www.adobe.com/privacy/us-rights.html. Didn't pass first allows/blocks test.
======== We are on link 62 of 62
========== raw link https://www.adobe.com?promoid=RYGDMYVW
========== dropped link https://www.adobe.com?promoid=RYGDMYVW. Didn't pass first allows/blocks test.
====== We are on page 3 of 5: https://www.behance.net/blog/max-2024-behance-updates
====== Number of Links on this Page: 52
======== We are on link 1 of 52
========== raw link /?tracking_source=nav20
============ Found Relative: joining https://www.behance.net/blog/max-2024-behance-updates and /?tracking_source=nav20
============ Checking for Redirections: https://www.behance.net/?tracking_source=nav20
============ Link after cleaning: https://www.behance.net/
========== link already checked
======== We are on link 2 of 52
========== raw link /joblist?tracking_source=nav20
============ Found Relative: joining https://www.behance.net/blog/max-2024-behance-updates and /joblist?tracking_source=nav20
========== dropped link https://www.behance.net/joblist?tracking_source=nav20. Didn't pass first allows/blocks test.
======== We are on link 3 of 52
========== raw link /hire?tracking_source=nav20
============ Found Relative: joining https://www.behance.net/blog/max-2024-behance-updates and /hire?tracking_source=nav20
========== dropped link https://www.behance.net/hire?tracking_source=nav20. Didn't pass first allows/blocks test.
======== We are on link 4 of 52
========== raw link /resources?tracking_source=nav20
============ Found Relative: joining https://www.behance.net/blog/max-2024-behance-updates and /resources?tracking_source=nav20
============ Checking for Redirections: https://www.behance.net/resources?tracking_source=nav20
============ Link after cleaning: https://www.behance.net/resources
========== link already checked
======== We are on link 5 of 52
========== raw link https://itunes.apple.com/us/app/behance/id489667151
========== dropped link https://itunes.apple.com/us/app/behance/id489667151. Didn't pass first allows/blocks test.
======== We are on link 6 of 52
========== raw link https://play.google.com/store/apps/details?id=com.behance.behance
========== dropped link https://play.google.com/store/apps/details?id=com.behance.behance. Didn't pass first allows/blocks test.
======== We are on link 7 of 52
========== raw link /about
============ Found Relative: joining https://www.behance.net/blog/max-2024-behance-updates and /about
============ Checking for Redirections: https://www.behance.net/about
============ Link after cleaning: https://www.behance.net/about
========== link already checked
======== We are on link 8 of 52
========== raw link /blog
============ Found Relative: joining https://www.behance.net/blog/max-2024-behance-updates and /blog
============ Checking for Redirections: https://www.behance.net/blog
============ Link after cleaning: https://www.behance.net/blog
========== link already checked
======== We are on link 9 of 52
========== raw link https://www.adobe.com/legal/terms.html
========== dropped link https://www.adobe.com/legal/terms.html. Didn't pass first allows/blocks test.
======== We are on link 10 of 52
========== raw link https://www.adobe.com/privacy.html
========== dropped link https://www.adobe.com/privacy.html. Didn't pass first allows/blocks test.
======== We are on link 11 of 52
========== raw link /misc/community
============ Found Relative: joining https://www.behance.net/blog/max-2024-behance-updates and /misc/community
============ Checking for Redirections: https://www.behance.net/misc/community
============ Link after cleaning: https://www.behance.net/misc/community
========== link already checked
======== We are on link 12 of 52
========== raw link https://help.behance.net/
============ Checking for Redirections: https://help.behance.net/
============ Followed Redirection to https://help.behance.net/hc/en-us
============ Link after cleaning: https://help.behance.net/hc/en-us
========== link already checked
======== We are on link 13 of 52
========== raw link https://www.adobe.com/privacy/us-rights.html
========== dropped link https://www.adobe.com/privacy/us-rights.html. Didn't pass first allows/blocks test.
======== We are on link 14 of 52
========== raw link javascript:void(0)
========== dropped link (either fragment ("#"), js, mailto, comment, pdf, or empty)
======== We are on link 15 of 52
========== raw link javascript:void(0)
========== dropped link (either fragment ("#"), js, mailto, comment, pdf, or empty)
======== We are on link 16 of 52
========== raw link /
========== dropped link (either fragment ("#"), js, mailto, comment, pdf, or empty)
======== We are on link 17 of 52
========== raw link /?tracking_source=nav20
============ Found Relative: joining https://www.behance.net/blog/max-2024-behance-updates and /?tracking_source=nav20
============ Checking for Redirections: https://www.behance.net/?tracking_source=nav20
============ Link after cleaning: https://www.behance.net/
========== link already checked
======== We are on link 18 of 52
========== raw link /joblist?tracking_source=nav20
============ Found Relative: joining https://www.behance.net/blog/max-2024-behance-updates and /joblist?tracking_source=nav20
========== dropped link https://www.behance.net/joblist?tracking_source=nav20. Didn't pass first allows/blocks test.
======== We are on link 19 of 52
========== raw link /hire?tracking_source=nav20
============ Found Relative: joining https://www.behance.net/blog/max-2024-behance-updates and /hire?tracking_source=nav20
========== dropped link https://www.behance.net/hire?tracking_source=nav20. Didn't pass first allows/blocks test.
======== We are on link 20 of 52
========== raw link /resources?tracking_source=nav20
============ Found Relative: joining https://www.behance.net/blog/max-2024-behance-updates and /resources?tracking_source=nav20
============ Checking for Redirections: https://www.behance.net/resources?tracking_source=nav20
============ Link after cleaning: https://www.behance.net/resources
========== link already checked
======== We are on link 21 of 52
========== raw link /search/projects?tracking_source=nav20
============ Found Relative: joining https://www.behance.net/blog/max-2024-behance-updates and /search/projects?tracking_source=nav20
============ Checking for Redirections: https://www.behance.net/search/projects?tracking_source=nav20
============ Link after cleaning: https://www.behance.net/search/projects
========== link already checked
======== We are on link 22 of 52
========== raw link /search/projects?tracking_source=nav20
============ Found Relative: joining https://www.behance.net/blog/max-2024-behance-updates and /search/projects?tracking_source=nav20
============ Checking for Redirections: https://www.behance.net/search/projects?tracking_source=nav20
============ Link after cleaning: https://www.behance.net/search/projects
========== link already checked
======== We are on link 23 of 52
========== raw link https://www.adobe.com?promoid=RTQCN3LX
========== dropped link https://www.adobe.com?promoid=RTQCN3LX. Didn't pass first allows/blocks test.
======== We are on link 24 of 52
========== raw link /blog
============ Found Relative: joining https://www.behance.net/blog/max-2024-behance-updates and /blog
============ Checking for Redirections: https://www.behance.net/blog
============ Link after cleaning: https://www.behance.net/blog
========== link already checked
======== We are on link 25 of 52
========== raw link https://www.behance.net/gallery/206819895/3d-Wallpaper
========== dropped link https://www.behance.net/gallery/206819895/3d-Wallpaper. Didn't pass first allows/blocks test.
======== We are on link 26 of 52
========== raw link https://www.behance.net/madebylalit
============ Checking for Redirections: https://www.behance.net/madebylalit
============ Link unchanged
========== scraping https://www.behance.net/madebylalit
======== We are on link 27 of 52
========== raw link https://max.adobe.com/
========== dropped link https://max.adobe.com/. Didn't pass first allows/blocks test.
======== We are on link 28 of 52
========== raw link https://max.adobe.com/
========== dropped link https://max.adobe.com/. Didn't pass first allows/blocks test.
======== We are on link 29 of 52
========== raw link https://www.behance.net/gallery/207630325/XP-Pen
========== dropped link https://www.behance.net/gallery/207630325/XP-Pen. Didn't pass first allows/blocks test.
======== We are on link 30 of 52
========== raw link https://www.behance.net/pro
============ Checking for Redirections: https://www.behance.net/pro
============ Link unchanged
========== link already checked
======== We are on link 31 of 52
========== raw link https://www.behance.net/blog/profile-customizations
============ Checking for Redirections: https://www.behance.net/blog/profile-customizations
============ Link unchanged
========== link already checked
======== We are on link 32 of 52
========== raw link https://portfolio.adobe.com/
========== dropped link https://portfolio.adobe.com/. Didn't pass first allows/blocks test.
======== We are on link 33 of 52
========== raw link https://www.behance.net/blog/freelance-projects-on-behance
============ Checking for Redirections: https://www.behance.net/blog/freelance-projects-on-behance
============ Link unchanged
========== scraping https://www.behance.net/blog/freelance-projects-on-behance
======== We are on link 34 of 52
========== raw link https://www.behance.net/hire/createProject
========== dropped link https://www.behance.net/hire/createProject. Didn't pass first allows/blocks test.
======== We are on link 35 of 52
========== raw link https://www.behance.net/gallery/207577957/Gradient-Art
========== dropped link https://www.behance.net/gallery/207577957/Gradient-Art. Didn't pass first allows/blocks test.
======== We are on link 36 of 52
========== raw link https://www.behance.net/blog/paypal
============ Checking for Redirections: https://www.behance.net/blog/paypal
============ Link unchanged
========== scraping https://www.behance.net/blog/paypal
======== We are on link 37 of 52
========== raw link http://instagram.com/behance
========== dropped link http://instagram.com/behance. Didn't pass first allows/blocks test.
======== We are on link 38 of 52
========== raw link http://twitter.com/behance
========== dropped link http://twitter.com/behance. Didn't pass first allows/blocks test.
======== We are on link 39 of 52
========== raw link https://www.behance.net/pro
============ Checking for Redirections: https://www.behance.net/pro
============ Link unchanged
========== link already checked
======== We are on link 40 of 52
========== raw link /blog
============ Found Relative: joining https://www.behance.net/blog/max-2024-behance-updates and /blog
============ Checking for Redirections: https://www.behance.net/blog
============ Link after cleaning: https://www.behance.net/blog
========== link already checked
======== We are on link 41 of 52
========== raw link mailto:beteam@adobe.com
========== dropped link (either fragment ("#"), js, mailto, comment, pdf, or empty)
======== We are on link 42 of 52
========== raw link /blog/jose-villacrez
============ Found Relative: joining https://www.behance.net/blog/max-2024-behance-updates and /blog/jose-villacrez
============ Checking for Redirections: https://www.behance.net/blog/jose-villacrez
============ Link after cleaning: https://www.behance.net/blog/jose-villacrez
========== link already checked
======== We are on link 43 of 52
========== raw link /blog/pasta-packaging
============ Found Relative: joining https://www.behance.net/blog/max-2024-behance-updates and /blog/pasta-packaging
============ Checking for Redirections: https://www.behance.net/blog/pasta-packaging
============ Link after cleaning: https://www.behance.net/blog/pasta-packaging
========== link already checked
======== We are on link 44 of 52
========== raw link /blog/sustainable-design
============ Found Relative: joining https://www.behance.net/blog/max-2024-behance-updates and /blog/sustainable-design
============ Checking for Redirections: https://www.behance.net/blog/sustainable-design
============ Link after cleaning: https://www.behance.net/blog/sustainable-design
========== link already checked
======== We are on link 45 of 52
========== raw link javascript:void(0)
========== dropped link (either fragment ("#"), js, mailto, comment, pdf, or empty)
======== We are on link 46 of 52
========== raw link /pro?tracking_source=footer_pro_marketing_page_blog
============ Found Relative: joining https://www.behance.net/blog/max-2024-behance-updates and /pro?tracking_source=footer_pro_marketing_page_blog
============ Checking for Redirections: https://www.behance.net/pro?tracking_source=footer_pro_marketing_page_blog
============ Link after cleaning: https://www.behance.net/pro
========== link already checked
======== We are on link 47 of 52
========== raw link https://www.adobe.com/legal/terms.html
========== dropped link https://www.adobe.com/legal/terms.html. Didn't pass first allows/blocks test.
======== We are on link 48 of 52
========== raw link https://www.adobe.com/privacy.html
========== dropped link https://www.adobe.com/privacy.html. Didn't pass first allows/blocks test.
======== We are on link 49 of 52
========== raw link /misc/community?tracking_source=footer_infinity_blog
============ Found Relative: joining https://www.behance.net/blog/max-2024-behance-updates and /misc/community?tracking_source=footer_infinity_blog
============ Checking for Redirections: https://www.behance.net/misc/community?tracking_source=footer_infinity_blog
============ Link after cleaning: https://www.behance.net/misc/community
========== link already checked
======== We are on link 50 of 52
========== raw link https://help.behance.net/
============ Checking for Redirections: https://help.behance.net/
============ Followed Redirection to https://help.behance.net/hc/en-us
============ Link after cleaning: https://help.behance.net/hc/en-us
========== link already checked
======== We are on link 51 of 52
========== raw link https://www.adobe.com/privacy/us-rights.html
========== dropped link https://www.adobe.com/privacy/us-rights.html. Didn't pass first allows/blocks test.
======== We are on link 52 of 52
========== raw link https://www.adobe.com?promoid=RYGDMYVW
========== dropped link https://www.adobe.com?promoid=RYGDMYVW. Didn't pass first allows/blocks test.
====== We are on page 4 of 5: https://www.behance.net/blog/alexandra-pacheco
====== Number of Links on this Page: 61
======== We are on link 1 of 61
========== raw link /?tracking_source=nav20
============ Found Relative: joining https://www.behance.net/blog/alexandra-pacheco and /?tracking_source=nav20
============ Checking for Redirections: https://www.behance.net/?tracking_source=nav20
============ Link after cleaning: https://www.behance.net/
========== link already checked
======== We are on link 2 of 61
========== raw link /joblist?tracking_source=nav20
============ Found Relative: joining https://www.behance.net/blog/alexandra-pacheco and /joblist?tracking_source=nav20
========== dropped link https://www.behance.net/joblist?tracking_source=nav20. Didn't pass first allows/blocks test.
======== We are on link 3 of 61
========== raw link /hire?tracking_source=nav20
============ Found Relative: joining https://www.behance.net/blog/alexandra-pacheco and /hire?tracking_source=nav20
========== dropped link https://www.behance.net/hire?tracking_source=nav20. Didn't pass first allows/blocks test.
======== We are on link 4 of 61
========== raw link /resources?tracking_source=nav20
============ Found Relative: joining https://www.behance.net/blog/alexandra-pacheco and /resources?tracking_source=nav20
============ Checking for Redirections: https://www.behance.net/resources?tracking_source=nav20
============ Link after cleaning: https://www.behance.net/resources
========== link already checked
======== We are on link 5 of 61
========== raw link https://itunes.apple.com/us/app/behance/id489667151
========== dropped link https://itunes.apple.com/us/app/behance/id489667151. Didn't pass first allows/blocks test.
======== We are on link 6 of 61
========== raw link https://play.google.com/store/apps/details?id=com.behance.behance
========== dropped link https://play.google.com/store/apps/details?id=com.behance.behance. Didn't pass first allows/blocks test.
======== We are on link 7 of 61
========== raw link /about
============ Found Relative: joining https://www.behance.net/blog/alexandra-pacheco and /about
============ Checking for Redirections: https://www.behance.net/about
============ Link after cleaning: https://www.behance.net/about
========== link already checked
======== We are on link 8 of 61
========== raw link /blog
============ Found Relative: joining https://www.behance.net/blog/alexandra-pacheco and /blog
============ Checking for Redirections: https://www.behance.net/blog
============ Link after cleaning: https://www.behance.net/blog
========== link already checked
======== We are on link 9 of 61
========== raw link https://www.adobe.com/legal/terms.html
========== dropped link https://www.adobe.com/legal/terms.html. Didn't pass first allows/blocks test.
======== We are on link 10 of 61
========== raw link https://www.adobe.com/privacy.html
========== dropped link https://www.adobe.com/privacy.html. Didn't pass first allows/blocks test.
======== We are on link 11 of 61
========== raw link /misc/community
============ Found Relative: joining https://www.behance.net/blog/alexandra-pacheco and /misc/community
============ Checking for Redirections: https://www.behance.net/misc/community
============ Link after cleaning: https://www.behance.net/misc/community
========== link already checked
======== We are on link 12 of 61
========== raw link https://help.behance.net/
============ Checking for Redirections: https://help.behance.net/
============ Followed Redirection to https://help.behance.net/hc/en-us
============ Link after cleaning: https://help.behance.net/hc/en-us
========== link already checked
======== We are on link 13 of 61
========== raw link https://www.adobe.com/privacy/us-rights.html
========== dropped link https://www.adobe.com/privacy/us-rights.html. Didn't pass first allows/blocks test.
======== We are on link 14 of 61
========== raw link javascript:void(0)
========== dropped link (either fragment ("#"), js, mailto, comment, pdf, or empty)
======== We are on link 15 of 61
========== raw link javascript:void(0)
========== dropped link (either fragment ("#"), js, mailto, comment, pdf, or empty)
======== We are on link 16 of 61
========== raw link /
========== dropped link (either fragment ("#"), js, mailto, comment, pdf, or empty)
======== We are on link 17 of 61
========== raw link /?tracking_source=nav20
============ Found Relative: joining https://www.behance.net/blog/alexandra-pacheco and /?tracking_source=nav20
============ Checking for Redirections: https://www.behance.net/?tracking_source=nav20
============ Link after cleaning: https://www.behance.net/
========== link already checked
======== We are on link 18 of 61
========== raw link /joblist?tracking_source=nav20
============ Found Relative: joining https://www.behance.net/blog/alexandra-pacheco and /joblist?tracking_source=nav20
========== dropped link https://www.behance.net/joblist?tracking_source=nav20. Didn't pass first allows/blocks test.
======== We are on link 19 of 61
========== raw link /hire?tracking_source=nav20
============ Found Relative: joining https://www.behance.net/blog/alexandra-pacheco and /hire?tracking_source=nav20
========== dropped link https://www.behance.net/hire?tracking_source=nav20. Didn't pass first allows/blocks test.
======== We are on link 20 of 61
========== raw link /resources?tracking_source=nav20
============ Found Relative: joining https://www.behance.net/blog/alexandra-pacheco and /resources?tracking_source=nav20
============ Checking for Redirections: https://www.behance.net/resources?tracking_source=nav20
============ Link after cleaning: https://www.behance.net/resources
========== link already checked
======== We are on link 21 of 61
========== raw link /search/projects?tracking_source=nav20
============ Found Relative: joining https://www.behance.net/blog/alexandra-pacheco and /search/projects?tracking_source=nav20
============ Checking for Redirections: https://www.behance.net/search/projects?tracking_source=nav20
============ Link after cleaning: https://www.behance.net/search/projects
========== link already checked
======== We are on link 22 of 61
========== raw link /search/projects?tracking_source=nav20
============ Found Relative: joining https://www.behance.net/blog/alexandra-pacheco and /search/projects?tracking_source=nav20
============ Checking for Redirections: https://www.behance.net/search/projects?tracking_source=nav20
============ Link after cleaning: https://www.behance.net/search/projects
========== link already checked
======== We are on link 23 of 61
========== raw link https://www.adobe.com?promoid=RTQCN3LX
========== dropped link https://www.adobe.com?promoid=RTQCN3LX. Didn't pass first allows/blocks test.
======== We are on link 24 of 61
========== raw link /blog
============ Found Relative: joining https://www.behance.net/blog/alexandra-pacheco and /blog
============ Checking for Redirections: https://www.behance.net/blog
============ Link after cleaning: https://www.behance.net/blog
========== link already checked
======== We are on link 25 of 61
========== raw link https://www.behance.net/gallery/137946811/The-Magician-Skincare-brand-identity
========== dropped link https://www.behance.net/gallery/137946811/The-Magician-Skincare-brand-identity. Didn't pass first allows/blocks test.
======== We are on link 26 of 61
========== raw link https://www.behance.net/alegpacheco/
============ Checking for Redirections: https://www.behance.net/alegpacheco/
============ Link unchanged
========== scraping https://www.behance.net/alegpacheco/
======== We are on link 27 of 61
========== raw link https://www.behance.net/alegpacheco
============ Checking for Redirections: https://www.behance.net/alegpacheco
============ Link unchanged
========== scraping https://www.behance.net/alegpacheco
======== We are on link 28 of 61
========== raw link https://www.behance.net/alegpacheco?tracking_source=blog
============ Checking for Redirections: https://www.behance.net/alegpacheco?tracking_source=blog
============ Link after cleaning: https://www.behance.net/alegpacheco
========== link already checked
======== We are on link 29 of 61
========== raw link https://www.behance.net/alegpacheco?tracking_source=blog
============ Checking for Redirections: https://www.behance.net/alegpacheco?tracking_source=blog
============ Link after cleaning: https://www.behance.net/alegpacheco
========== link already checked
======== We are on link 30 of 61
========== raw link https://www.behance.net/alegpacheco
============ Checking for Redirections: https://www.behance.net/alegpacheco
============ Link unchanged
========== link already checked
======== We are on link 31 of 61
========== raw link https://www.behance.net/alegpacheco?tracking_source=blog
============ Checking for Redirections: https://www.behance.net/alegpacheco?tracking_source=blog
============ Link after cleaning: https://www.behance.net/alegpacheco
========== link already checked
======== We are on link 32 of 61
========== raw link https://www.behance.net/alegpacheco?tracking_source=blog
============ Checking for Redirections: https://www.behance.net/alegpacheco?tracking_source=blog
============ Link after cleaning: https://www.behance.net/alegpacheco
========== link already checked
======== We are on link 33 of 61
========== raw link https://www.instagram.com/othersbyalex
========== dropped link https://www.instagram.com/othersbyalex. Didn't pass first allows/blocks test.
======== We are on link 34 of 61
========== raw link https://www.behance.net/gallery/201225425/Nice-Headshots-Branding-design
========== dropped link https://www.behance.net/gallery/201225425/Nice-Headshots-Branding-design. Didn't pass first allows/blocks test.
======== We are on link 35 of 61
========== raw link https://www.behance.net/gallery/161071315/Sense-of-Buger-Logo-and-branding
========== dropped link https://www.behance.net/gallery/161071315/Sense-of-Buger-Logo-and-branding. Didn't pass first allows/blocks test.
======== We are on link 36 of 61
========== raw link https://www.behance.net/gallery/191785989/Relax-youre-not-overreacting-Flo-App-Campaign
========== dropped link https://www.behance.net/gallery/191785989/Relax-youre-not-overreacting-Flo-App-Campaign. Didn't pass first allows/blocks test.
======== We are on link 37 of 61
========== raw link /alegpacheco/services/262335/Bold-and-Colorful-Branding-Creation
============ Found Relative: joining https://www.behance.net/blog/alexandra-pacheco and /alegpacheco/services/262335/Bold-and-Colorful-Branding-Creation
============ Checking for Redirections: https://www.behance.net/alegpacheco/services/262335/Bold-and-Colorful-Branding-Creation
============ Link after cleaning: https://www.behance.net/alegpacheco/services/262335/Bold-and-Colorful-Branding-Creation
========== scraping https://www.behance.net/alegpacheco/services/262335/Bold-and-Colorful-Branding-Creation
============ New link added. Search term (AI) found on https://www.behance.net/alegpacheco/services/262335/Bold-and-Colorful-Branding-Creation.
======== We are on link 38 of 61
========== raw link /asset/513959/Bold-Portfolio-Template-2
============ Found Relative: joining https://www.behance.net/blog/alexandra-pacheco and /asset/513959/Bold-Portfolio-Template-2
============ Checking for Redirections: https://www.behance.net/asset/513959/Bold-Portfolio-Template-2
============ Link after cleaning: https://www.behance.net/asset/513959/Bold-Portfolio-Template-2
========== scraping https://www.behance.net/asset/513959/Bold-Portfolio-Template-2
======== We are on link 39 of 61
========== raw link /gallery/197966707/Portfolio-Template-2?tracking_source=blog
============ Found Relative: joining https://www.behance.net/blog/alexandra-pacheco and /gallery/197966707/Portfolio-Template-2?tracking_source=blog
========== dropped link https://www.behance.net/gallery/197966707/Portfolio-Template-2?tracking_source=blog. Didn't pass first allows/blocks test.
======== We are on link 40 of 61
========== raw link /gallery/197966707/Portfolio-Template-2?tracking_source=blog
============ Found Relative: joining https://www.behance.net/blog/alexandra-pacheco and /gallery/197966707/Portfolio-Template-2?tracking_source=blog
========== dropped link https://www.behance.net/gallery/197966707/Portfolio-Template-2?tracking_source=blog. Didn't pass first allows/blocks test.
======== We are on link 41 of 61
========== raw link https://www.behance.net/alegpacheco?tracking_source=blog
============ Checking for Redirections: https://www.behance.net/alegpacheco?tracking_source=blog
============ Link after cleaning: https://www.behance.net/alegpacheco
========== link already checked
======== We are on link 42 of 61
========== raw link https://www.behance.net/gallery/169967281/FIFA-WORLD-CUP-EL-SALVADOR-2030
========== dropped link https://www.behance.net/gallery/169967281/FIFA-WORLD-CUP-EL-SALVADOR-2030. Didn't pass first allows/blocks test.
======== We are on link 43 of 61
========== raw link https://www.behance.net/pro
============ Checking for Redirections: https://www.behance.net/pro
============ Link unchanged
========== link already checked
======== We are on link 44 of 61
========== raw link https://www.behance.net/gallery/137946811/The-Magician-Skincare-brand-identity
========== dropped link https://www.behance.net/gallery/137946811/The-Magician-Skincare-brand-identity. Didn't pass first allows/blocks test.
======== We are on link 45 of 61
========== raw link https://www.behance.net/gallery/146112147/Friendly-faces-App-Design
========== dropped link https://www.behance.net/gallery/146112147/Friendly-faces-App-Design. Didn't pass first allows/blocks test.
======== We are on link 46 of 61
========== raw link https://www.behance.net/gallery/137946035/Off-the-record-Music-shop-brand-identity
========== dropped link https://www.behance.net/gallery/137946035/Off-the-record-Music-shop-brand-identity. Didn't pass first allows/blocks test.
======== We are on link 47 of 61
========== raw link https://www.behance.net/alegpacheco
============ Checking for Redirections: https://www.behance.net/alegpacheco
============ Link unchanged
========== link already checked
======== We are on link 48 of 61
========== raw link https://www.behance.net/pro
============ Checking for Redirections: https://www.behance.net/pro
============ Link unchanged
========== link already checked
======== We are on link 49 of 61
========== raw link /blog
============ Found Relative: joining https://www.behance.net/blog/alexandra-pacheco and /blog
============ Checking for Redirections: https://www.behance.net/blog
============ Link after cleaning: https://www.behance.net/blog
========== link already checked
======== We are on link 50 of 61
========== raw link mailto:beteam@adobe.com
========== dropped link (either fragment ("#"), js, mailto, comment, pdf, or empty)
======== We are on link 51 of 61
========== raw link /blog/jose-villacrez
============ Found Relative: joining https://www.behance.net/blog/alexandra-pacheco and /blog/jose-villacrez
============ Checking for Redirections: https://www.behance.net/blog/jose-villacrez
============ Link after cleaning: https://www.behance.net/blog/jose-villacrez
========== link already checked
======== We are on link 52 of 61
========== raw link /blog/pasta-packaging
============ Found Relative: joining https://www.behance.net/blog/alexandra-pacheco and /blog/pasta-packaging
============ Checking for Redirections: https://www.behance.net/blog/pasta-packaging
============ Link after cleaning: https://www.behance.net/blog/pasta-packaging
========== link already checked
======== We are on link 53 of 61
========== raw link /blog/sustainable-design
============ Found Relative: joining https://www.behance.net/blog/alexandra-pacheco and /blog/sustainable-design
============ Checking for Redirections: https://www.behance.net/blog/sustainable-design
============ Link after cleaning: https://www.behance.net/blog/sustainable-design
========== link already checked
======== We are on link 54 of 61
========== raw link javascript:void(0)
========== dropped link (either fragment ("#"), js, mailto, comment, pdf, or empty)
======== We are on link 55 of 61
========== raw link /pro?tracking_source=footer_pro_marketing_page_blog
============ Found Relative: joining https://www.behance.net/blog/alexandra-pacheco and /pro?tracking_source=footer_pro_marketing_page_blog
============ Checking for Redirections: https://www.behance.net/pro?tracking_source=footer_pro_marketing_page_blog
============ Link after cleaning: https://www.behance.net/pro
========== link already checked
======== We are on link 56 of 61
========== raw link https://www.adobe.com/legal/terms.html
========== dropped link https://www.adobe.com/legal/terms.html. Didn't pass first allows/blocks test.
======== We are on link 57 of 61
========== raw link https://www.adobe.com/privacy.html
========== dropped link https://www.adobe.com/privacy.html. Didn't pass first allows/blocks test.
======== We are on link 58 of 61
========== raw link /misc/community?tracking_source=footer_infinity_blog
============ Found Relative: joining https://www.behance.net/blog/alexandra-pacheco and /misc/community?tracking_source=footer_infinity_blog
============ Checking for Redirections: https://www.behance.net/misc/community?tracking_source=footer_infinity_blog
============ Link after cleaning: https://www.behance.net/misc/community
========== link already checked
======== We are on link 59 of 61
========== raw link https://help.behance.net/
============ Checking for Redirections: https://help.behance.net/
============ Followed Redirection to https://help.behance.net/hc/en-us
============ Link after cleaning: https://help.behance.net/hc/en-us
========== link already checked
======== We are on link 60 of 61
========== raw link https://www.adobe.com/privacy/us-rights.html
========== dropped link https://www.adobe.com/privacy/us-rights.html. Didn't pass first allows/blocks test.
======== We are on link 61 of 61
========== raw link https://www.adobe.com?promoid=RYGDMYVW
========== dropped link https://www.adobe.com?promoid=RYGDMYVW. Didn't pass first allows/blocks test.
====== We are on page 5 of 5: https://www.behance.net/updates/behance-assets
====== Number of Links on this Page: 55
======== We are on link 1 of 55
========== raw link /?tracking_source=nav20
============ Found Relative: joining https://www.behance.net/updates/behance-assets and /?tracking_source=nav20
============ Checking for Redirections: https://www.behance.net/?tracking_source=nav20
============ Link after cleaning: https://www.behance.net/
========== link already checked
======== We are on link 2 of 55
========== raw link /joblist?tracking_source=nav20
============ Found Relative: joining https://www.behance.net/updates/behance-assets and /joblist?tracking_source=nav20
========== dropped link https://www.behance.net/joblist?tracking_source=nav20. Didn't pass first allows/blocks test.
======== We are on link 3 of 55
========== raw link /hire?tracking_source=nav20
============ Found Relative: joining https://www.behance.net/updates/behance-assets and /hire?tracking_source=nav20
========== dropped link https://www.behance.net/hire?tracking_source=nav20. Didn't pass first allows/blocks test.
======== We are on link 4 of 55
========== raw link /resources?tracking_source=nav20
============ Found Relative: joining https://www.behance.net/updates/behance-assets and /resources?tracking_source=nav20
============ Checking for Redirections: https://www.behance.net/resources?tracking_source=nav20
============ Link after cleaning: https://www.behance.net/resources
========== link already checked
======== We are on link 5 of 55
========== raw link https://itunes.apple.com/us/app/behance/id489667151
========== dropped link https://itunes.apple.com/us/app/behance/id489667151. Didn't pass first allows/blocks test.
======== We are on link 6 of 55
========== raw link https://play.google.com/store/apps/details?id=com.behance.behance
========== dropped link https://play.google.com/store/apps/details?id=com.behance.behance. Didn't pass first allows/blocks test.
======== We are on link 7 of 55
========== raw link /about
============ Found Relative: joining https://www.behance.net/updates/behance-assets and /about
============ Checking for Redirections: https://www.behance.net/about
============ Link after cleaning: https://www.behance.net/about
========== link already checked
======== We are on link 8 of 55
========== raw link /blog
============ Found Relative: joining https://www.behance.net/updates/behance-assets and /blog
============ Checking for Redirections: https://www.behance.net/blog
============ Link after cleaning: https://www.behance.net/blog
========== link already checked
======== We are on link 9 of 55
========== raw link https://www.adobe.com/legal/terms.html
========== dropped link https://www.adobe.com/legal/terms.html. Didn't pass first allows/blocks test.
======== We are on link 10 of 55
========== raw link https://www.adobe.com/privacy.html
========== dropped link https://www.adobe.com/privacy.html. Didn't pass first allows/blocks test.
======== We are on link 11 of 55
========== raw link /misc/community
============ Found Relative: joining https://www.behance.net/updates/behance-assets and /misc/community
============ Checking for Redirections: https://www.behance.net/misc/community
============ Link after cleaning: https://www.behance.net/misc/community
========== link already checked
======== We are on link 12 of 55
========== raw link https://help.behance.net/
============ Checking for Redirections: https://help.behance.net/
============ Followed Redirection to https://help.behance.net/hc/en-us
============ Link after cleaning: https://help.behance.net/hc/en-us
========== link already checked
======== We are on link 13 of 55
========== raw link https://www.adobe.com/privacy/us-rights.html
========== dropped link https://www.adobe.com/privacy/us-rights.html. Didn't pass first allows/blocks test.
======== We are on link 14 of 55
========== raw link javascript:void(0)
========== dropped link (either fragment ("#"), js, mailto, comment, pdf, or empty)
======== We are on link 15 of 55
========== raw link javascript:void(0)
========== dropped link (either fragment ("#"), js, mailto, comment, pdf, or empty)
======== We are on link 16 of 55
========== raw link /
========== dropped link (either fragment ("#"), js, mailto, comment, pdf, or empty)
======== We are on link 17 of 55
========== raw link /?tracking_source=nav20
============ Found Relative: joining https://www.behance.net/updates/behance-assets and /?tracking_source=nav20
============ Checking for Redirections: https://www.behance.net/?tracking_source=nav20
============ Link after cleaning: https://www.behance.net/
========== link already checked
======== We are on link 18 of 55
========== raw link /joblist?tracking_source=nav20
============ Found Relative: joining https://www.behance.net/updates/behance-assets and /joblist?tracking_source=nav20
========== dropped link https://www.behance.net/joblist?tracking_source=nav20. Didn't pass first allows/blocks test.
======== We are on link 19 of 55
========== raw link /hire?tracking_source=nav20
============ Found Relative: joining https://www.behance.net/updates/behance-assets and /hire?tracking_source=nav20
========== dropped link https://www.behance.net/hire?tracking_source=nav20. Didn't pass first allows/blocks test.
======== We are on link 20 of 55
========== raw link /resources?tracking_source=nav20
============ Found Relative: joining https://www.behance.net/updates/behance-assets and /resources?tracking_source=nav20
============ Checking for Redirections: https://www.behance.net/resources?tracking_source=nav20
============ Link after cleaning: https://www.behance.net/resources
========== link already checked
======== We are on link 21 of 55
========== raw link /search/projects?tracking_source=nav20
============ Found Relative: joining https://www.behance.net/updates/behance-assets and /search/projects?tracking_source=nav20
============ Checking for Redirections: https://www.behance.net/search/projects?tracking_source=nav20
============ Link after cleaning: https://www.behance.net/search/projects
========== link already checked
======== We are on link 22 of 55
========== raw link /search/projects?tracking_source=nav20
============ Found Relative: joining https://www.behance.net/updates/behance-assets and /search/projects?tracking_source=nav20
============ Checking for Redirections: https://www.behance.net/search/projects?tracking_source=nav20
============ Link after cleaning: https://www.behance.net/search/projects
========== link already checked
======== We are on link 23 of 55
========== raw link https://www.adobe.com?promoid=RTQCN3LX
========== dropped link https://www.adobe.com?promoid=RTQCN3LX. Didn't pass first allows/blocks test.
======== We are on link 24 of 55
========== raw link https://www.behance.net/ruthaedwardsa
============ Checking for Redirections: https://www.behance.net/ruthaedwardsa
============ Link unchanged
========== scraping https://www.behance.net/ruthaedwardsa
======== We are on link 25 of 55
========== raw link https://www.behance.net/assets?tracking_source=nav20
============ Checking for Redirections: https://www.behance.net/assets?tracking_source=nav20
============ Link after cleaning: https://www.behance.net/assets
========== scraping https://www.behance.net/assets
======== We are on link 26 of 55
========== raw link https://www.behance.net/search/assets
============ Checking for Redirections: https://www.behance.net/search/assets
============ Link unchanged
========== scraping https://www.behance.net/search/assets
======== We are on link 27 of 55
========== raw link https://www.behance.net/assets?tracking_source=nav20
============ Checking for Redirections: https://www.behance.net/assets?tracking_source=nav20
============ Link after cleaning: https://www.behance.net/assets
========== link already checked
======== We are on link 28 of 55
========== raw link https://www.behance.net/assets/fonts
============ Checking for Redirections: https://www.behance.net/assets/fonts
============ Link unchanged
========== scraping https://www.behance.net/assets/fonts
======== We are on link 29 of 55
========== raw link https://docs.google.com/document/d/1jeMno8en9F4ksbFRAWnclV4QGbnAFR0xM23mnw71VaY/edit#
========== dropped link https://docs.google.com/document/d/1jeMno8en9F4ksbFRAWnclV4QGbnAFR0xM23mnw71VaY/edit#. Didn't pass first allows/blocks test.
======== We are on link 30 of 55
========== raw link https://www.behance.net/gallery/163934985/Les-Fleurs-a-Wavy-Fluid-Font
========== dropped link https://www.behance.net/gallery/163934985/Les-Fleurs-a-Wavy-Fluid-Font. Didn't pass first allows/blocks test.
======== We are on link 31 of 55
========== raw link https://www.behance.net/gallery/158006745/Clouds-Display
========== dropped link https://www.behance.net/gallery/158006745/Clouds-Display. Didn't pass first allows/blocks test.
======== We are on link 32 of 55
========== raw link https://www.behance.net/assets/templates
============ Checking for Redirections: https://www.behance.net/assets/templates
============ Link unchanged
========== scraping https://www.behance.net/assets/templates
============ New link added. Search term (AI) found on https://www.behance.net/assets/templates.
======== We are on link 33 of 55
========== raw link http://g-mockup
============ Found Relative: joining https://www.behance.net/updates/behance-assets and /http://g-mockup
============ Checking for Redirections: https://www.behance.net/http://g-mockup
============ Link after cleaning: https://www.behance.net/http://g-mockup
========== scraping https://www.behance.net/http://g-mockup
======== We are on link 34 of 55
========== raw link https://www.behance.net/topmockupstudio
============ Checking for Redirections: https://www.behance.net/topmockupstudio
============ Link unchanged
========== scraping https://www.behance.net/topmockupstudio
======== We are on link 35 of 55
========== raw link https://www.behance.net/assets/illustrations
============ Checking for Redirections: https://www.behance.net/assets/illustrations
============ Link unchanged
========== scraping https://www.behance.net/assets/illustrations
======== We are on link 36 of 55
========== raw link https://www.behance.net/gallery/141093363/Vintage-Driver-Series-Digital-Illustration
========== dropped link https://www.behance.net/gallery/141093363/Vintage-Driver-Series-Digital-Illustration. Didn't pass first allows/blocks test.
======== We are on link 37 of 55
========== raw link https://www.behance.net/gallery/165739839/Fruit-Antioxidant-Infusion-Drink-Packaging-by-Juicy
========== dropped link https://www.behance.net/gallery/165739839/Fruit-Antioxidant-Infusion-Drink-Packaging-by-Juicy. Didn't pass first allows/blocks test.
======== We are on link 38 of 55
========== raw link https://www.behance.net/gallery/167500759/-12-Adobe-Illustrator-on-iPad-x-MEI
========== dropped link https://www.behance.net/gallery/167500759/-12-Adobe-Illustrator-on-iPad-x-MEI. Didn't pass first allows/blocks test.
======== We are on link 39 of 55
========== raw link https://www.behance.net/assets/photos
============ Checking for Redirections: https://www.behance.net/assets/photos
============ Link unchanged
========== scraping https://www.behance.net/assets/photos
======== We are on link 40 of 55
========== raw link https://www.behance.net/gallery/167549603/Icc-Berlin
========== dropped link https://www.behance.net/gallery/167549603/Icc-Berlin. Didn't pass first allows/blocks test.
======== We are on link 41 of 55
========== raw link https://www.behance.net/gallery/168039351/RHYOLITE-MOUNTAINS-Iceland-From-Above-IX
========== dropped link https://www.behance.net/gallery/168039351/RHYOLITE-MOUNTAINS-Iceland-From-Above-IX. Didn't pass first allows/blocks test.
======== We are on link 42 of 55
========== raw link https://www.behance.net/gallery/171154795/AUTUMN
========== dropped link https://www.behance.net/gallery/171154795/AUTUMN. Didn't pass first allows/blocks test.
======== We are on link 43 of 55
========== raw link https://www.behance.net/assets/vectors
============ Checking for Redirections: https://www.behance.net/assets/vectors
============ Link unchanged
========== scraping https://www.behance.net/assets/vectors
======== We are on link 44 of 55
========== raw link https://www.behance.net/gallery/170440729/Mascot-Maker-Vintage-Vector-Character-Toolkit
========== dropped link https://www.behance.net/gallery/170440729/Mascot-Maker-Vintage-Vector-Character-Toolkit. Didn't pass first allows/blocks test.
======== We are on link 45 of 55
========== raw link https://www.behance.net/gallery/170954407/Gorilla-Gamer-T-Shirt-Design
========== dropped link https://www.behance.net/gallery/170954407/Gorilla-Gamer-T-Shirt-Design. Didn't pass first allows/blocks test.
======== We are on link 46 of 55
========== raw link https://help.behance.net/hc/en-us/articles/9510593419035
============ Checking for Redirections: https://help.behance.net/hc/en-us/articles/9510593419035
============ Followed Redirection to https://help.behance.net/hc/en-us/articles/9510593419035-FAQ-What-files-types-are-supported
============ Link after cleaning: https://help.behance.net/hc/en-us/articles/9510593419035-FAQ-What-files-types-are-supported
========== scraping https://help.behance.net/hc/en-us/articles/9510593419035-FAQ-What-files-types-are-supported
============ New link added. Search term (AI) found on https://help.behance.net/hc/en-us/articles/9510593419035-FAQ-What-files-types-are-supported.
======== We are on link 47 of 55
========== raw link https://www.behance.net/blog/sell-downloadable-assets-on-behance
============ Checking for Redirections: https://www.behance.net/blog/sell-downloadable-assets-on-behance
============ Link unchanged
========== scraping https://www.behance.net/blog/sell-downloadable-assets-on-behance
============ New link added. Search term (AI) found on https://www.behance.net/blog/sell-downloadable-assets-on-behance.
======== We are on link 48 of 55
========== raw link javascript:void(0)
========== dropped link (either fragment ("#"), js, mailto, comment, pdf, or empty)
======== We are on link 49 of 55
========== raw link /pro?tracking_source=footer_pro_marketing_page_updates
============ Found Relative: joining https://www.behance.net/updates/behance-assets and /pro?tracking_source=footer_pro_marketing_page_updates
============ Checking for Redirections: https://www.behance.net/pro?tracking_source=footer_pro_marketing_page_updates
============ Link after cleaning: https://www.behance.net/pro
========== link already checked
======== We are on link 50 of 55
========== raw link https://www.adobe.com/legal/terms.html
========== dropped link https://www.adobe.com/legal/terms.html. Didn't pass first allows/blocks test.
======== We are on link 51 of 55
========== raw link https://www.adobe.com/privacy.html
========== dropped link https://www.adobe.com/privacy.html. Didn't pass first allows/blocks test.
======== We are on link 52 of 55
========== raw link /misc/community?tracking_source=footer_infinity_updates
============ Found Relative: joining https://www.behance.net/updates/behance-assets and /misc/community?tracking_source=footer_infinity_updates
============ Checking for Redirections: https://www.behance.net/misc/community?tracking_source=footer_infinity_updates
============ Link after cleaning: https://www.behance.net/misc/community
========== link already checked
======== We are on link 53 of 55
========== raw link https://help.behance.net/
============ Checking for Redirections: https://help.behance.net/
============ Followed Redirection to https://help.behance.net/hc/en-us
============ Link after cleaning: https://help.behance.net/hc/en-us
========== link already checked
======== We are on link 54 of 55
========== raw link https://www.adobe.com/privacy/us-rights.html
========== dropped link https://www.adobe.com/privacy/us-rights.html. Didn't pass first allows/blocks test.
======== We are on link 55 of 55
========== raw link https://www.adobe.com?promoid=RYGDMYVW
========== dropped link https://www.adobe.com?promoid=RYGDMYVW. Didn't pass first allows/blocks test.
==== Number of new pages added: 5
== Finished scraping behance.net-AI_Moderation in 3119.2216 seconds.
== Writing to db file
== Done (/home/margauxreyl/ContentMod/data/05_19_25_15_06/all_htmls/AI_Moderation_behance_net_05_19_25_15_06.json)
