== Conducting scraping for AI_Moderation on linkedin
== Getting initial 15 pages in sheet
==== We are at iteration 1 (tree depth).
====== We are on page 1 of 15: https://www.linkedin.com/legal/user-agreement
====== Number of Links on this Page: 84
======== We are on link 1 of 84
========== raw link #lithograph-app
========== dropped link (either fragment ("#"), js, mailto, comment, pdf, or empty)
======== We are on link 2 of 84
========== raw link https://linkedin.com/legal/user-agreement
============ Checking for Redirections: https://linkedin.com/legal/user-agreement
============ Followed Redirection to https://www.linkedin.com/legal/user-agreement
============ Link after cleaning: https://www.linkedin.com/legal/user-agreement
========== link already checked
======== We are on link 3 of 84
========== raw link https://linkedin.com/legal/user-agreement-summary
============ Checking for Redirections: https://linkedin.com/legal/user-agreement-summary
============ Followed Redirection to https://www.linkedin.com/legal/user-agreement-summary
============ Link after cleaning: https://www.linkedin.com/legal/user-agreement-summary
========== link already checked
======== We are on link 4 of 84
========== raw link https://linkedin.com/legal/privacy-policy
============ Checking for Redirections: https://linkedin.com/legal/privacy-policy
============ Followed Redirection to https://www.linkedin.com/legal/privacy-policy
============ Link after cleaning: https://www.linkedin.com/legal/privacy-policy
========== scraping https://www.linkedin.com/legal/privacy-policy
============ New link added. Search term (AI ) found on https://www.linkedin.com/legal/privacy-policy.
======== We are on link 5 of 84
========== raw link https://linkedin.com/legal/professional-community-policies
============ Checking for Redirections: https://linkedin.com/legal/professional-community-policies
============ Followed Redirection to https://www.linkedin.com/legal/professional-community-policies
============ Link after cleaning: https://www.linkedin.com/legal/professional-community-policies
========== link already checked
======== We are on link 6 of 84
========== raw link https://linkedin.com/legal/cookie-policy
============ Checking for Redirections: https://linkedin.com/legal/cookie-policy
============ Followed Redirection to https://www.linkedin.com/legal/cookie-policy
============ Link after cleaning: https://www.linkedin.com/legal/cookie-policy
========== scraping https://www.linkedin.com/legal/cookie-policy
======== We are on link 7 of 84
========== raw link https://linkedin.com/legal/copyright-policy
============ Checking for Redirections: https://linkedin.com/legal/copyright-policy
============ Followed Redirection to https://www.linkedin.com/legal/copyright-policy
============ Link after cleaning: https://www.linkedin.com/legal/copyright-policy
========== scraping https://www.linkedin.com/legal/copyright-policy
======== We are on link 8 of 84
========== raw link https://privacy.linkedin.com/regionalinfo
============ Checking for Redirections: https://privacy.linkedin.com/regionalinfo
============ Link unchanged
========== scraping https://privacy.linkedin.com/regionalinfo
======== We are on link 9 of 84
========== raw link https://linkedin.com/legal/privacy/eu
============ Checking for Redirections: https://linkedin.com/legal/privacy/eu
============ Followed Redirection to https://www.linkedin.com/legal/privacy/eu
============ Link after cleaning: https://www.linkedin.com/legal/privacy/eu
========== scraping https://www.linkedin.com/legal/privacy/eu
============ New link added. Search term (AI ) found on https://www.linkedin.com/legal/privacy/eu.
======== We are on link 10 of 84
========== raw link https://linkedin.com/legal/california-privacy-disclosure
============ Checking for Redirections: https://linkedin.com/legal/california-privacy-disclosure
============ Followed Redirection to https://www.linkedin.com/legal/california-privacy-disclosure
============ Link after cleaning: https://www.linkedin.com/legal/california-privacy-disclosure
========== scraping https://www.linkedin.com/legal/california-privacy-disclosure
======== We are on link 11 of 84
========== raw link https://www.linkedin.com/legal/privacy/usa
============ Checking for Redirections: https://www.linkedin.com/legal/privacy/usa
============ Link unchanged
========== scraping https://www.linkedin.com/legal/privacy/usa
======== We are on link 12 of 84
========== raw link https://linkedin.com/legal/user-agreement
============ Checking for Redirections: https://linkedin.com/legal/user-agreement
============ Followed Redirection to https://www.linkedin.com/legal/user-agreement
============ Link after cleaning: https://www.linkedin.com/legal/user-agreement
========== link already checked
======== We are on link 13 of 84
========== raw link https://linkedin.com/legal/user-agreement-summary
============ Checking for Redirections: https://linkedin.com/legal/user-agreement-summary
============ Followed Redirection to https://www.linkedin.com/legal/user-agreement-summary
============ Link after cleaning: https://www.linkedin.com/legal/user-agreement-summary
========== link already checked
======== We are on link 14 of 84
========== raw link https://linkedin.com/legal/privacy-policy
============ Checking for Redirections: https://linkedin.com/legal/privacy-policy
============ Followed Redirection to https://www.linkedin.com/legal/privacy-policy
============ Link after cleaning: https://www.linkedin.com/legal/privacy-policy
========== link already checked
======== We are on link 15 of 84
========== raw link https://linkedin.com/legal/professional-community-policies
============ Checking for Redirections: https://linkedin.com/legal/professional-community-policies
============ Followed Redirection to https://www.linkedin.com/legal/professional-community-policies
============ Link after cleaning: https://www.linkedin.com/legal/professional-community-policies
========== link already checked
======== We are on link 16 of 84
========== raw link https://linkedin.com/legal/cookie-policy
============ Checking for Redirections: https://linkedin.com/legal/cookie-policy
============ Followed Redirection to https://www.linkedin.com/legal/cookie-policy
============ Link after cleaning: https://www.linkedin.com/legal/cookie-policy
========== link already checked
======== We are on link 17 of 84
========== raw link https://linkedin.com/legal/copyright-policy
============ Checking for Redirections: https://linkedin.com/legal/copyright-policy
============ Followed Redirection to https://www.linkedin.com/legal/copyright-policy
============ Link after cleaning: https://www.linkedin.com/legal/copyright-policy
========== link already checked
======== We are on link 18 of 84
========== raw link https://privacy.linkedin.com/regionalinfo
============ Checking for Redirections: https://privacy.linkedin.com/regionalinfo
============ Link unchanged
========== link already checked
======== We are on link 19 of 84
========== raw link https://linkedin.com/legal/privacy/eu
============ Checking for Redirections: https://linkedin.com/legal/privacy/eu
============ Followed Redirection to https://www.linkedin.com/legal/privacy/eu
============ Link after cleaning: https://www.linkedin.com/legal/privacy/eu
========== link already checked
======== We are on link 20 of 84
========== raw link https://linkedin.com/legal/california-privacy-disclosure
============ Checking for Redirections: https://linkedin.com/legal/california-privacy-disclosure
============ Followed Redirection to https://www.linkedin.com/legal/california-privacy-disclosure
============ Link after cleaning: https://www.linkedin.com/legal/california-privacy-disclosure
========== link already checked
======== We are on link 21 of 84
========== raw link https://www.linkedin.com/legal/privacy/usa
============ Checking for Redirections: https://www.linkedin.com/legal/privacy/usa
============ Link unchanged
========== link already checked
======== We are on link 22 of 84
========== raw link https://www.linkedin.com/help/linkedin/answer/a1341216/updates-to-user-agreement-and-privacy-policy
============ Checking for Redirections: https://www.linkedin.com/help/linkedin/answer/a1341216/updates-to-user-agreement-and-privacy-policy
============ Link unchanged
========== scraping https://www.linkedin.com/help/linkedin/answer/a1341216/updates-to-user-agreement-and-privacy-policy
============ New link added. Search term (AI ) found on https://www.linkedin.com/help/linkedin/answer/a1341216/updates-to-user-agreement-and-privacy-policy.
======== We are on link 23 of 84
========== raw link #introduction
========== dropped link (either fragment ("#"), js, mailto, comment, pdf, or empty)
======== We are on link 24 of 84
========== raw link #obligations
========== dropped link (either fragment ("#"), js, mailto, comment, pdf, or empty)
======== We are on link 25 of 84
========== raw link #rights
========== dropped link (either fragment ("#"), js, mailto, comment, pdf, or empty)
======== We are on link 26 of 84
========== raw link #disclaimer
========== dropped link (either fragment ("#"), js, mailto, comment, pdf, or empty)
======== We are on link 27 of 84
========== raw link #termination
========== dropped link (either fragment ("#"), js, mailto, comment, pdf, or empty)
======== We are on link 28 of 84
========== raw link #dispute
========== dropped link (either fragment ("#"), js, mailto, comment, pdf, or empty)
======== We are on link 29 of 84
========== raw link #general
========== dropped link (either fragment ("#"), js, mailto, comment, pdf, or empty)
======== We are on link 30 of 84
========== raw link #dos
========== dropped link (either fragment ("#"), js, mailto, comment, pdf, or empty)
======== We are on link 31 of 84
========== raw link #complaints
========== dropped link (either fragment ("#"), js, mailto, comment, pdf, or empty)
======== We are on link 32 of 84
========== raw link #contact
========== dropped link (either fragment ("#"), js, mailto, comment, pdf, or empty)
======== We are on link 33 of 84
========== raw link https://www.linkedin.com/legal/privacy-policy
============ Checking for Redirections: https://www.linkedin.com/legal/privacy-policy
============ Link unchanged
========== link already checked
======== We are on link 34 of 84
========== raw link https://www.linkedin.com/legal/cookie-policy
============ Checking for Redirections: https://www.linkedin.com/legal/cookie-policy
============ Link unchanged
========== link already checked
======== We are on link 35 of 84
========== raw link https://www.linkedin.com/legal/privacy-policy
============ Checking for Redirections: https://www.linkedin.com/legal/privacy-policy
============ Link unchanged
========== link already checked
======== We are on link 36 of 84
========== raw link https://www.linkedin.com/legal/privacy-policy
============ Checking for Redirections: https://www.linkedin.com/legal/privacy-policy
============ Link unchanged
========== link already checked
======== We are on link 37 of 84
========== raw link https://www.linkedin.com/help/linkedin/answer/63?trk=microsites-frontend_legal_user-agreement&lang=en
============ Checking for Redirections: https://www.linkedin.com/help/linkedin/answer/63?trk=microsites-frontend_legal_user-agreement&lang=en
============ Followed Redirection to https://www.linkedin.com/help/linkedin/answer/a1379064/?trk=microsites-frontend_legal_user-agreement&lang=en
============ Link after cleaning: https://www.linkedin.com/help/linkedin/answer/a1379064/
========== scraping https://www.linkedin.com/help/linkedin/answer/a1379064/
======== We are on link 38 of 84
========== raw link #key-terms-2
========== dropped link (either fragment ("#"), js, mailto, comment, pdf, or empty)
======== We are on link 39 of 84
========== raw link https://www.linkedin.com/help/linkedin/answer/a6854067
============ Checking for Redirections: https://www.linkedin.com/help/linkedin/answer/a6854067
============ Link unchanged
========== scraping https://www.linkedin.com/help/linkedin/answer/a6854067
======== We are on link 40 of 84
========== raw link https://www.linkedin.com/legal/professional-community-policies
============ Checking for Redirections: https://www.linkedin.com/legal/professional-community-policies
============ Link unchanged
========== link already checked
======== We are on link 41 of 84
========== raw link https://www.linkedin.com/help/linkedin/answer/89880?trk=microsites-frontend_legal_user-agreement&lang=en
============ Checking for Redirections: https://www.linkedin.com/help/linkedin/answer/89880?trk=microsites-frontend_legal_user-agreement&lang=en
============ Followed Redirection to https://www.linkedin.com/help/linkedin/answer/a403270/?trk=microsites-frontend_legal_user-agreement&lang=en
============ Link after cleaning: https://www.linkedin.com/help/linkedin/answer/a403270/
========== scraping https://www.linkedin.com/help/linkedin/answer/a403270/
======== We are on link 42 of 84
========== raw link https://www.linkedin.com/legal/pop/terms-for-paid-services
============ Checking for Redirections: https://www.linkedin.com/legal/pop/terms-for-paid-services
============ Followed Redirection to https://www.linkedin.com/legal/terms-for-paid-services
============ Link after cleaning: https://www.linkedin.com/legal/terms-for-paid-services
========== scraping https://www.linkedin.com/legal/terms-for-paid-services
======== We are on link 43 of 84
========== raw link https://www.linkedin.com/help/linkedin/answer/a1340105
============ Checking for Redirections: https://www.linkedin.com/help/linkedin/answer/a1340105
============ Link unchanged
========== scraping https://www.linkedin.com/help/linkedin/answer/a1340105
======== We are on link 44 of 84
========== raw link https://www.linkedin.com/help/linkedin/answer/50?trk=microsites-frontend_legal_user-agreement&lang=en
============ Checking for Redirections: https://www.linkedin.com/help/linkedin/answer/50?trk=microsites-frontend_legal_user-agreement&lang=en
============ Followed Redirection to https://www.linkedin.com/help/linkedin/answer/a545578/?trk=microsites-frontend_legal_user-agreement&lang=en
============ Link after cleaning: https://www.linkedin.com/help/linkedin/answer/a545578/
========== scraping https://www.linkedin.com/help/linkedin/answer/a545578/
======== We are on link 45 of 84
========== raw link https://www.linkedin.com/help/linkedin/answer/5704?trk=microsites-frontend_legal_user-agreement&lang=en
============ Checking for Redirections: https://www.linkedin.com/help/linkedin/answer/5704?trk=microsites-frontend_legal_user-agreement&lang=en
============ Followed Redirection to https://www.linkedin.com/help/linkedin/answer/a1337140/?trk=microsites-frontend_legal_user-agreement&lang=en
============ Link after cleaning: https://www.linkedin.com/help/linkedin/answer/a1337140/
========== scraping https://www.linkedin.com/help/linkedin/answer/a1337140/
======== We are on link 46 of 84
========== raw link https://www.linkedin.com/payments/purchasehistory
============ Checking for Redirections: https://www.linkedin.com/payments/purchasehistory
============ Followed Redirection to https://www.linkedin.com/uas/login?session_redirect=https%3A%2F%2Fwww.linkedin.com%2Fpayments%2Fpurchasehistory
============ Link after cleaning: https://www.linkedin.com/uas/login
============ Excluded based on allow/block list.
======== We are on link 47 of 84
========== raw link https://www.linkedin.com/mypreferences/d/categories/sign-in-and-security
============ Checking for Redirections: https://www.linkedin.com/mypreferences/d/categories/sign-in-and-security
============ Followed Redirection to https://www.linkedin.com/uas/login?session_redirect=https%3A%2F%2Fwww.linkedin.com%2Fmypreferences%2Fd%2Fcategories%2Fsign-in-and-security
============ Link after cleaning: https://www.linkedin.com/uas/login
============ Excluded based on allow/block list.
======== We are on link 48 of 84
========== raw link https://www.linkedin.com/help/linkedin/answer/67?trk=microsites-frontend_legal_user-agreement&lang=en
============ Checking for Redirections: https://www.linkedin.com/help/linkedin/answer/67?trk=microsites-frontend_legal_user-agreement&lang=en
============ Followed Redirection to https://www.linkedin.com/help/linkedin/answer/a517979/?trk=microsites-frontend_legal_user-agreement&lang=en
============ Link after cleaning: https://www.linkedin.com/help/linkedin/answer/a517979/
========== scraping https://www.linkedin.com/help/linkedin/answer/a517979/
======== We are on link 49 of 84
========== raw link https://www.linkedin.com/legal/user-agreement#key-terms-3
============ Checking for Redirections: https://www.linkedin.com/legal/user-agreement#key-terms-3
============ Link after cleaning: https://www.linkedin.com/legal/user-agreement
========== link already checked
======== We are on link 50 of 84
========== raw link https://www.linkedin.com/legal/user-agreement#key-terms-3
============ Checking for Redirections: https://www.linkedin.com/legal/user-agreement#key-terms-3
============ Link after cleaning: https://www.linkedin.com/legal/user-agreement
========== link already checked
======== We are on link 51 of 84
========== raw link https://www.linkedin.com/legal/user-agreement#key-terms-3
============ Checking for Redirections: https://www.linkedin.com/legal/user-agreement#key-terms-3
============ Link after cleaning: https://www.linkedin.com/legal/user-agreement
========== link already checked
======== We are on link 52 of 84
========== raw link https://www.linkedin.com/help/linkedin/answer/86529?trk=microsites-frontend_legal_user-agreement&lang=en
============ Checking for Redirections: https://www.linkedin.com/help/linkedin/answer/86529?trk=microsites-frontend_legal_user-agreement&lang=en
============ Followed Redirection to https://www.linkedin.com/help/linkedin/answer/a529065/?trk=microsites-frontend_legal_user-agreement&lang=en
============ Link after cleaning: https://www.linkedin.com/help/linkedin/answer/a529065/
========== scraping https://www.linkedin.com/help/linkedin/answer/a529065/
======== We are on link 53 of 84
========== raw link https://creativecommons.org/choose/
========== dropped link https://creativecommons.org/choose/. Didn't pass first allows/blocks test.
======== We are on link 54 of 84
========== raw link https://www.linkedin.com/legal/privacy-policy
============ Checking for Redirections: https://www.linkedin.com/legal/privacy-policy
============ Link unchanged
========== link already checked
======== We are on link 55 of 84
========== raw link https://www.linkedin.com/psettings/news-mention-broadcast
============ Checking for Redirections: https://www.linkedin.com/psettings/news-mention-broadcast
============ Followed Redirection to https://www.linkedin.com/uas/login?session_redirect=https%3A%2F%2Fwww.linkedin.com%2Fmypreferences%2Fd%2Fsettings%2Fnotify-network-about-my-mentions
============ Link after cleaning: https://www.linkedin.com/uas/login
============ Excluded based on allow/block list.
======== We are on link 56 of 84
========== raw link https://www.linkedin.com/help/linkedin/answer/50021?trk=microsites-frontend_legal_user-agreement&lang=en
============ Checking for Redirections: https://www.linkedin.com/help/linkedin/answer/50021?trk=microsites-frontend_legal_user-agreement&lang=en
============ Followed Redirection to https://www.linkedin.com/help/linkedin/answer/a1335382/?trk=microsites-frontend_legal_user-agreement&lang=en
============ Link after cleaning: https://www.linkedin.com/help/linkedin/answer/a1335382/
========== scraping https://www.linkedin.com/help/linkedin/answer/a1335382/
======== We are on link 57 of 84
========== raw link https://www.linkedin.com/services
============ Checking for Redirections: https://www.linkedin.com/services
============ Link unchanged
========== scraping https://www.linkedin.com/services
============ New link added. Search term (AI ) found on https://www.linkedin.com/services.
======== We are on link 58 of 84
========== raw link https://www.linkedin.com/services
============ Checking for Redirections: https://www.linkedin.com/services
============ Link unchanged
========== link already checked
======== We are on link 59 of 84
========== raw link https://www.linkedin.com/help/linkedin/answer/89880?trk=microsites-frontend_legal_user-agreement&lang=en
============ Checking for Redirections: https://www.linkedin.com/help/linkedin/answer/89880?trk=microsites-frontend_legal_user-agreement&lang=en
============ Followed Redirection to https://www.linkedin.com/help/linkedin/answer/a403270/?trk=microsites-frontend_legal_user-agreement&lang=en
============ Link after cleaning: https://www.linkedin.com/help/linkedin/answer/a403270/
========== link already checked
======== We are on link 60 of 84
========== raw link https://www.linkedin.com/help/linkedin/answer/89880?trk=microsites-frontend_legal_user-agreement&lang=en
============ Checking for Redirections: https://www.linkedin.com/help/linkedin/answer/89880?trk=microsites-frontend_legal_user-agreement&lang=en
============ Followed Redirection to https://www.linkedin.com/help/linkedin/answer/a403270/?trk=microsites-frontend_legal_user-agreement&lang=en
============ Link after cleaning: https://www.linkedin.com/help/linkedin/answer/a403270/
========== link already checked
======== We are on link 61 of 84
========== raw link https://www.linkedin.com/legal/professional-community-policies
============ Checking for Redirections: https://www.linkedin.com/legal/professional-community-policies
============ Link unchanged
========== link already checked
======== We are on link 62 of 84
========== raw link https://www.linkedin.com/help/linkedin/answer/a1342754
============ Checking for Redirections: https://www.linkedin.com/help/linkedin/answer/a1342754
============ Link unchanged
========== scraping https://www.linkedin.com/help/linkedin/answer/a1342754
======== We are on link 63 of 84
========== raw link https://www.linkedin.com/help/linkedin/answer/a1339724
============ Checking for Redirections: https://www.linkedin.com/help/linkedin/answer/a1339724
============ Link unchanged
========== scraping https://www.linkedin.com/help/linkedin/answer/a1339724
======== We are on link 64 of 84
========== raw link https://www.linkedin.com/legal/professional-community-policies
============ Checking for Redirections: https://www.linkedin.com/legal/professional-community-policies
============ Link unchanged
========== link already checked
======== We are on link 65 of 84
========== raw link https://www.linkedin.com/help/linkedin/answer/63?trk=microsites-frontend_legal_user-agreement&lang=en
============ Checking for Redirections: https://www.linkedin.com/help/linkedin/answer/63?trk=microsites-frontend_legal_user-agreement&lang=en
============ Followed Redirection to https://www.linkedin.com/help/linkedin/answer/a1379064/?trk=microsites-frontend_legal_user-agreement&lang=en
============ Link after cleaning: https://www.linkedin.com/help/linkedin/answer/a1379064/
========== link already checked
======== We are on link 66 of 84
========== raw link https://nam06.safelinks.protection.outlook.com/?url=https%3A%2F%2Fwww.linkedin.com%2Fhelp%2Flinkedin%2Fask%2Fts-adfrf&data=05%7C02%7Cmmills%40linkedin.com%7C48b37c3685a046ad7d8d08dc39876d09%7C72f988bf86f141af91ab2d7cd011db47%7C0%7C0%7C638448501200430881%7CUnknown%7CTWFpbGZsb3d8eyJWIjoiMC4wLjAwMDAiLCJQIjoiV2luMzIiLCJBTiI6Ik1haWwiLCJXVCI6Mn0%3D%7C0%7C%7C%7C&sdata=iSWx0d4TDMTU8%2BzjvQZmuHN1TtGnu0InmBUc3eOgxhs%3D&reserved=0
============ Checking for Redirections: https://nam06.safelinks.protection.outlook.com/?url=https%3A%2F%2Fwww.linkedin.com%2Fhelp%2Flinkedin%2Fask%2Fts-adfrf&data=05%7C02%7Cmmills%40linkedin.com%7C48b37c3685a046ad7d8d08dc39876d09%7C72f988bf86f141af91ab2d7cd011db47%7C0%7C0%7C638448501200430881%7CUnknown%7CTWFpbGZsb3d8eyJWIjoiMC4wLjAwMDAiLCJQIjoiV2luMzIiLCJBTiI6Ik1haWwiLCJXVCI6Mn0%3D%7C0%7C%7C%7C&sdata=iSWx0d4TDMTU8%2BzjvQZmuHN1TtGnu0InmBUc3eOgxhs%3D&reserved=0
============ Followed Redirection to https://www.linkedin.com/help/linkedin/ask/ts-adfrf
============ Link after cleaning: https://www.linkedin.com/help/linkedin/ask/ts-adfrf
========== scraping https://www.linkedin.com/help/linkedin/ask/ts-adfrf
======== We are on link 67 of 84
========== raw link https://www.linkedin.com/legal/professional-community-policies
============ Checking for Redirections: https://www.linkedin.com/legal/professional-community-policies
============ Link unchanged
========== link already checked
======== We are on link 68 of 84
========== raw link https://brand.linkedin.com/policies
============ Checking for Redirections: https://brand.linkedin.com/policies
============ Followed Redirection to https://brand.linkedin.com/en-us
============ Link after cleaning: https://brand.linkedin.com/en-us
========== scraping https://brand.linkedin.com/en-us
======== We are on link 69 of 84
========== raw link https://www.linkedin.com/legal/professional-community-policies
============ Checking for Redirections: https://www.linkedin.com/legal/professional-community-policies
============ Link unchanged
========== link already checked
======== We are on link 70 of 84
========== raw link https://www.linkedin.com/help/linkedin/answer/a6857122
============ Checking for Redirections: https://www.linkedin.com/help/linkedin/answer/a6857122
============ Link unchanged
========== scraping https://www.linkedin.com/help/linkedin/answer/a6857122
============ New link added. Search term (AI ) found on https://www.linkedin.com/help/linkedin/answer/a6857122.
======== We are on link 71 of 84
========== raw link https://www.linkedin.com/legal/professional-community-policies
============ Checking for Redirections: https://www.linkedin.com/legal/professional-community-policies
============ Link unchanged
========== link already checked
======== We are on link 72 of 84
========== raw link https://www.linkedin.com/legal/copyright-policy
============ Checking for Redirections: https://www.linkedin.com/legal/copyright-policy
============ Link unchanged
========== link already checked
======== We are on link 73 of 84
========== raw link https://www.linkedin.com/help/linkedin/answer/a1337296
============ Checking for Redirections: https://www.linkedin.com/help/linkedin/answer/a1337296
============ Link unchanged
========== scraping https://www.linkedin.com/help/linkedin/answer/a1337296
======== We are on link 74 of 84
========== raw link https://www.linkedin.com/help/linkedin?trk=microsites-frontend_legal_user-agreement&lang=en
============ Checking for Redirections: https://www.linkedin.com/help/linkedin?trk=microsites-frontend_legal_user-agreement&lang=en
============ Link after cleaning: https://www.linkedin.com/help/linkedin
========== link already checked
======== We are on link 75 of 84
========== raw link https://www.linkedin.com/help/linkedin/answer/79728?trk=microsites-frontend_legal_user-agreement&lang=en
============ Checking for Redirections: https://www.linkedin.com/help/linkedin/answer/79728?trk=microsites-frontend_legal_user-agreement&lang=en
============ Followed Redirection to https://www.linkedin.com/help/linkedin/answer/a1338533/?trk=microsites-frontend_legal_user-agreement&lang=en
============ Link after cleaning: https://www.linkedin.com/help/linkedin/answer/a1338533/
========== scraping https://www.linkedin.com/help/linkedin/answer/a1338533/
======== We are on link 76 of 84
========== raw link https://about.linkedin.com?trk=content_footer-about
============ Checking for Redirections: https://about.linkedin.com?trk=content_footer-about
============ Followed Redirection to https://about.linkedin.com/?trk=content_footer-about
============ Link after cleaning: https://about.linkedin.com/
========== link already checked
======== We are on link 77 of 84
========== raw link https://www.linkedin.com/accessibility?trk=content_footer-accessibility
============ Checking for Redirections: https://www.linkedin.com/accessibility?trk=content_footer-accessibility
============ Link after cleaning: https://www.linkedin.com/accessibility
========== scraping https://www.linkedin.com/accessibility
======== We are on link 78 of 84
========== raw link https://www.linkedin.com/legal/user-agreement?trk=content_footer-user-agreement
============ Checking for Redirections: https://www.linkedin.com/legal/user-agreement?trk=content_footer-user-agreement
============ Link after cleaning: https://www.linkedin.com/legal/user-agreement
========== link already checked
======== We are on link 79 of 84
========== raw link https://www.linkedin.com/legal/privacy-policy?trk=content_footer-privacy-policy
============ Checking for Redirections: https://www.linkedin.com/legal/privacy-policy?trk=content_footer-privacy-policy
============ Link after cleaning: https://www.linkedin.com/legal/privacy-policy
========== link already checked
======== We are on link 80 of 84
========== raw link https://www.linkedin.com/legal/cookie-policy?trk=content_footer-cookie-policy
============ Checking for Redirections: https://www.linkedin.com/legal/cookie-policy?trk=content_footer-cookie-policy
============ Link after cleaning: https://www.linkedin.com/legal/cookie-policy
========== link already checked
======== We are on link 81 of 84
========== raw link https://www.linkedin.com/legal/copyright-policy?trk=content_footer-copyright-policy
============ Checking for Redirections: https://www.linkedin.com/legal/copyright-policy?trk=content_footer-copyright-policy
============ Link after cleaning: https://www.linkedin.com/legal/copyright-policy
========== link already checked
======== We are on link 82 of 84
========== raw link https://brand.linkedin.com/policies?trk=content_footer-brand-policy
============ Checking for Redirections: https://brand.linkedin.com/policies?trk=content_footer-brand-policy
============ Followed Redirection to https://brand.linkedin.com/en-us?trk=content_footer-brand-policy
============ Link after cleaning: https://brand.linkedin.com/en-us
========== link already checked
======== We are on link 83 of 84
========== raw link https://www.linkedin.com/psettings/guest-controls?trk=content_footer-guest-controls
============ Checking for Redirections: https://www.linkedin.com/psettings/guest-controls?trk=content_footer-guest-controls
============ Followed Redirection to https://www.linkedin.com/mypreferences/g/guest-controls
============ Link after cleaning: https://www.linkedin.com/mypreferences/g/guest-controls
========== scraping https://www.linkedin.com/mypreferences/g/guest-controls
======== We are on link 84 of 84
========== raw link https://www.linkedin.com/help/linkedin/answer/34593?trk=content_footer-community-guide
============ Checking for Redirections: https://www.linkedin.com/help/linkedin/answer/34593?trk=content_footer-community-guide
============ Followed Redirection to https://www.linkedin.com/help/linkedin/answer/a403269/?trk=content_footer-community-guide
============ Link after cleaning: https://www.linkedin.com/help/linkedin/answer/a403269/
========== scraping https://www.linkedin.com/help/linkedin/answer/a403269/
====== We are on page 2 of 15: https://www.linkedin.com/blog/member
====== Number of Links on this Page: 52
======== We are on link 1 of 52
========== raw link #lithograph-app
========== dropped link (either fragment ("#"), js, mailto, comment, pdf, or empty)
======== We are on link 2 of 52
========== raw link https://www.linkedin.com/blog/member
============ Checking for Redirections: https://www.linkedin.com/blog/member
============ Link unchanged
========== link already checked
======== We are on link 3 of 52
========== raw link https://www.linkedin.com/blog/member/product
============ Checking for Redirections: https://www.linkedin.com/blog/member/product
============ Link unchanged
========== scraping https://www.linkedin.com/blog/member/product
======== We are on link 4 of 52
========== raw link https://www.linkedin.com/blog/member/member-stories
============ Checking for Redirections: https://www.linkedin.com/blog/member/member-stories
============ Link unchanged
========== scraping https://www.linkedin.com/blog/member/member-stories
======== We are on link 5 of 52
========== raw link https://www.linkedin.com/blog/member/creators
============ Checking for Redirections: https://www.linkedin.com/blog/member/creators
============ Link unchanged
========== scraping https://www.linkedin.com/blog/member/creators
======== We are on link 6 of 52
========== raw link https://www.linkedin.com/blog/member/trust-and-safety
============ Checking for Redirections: https://www.linkedin.com/blog/member/trust-and-safety
============ Link unchanged
========== scraping https://www.linkedin.com/blog/member/trust-and-safety
============ New link added. Search term (AI ) found on https://www.linkedin.com/blog/member/trust-and-safety.
======== We are on link 7 of 52
========== raw link https://www.linkedin.com/blog/member/product
============ Checking for Redirections: https://www.linkedin.com/blog/member/product
============ Link unchanged
========== link already checked
======== We are on link 8 of 52
========== raw link https://www.linkedin.com/blog/member/member-stories
============ Checking for Redirections: https://www.linkedin.com/blog/member/member-stories
============ Link unchanged
========== link already checked
======== We are on link 9 of 52
========== raw link https://www.linkedin.com/blog/member/creators
============ Checking for Redirections: https://www.linkedin.com/blog/member/creators
============ Link unchanged
========== link already checked
======== We are on link 10 of 52
========== raw link https://www.linkedin.com/blog/member/trust-and-safety
============ Checking for Redirections: https://www.linkedin.com/blog/member/trust-and-safety
============ Link unchanged
========== link already checked
======== We are on link 11 of 52
========== raw link https://www.linkedin.com/blog/member/data/work-change-report-2025
============ Checking for Redirections: https://www.linkedin.com/blog/member/data/work-change-report-2025
============ Link unchanged
========== scraping https://www.linkedin.com/blog/member/data/work-change-report-2025
============ New link added. Search term (AI ) found on https://www.linkedin.com/blog/member/data/work-change-report-2025.
======== We are on link 12 of 52
========== raw link https://www.linkedin.com/blog/member/data/work-change-report-2025
============ Checking for Redirections: https://www.linkedin.com/blog/member/data/work-change-report-2025
============ Link unchanged
========== link already checked
======== We are on link 13 of 52
========== raw link https://www.linkedin.com/blog/member/trust-and-safety
============ Checking for Redirections: https://www.linkedin.com/blog/member/trust-and-safety
============ Link unchanged
========== link already checked
======== We are on link 14 of 52
========== raw link https://www.linkedin.com/blog/member/trust-and-safety/updates-to-our-terms-of-service-2024
============ Checking for Redirections: https://www.linkedin.com/blog/member/trust-and-safety/updates-to-our-terms-of-service-2024
============ Link unchanged
========== scraping https://www.linkedin.com/blog/member/trust-and-safety/updates-to-our-terms-of-service-2024
============ New link added. Search term (AI ) found on https://www.linkedin.com/blog/member/trust-and-safety/updates-to-our-terms-of-service-2024.
======== We are on link 15 of 52
========== raw link https://www.linkedin.com/blog/member/trust-and-safety
============ Checking for Redirections: https://www.linkedin.com/blog/member/trust-and-safety
============ Link unchanged
========== link already checked
======== We are on link 16 of 52
========== raw link https://www.linkedin.com/blog/member/trust-and-safety/responsible-ai-principles
============ Checking for Redirections: https://www.linkedin.com/blog/member/trust-and-safety/responsible-ai-principles
============ Link unchanged
========== link already checked
======== We are on link 17 of 52
========== raw link https://www.linkedin.com/blog/member/trust-and-safety
============ Checking for Redirections: https://www.linkedin.com/blog/member/trust-and-safety
============ Link unchanged
========== link already checked
======== We are on link 18 of 52
========== raw link https://www.linkedin.com/blog/member/trust-and-safety/update-hi-q-legal-proceeding
============ Checking for Redirections: https://www.linkedin.com/blog/member/trust-and-safety/update-hi-q-legal-proceeding
============ Link unchanged
========== scraping https://www.linkedin.com/blog/member/trust-and-safety/update-hi-q-legal-proceeding
============ New link added. Search term (AI ) found on https://www.linkedin.com/blog/member/trust-and-safety/update-hi-q-legal-proceeding.
======== We are on link 19 of 52
========== raw link https://www.linkedin.com/blog/member/culture/mythbusting-the-feed-how-we-work-to-address-bias
============ Checking for Redirections: https://www.linkedin.com/blog/member/culture/mythbusting-the-feed-how-we-work-to-address-bias
============ Link unchanged
========== scraping https://www.linkedin.com/blog/member/culture/mythbusting-the-feed-how-we-work-to-address-bias
============ New link added. Search term (AI ) found on https://www.linkedin.com/blog/member/culture/mythbusting-the-feed-how-we-work-to-address-bias.
======== We are on link 20 of 52
========== raw link https://www.linkedin.com/blog/member/trust-and-safety
============ Checking for Redirections: https://www.linkedin.com/blog/member/trust-and-safety
============ Link unchanged
========== link already checked
======== We are on link 21 of 52
========== raw link https://www.linkedin.com/blog/member/trust-and-safety/new-linkedin-profile-features-help-verify-identity-detect-remove-fake-accounts-boost-authenticity
============ Checking for Redirections: https://www.linkedin.com/blog/member/trust-and-safety/new-linkedin-profile-features-help-verify-identity-detect-remove-fake-accounts-boost-authenticity
============ Link unchanged
========== scraping https://www.linkedin.com/blog/member/trust-and-safety/new-linkedin-profile-features-help-verify-identity-detect-remove-fake-accounts-boost-authenticity
============ New link added. Search term ( AI) found on https://www.linkedin.com/blog/member/trust-and-safety/new-linkedin-profile-features-help-verify-identity-detect-remove-fake-accounts-boost-authenticity.
======== We are on link 22 of 52
========== raw link https://www.linkedin.com/blog/member/product/mythbusting-the-feed-how-the-algorithm-works
============ Checking for Redirections: https://www.linkedin.com/blog/member/product/mythbusting-the-feed-how-the-algorithm-works
============ Link unchanged
========== scraping https://www.linkedin.com/blog/member/product/mythbusting-the-feed-how-the-algorithm-works
============ New link added. Search term (AI ) found on https://www.linkedin.com/blog/member/product/mythbusting-the-feed-how-the-algorithm-works.
======== We are on link 23 of 52
========== raw link https://www.linkedin.com/blog/member/career
============ Checking for Redirections: https://www.linkedin.com/blog/member/career
============ Link unchanged
========== scraping https://www.linkedin.com/blog/member/career
======== We are on link 24 of 52
========== raw link https://www.linkedin.com/blog/member/career/reversementoring
============ Checking for Redirections: https://www.linkedin.com/blog/member/career/reversementoring
============ Link unchanged
========== scraping https://www.linkedin.com/blog/member/career/reversementoring
============ Dropping non-English link: https://www.linkedin.com/blog/member/career/reversementoring
======== We are on link 25 of 52
========== raw link https://www.linkedin.com/blog/member/product/understanding-when-and-why-to-follow-people-on-linkedin
============ Checking for Redirections: https://www.linkedin.com/blog/member/product/understanding-when-and-why-to-follow-people-on-linkedin
============ Link unchanged
========== scraping https://www.linkedin.com/blog/member/product/understanding-when-and-why-to-follow-people-on-linkedin
============ New link added. Search term (AI ) found on https://www.linkedin.com/blog/member/product/understanding-when-and-why-to-follow-people-on-linkedin.
======== We are on link 26 of 52
========== raw link https://www.linkedin.com/blog/member/career
============ Checking for Redirections: https://www.linkedin.com/blog/member/career
============ Link unchanged
========== link already checked
======== We are on link 27 of 52
========== raw link https://www.linkedin.com/blog/member/career/three-tips-to-excel-at-salary-negotiations
============ Checking for Redirections: https://www.linkedin.com/blog/member/career/three-tips-to-excel-at-salary-negotiations
============ Link unchanged
========== scraping https://www.linkedin.com/blog/member/career/three-tips-to-excel-at-salary-negotiations
============ New link added. Search term (AI ) found on https://www.linkedin.com/blog/member/career/three-tips-to-excel-at-salary-negotiations.
======== We are on link 28 of 52
========== raw link https://www.linkedin.com/blog/member/trust-and-safety
============ Checking for Redirections: https://www.linkedin.com/blog/member/trust-and-safety
============ Link unchanged
========== link already checked
======== We are on link 29 of 52
========== raw link https://www.linkedin.com/blog/member/trust-and-safety/working-together-to-keep-linkedin-safe
============ Checking for Redirections: https://www.linkedin.com/blog/member/trust-and-safety/working-together-to-keep-linkedin-safe
============ Link unchanged
========== scraping https://www.linkedin.com/blog/member/trust-and-safety/working-together-to-keep-linkedin-safe
============ New link added. Search term (artificial intelligen) found on https://www.linkedin.com/blog/member/trust-and-safety/working-together-to-keep-linkedin-safe.
======== We are on link 30 of 52
========== raw link https://www.linkedin.com/blog/member/career
============ Checking for Redirections: https://www.linkedin.com/blog/member/career
============ Link unchanged
========== link already checked
======== We are on link 31 of 52
========== raw link https://www.linkedin.com/blog/member/career/wherever-you-are-in-your-career-there-is-always-a-space-for-you
============ Checking for Redirections: https://www.linkedin.com/blog/member/career/wherever-you-are-in-your-career-there-is-always-a-space-for-you
============ Link unchanged
========== scraping https://www.linkedin.com/blog/member/career/wherever-you-are-in-your-career-there-is-always-a-space-for-you
======== We are on link 32 of 52
========== raw link ?page0=1#postlist0FocusPoint
============ Link starts with ?: joining https://www.linkedin.com/blog/member and ?page0=1#postlist0FocusPoint
============ Checking for Redirections: https://www.linkedin.com/blog/member?page0=1#postlist0FocusPoint
============ Link after cleaning: https://www.linkedin.com/blog/member
========== link already checked
======== We are on link 33 of 52
========== raw link ?page0=2#postlist0FocusPoint
============ Link starts with ?: joining https://www.linkedin.com/blog/member and ?page0=2#postlist0FocusPoint
============ Checking for Redirections: https://www.linkedin.com/blog/member?page0=2#postlist0FocusPoint
============ Link after cleaning: https://www.linkedin.com/blog/member
========== link already checked
======== We are on link 34 of 52
========== raw link ?page0=3#postlist0FocusPoint
============ Link starts with ?: joining https://www.linkedin.com/blog/member and ?page0=3#postlist0FocusPoint
============ Checking for Redirections: https://www.linkedin.com/blog/member?page0=3#postlist0FocusPoint
============ Link after cleaning: https://www.linkedin.com/blog/member
========== link already checked
======== We are on link 35 of 52
========== raw link ?page0=4#postlist0FocusPoint
============ Link starts with ?: joining https://www.linkedin.com/blog/member and ?page0=4#postlist0FocusPoint
============ Checking for Redirections: https://www.linkedin.com/blog/member?page0=4#postlist0FocusPoint
============ Link after cleaning: https://www.linkedin.com/blog/member
========== link already checked
======== We are on link 36 of 52
========== raw link ?page0=5#postlist0FocusPoint
============ Link starts with ?: joining https://www.linkedin.com/blog/member and ?page0=5#postlist0FocusPoint
============ Checking for Redirections: https://www.linkedin.com/blog/member?page0=5#postlist0FocusPoint
============ Link after cleaning: https://www.linkedin.com/blog/member
========== link already checked
======== We are on link 37 of 52
========== raw link ?page0=6#postlist0FocusPoint
============ Link starts with ?: joining https://www.linkedin.com/blog/member and ?page0=6#postlist0FocusPoint
============ Checking for Redirections: https://www.linkedin.com/blog/member?page0=6#postlist0FocusPoint
============ Link after cleaning: https://www.linkedin.com/blog/member
========== link already checked
======== We are on link 38 of 52
========== raw link ?page0=7#postlist0FocusPoint
============ Link starts with ?: joining https://www.linkedin.com/blog/member and ?page0=7#postlist0FocusPoint
============ Checking for Redirections: https://www.linkedin.com/blog/member?page0=7#postlist0FocusPoint
============ Link after cleaning: https://www.linkedin.com/blog/member
========== link already checked
======== We are on link 39 of 52
========== raw link ?page0=8#postlist0FocusPoint
============ Link starts with ?: joining https://www.linkedin.com/blog/member and ?page0=8#postlist0FocusPoint
============ Checking for Redirections: https://www.linkedin.com/blog/member?page0=8#postlist0FocusPoint
============ Link after cleaning: https://www.linkedin.com/blog/member
========== link already checked
======== We are on link 40 of 52
========== raw link ?page0=9#postlist0FocusPoint
============ Link starts with ?: joining https://www.linkedin.com/blog/member and ?page0=9#postlist0FocusPoint
============ Checking for Redirections: https://www.linkedin.com/blog/member?page0=9#postlist0FocusPoint
============ Link after cleaning: https://www.linkedin.com/blog/member
========== link already checked
======== We are on link 41 of 52
========== raw link ?page0=10#postlist0FocusPoint
============ Link starts with ?: joining https://www.linkedin.com/blog/member and ?page0=10#postlist0FocusPoint
============ Checking for Redirections: https://www.linkedin.com/blog/member?page0=10#postlist0FocusPoint
============ Link after cleaning: https://www.linkedin.com/blog/member
========== link already checked
======== We are on link 42 of 52
========== raw link ?page0=160#postlist0FocusPoint
============ Link starts with ?: joining https://www.linkedin.com/blog/member and ?page0=160#postlist0FocusPoint
============ Checking for Redirections: https://www.linkedin.com/blog/member?page0=160#postlist0FocusPoint
============ Link after cleaning: https://www.linkedin.com/blog/member
========== link already checked
======== We are on link 43 of 52
========== raw link ?page0=2#postList0FocusPoint
============ Link starts with ?: joining https://www.linkedin.com/blog/member and ?page0=2#postList0FocusPoint
============ Checking for Redirections: https://www.linkedin.com/blog/member?page0=2#postList0FocusPoint
============ Link after cleaning: https://www.linkedin.com/blog/member
========== link already checked
======== We are on link 44 of 52
========== raw link https://about.linkedin.com?trk=content_footer-about
============ Checking for Redirections: https://about.linkedin.com?trk=content_footer-about
============ Followed Redirection to https://about.linkedin.com/?trk=content_footer-about
============ Link after cleaning: https://about.linkedin.com/
========== link already checked
======== We are on link 45 of 52
========== raw link https://www.linkedin.com/accessibility?trk=content_footer-accessibility
============ Checking for Redirections: https://www.linkedin.com/accessibility?trk=content_footer-accessibility
============ Link after cleaning: https://www.linkedin.com/accessibility
========== link already checked
======== We are on link 46 of 52
========== raw link https://www.linkedin.com/legal/user-agreement?trk=content_footer-user-agreement
============ Checking for Redirections: https://www.linkedin.com/legal/user-agreement?trk=content_footer-user-agreement
============ Link after cleaning: https://www.linkedin.com/legal/user-agreement
========== link already checked
======== We are on link 47 of 52
========== raw link https://www.linkedin.com/legal/privacy-policy?trk=content_footer-privacy-policy
============ Checking for Redirections: https://www.linkedin.com/legal/privacy-policy?trk=content_footer-privacy-policy
============ Link after cleaning: https://www.linkedin.com/legal/privacy-policy
========== link already checked
======== We are on link 48 of 52
========== raw link https://www.linkedin.com/legal/cookie-policy?trk=content_footer-cookie-policy
============ Checking for Redirections: https://www.linkedin.com/legal/cookie-policy?trk=content_footer-cookie-policy
============ Link after cleaning: https://www.linkedin.com/legal/cookie-policy
========== link already checked
======== We are on link 49 of 52
========== raw link https://www.linkedin.com/legal/copyright-policy?trk=content_footer-copyright-policy
============ Checking for Redirections: https://www.linkedin.com/legal/copyright-policy?trk=content_footer-copyright-policy
============ Link after cleaning: https://www.linkedin.com/legal/copyright-policy
========== link already checked
======== We are on link 50 of 52
========== raw link https://brand.linkedin.com/policies?trk=content_footer-brand-policy
============ Checking for Redirections: https://brand.linkedin.com/policies?trk=content_footer-brand-policy
============ Followed Redirection to https://brand.linkedin.com/en-us?trk=content_footer-brand-policy
============ Link after cleaning: https://brand.linkedin.com/en-us
========== link already checked
======== We are on link 51 of 52
========== raw link https://www.linkedin.com/psettings/guest-controls?trk=content_footer-guest-controls
============ Checking for Redirections: https://www.linkedin.com/psettings/guest-controls?trk=content_footer-guest-controls
============ Followed Redirection to https://www.linkedin.com/mypreferences/g/guest-controls
============ Link after cleaning: https://www.linkedin.com/mypreferences/g/guest-controls
========== link already checked
======== We are on link 52 of 52
========== raw link https://www.linkedin.com/help/linkedin/answer/34593?trk=content_footer-community-guide
============ Checking for Redirections: https://www.linkedin.com/help/linkedin/answer/34593?trk=content_footer-community-guide
============ Followed Redirection to https://www.linkedin.com/help/linkedin/answer/a403269/?trk=content_footer-community-guide
============ Link after cleaning: https://www.linkedin.com/help/linkedin/answer/a403269/
========== link already checked
====== We are on page 3 of 15: https://news.linkedin.com/news
====== Number of Links on this Page: 71
======== We are on link 1 of 71
========== raw link /
========== dropped link (either fragment ("#"), js, mailto, comment, pdf, or empty)
======== We are on link 2 of 71
========== raw link /about-us
============ Found Relative: joining https://news.linkedin.com/news and /about-us
============ Checking for Redirections: https://news.linkedin.com/about-us
============ Link after cleaning: https://news.linkedin.com/about-us
========== scraping https://news.linkedin.com/about-us
======== We are on link 3 of 71
========== raw link /linkedin-news
============ Found Relative: joining https://news.linkedin.com/news and /linkedin-news
============ Checking for Redirections: https://news.linkedin.com/linkedin-news
============ Link after cleaning: https://news.linkedin.com/linkedin-news
========== scraping https://news.linkedin.com/linkedin-news
======== We are on link 4 of 71
========== raw link /media-resources
============ Found Relative: joining https://news.linkedin.com/news and /media-resources
============ Checking for Redirections: https://news.linkedin.com/media-resources
============ Link after cleaning: https://news.linkedin.com/media-resources
========== scraping https://news.linkedin.com/media-resources
======== We are on link 5 of 71
========== raw link /media-resources/linkedin-for-journalists
============ Found Relative: joining https://news.linkedin.com/news and /media-resources/linkedin-for-journalists
============ Checking for Redirections: https://news.linkedin.com/media-resources/linkedin-for-journalists
============ Link after cleaning: https://news.linkedin.com/media-resources/linkedin-for-journalists
========== scraping https://news.linkedin.com/media-resources/linkedin-for-journalists
======== We are on link 6 of 71
========== raw link /contact-us
============ Found Relative: joining https://news.linkedin.com/news and /contact-us
============ Checking for Redirections: https://news.linkedin.com/contact-us
============ Link after cleaning: https://news.linkedin.com/contact-us
========== scraping https://news.linkedin.com/contact-us
======== We are on link 7 of 71
========== raw link /2025/helping-brands-expand-their-reach-in-new-ways-with-video-from-to
============ Found Relative: joining https://news.linkedin.com/news and /2025/helping-brands-expand-their-reach-in-new-ways-with-video-from-to
============ Checking for Redirections: https://news.linkedin.com/2025/helping-brands-expand-their-reach-in-new-ways-with-video-from-to
============ Link after cleaning: https://news.linkedin.com/2025/helping-brands-expand-their-reach-in-new-ways-with-video-from-to
========== scraping https://news.linkedin.com/2025/helping-brands-expand-their-reach-in-new-ways-with-video-from-to
======== We are on link 8 of 71
========== raw link /2025/helping-brands-expand-their-reach-in-new-ways-with-video-from-to
============ Found Relative: joining https://news.linkedin.com/news and /2025/helping-brands-expand-their-reach-in-new-ways-with-video-from-to
============ Checking for Redirections: https://news.linkedin.com/2025/helping-brands-expand-their-reach-in-new-ways-with-video-from-to
============ Link after cleaning: https://news.linkedin.com/2025/helping-brands-expand-their-reach-in-new-ways-with-video-from-to
========== link already checked
======== We are on link 9 of 71
========== raw link https://news.linkedin.com/authors/linkedin-corporate-communications-team
============ Checking for Redirections: https://news.linkedin.com/authors/linkedin-corporate-communications-team
============ Link unchanged
========== scraping https://news.linkedin.com/authors/linkedin-corporate-communications-team
============ New link added. Search term (AI ) found on https://news.linkedin.com/authors/linkedin-corporate-communications-team.
======== We are on link 10 of 71
========== raw link /topic/product-news
============ Found Relative: joining https://news.linkedin.com/news and /topic/product-news
============ Checking for Redirections: https://news.linkedin.com/topic/product-news
============ Link after cleaning: https://news.linkedin.com/topic/product-news
========== scraping https://news.linkedin.com/topic/product-news
============ New link added. Search term (AI ) found on https://news.linkedin.com/topic/product-news.
======== We are on link 11 of 71
========== raw link /2025/Q3FY25_Earnings_Highlights
============ Found Relative: joining https://news.linkedin.com/news and /2025/Q3FY25_Earnings_Highlights
============ Checking for Redirections: https://news.linkedin.com/2025/Q3FY25_Earnings_Highlights
============ Link after cleaning: https://news.linkedin.com/2025/Q3FY25_Earnings_Highlights
========== scraping https://news.linkedin.com/2025/Q3FY25_Earnings_Highlights
============ New link added. Search term (AI ) found on https://news.linkedin.com/2025/Q3FY25_Earnings_Highlights.
======== We are on link 12 of 71
========== raw link /2025/Q3FY25_Earnings_Highlights
============ Found Relative: joining https://news.linkedin.com/news and /2025/Q3FY25_Earnings_Highlights
============ Checking for Redirections: https://news.linkedin.com/2025/Q3FY25_Earnings_Highlights
============ Link after cleaning: https://news.linkedin.com/2025/Q3FY25_Earnings_Highlights
========== link already checked
======== We are on link 13 of 71
========== raw link https://news.linkedin.com/authors/linkedin-corporate-communications-team
============ Checking for Redirections: https://news.linkedin.com/authors/linkedin-corporate-communications-team
============ Link unchanged
========== link already checked
======== We are on link 14 of 71
========== raw link /topic/company-news
============ Found Relative: joining https://news.linkedin.com/news and /topic/company-news
============ Checking for Redirections: https://news.linkedin.com/topic/company-news
============ Link after cleaning: https://news.linkedin.com/topic/company-news
========== scraping https://news.linkedin.com/topic/company-news
============ New link added. Search term (AI ) found on https://news.linkedin.com/topic/company-news.
======== We are on link 15 of 71
========== raw link /topic/earnings
============ Found Relative: joining https://news.linkedin.com/news and /topic/earnings
============ Checking for Redirections: https://news.linkedin.com/topic/earnings
============ Link after cleaning: https://news.linkedin.com/topic/earnings
========== scraping https://news.linkedin.com/topic/earnings
======== We are on link 16 of 71
========== raw link /2025/ai-adoption-starts-at-the-top--3x-more-c-suites-on-linkedin-are-
============ Found Relative: joining https://news.linkedin.com/news and /2025/ai-adoption-starts-at-the-top--3x-more-c-suites-on-linkedin-are-
============ Checking for Redirections: https://news.linkedin.com/2025/ai-adoption-starts-at-the-top--3x-more-c-suites-on-linkedin-are-
============ Link after cleaning: https://news.linkedin.com/2025/ai-adoption-starts-at-the-top--3x-more-c-suites-on-linkedin-are-
========== scraping https://news.linkedin.com/2025/ai-adoption-starts-at-the-top--3x-more-c-suites-on-linkedin-are-
============ New link added. Search term (AI ) found on https://news.linkedin.com/2025/ai-adoption-starts-at-the-top--3x-more-c-suites-on-linkedin-are-.
======== We are on link 17 of 71
========== raw link /2025/ai-adoption-starts-at-the-top--3x-more-c-suites-on-linkedin-are-
============ Found Relative: joining https://news.linkedin.com/news and /2025/ai-adoption-starts-at-the-top--3x-more-c-suites-on-linkedin-are-
============ Checking for Redirections: https://news.linkedin.com/2025/ai-adoption-starts-at-the-top--3x-more-c-suites-on-linkedin-are-
============ Link after cleaning: https://news.linkedin.com/2025/ai-adoption-starts-at-the-top--3x-more-c-suites-on-linkedin-are-
========== link already checked
======== We are on link 18 of 71
========== raw link https://news.linkedin.com/authors/linkedin-corporate-communications-team
============ Checking for Redirections: https://news.linkedin.com/authors/linkedin-corporate-communications-team
============ Link unchanged
========== link already checked
======== We are on link 19 of 71
========== raw link /topic/data-and-insights
============ Found Relative: joining https://news.linkedin.com/news and /topic/data-and-insights
============ Checking for Redirections: https://news.linkedin.com/topic/data-and-insights
============ Link after cleaning: https://news.linkedin.com/topic/data-and-insights
========== scraping https://news.linkedin.com/topic/data-and-insights
============ New link added. Search term (AI ) found on https://news.linkedin.com/topic/data-and-insights.
======== We are on link 20 of 71
========== raw link /2025/Verified_on_LinkedIn
============ Found Relative: joining https://news.linkedin.com/news and /2025/Verified_on_LinkedIn
============ Checking for Redirections: https://news.linkedin.com/2025/Verified_on_LinkedIn
============ Link after cleaning: https://news.linkedin.com/2025/Verified_on_LinkedIn
========== scraping https://news.linkedin.com/2025/Verified_on_LinkedIn
======== We are on link 21 of 71
========== raw link /2025/Verified_on_LinkedIn
============ Found Relative: joining https://news.linkedin.com/news and /2025/Verified_on_LinkedIn
============ Checking for Redirections: https://news.linkedin.com/2025/Verified_on_LinkedIn
============ Link after cleaning: https://news.linkedin.com/2025/Verified_on_LinkedIn
========== link already checked
======== We are on link 22 of 71
========== raw link https://news.linkedin.com/authors/linkedin-corporate-communications-team
============ Checking for Redirections: https://news.linkedin.com/authors/linkedin-corporate-communications-team
============ Link unchanged
========== link already checked
======== We are on link 23 of 71
========== raw link /topic/business-solutions
============ Found Relative: joining https://news.linkedin.com/news and /topic/business-solutions
============ Checking for Redirections: https://news.linkedin.com/topic/business-solutions
============ Link after cleaning: https://news.linkedin.com/topic/business-solutions
========== scraping https://news.linkedin.com/topic/business-solutions
============ New link added. Search term (AI ) found on https://news.linkedin.com/topic/business-solutions.
======== We are on link 24 of 71
========== raw link /topic/product-news
============ Found Relative: joining https://news.linkedin.com/news and /topic/product-news
============ Checking for Redirections: https://news.linkedin.com/topic/product-news
============ Link after cleaning: https://news.linkedin.com/topic/product-news
========== link already checked
======== We are on link 25 of 71
========== raw link /2025/future-of-work-fund-2025
============ Found Relative: joining https://news.linkedin.com/news and /2025/future-of-work-fund-2025
============ Checking for Redirections: https://news.linkedin.com/2025/future-of-work-fund-2025
============ Link after cleaning: https://news.linkedin.com/2025/future-of-work-fund-2025
========== scraping https://news.linkedin.com/2025/future-of-work-fund-2025
============ New link added. Search term (AI ) found on https://news.linkedin.com/2025/future-of-work-fund-2025.
======== We are on link 26 of 71
========== raw link /2025/future-of-work-fund-2025
============ Found Relative: joining https://news.linkedin.com/news and /2025/future-of-work-fund-2025
============ Checking for Redirections: https://news.linkedin.com/2025/future-of-work-fund-2025
============ Link after cleaning: https://news.linkedin.com/2025/future-of-work-fund-2025
========== link already checked
======== We are on link 27 of 71
========== raw link /topic/company-news
============ Found Relative: joining https://news.linkedin.com/news and /topic/company-news
============ Checking for Redirections: https://news.linkedin.com/topic/company-news
============ Link after cleaning: https://news.linkedin.com/topic/company-news
========== link already checked
======== We are on link 28 of 71
========== raw link /2025/linkedin_update_engineering_march2025
============ Found Relative: joining https://news.linkedin.com/news and /2025/linkedin_update_engineering_march2025
============ Checking for Redirections: https://news.linkedin.com/2025/linkedin_update_engineering_march2025
============ Link after cleaning: https://news.linkedin.com/2025/linkedin_update_engineering_march2025
========== scraping https://news.linkedin.com/2025/linkedin_update_engineering_march2025
============ New link added. Search term (AI ) found on https://news.linkedin.com/2025/linkedin_update_engineering_march2025.
======== We are on link 29 of 71
========== raw link /2025/linkedin_update_engineering_march2025
============ Found Relative: joining https://news.linkedin.com/news and /2025/linkedin_update_engineering_march2025
============ Checking for Redirections: https://news.linkedin.com/2025/linkedin_update_engineering_march2025
============ Link after cleaning: https://news.linkedin.com/2025/linkedin_update_engineering_march2025
========== link already checked
======== We are on link 30 of 71
========== raw link https://news.linkedin.com/authors/linkedin-corporate-communications-team
============ Checking for Redirections: https://news.linkedin.com/authors/linkedin-corporate-communications-team
============ Link unchanged
========== link already checked
======== We are on link 31 of 71
========== raw link /2025/linkedin-announces-zip-
============ Found Relative: joining https://news.linkedin.com/news and /2025/linkedin-announces-zip-
============ Checking for Redirections: https://news.linkedin.com/2025/linkedin-announces-zip-
============ Link after cleaning: https://news.linkedin.com/2025/linkedin-announces-zip-
========== scraping https://news.linkedin.com/2025/linkedin-announces-zip-
======== We are on link 32 of 71
========== raw link /2025/linkedin-announces-zip-
============ Found Relative: joining https://news.linkedin.com/news and /2025/linkedin-announces-zip-
============ Checking for Redirections: https://news.linkedin.com/2025/linkedin-announces-zip-
============ Link after cleaning: https://news.linkedin.com/2025/linkedin-announces-zip-
========== link already checked
======== We are on link 33 of 71
========== raw link https://news.linkedin.com/authors/linkedin-corporate-communications-team
============ Checking for Redirections: https://news.linkedin.com/authors/linkedin-corporate-communications-team
============ Link unchanged
========== link already checked
======== We are on link 34 of 71
========== raw link /topic/latin-america
============ Found Relative: joining https://news.linkedin.com/news and /topic/latin-america
============ Checking for Redirections: https://news.linkedin.com/topic/latin-america
============ Link after cleaning: https://news.linkedin.com/topic/latin-america
========== scraping https://news.linkedin.com/topic/latin-america
======== We are on link 35 of 71
========== raw link /topic/europe
============ Found Relative: joining https://news.linkedin.com/news and /topic/europe
============ Checking for Redirections: https://news.linkedin.com/topic/europe
============ Link after cleaning: https://news.linkedin.com/topic/europe
========== scraping https://news.linkedin.com/topic/europe
======== We are on link 36 of 71
========== raw link /topic/middle-east
============ Found Relative: joining https://news.linkedin.com/news and /topic/middle-east
============ Checking for Redirections: https://news.linkedin.com/topic/middle-east
============ Link after cleaning: https://news.linkedin.com/topic/middle-east
========== scraping https://news.linkedin.com/topic/middle-east
======== We are on link 37 of 71
========== raw link /topic/australia
============ Found Relative: joining https://news.linkedin.com/news and /topic/australia
============ Checking for Redirections: https://news.linkedin.com/topic/australia
============ Link after cleaning: https://news.linkedin.com/topic/australia
========== scraping https://news.linkedin.com/topic/australia
======== We are on link 38 of 71
========== raw link /topic/africa
============ Found Relative: joining https://news.linkedin.com/news and /topic/africa
============ Checking for Redirections: https://news.linkedin.com/topic/africa
============ Link after cleaning: https://news.linkedin.com/topic/africa
========== scraping https://news.linkedin.com/topic/africa
======== We are on link 39 of 71
========== raw link /topic/product-news
============ Found Relative: joining https://news.linkedin.com/news and /topic/product-news
============ Checking for Redirections: https://news.linkedin.com/topic/product-news
============ Link after cleaning: https://news.linkedin.com/topic/product-news
========== link already checked
======== We are on link 40 of 71
========== raw link /topic/company-news
============ Found Relative: joining https://news.linkedin.com/news and /topic/company-news
============ Checking for Redirections: https://news.linkedin.com/topic/company-news
============ Link after cleaning: https://news.linkedin.com/topic/company-news
========== link already checked
======== We are on link 41 of 71
========== raw link /topic/data-and-insights
============ Found Relative: joining https://news.linkedin.com/news and /topic/data-and-insights
============ Checking for Redirections: https://news.linkedin.com/topic/data-and-insights
============ Link after cleaning: https://news.linkedin.com/topic/data-and-insights
========== link already checked
======== We are on link 42 of 71
========== raw link /2025/the-roi-of-ai--new-research-on-how-ai-is-transforming-b2b-sales
============ Found Relative: joining https://news.linkedin.com/news and /2025/the-roi-of-ai--new-research-on-how-ai-is-transforming-b2b-sales
============ Checking for Redirections: https://news.linkedin.com/2025/the-roi-of-ai--new-research-on-how-ai-is-transforming-b2b-sales
============ Link after cleaning: https://news.linkedin.com/2025/the-roi-of-ai--new-research-on-how-ai-is-transforming-b2b-sales
========== scraping https://news.linkedin.com/2025/the-roi-of-ai--new-research-on-how-ai-is-transforming-b2b-sales
============ New link added. Search term (AI ) found on https://news.linkedin.com/2025/the-roi-of-ai--new-research-on-how-ai-is-transforming-b2b-sales.
======== We are on link 43 of 71
========== raw link /2025/the-roi-of-ai--new-research-on-how-ai-is-transforming-b2b-sales
============ Found Relative: joining https://news.linkedin.com/news and /2025/the-roi-of-ai--new-research-on-how-ai-is-transforming-b2b-sales
============ Checking for Redirections: https://news.linkedin.com/2025/the-roi-of-ai--new-research-on-how-ai-is-transforming-b2b-sales
============ Link after cleaning: https://news.linkedin.com/2025/the-roi-of-ai--new-research-on-how-ai-is-transforming-b2b-sales
========== link already checked
======== We are on link 44 of 71
========== raw link https://news.linkedin.com/authors/linkedin-corporate-communications-team
============ Checking for Redirections: https://news.linkedin.com/authors/linkedin-corporate-communications-team
============ Link unchanged
========== link already checked
======== We are on link 45 of 71
========== raw link /topic/research
============ Found Relative: joining https://news.linkedin.com/news and /topic/research
============ Checking for Redirections: https://news.linkedin.com/topic/research
============ Link after cleaning: https://news.linkedin.com/topic/research
========== scraping https://news.linkedin.com/topic/research
============ New link added. Search term (AI ) found on https://news.linkedin.com/topic/research.
======== We are on link 46 of 71
========== raw link /topic/data-and-insights
============ Found Relative: joining https://news.linkedin.com/news and /topic/data-and-insights
============ Checking for Redirections: https://news.linkedin.com/topic/data-and-insights
============ Link after cleaning: https://news.linkedin.com/topic/data-and-insights
========== link already checked
======== We are on link 47 of 71
========== raw link /2025/london-experience-center
============ Found Relative: joining https://news.linkedin.com/news and /2025/london-experience-center
============ Checking for Redirections: https://news.linkedin.com/2025/london-experience-center
============ Link after cleaning: https://news.linkedin.com/2025/london-experience-center
========== scraping https://news.linkedin.com/2025/london-experience-center
============ New link added. Search term (AI ) found on https://news.linkedin.com/2025/london-experience-center.
======== We are on link 48 of 71
========== raw link /2025/london-experience-center
============ Found Relative: joining https://news.linkedin.com/news and /2025/london-experience-center
============ Checking for Redirections: https://news.linkedin.com/2025/london-experience-center
============ Link after cleaning: https://news.linkedin.com/2025/london-experience-center
========== link already checked
======== We are on link 49 of 71
========== raw link https://news.linkedin.com/authors/linkedin-corporate-communications-team
============ Checking for Redirections: https://news.linkedin.com/authors/linkedin-corporate-communications-team
============ Link unchanged
========== link already checked
======== We are on link 50 of 71
========== raw link /topic/company-news
============ Found Relative: joining https://news.linkedin.com/news and /topic/company-news
============ Checking for Redirections: https://news.linkedin.com/topic/company-news
============ Link after cleaning: https://news.linkedin.com/topic/company-news
========== link already checked
======== We are on link 51 of 71
========== raw link /topic/europe
============ Found Relative: joining https://news.linkedin.com/news and /topic/europe
============ Checking for Redirections: https://news.linkedin.com/topic/europe
============ Link after cleaning: https://news.linkedin.com/topic/europe
========== link already checked
======== We are on link 52 of 71
========== raw link /topic/emea
============ Found Relative: joining https://news.linkedin.com/news and /topic/emea
============ Checking for Redirections: https://news.linkedin.com/topic/emea
============ Link after cleaning: https://news.linkedin.com/topic/emea
========== scraping https://news.linkedin.com/topic/emea
======== We are on link 53 of 71
========== raw link /topic/social-impact
============ Found Relative: joining https://news.linkedin.com/news and /topic/social-impact
============ Checking for Redirections: https://news.linkedin.com/topic/social-impact
============ Link after cleaning: https://news.linkedin.com/topic/social-impact
========== scraping https://news.linkedin.com/topic/social-impact
======== We are on link 54 of 71
========== raw link /news?page=2#post-list-1999659809
============ Found Relative: joining https://news.linkedin.com/news and /news?page=2#post-list-1999659809
============ Checking for Redirections: https://news.linkedin.com/news?page=2#post-list-1999659809
============ Link after cleaning: https://news.linkedin.com/news
========== link already checked
======== We are on link 55 of 71
========== raw link /news?page=3#post-list-1999659809
============ Found Relative: joining https://news.linkedin.com/news and /news?page=3#post-list-1999659809
============ Checking for Redirections: https://news.linkedin.com/news?page=3#post-list-1999659809
============ Link after cleaning: https://news.linkedin.com/news
========== link already checked
======== We are on link 56 of 71
========== raw link /news?page=4#post-list-1999659809
============ Found Relative: joining https://news.linkedin.com/news and /news?page=4#post-list-1999659809
============ Checking for Redirections: https://news.linkedin.com/news?page=4#post-list-1999659809
============ Link after cleaning: https://news.linkedin.com/news
========== link already checked
======== We are on link 57 of 71
========== raw link /news?page=5#post-list-1999659809
============ Found Relative: joining https://news.linkedin.com/news and /news?page=5#post-list-1999659809
============ Checking for Redirections: https://news.linkedin.com/news?page=5#post-list-1999659809
============ Link after cleaning: https://news.linkedin.com/news
========== link already checked
======== We are on link 58 of 71
========== raw link /news?page=6#post-list-1999659809
============ Found Relative: joining https://news.linkedin.com/news and /news?page=6#post-list-1999659809
============ Checking for Redirections: https://news.linkedin.com/news?page=6#post-list-1999659809
============ Link after cleaning: https://news.linkedin.com/news
========== link already checked
======== We are on link 59 of 71
========== raw link /news?page=7#post-list-1999659809
============ Found Relative: joining https://news.linkedin.com/news and /news?page=7#post-list-1999659809
============ Checking for Redirections: https://news.linkedin.com/news?page=7#post-list-1999659809
============ Link after cleaning: https://news.linkedin.com/news
========== link already checked
======== We are on link 60 of 71
========== raw link /news?page=8#post-list-1999659809
============ Found Relative: joining https://news.linkedin.com/news and /news?page=8#post-list-1999659809
============ Checking for Redirections: https://news.linkedin.com/news?page=8#post-list-1999659809
============ Link after cleaning: https://news.linkedin.com/news
========== link already checked
======== We are on link 61 of 71
========== raw link /news?page=56#post-list-1999659809
============ Found Relative: joining https://news.linkedin.com/news and /news?page=56#post-list-1999659809
============ Checking for Redirections: https://news.linkedin.com/news?page=56#post-list-1999659809
============ Link after cleaning: https://news.linkedin.com/news
========== link already checked
======== We are on link 62 of 71
========== raw link /news?page=2#post-list-1999659809
============ Found Relative: joining https://news.linkedin.com/news and /news?page=2#post-list-1999659809
============ Checking for Redirections: https://news.linkedin.com/news?page=2#post-list-1999659809
============ Link after cleaning: https://news.linkedin.com/news
========== link already checked
======== We are on link 63 of 71
========== raw link https://www.linkedin.com/company/linkedin/?src=direct%2Fnone&veh=direct%2Fnone
============ Checking for Redirections: https://www.linkedin.com/company/linkedin/?src=direct%2Fnone&veh=direct%2Fnone
============ Followed Redirection to https://www.linkedin.com/authwall?trk=bf&trkInfo=AQEE-1Q1WxssdgAAAZaet5bQF8MWeW9ZcLoF20NtEkiF1qhDs-EQxJUKGXkzOiy4ya9caWhGAdCfoOyCEFKiKMuLxVuaxEyFhvND7JTXr3eZ3GraoXwRmMsmkhM0mAmne3mHGvs=&original_referer=&sessionRedirect=https%3A%2F%2Fwww.linkedin.com%2Fcompany%2Flinkedin%2F%3Fsrc%3Ddirect%252Fnone%26veh%3Ddirect%252Fnone
============ Link after cleaning: https://www.linkedin.com/authwall
========== scraping https://www.linkedin.com/authwall
======== We are on link 64 of 71
========== raw link https://twitter.com/LinkedIn/lists/official-linkedin
========== dropped link https://twitter.com/LinkedIn/lists/official-linkedin. Didn't pass first allows/blocks test.
======== We are on link 65 of 71
========== raw link https://www.youtube.com/user/LinkedIn
========== dropped link https://www.youtube.com/user/LinkedIn. Didn't pass first allows/blocks test.
======== We are on link 66 of 71
========== raw link https://about.linkedin.com
============ Checking for Redirections: https://about.linkedin.com
============ Followed Redirection to https://about.linkedin.com/
============ Link after cleaning: https://about.linkedin.com/
========== link already checked
======== We are on link 67 of 71
========== raw link https://www.linkedin.com/legal/cookie-policy?src=direct%2Fnone&veh=direct%2Fnone
============ Checking for Redirections: https://www.linkedin.com/legal/cookie-policy?src=direct%2Fnone&veh=direct%2Fnone
============ Link after cleaning: https://www.linkedin.com/legal/cookie-policy
========== link already checked
======== We are on link 68 of 71
========== raw link https://www.linkedin.com/legal/privacy-policy?src=direct%2Fnone&veh=direct%2Fnone
============ Checking for Redirections: https://www.linkedin.com/legal/privacy-policy?src=direct%2Fnone&veh=direct%2Fnone
============ Link after cleaning: https://www.linkedin.com/legal/privacy-policy
========== link already checked
======== We are on link 69 of 71
========== raw link https://www.linkedin.com/legal/california-privacy-disclosure?src=direct%2Fnone&veh=direct%2Fnone
============ Checking for Redirections: https://www.linkedin.com/legal/california-privacy-disclosure?src=direct%2Fnone&veh=direct%2Fnone
============ Link after cleaning: https://www.linkedin.com/legal/california-privacy-disclosure
========== link already checked
======== We are on link 70 of 71
========== raw link https://www.linkedin.com/legal/user-agreement?src=direct%2Fnone&veh=direct%2Fnone
============ Checking for Redirections: https://www.linkedin.com/legal/user-agreement?src=direct%2Fnone&veh=direct%2Fnone
============ Link after cleaning: https://www.linkedin.com/legal/user-agreement
========== link already checked
======== We are on link 71 of 71
========== raw link https://www.linkedin.com/accessibility?src=direct%2Fnone&veh=direct%2Fnone
============ Checking for Redirections: https://www.linkedin.com/accessibility?src=direct%2Fnone&veh=direct%2Fnone
============ Link after cleaning: https://www.linkedin.com/accessibility
========== link already checked
====== We are on page 4 of 15: https://about.linkedin.com/
====== Number of Links on this Page: 14
======== We are on link 1 of 14
========== raw link http://linkedin.com/?src=direct%2Fnone&veh=direct%2Fnone
============ Checking for Redirections: http://linkedin.com/?src=direct%2Fnone&veh=direct%2Fnone
============ Followed Redirection to https://www.linkedin.com/?src=direct%2Fnone&veh=direct%2Fnone
============ Link after cleaning: https://www.linkedin.com/
========== scraping https://www.linkedin.com/
============ New link added. Search term (artificial intelligen) found on https://www.linkedin.com/.
======== We are on link 2 of 14
========== raw link https://www.linkedin.com/in/reidhoffman/?src=direct%2Fnone&veh=direct%2Fnone
============ Checking for Redirections: https://www.linkedin.com/in/reidhoffman/?src=direct%2Fnone&veh=direct%2Fnone
============ Followed Redirection to https://www.linkedin.com/authwall?trk=bf&trkInfo=AQGPPhuCE1C1igAAAZaet9k48ziTHkvay9nt1nGT_jc9mYrUwoOKqXsV-BqAC3z1K4EhBE75y-d9Yhi0cMVR_rNd0fBMXPQYunq5W1ft0YqbTKopWySoSn00KpP3fM9i8f5fF_M=&original_referer=&sessionRedirect=https%3A%2F%2Fwww.linkedin.com%2Fin%2Freidhoffman%2F%3Fsrc%3Ddirect%252Fnone%26veh%3Ddirect%252Fnone
============ Link after cleaning: https://www.linkedin.com/authwall
========== link already checked
======== We are on link 3 of 14
========== raw link https://www.linkedin.com/in/ryanroslansky/?src=direct%2Fnone&veh=direct%2Fnone
============ Checking for Redirections: https://www.linkedin.com/in/ryanroslansky/?src=direct%2Fnone&veh=direct%2Fnone
============ Followed Redirection to https://www.linkedin.com/authwall?trk=bf&trkInfo=AQHTsMk-tU3MkAAAAZaet-jY1NR7itiqxDiAjL4HGpOWB2AC1u4kowhs_mpED88rxpZwnrQnHp5Eud9k18OjXiOFnX1SLkIZdqJrcKSoAwtz7ChjXpVGIG6KMdWgEir2-PmZmkc=&original_referer=&sessionRedirect=https%3A%2F%2Fwww.linkedin.com%2Fin%2Fryanroslansky%2F%3Fsrc%3Ddirect%252Fnone%26veh%3Ddirect%252Fnone
============ Link after cleaning: https://www.linkedin.com/authwall
========== link already checked
======== We are on link 4 of 14
========== raw link https://business.linkedin.com/
============ Checking for Redirections: https://business.linkedin.com/
============ Link unchanged
========== scraping https://business.linkedin.com/
======== We are on link 5 of 14
========== raw link https://www.linkedin.com/company/linkedin?src=direct%2Fnone&veh=direct%2Fnone
============ Checking for Redirections: https://www.linkedin.com/company/linkedin?src=direct%2Fnone&veh=direct%2Fnone
============ Followed Redirection to https://www.linkedin.com/authwall?trk=bf&trkInfo=AQFvFMgzsL3_6QAAAZaeuABIjpbM91NlQkoCJgfqwDr-myshEsyMql4JiGpYXVhA9gVIYoQ0T2iZVFWB5RjQkpkcyoGUIgLO-M_WJwCYiBhYK7AP8ypGho2f3hXbGXUNdPo_CWU=&original_referer=&sessionRedirect=https%3A%2F%2Fwww.linkedin.com%2Fcompany%2Flinkedin%3Fsrc%3Ddirect%252Fnone%26veh%3Ddirect%252Fnone
============ Link after cleaning: https://www.linkedin.com/authwall
========== link already checked
======== We are on link 6 of 14
========== raw link https://news.linkedin.com/
============ Checking for Redirections: https://news.linkedin.com/
============ Link unchanged
========== scraping https://news.linkedin.com/
============ New link added. Search term (AI ) found on https://news.linkedin.com/.
======== We are on link 7 of 14
========== raw link https://brand.linkedin.com/policies
============ Checking for Redirections: https://brand.linkedin.com/policies
============ Followed Redirection to https://brand.linkedin.com/en-us
============ Link after cleaning: https://brand.linkedin.com/en-us
========== link already checked
======== We are on link 8 of 14
========== raw link https://about.linkedin.com
============ Checking for Redirections: https://about.linkedin.com
============ Followed Redirection to https://about.linkedin.com/
============ Link after cleaning: https://about.linkedin.com/
========== link already checked
======== We are on link 9 of 14
========== raw link https://www.linkedin.com/legal/cookie-policy?src=direct%2Fnone&veh=direct%2Fnone
============ Checking for Redirections: https://www.linkedin.com/legal/cookie-policy?src=direct%2Fnone&veh=direct%2Fnone
============ Link after cleaning: https://www.linkedin.com/legal/cookie-policy
========== link already checked
======== We are on link 10 of 14
========== raw link https://www.linkedin.com/legal/privacy-policy?src=direct%2Fnone&veh=direct%2Fnone
============ Checking for Redirections: https://www.linkedin.com/legal/privacy-policy?src=direct%2Fnone&veh=direct%2Fnone
============ Link after cleaning: https://www.linkedin.com/legal/privacy-policy
========== link already checked
======== We are on link 11 of 14
========== raw link https://www.linkedin.com/legal/california-privacy-disclosure?src=direct%2Fnone&veh=direct%2Fnone
============ Checking for Redirections: https://www.linkedin.com/legal/california-privacy-disclosure?src=direct%2Fnone&veh=direct%2Fnone
============ Link after cleaning: https://www.linkedin.com/legal/california-privacy-disclosure
========== link already checked
======== We are on link 12 of 14
========== raw link https://www.linkedin.com/legal/user-agreement?src=direct%2Fnone&veh=direct%2Fnone
============ Checking for Redirections: https://www.linkedin.com/legal/user-agreement?src=direct%2Fnone&veh=direct%2Fnone
============ Link after cleaning: https://www.linkedin.com/legal/user-agreement
========== link already checked
======== We are on link 13 of 14
========== raw link https://www.linkedin.com/accessibility?src=direct%2Fnone&veh=direct%2Fnone
============ Checking for Redirections: https://www.linkedin.com/accessibility?src=direct%2Fnone&veh=direct%2Fnone
============ Link after cleaning: https://www.linkedin.com/accessibility
========== link already checked
======== We are on link 14 of 14
========== raw link https://www.linkedin.com/legal/impressum?src=direct%2Fnone&veh=direct%2Fnone
============ Checking for Redirections: https://www.linkedin.com/legal/impressum?src=direct%2Fnone&veh=direct%2Fnone
============ Link after cleaning: https://www.linkedin.com/legal/impressum
========== scraping https://www.linkedin.com/legal/impressum
====== We are on page 5 of 15: https://www.linkedin.com/help/linkedin
====== Number of Links on this Page: 46
======== We are on link 1 of 46
========== raw link #a11y-main
========== dropped link (either fragment ("#"), js, mailto, comment, pdf, or empty)
======== We are on link 2 of 46
========== raw link #site-search-common-search-query
========== dropped link (either fragment ("#"), js, mailto, comment, pdf, or empty)
======== We are on link 3 of 46
========== raw link https://www.linkedin.com/help/linkedin
============ Checking for Redirections: https://www.linkedin.com/help/linkedin
============ Link unchanged
========== link already checked
======== We are on link 4 of 46
========== raw link /help/linkedin?trk=help_me_menu
============ Found Relative: joining https://www.linkedin.com/help/linkedin and /help/linkedin?trk=help_me_menu
============ Checking for Redirections: https://www.linkedin.com/help/linkedin?trk=help_me_menu
============ Link after cleaning: https://www.linkedin.com/help/linkedin
========== link already checked
======== We are on link 5 of 46
========== raw link /help/billing?trk=help_me_menu
============ Found Relative: joining https://www.linkedin.com/help/linkedin and /help/billing?trk=help_me_menu
============ Checking for Redirections: https://www.linkedin.com/help/billing?trk=help_me_menu
============ Link after cleaning: https://www.linkedin.com/help/billing
========== scraping https://www.linkedin.com/help/billing
======== We are on link 6 of 46
========== raw link /help/learning?trk=help_me_menu
============ Found Relative: joining https://www.linkedin.com/help/linkedin and /help/learning?trk=help_me_menu
============ Checking for Redirections: https://www.linkedin.com/help/learning?trk=help_me_menu
============ Link after cleaning: https://www.linkedin.com/help/learning
========== scraping https://www.linkedin.com/help/learning
======== We are on link 7 of 46
========== raw link /help/lms?trk=help_me_menu
============ Found Relative: joining https://www.linkedin.com/help/linkedin and /help/lms?trk=help_me_menu
============ Checking for Redirections: https://www.linkedin.com/help/lms?trk=help_me_menu
============ Link after cleaning: https://www.linkedin.com/help/lms
========== scraping https://www.linkedin.com/help/lms
======== We are on link 8 of 46
========== raw link /help/recruiter?trk=help_me_menu
============ Found Relative: joining https://www.linkedin.com/help/linkedin and /help/recruiter?trk=help_me_menu
============ Checking for Redirections: https://www.linkedin.com/help/recruiter?trk=help_me_menu
============ Link after cleaning: https://www.linkedin.com/help/recruiter
========== scraping https://www.linkedin.com/help/recruiter
======== We are on link 9 of 46
========== raw link /help/sales-navigator?trk=help_me_menu
============ Found Relative: joining https://www.linkedin.com/help/linkedin and /help/sales-navigator?trk=help_me_menu
============ Checking for Redirections: https://www.linkedin.com/help/sales-navigator?trk=help_me_menu
============ Link after cleaning: https://www.linkedin.com/help/sales-navigator
========== scraping https://www.linkedin.com/help/sales-navigator
======== We are on link 10 of 46
========== raw link /help/talent-insights?trk=help_me_menu
============ Found Relative: joining https://www.linkedin.com/help/linkedin and /help/talent-insights?trk=help_me_menu
============ Checking for Redirections: https://www.linkedin.com/help/talent-insights?trk=help_me_menu
============ Link after cleaning: https://www.linkedin.com/help/talent-insights
========== scraping https://www.linkedin.com/help/talent-insights
======== We are on link 11 of 46
========== raw link https://www.linkedin.com/?trk=help_me_menu
============ Checking for Redirections: https://www.linkedin.com/?trk=help_me_menu
============ Link after cleaning: https://www.linkedin.com/
========== link already checked
======== We are on link 12 of 46
========== raw link https://www.linkedin.com/checkpoint/lg/login?session_redirect=https%3A%2F%2Fwww%2Elinkedin%2Ecom%2Fhelp%2Flinkedin&trk=help_me_menu
========== dropped link https://www.linkedin.com/checkpoint/lg/login?session_redirect=https%3A%2F%2Fwww%2Elinkedin%2Ecom%2Fhelp%2Flinkedin&trk=help_me_menu. Didn't pass first allows/blocks test.
======== We are on link 13 of 46
========== raw link https://www.linkedin.com/checkpoint/lg/login?session_redirect=https%3A%2F%2Fwww%2Elinkedin%2Ecom%2Fhelp%2Flinkedin
========== dropped link https://www.linkedin.com/checkpoint/lg/login?session_redirect=https%3A%2F%2Fwww%2Elinkedin%2Ecom%2Fhelp%2Flinkedin. Didn't pass first allows/blocks test.
======== We are on link 14 of 46
========== raw link https://www.linkedin.com/checkpoint/lg/login?session_redirect=https%3A%2F%2Fwww%2Elinkedin%2Ecom%2Fhelp%2Flinkedin
========== dropped link https://www.linkedin.com/checkpoint/lg/login?session_redirect=https%3A%2F%2Fwww%2Elinkedin%2Ecom%2Fhelp%2Flinkedin. Didn't pass first allows/blocks test.
======== We are on link 15 of 46
========== raw link /legal/professional-community-policies?trk=hc-hp-support
============ Found Relative: joining https://www.linkedin.com/help/linkedin and /legal/professional-community-policies?trk=hc-hp-support
============ Checking for Redirections: https://www.linkedin.com/legal/professional-community-policies?trk=hc-hp-support
============ Link after cleaning: https://www.linkedin.com/legal/professional-community-policies
========== link already checked
======== We are on link 16 of 46
========== raw link //safety.linkedin.com?trk=hc-hp-support
============ Prepended scheme.
============ Checking for Redirections: https://safety.linkedin.com?trk=hc-hp-support
============ Followed Redirection to https://about.linkedin.com/transparency?trk=hc-hp-support
============ Link after cleaning: https://about.linkedin.com/transparency
========== link already checked
======== We are on link 17 of 46
========== raw link //linkedin-status.com
============ Prepended scheme.
========== dropped link https://linkedin-status.com. Didn't pass first allows/blocks test.
======== We are on link 18 of 46
========== raw link /psettings/email?trk=hc-hp-shortcuts
============ Found Relative: joining https://www.linkedin.com/help/linkedin and /psettings/email?trk=hc-hp-shortcuts
============ Checking for Redirections: https://www.linkedin.com/psettings/email?trk=hc-hp-shortcuts
============ Followed Redirection to https://www.linkedin.com/uas/login?session_redirect=https%3A%2F%2Fwww.linkedin.com%2Fmypreferences%2Fd%2Fmanage-email-addresses
============ Link after cleaning: https://www.linkedin.com/uas/login
============ Excluded based on allow/block list.
======== We are on link 19 of 46
========== raw link /uas/request-password-reset?trk=hc-hp-shortcuts
============ Found Relative: joining https://www.linkedin.com/help/linkedin and /uas/request-password-reset?trk=hc-hp-shortcuts
============ Checking for Redirections: https://www.linkedin.com/uas/request-password-reset?trk=hc-hp-shortcuts
============ Followed Redirection to https://www.linkedin.com/uas/request-password-reset?trk=hc-hp-shortcuts&original_referer=
============ Link after cleaning: https://www.linkedin.com/uas/request-password-reset
========== scraping https://www.linkedin.com/uas/request-password-reset
======== We are on link 20 of 46
========== raw link /help/linkedin/answer/a545578?trk=hc-hp-shortcuts
============ Found Relative: joining https://www.linkedin.com/help/linkedin and /help/linkedin/answer/a545578?trk=hc-hp-shortcuts
============ Checking for Redirections: https://www.linkedin.com/help/linkedin/answer/a545578?trk=hc-hp-shortcuts
============ Link after cleaning: https://www.linkedin.com/help/linkedin/answer/a545578
========== scraping https://www.linkedin.com/help/linkedin/answer/a545578
======== We are on link 21 of 46
========== raw link /psettings/account-management/close-action-needed?trk=hc-hp-shortcuts
============ Found Relative: joining https://www.linkedin.com/help/linkedin and /psettings/account-management/close-action-needed?trk=hc-hp-shortcuts
============ Checking for Redirections: https://www.linkedin.com/psettings/account-management/close-action-needed?trk=hc-hp-shortcuts
============ Followed Redirection to https://www.linkedin.com/uas/login?session_redirect=https%3A%2F%2Fwww.linkedin.com%2Fmypreferences%2Fd%2Fclose-accounts
============ Link after cleaning: https://www.linkedin.com/uas/login
============ Excluded based on allow/block list.
======== We are on link 22 of 46
========== raw link /help/linkedin/answer/a518980?trk=hc-hp-shortcuts
============ Found Relative: joining https://www.linkedin.com/help/linkedin and /help/linkedin/answer/a518980?trk=hc-hp-shortcuts
============ Checking for Redirections: https://www.linkedin.com/help/linkedin/answer/a518980?trk=hc-hp-shortcuts
========== dropped link https://www.linkedin.com/help/linkedin/answer/a518980?trk=hc-hp-shortcuts. Could not follow redirection (or it was a meaninglessly small page or bot blocked by sessionID).
======== We are on link 23 of 46
========== raw link /help/linkedin/answer/a512388?trk=hc-hp-shortcuts
============ Found Relative: joining https://www.linkedin.com/help/linkedin and /help/linkedin/answer/a512388?trk=hc-hp-shortcuts
============ Checking for Redirections: https://www.linkedin.com/help/linkedin/answer/a512388?trk=hc-hp-shortcuts
========== dropped link https://www.linkedin.com/help/linkedin/answer/a512388?trk=hc-hp-shortcuts. Could not follow redirection (or it was a meaninglessly small page or bot blocked by sessionID).
======== We are on link 24 of 46
========== raw link /help/linkedin/answer/a597870?trk=hc-hp-recommendedTopics
============ Found Relative: joining https://www.linkedin.com/help/linkedin and /help/linkedin/answer/a597870?trk=hc-hp-recommendedTopics
============ Checking for Redirections: https://www.linkedin.com/help/linkedin/answer/a597870?trk=hc-hp-recommendedTopics
========== dropped link https://www.linkedin.com/help/linkedin/answer/a597870?trk=hc-hp-recommendedTopics. Could not follow redirection (or it was a meaninglessly small page or bot blocked by sessionID).
======== We are on link 25 of 46
========== raw link /help/linkedin/topic/a51?trk=hc-hp-recommendedTopics
============ Found Relative: joining https://www.linkedin.com/help/linkedin and /help/linkedin/topic/a51?trk=hc-hp-recommendedTopics
============ Checking for Redirections: https://www.linkedin.com/help/linkedin/topic/a51?trk=hc-hp-recommendedTopics
========== dropped link https://www.linkedin.com/help/linkedin/topic/a51?trk=hc-hp-recommendedTopics. Could not follow redirection (or it was a meaninglessly small page or bot blocked by sessionID).
======== We are on link 26 of 46
========== raw link /help/linkedin/topic/a65?trk=hc-hp-recommendedTopics
============ Found Relative: joining https://www.linkedin.com/help/linkedin and /help/linkedin/topic/a65?trk=hc-hp-recommendedTopics
============ Checking for Redirections: https://www.linkedin.com/help/linkedin/topic/a65?trk=hc-hp-recommendedTopics
========== dropped link https://www.linkedin.com/help/linkedin/topic/a65?trk=hc-hp-recommendedTopics. Could not follow redirection (or it was a meaninglessly small page or bot blocked by sessionID).
======== We are on link 27 of 46
========== raw link /help/linkedin/topic/a58?trk=hc-hp-recommendedTopics
============ Found Relative: joining https://www.linkedin.com/help/linkedin and /help/linkedin/topic/a58?trk=hc-hp-recommendedTopics
============ Checking for Redirections: https://www.linkedin.com/help/linkedin/topic/a58?trk=hc-hp-recommendedTopics
========== dropped link https://www.linkedin.com/help/linkedin/topic/a58?trk=hc-hp-recommendedTopics. Could not follow redirection (or it was a meaninglessly small page or bot blocked by sessionID).
======== We are on link 28 of 46
========== raw link /help/linkedin/topic/a64?trk=hc-hp-recommendedTopics
============ Found Relative: joining https://www.linkedin.com/help/linkedin and /help/linkedin/topic/a64?trk=hc-hp-recommendedTopics
============ Checking for Redirections: https://www.linkedin.com/help/linkedin/topic/a64?trk=hc-hp-recommendedTopics
========== dropped link https://www.linkedin.com/help/linkedin/topic/a64?trk=hc-hp-recommendedTopics. Could not follow redirection (or it was a meaninglessly small page or bot blocked by sessionID).
======== We are on link 29 of 46
========== raw link /help/linkedin/topic/a151001?trk=hc-hp-recommendedTopics
============ Found Relative: joining https://www.linkedin.com/help/linkedin and /help/linkedin/topic/a151001?trk=hc-hp-recommendedTopics
============ Checking for Redirections: https://www.linkedin.com/help/linkedin/topic/a151001?trk=hc-hp-recommendedTopics
========== dropped link https://www.linkedin.com/help/linkedin/topic/a151001?trk=hc-hp-recommendedTopics. Could not follow redirection (or it was a meaninglessly small page or bot blocked by sessionID).
======== We are on link 30 of 46
========== raw link /help/linkedin/topic/a153003?trk=hc-hp-recommendedTopics
============ Found Relative: joining https://www.linkedin.com/help/linkedin and /help/linkedin/topic/a153003?trk=hc-hp-recommendedTopics
============ Checking for Redirections: https://www.linkedin.com/help/linkedin/topic/a153003?trk=hc-hp-recommendedTopics
========== dropped link https://www.linkedin.com/help/linkedin/topic/a153003?trk=hc-hp-recommendedTopics. Could not follow redirection (or it was a meaninglessly small page or bot blocked by sessionID).
======== We are on link 31 of 46
========== raw link /help/linkedin/answer/a517979?trk=hc-hp-suggestedArticles
============ Found Relative: joining https://www.linkedin.com/help/linkedin and /help/linkedin/answer/a517979?trk=hc-hp-suggestedArticles
============ Checking for Redirections: https://www.linkedin.com/help/linkedin/answer/a517979?trk=hc-hp-suggestedArticles
========== dropped link https://www.linkedin.com/help/linkedin/answer/a517979?trk=hc-hp-suggestedArticles. Could not follow redirection (or it was a meaninglessly small page or bot blocked by sessionID).
======== We are on link 32 of 46
========== raw link /help/linkedin/answer/a545578?trk=hc-hp-suggestedArticles
============ Found Relative: joining https://www.linkedin.com/help/linkedin and /help/linkedin/answer/a545578?trk=hc-hp-suggestedArticles
============ Checking for Redirections: https://www.linkedin.com/help/linkedin/answer/a545578?trk=hc-hp-suggestedArticles
========== dropped link https://www.linkedin.com/help/linkedin/answer/a545578?trk=hc-hp-suggestedArticles. Could not follow redirection (or it was a meaninglessly small page or bot blocked by sessionID).
======== We are on link 33 of 46
========== raw link /help/linkedin/answer/a523141?trk=hc-hp-suggestedArticles
============ Found Relative: joining https://www.linkedin.com/help/linkedin and /help/linkedin/answer/a523141?trk=hc-hp-suggestedArticles
============ Checking for Redirections: https://www.linkedin.com/help/linkedin/answer/a523141?trk=hc-hp-suggestedArticles
========== dropped link https://www.linkedin.com/help/linkedin/answer/a523141?trk=hc-hp-suggestedArticles. Could not follow redirection (or it was a meaninglessly small page or bot blocked by sessionID).
======== We are on link 34 of 46
========== raw link /help/linkedin/answer/a523397?trk=hc-hp-suggestedArticles
============ Found Relative: joining https://www.linkedin.com/help/linkedin and /help/linkedin/answer/a523397?trk=hc-hp-suggestedArticles
============ Checking for Redirections: https://www.linkedin.com/help/linkedin/answer/a523397?trk=hc-hp-suggestedArticles
========== dropped link https://www.linkedin.com/help/linkedin/answer/a523397?trk=hc-hp-suggestedArticles. Could not follow redirection (or it was a meaninglessly small page or bot blocked by sessionID).
======== We are on link 35 of 46
========== raw link /help/linkedin/answer/a529062?trk=hc-hp-suggestedArticles
============ Found Relative: joining https://www.linkedin.com/help/linkedin and /help/linkedin/answer/a529062?trk=hc-hp-suggestedArticles
============ Checking for Redirections: https://www.linkedin.com/help/linkedin/answer/a529062?trk=hc-hp-suggestedArticles
========== dropped link https://www.linkedin.com/help/linkedin/answer/a529062?trk=hc-hp-suggestedArticles. Could not follow redirection (or it was a meaninglessly small page or bot blocked by sessionID).
======== We are on link 36 of 46
========== raw link /help/linkedin/answer/a549563?trk=hc-hp-suggestedArticles
============ Found Relative: joining https://www.linkedin.com/help/linkedin and /help/linkedin/answer/a549563?trk=hc-hp-suggestedArticles
============ Checking for Redirections: https://www.linkedin.com/help/linkedin/answer/a549563?trk=hc-hp-suggestedArticles
========== dropped link https://www.linkedin.com/help/linkedin/answer/a549563?trk=hc-hp-suggestedArticles. Could not follow redirection (or it was a meaninglessly small page or bot blocked by sessionID).
======== We are on link 37 of 46
========== raw link https://www.linkedin.com
============ Checking for Redirections: https://www.linkedin.com
========== dropped link https://www.linkedin.com. Could not follow redirection (or it was a meaninglessly small page or bot blocked by sessionID).
======== We are on link 38 of 46
========== raw link https://www.linkedin.com/help/linkedin/ask
============ Checking for Redirections: https://www.linkedin.com/help/linkedin/ask
========== dropped link https://www.linkedin.com/help/linkedin/ask. Could not follow redirection (or it was a meaninglessly small page or bot blocked by sessionID).
======== We are on link 39 of 46
========== raw link https://about.linkedin.com
============ Checking for Redirections: https://about.linkedin.com
========== dropped link https://about.linkedin.com. Could not follow redirection (or it was a meaninglessly small page or bot blocked by sessionID).
======== We are on link 40 of 46
========== raw link https://safety.linkedin.com
============ Checking for Redirections: https://safety.linkedin.com
========== dropped link https://safety.linkedin.com. Could not follow redirection (or it was a meaninglessly small page or bot blocked by sessionID).
======== We are on link 41 of 46
========== raw link https://www.linkedin.com/legal/cookie-policy
============ Checking for Redirections: https://www.linkedin.com/legal/cookie-policy
========== dropped link https://www.linkedin.com/legal/cookie-policy. Could not follow redirection (or it was a meaninglessly small page or bot blocked by sessionID).
======== We are on link 42 of 46
========== raw link https://www.linkedin.com/legal/copyright-policy
============ Checking for Redirections: https://www.linkedin.com/legal/copyright-policy
========== dropped link https://www.linkedin.com/legal/copyright-policy. Could not follow redirection (or it was a meaninglessly small page or bot blocked by sessionID).
======== We are on link 43 of 46
========== raw link https://www.linkedin.com/legal/user-agreement
============ Checking for Redirections: https://www.linkedin.com/legal/user-agreement
========== dropped link https://www.linkedin.com/legal/user-agreement. Could not follow redirection (or it was a meaninglessly small page or bot blocked by sessionID).
======== We are on link 44 of 46
========== raw link https://www.linkedin.com/legal/privacy-policy
============ Checking for Redirections: https://www.linkedin.com/legal/privacy-policy
========== dropped link https://www.linkedin.com/legal/privacy-policy. Could not follow redirection (or it was a meaninglessly small page or bot blocked by sessionID).
======== We are on link 45 of 46
========== raw link https://www.linkedin.com/psettings/guest-controls
============ Checking for Redirections: https://www.linkedin.com/psettings/guest-controls
========== dropped link https://www.linkedin.com/psettings/guest-controls. Could not follow redirection (or it was a meaninglessly small page or bot blocked by sessionID).
======== We are on link 46 of 46
========== raw link https://www.linkedin.com/legal/california-privacy-disclosure
============ Checking for Redirections: https://www.linkedin.com/legal/california-privacy-disclosure
========== dropped link https://www.linkedin.com/legal/california-privacy-disclosure. Could not follow redirection (or it was a meaninglessly small page or bot blocked by sessionID).
====== We are on page 6 of 15: https://about.linkedin.com/transparency
====== Number of Links on this Page: 55
======== We are on link 1 of 55
========== raw link /transparency
============ Found Relative: joining https://about.linkedin.com/transparency and /transparency
============ Checking for Redirections: https://about.linkedin.com/transparency
========== dropped link https://about.linkedin.com/transparency. Could not follow redirection (or it was a meaninglessly small page or bot blocked by sessionID).
======== We are on link 2 of 55
========== raw link /transparency/community-report
============ Found Relative: joining https://about.linkedin.com/transparency and /transparency/community-report
============ Checking for Redirections: https://about.linkedin.com/transparency/community-report
========== dropped link https://about.linkedin.com/transparency/community-report. Could not follow redirection (or it was a meaninglessly small page or bot blocked by sessionID).
======== We are on link 3 of 55
========== raw link /transparency/government-requests-report
============ Found Relative: joining https://about.linkedin.com/transparency and /transparency/government-requests-report
============ Checking for Redirections: https://about.linkedin.com/transparency/government-requests-report
========== dropped link https://about.linkedin.com/transparency/government-requests-report. Could not follow redirection (or it was a meaninglessly small page or bot blocked by sessionID).
======== We are on link 4 of 55
========== raw link /transparency/community-report
============ Found Relative: joining https://about.linkedin.com/transparency and /transparency/community-report
============ Checking for Redirections: https://about.linkedin.com/transparency/community-report
========== dropped link https://about.linkedin.com/transparency/community-report. Could not follow redirection (or it was a meaninglessly small page or bot blocked by sessionID).
======== We are on link 5 of 55
========== raw link /transparency/community-report#fake-accounts
============ Found Relative: joining https://about.linkedin.com/transparency and /transparency/community-report#fake-accounts
============ Checking for Redirections: https://about.linkedin.com/transparency/community-report#fake-accounts
========== dropped link https://about.linkedin.com/transparency/community-report#fake-accounts. Could not follow redirection (or it was a meaninglessly small page or bot blocked by sessionID).
======== We are on link 6 of 55
========== raw link /transparency/community-report#spam-scams
============ Found Relative: joining https://about.linkedin.com/transparency and /transparency/community-report#spam-scams
============ Checking for Redirections: https://about.linkedin.com/transparency/community-report#spam-scams
========== dropped link https://about.linkedin.com/transparency/community-report#spam-scams. Could not follow redirection (or it was a meaninglessly small page or bot blocked by sessionID).
======== We are on link 7 of 55
========== raw link /transparency/community-report#content-violations
============ Found Relative: joining https://about.linkedin.com/transparency and /transparency/community-report#content-violations
============ Checking for Redirections: https://about.linkedin.com/transparency/community-report#content-violations
========== dropped link https://about.linkedin.com/transparency/community-report#content-violations. Could not follow redirection (or it was a meaninglessly small page or bot blocked by sessionID).
======== We are on link 8 of 55
========== raw link /transparency/community-report#copyright-removal-requests
============ Found Relative: joining https://about.linkedin.com/transparency and /transparency/community-report#copyright-removal-requests
============ Checking for Redirections: https://about.linkedin.com/transparency/community-report#copyright-removal-requests
========== dropped link https://about.linkedin.com/transparency/community-report#copyright-removal-requests. Could not follow redirection (or it was a meaninglessly small page or bot blocked by sessionID).
======== We are on link 9 of 55
========== raw link /transparency/government-requests-report
============ Found Relative: joining https://about.linkedin.com/transparency and /transparency/government-requests-report
============ Checking for Redirections: https://about.linkedin.com/transparency/government-requests-report
========== dropped link https://about.linkedin.com/transparency/government-requests-report. Could not follow redirection (or it was a meaninglessly small page or bot blocked by sessionID).
======== We are on link 10 of 55
========== raw link /transparency/government-requests-report#government-requests-data
============ Found Relative: joining https://about.linkedin.com/transparency and /transparency/government-requests-report#government-requests-data
============ Checking for Redirections: https://about.linkedin.com/transparency/government-requests-report#government-requests-data
========== dropped link https://about.linkedin.com/transparency/government-requests-report#government-requests-data. Could not follow redirection (or it was a meaninglessly small page or bot blocked by sessionID).
======== We are on link 11 of 55
========== raw link /transparency/government-requests-report#us-government-requests
============ Found Relative: joining https://about.linkedin.com/transparency and /transparency/government-requests-report#us-government-requests
============ Checking for Redirections: https://about.linkedin.com/transparency/government-requests-report#us-government-requests
========== dropped link https://about.linkedin.com/transparency/government-requests-report#us-government-requests. Could not follow redirection (or it was a meaninglessly small page or bot blocked by sessionID).
======== We are on link 12 of 55
========== raw link /transparency/government-requests-report#content-removal-requests
============ Found Relative: joining https://about.linkedin.com/transparency and /transparency/government-requests-report#content-removal-requests
============ Checking for Redirections: https://about.linkedin.com/transparency/government-requests-report#content-removal-requests
========== dropped link https://about.linkedin.com/transparency/government-requests-report#content-removal-requests. Could not follow redirection (or it was a meaninglessly small page or bot blocked by sessionID).
======== We are on link 13 of 55
========== raw link https://about.linkedin.com/transparency/community-report
============ Checking for Redirections: https://about.linkedin.com/transparency/community-report
========== dropped link https://about.linkedin.com/transparency/community-report. Could not follow redirection (or it was a meaninglessly small page or bot blocked by sessionID).
======== We are on link 14 of 55
========== raw link https://about.linkedin.com/transparency/community-report
============ Checking for Redirections: https://about.linkedin.com/transparency/community-report
========== dropped link https://about.linkedin.com/transparency/community-report. Could not follow redirection (or it was a meaninglessly small page or bot blocked by sessionID).
======== We are on link 15 of 55
========== raw link https://about.linkedin.com/transparency/government-requests-report
============ Checking for Redirections: https://about.linkedin.com/transparency/government-requests-report
========== dropped link https://about.linkedin.com/transparency/government-requests-report. Could not follow redirection (or it was a meaninglessly small page or bot blocked by sessionID).
======== We are on link 16 of 55
========== raw link #members
========== dropped link (either fragment ("#"), js, mailto, comment, pdf, or empty)
======== We are on link 17 of 55
========== raw link #ads
========== dropped link (either fragment ("#"), js, mailto, comment, pdf, or empty)
======== We are on link 18 of 55
========== raw link #government
========== dropped link (either fragment ("#"), js, mailto, comment, pdf, or empty)
======== We are on link 19 of 55
========== raw link https://www.linkedin.com/legal/professional-community-policies?src=direct%2Fnone&veh=direct%2Fnone%7Cdirect%2Fnone
============ Checking for Redirections: https://www.linkedin.com/legal/professional-community-policies?src=direct%2Fnone&veh=direct%2Fnone%7Cdirect%2Fnone
========== dropped link https://www.linkedin.com/legal/professional-community-policies?src=direct%2Fnone&veh=direct%2Fnone%7Cdirect%2Fnone. Could not follow redirection (or it was a meaninglessly small page or bot blocked by sessionID).
======== We are on link 20 of 55
========== raw link https://www.linkedin.com/legal/professional-community-policies?src=direct%2Fnone&veh=direct%2Fnone%7Cdirect%2Fnone
============ Checking for Redirections: https://www.linkedin.com/legal/professional-community-policies?src=direct%2Fnone&veh=direct%2Fnone%7Cdirect%2Fnone
========== dropped link https://www.linkedin.com/legal/professional-community-policies?src=direct%2Fnone&veh=direct%2Fnone%7Cdirect%2Fnone. Could not follow redirection (or it was a meaninglessly small page or bot blocked by sessionID).
======== We are on link 21 of 55
========== raw link https://blog.linkedin.com/2022/may/20/updates-to-our-professional-community-policies
============ Checking for Redirections: https://blog.linkedin.com/2022/may/20/updates-to-our-professional-community-policies
========== dropped link https://blog.linkedin.com/2022/may/20/updates-to-our-professional-community-policies. Could not follow redirection (or it was a meaninglessly small page or bot blocked by sessionID).
======== We are on link 22 of 55
========== raw link https://blog.linkedin.com/2022/may/20/updates-to-our-professional-community-policies
============ Checking for Redirections: https://blog.linkedin.com/2022/may/20/updates-to-our-professional-community-policies
========== dropped link https://blog.linkedin.com/2022/may/20/updates-to-our-professional-community-policies. Could not follow redirection (or it was a meaninglessly small page or bot blocked by sessionID).
======== We are on link 23 of 55
========== raw link https://www.linkedin.com/help/linkedin/answer/a1339420?src=direct%2Fnone&veh=direct%2Fnone%7Cdirect%2Fnone
============ Checking for Redirections: https://www.linkedin.com/help/linkedin/answer/a1339420?src=direct%2Fnone&veh=direct%2Fnone%7Cdirect%2Fnone
========== dropped link https://www.linkedin.com/help/linkedin/answer/a1339420?src=direct%2Fnone&veh=direct%2Fnone%7Cdirect%2Fnone. Could not follow redirection (or it was a meaninglessly small page or bot blocked by sessionID).
======== We are on link 24 of 55
========== raw link https://engineering.linkedin.com/blog/2022/how-our-content-abuse-defense-systems-work-to-keep-members-safe
============ Checking for Redirections: https://engineering.linkedin.com/blog/2022/how-our-content-abuse-defense-systems-work-to-keep-members-safe
========== dropped link https://engineering.linkedin.com/blog/2022/how-our-content-abuse-defense-systems-work-to-keep-members-safe. Could not follow redirection (or it was a meaninglessly small page or bot blocked by sessionID).
======== We are on link 25 of 55
========== raw link https://engineering.linkedin.com/blog/2022/how-our-content-abuse-defense-systems-work-to-keep-members-safe
============ Checking for Redirections: https://engineering.linkedin.com/blog/2022/how-our-content-abuse-defense-systems-work-to-keep-members-safe
========== dropped link https://engineering.linkedin.com/blog/2022/how-our-content-abuse-defense-systems-work-to-keep-members-safe. Could not follow redirection (or it was a meaninglessly small page or bot blocked by sessionID).
======== We are on link 26 of 55
========== raw link https://www.linkedin.com/help/linkedin/answer/a1339364/?src=direct%2Fnone&veh=direct%2Fnone%7Cdirect%2Fnone
============ Checking for Redirections: https://www.linkedin.com/help/linkedin/answer/a1339364/?src=direct%2Fnone&veh=direct%2Fnone%7Cdirect%2Fnone
========== dropped link https://www.linkedin.com/help/linkedin/answer/a1339364/?src=direct%2Fnone&veh=direct%2Fnone%7Cdirect%2Fnone. Could not follow redirection (or it was a meaninglessly small page or bot blocked by sessionID).
======== We are on link 27 of 55
========== raw link https://www.linkedin.com/help/linkedin/answer/a1425416?src=direct%2Fnone&veh=direct%2Fnone%7Cdirect%2Fnone
============ Checking for Redirections: https://www.linkedin.com/help/linkedin/answer/a1425416?src=direct%2Fnone&veh=direct%2Fnone%7Cdirect%2Fnone
========== dropped link https://www.linkedin.com/help/linkedin/answer/a1425416?src=direct%2Fnone&veh=direct%2Fnone%7Cdirect%2Fnone. Could not follow redirection (or it was a meaninglessly small page or bot blocked by sessionID).
======== We are on link 28 of 55
========== raw link https://blog.linkedin.com/2022/may/5/keeping-your-feed-relevant-and-productive
============ Checking for Redirections: https://blog.linkedin.com/2022/may/5/keeping-your-feed-relevant-and-productive
========== dropped link https://blog.linkedin.com/2022/may/5/keeping-your-feed-relevant-and-productive. Could not follow redirection (or it was a meaninglessly small page or bot blocked by sessionID).
======== We are on link 29 of 55
========== raw link https://blog.linkedin.com/2022/may/5/keeping-your-feed-relevant-and-productive
============ Checking for Redirections: https://blog.linkedin.com/2022/may/5/keeping-your-feed-relevant-and-productive
========== dropped link https://blog.linkedin.com/2022/may/5/keeping-your-feed-relevant-and-productive. Could not follow redirection (or it was a meaninglessly small page or bot blocked by sessionID).
======== We are on link 30 of 55
========== raw link https://blog.linkedin.com/2022/october/25/new-linkedin-profile-features-help-verify-identity--detect-and-r
============ Checking for Redirections: https://blog.linkedin.com/2022/october/25/new-linkedin-profile-features-help-verify-identity--detect-and-r
========== dropped link https://blog.linkedin.com/2022/october/25/new-linkedin-profile-features-help-verify-identity--detect-and-r. Could not follow redirection (or it was a meaninglessly small page or bot blocked by sessionID).
======== We are on link 31 of 55
========== raw link https://blog.linkedin.com/2022/october/25/new-linkedin-profile-features-help-verify-identity--detect-and-r
============ Checking for Redirections: https://blog.linkedin.com/2022/october/25/new-linkedin-profile-features-help-verify-identity--detect-and-r
========== dropped link https://blog.linkedin.com/2022/october/25/new-linkedin-profile-features-help-verify-identity--detect-and-r. Could not follow redirection (or it was a meaninglessly small page or bot blocked by sessionID).
======== We are on link 32 of 55
========== raw link https://blog.linkedin.com/2021/june/22/how-we-re-improving-the-quality-of-jobs-on-linkedin
============ Checking for Redirections: https://blog.linkedin.com/2021/june/22/how-we-re-improving-the-quality-of-jobs-on-linkedin
========== dropped link https://blog.linkedin.com/2021/june/22/how-we-re-improving-the-quality-of-jobs-on-linkedin. Could not follow redirection (or it was a meaninglessly small page or bot blocked by sessionID).
======== We are on link 33 of 55
========== raw link https://blog.linkedin.com/2021/june/22/how-we-re-improving-the-quality-of-jobs-on-linkedin
============ Checking for Redirections: https://blog.linkedin.com/2021/june/22/how-we-re-improving-the-quality-of-jobs-on-linkedin
========== dropped link https://blog.linkedin.com/2021/june/22/how-we-re-improving-the-quality-of-jobs-on-linkedin. Could not follow redirection (or it was a meaninglessly small page or bot blocked by sessionID).
======== We are on link 34 of 55
========== raw link https://blog.linkedin.com/2021/july/15/linkedin-safety-series-what-is-scraping
============ Checking for Redirections: https://blog.linkedin.com/2021/july/15/linkedin-safety-series-what-is-scraping
========== dropped link https://blog.linkedin.com/2021/july/15/linkedin-safety-series-what-is-scraping. Could not follow redirection (or it was a meaninglessly small page or bot blocked by sessionID).
======== We are on link 35 of 55
========== raw link https://blog.linkedin.com/2021/july/15/linkedin-safety-series-what-is-scraping
============ Checking for Redirections: https://blog.linkedin.com/2021/july/15/linkedin-safety-series-what-is-scraping
========== dropped link https://blog.linkedin.com/2021/july/15/linkedin-safety-series-what-is-scraping. Could not follow redirection (or it was a meaninglessly small page or bot blocked by sessionID).
======== We are on link 36 of 55
========== raw link https://www.linkedin.com/help/linkedin/answer/146?src=direct%2Fnone&veh=direct%2Fnone%7Cdirect%2Fnone
============ Checking for Redirections: https://www.linkedin.com/help/linkedin/answer/146?src=direct%2Fnone&veh=direct%2Fnone%7Cdirect%2Fnone
========== dropped link https://www.linkedin.com/help/linkedin/answer/146?src=direct%2Fnone&veh=direct%2Fnone%7Cdirect%2Fnone. Could not follow redirection (or it was a meaninglessly small page or bot blocked by sessionID).
======== We are on link 37 of 55
========== raw link https://www.linkedin.com/business/marketing/blog/linkedin-ads/how-were-keeping-linkedin-safe-for-advertisers?src=direct%2Fnone&veh=direct%2Fnone%7Cdirect%2Fnone
============ Checking for Redirections: https://www.linkedin.com/business/marketing/blog/linkedin-ads/how-were-keeping-linkedin-safe-for-advertisers?src=direct%2Fnone&veh=direct%2Fnone%7Cdirect%2Fnone
========== dropped link https://www.linkedin.com/business/marketing/blog/linkedin-ads/how-were-keeping-linkedin-safe-for-advertisers?src=direct%2Fnone&veh=direct%2Fnone%7Cdirect%2Fnone. Could not follow redirection (or it was a meaninglessly small page or bot blocked by sessionID).
======== We are on link 38 of 55
========== raw link https://www.linkedin.com/ad-library/home?src=direct%2Fnone&veh=direct%2Fnone%7Cdirect%2Fnone
============ Checking for Redirections: https://www.linkedin.com/ad-library/home?src=direct%2Fnone&veh=direct%2Fnone%7Cdirect%2Fnone
========== dropped link https://www.linkedin.com/ad-library/home?src=direct%2Fnone&veh=direct%2Fnone%7Cdirect%2Fnone. Could not follow redirection (or it was a meaninglessly small page or bot blocked by sessionID).
======== We are on link 39 of 55
========== raw link https://engineering.linkedin.com/blog/2022/why-am-i-seeing-this-ad-
============ Checking for Redirections: https://engineering.linkedin.com/blog/2022/why-am-i-seeing-this-ad-
========== dropped link https://engineering.linkedin.com/blog/2022/why-am-i-seeing-this-ad-. Could not follow redirection (or it was a meaninglessly small page or bot blocked by sessionID).
======== We are on link 40 of 55
========== raw link https://engineering.linkedin.com/blog/2022/how-our-content-abuse-defense-systems-work-to-keep-members-safe
============ Checking for Redirections: https://engineering.linkedin.com/blog/2022/how-our-content-abuse-defense-systems-work-to-keep-members-safe
========== dropped link https://engineering.linkedin.com/blog/2022/how-our-content-abuse-defense-systems-work-to-keep-members-safe. Could not follow redirection (or it was a meaninglessly small page or bot blocked by sessionID).
======== We are on link 41 of 55
========== raw link https://www.linkedin.com/help/lms/answer/a422485?src=direct%2Fnone&veh=direct%2Fnone%7Cdirect%2Fnone
============ Checking for Redirections: https://www.linkedin.com/help/lms/answer/a422485?src=direct%2Fnone&veh=direct%2Fnone%7Cdirect%2Fnone
========== dropped link https://www.linkedin.com/help/lms/answer/a422485?src=direct%2Fnone&veh=direct%2Fnone%7Cdirect%2Fnone. Could not follow redirection (or it was a meaninglessly small page or bot blocked by sessionID).
======== We are on link 42 of 55
========== raw link https://www.linkedin.com/help/linkedin/answer/112222?src=direct%2Fnone&veh=direct%2Fnone%7Cdirect%2Fnone
============ Checking for Redirections: https://www.linkedin.com/help/linkedin/answer/112222?src=direct%2Fnone&veh=direct%2Fnone%7Cdirect%2Fnone
========== dropped link https://www.linkedin.com/help/linkedin/answer/112222?src=direct%2Fnone&veh=direct%2Fnone%7Cdirect%2Fnone. Could not follow redirection (or it was a meaninglessly small page or bot blocked by sessionID).
======== We are on link 43 of 55
========== raw link https://www.linkedin.com/help/linkedin/answer/112222?src=direct%2Fnone&veh=direct%2Fnone%7Cdirect%2Fnone
============ Checking for Redirections: https://www.linkedin.com/help/linkedin/answer/112222?src=direct%2Fnone&veh=direct%2Fnone%7Cdirect%2Fnone
========== dropped link https://www.linkedin.com/help/linkedin/answer/112222?src=direct%2Fnone&veh=direct%2Fnone%7Cdirect%2Fnone. Could not follow redirection (or it was a meaninglessly small page or bot blocked by sessionID).
======== We are on link 44 of 55
========== raw link https://www.linkedin.com/help/linkedin/answer/16880/linkedin-law-enforcement-data-request-guidelines?src=direct%2Fnone&veh=direct%2Fnone%7Cdirect%2Fnone
============ Checking for Redirections: https://www.linkedin.com/help/linkedin/answer/16880/linkedin-law-enforcement-data-request-guidelines?src=direct%2Fnone&veh=direct%2Fnone%7Cdirect%2Fnone
========== dropped link https://www.linkedin.com/help/linkedin/answer/16880/linkedin-law-enforcement-data-request-guidelines?src=direct%2Fnone&veh=direct%2Fnone%7Cdirect%2Fnone. Could not follow redirection (or it was a meaninglessly small page or bot blocked by sessionID).
======== We are on link 45 of 55
========== raw link https://engineering.linkedin.com/blog/2022/why-am-i-seeing-this-ad-
============ Checking for Redirections: https://engineering.linkedin.com/blog/2022/why-am-i-seeing-this-ad-
========== dropped link https://engineering.linkedin.com/blog/2022/why-am-i-seeing-this-ad-. Could not follow redirection (or it was a meaninglessly small page or bot blocked by sessionID).
======== We are on link 46 of 55
========== raw link https://www.linkedin.com/help/linkedin/answer/a1645380?src=direct%2Fnone&veh=direct%2Fnone%7Cdirect%2Fnone
============ Checking for Redirections: https://www.linkedin.com/help/linkedin/answer/a1645380?src=direct%2Fnone&veh=direct%2Fnone%7Cdirect%2Fnone
========== dropped link https://www.linkedin.com/help/linkedin/answer/a1645380?src=direct%2Fnone&veh=direct%2Fnone%7Cdirect%2Fnone. Could not follow redirection (or it was a meaninglessly small page or bot blocked by sessionID).
======== We are on link 47 of 55
========== raw link https://engineering.linkedin.com/blog/2022/how-our-content-abuse-defense-systems-work-to-keep-members-safe
============ Checking for Redirections: https://engineering.linkedin.com/blog/2022/how-our-content-abuse-defense-systems-work-to-keep-members-safe
========== dropped link https://engineering.linkedin.com/blog/2022/how-our-content-abuse-defense-systems-work-to-keep-members-safe. Could not follow redirection (or it was a meaninglessly small page or bot blocked by sessionID).
======== We are on link 48 of 55
========== raw link https://www.linkedin.com/help/linkedin/answer/a1678508?src=direct%2Fnone&veh=direct%2Fnone%7Cdirect%2Fnone
============ Checking for Redirections: https://www.linkedin.com/help/linkedin/answer/a1678508?src=direct%2Fnone&veh=direct%2Fnone%7Cdirect%2Fnone
========== dropped link https://www.linkedin.com/help/linkedin/answer/a1678508?src=direct%2Fnone&veh=direct%2Fnone%7Cdirect%2Fnone. Could not follow redirection (or it was a meaninglessly small page or bot blocked by sessionID).
======== We are on link 49 of 55
========== raw link https://about.linkedin.com
============ Checking for Redirections: https://about.linkedin.com
========== dropped link https://about.linkedin.com. Could not follow redirection (or it was a meaninglessly small page or bot blocked by sessionID).
======== We are on link 50 of 55
========== raw link https://www.linkedin.com/legal/cookie-policy?src=direct%2Fnone&veh=direct%2Fnone%7Cdirect%2Fnone
============ Checking for Redirections: https://www.linkedin.com/legal/cookie-policy?src=direct%2Fnone&veh=direct%2Fnone%7Cdirect%2Fnone
========== dropped link https://www.linkedin.com/legal/cookie-policy?src=direct%2Fnone&veh=direct%2Fnone%7Cdirect%2Fnone. Could not follow redirection (or it was a meaninglessly small page or bot blocked by sessionID).
======== We are on link 51 of 55
========== raw link https://www.linkedin.com/legal/privacy-policy?src=direct%2Fnone&veh=direct%2Fnone%7Cdirect%2Fnone
============ Checking for Redirections: https://www.linkedin.com/legal/privacy-policy?src=direct%2Fnone&veh=direct%2Fnone%7Cdirect%2Fnone
========== dropped link https://www.linkedin.com/legal/privacy-policy?src=direct%2Fnone&veh=direct%2Fnone%7Cdirect%2Fnone. Could not follow redirection (or it was a meaninglessly small page or bot blocked by sessionID).
======== We are on link 52 of 55
========== raw link https://www.linkedin.com/legal/california-privacy-disclosure?src=direct%2Fnone&veh=direct%2Fnone%7Cdirect%2Fnone
============ Checking for Redirections: https://www.linkedin.com/legal/california-privacy-disclosure?src=direct%2Fnone&veh=direct%2Fnone%7Cdirect%2Fnone
========== dropped link https://www.linkedin.com/legal/california-privacy-disclosure?src=direct%2Fnone&veh=direct%2Fnone%7Cdirect%2Fnone. Could not follow redirection (or it was a meaninglessly small page or bot blocked by sessionID).
======== We are on link 53 of 55
========== raw link https://www.linkedin.com/legal/user-agreement?src=direct%2Fnone&veh=direct%2Fnone%7Cdirect%2Fnone
============ Checking for Redirections: https://www.linkedin.com/legal/user-agreement?src=direct%2Fnone&veh=direct%2Fnone%7Cdirect%2Fnone
========== dropped link https://www.linkedin.com/legal/user-agreement?src=direct%2Fnone&veh=direct%2Fnone%7Cdirect%2Fnone. Could not follow redirection (or it was a meaninglessly small page or bot blocked by sessionID).
======== We are on link 54 of 55
========== raw link https://www.linkedin.com/accessibility?src=direct%2Fnone&veh=direct%2Fnone%7Cdirect%2Fnone
============ Checking for Redirections: https://www.linkedin.com/accessibility?src=direct%2Fnone&veh=direct%2Fnone%7Cdirect%2Fnone
========== dropped link https://www.linkedin.com/accessibility?src=direct%2Fnone&veh=direct%2Fnone%7Cdirect%2Fnone. Could not follow redirection (or it was a meaninglessly small page or bot blocked by sessionID).
======== We are on link 55 of 55
========== raw link https://www.linkedin.com/legal/impressum?src=direct%2Fnone&veh=direct%2Fnone%7Cdirect%2Fnone
============ Checking for Redirections: https://www.linkedin.com/legal/impressum?src=direct%2Fnone&veh=direct%2Fnone%7Cdirect%2Fnone
========== dropped link https://www.linkedin.com/legal/impressum?src=direct%2Fnone&veh=direct%2Fnone%7Cdirect%2Fnone. Could not follow redirection (or it was a meaninglessly small page or bot blocked by sessionID).
====== We are on page 7 of 15: https://www.linkedin.com/legal/user-agreement
====== Number of Links on this Page: 84
======== We are on link 1 of 84
========== raw link #lithograph-app
========== dropped link (either fragment ("#"), js, mailto, comment, pdf, or empty)
======== We are on link 2 of 84
========== raw link https://linkedin.com/legal/user-agreement
============ Checking for Redirections: https://linkedin.com/legal/user-agreement
========== dropped link https://linkedin.com/legal/user-agreement. Could not follow redirection (or it was a meaninglessly small page or bot blocked by sessionID).
======== We are on link 3 of 84
========== raw link https://linkedin.com/legal/user-agreement-summary
============ Checking for Redirections: https://linkedin.com/legal/user-agreement-summary
========== dropped link https://linkedin.com/legal/user-agreement-summary. Could not follow redirection (or it was a meaninglessly small page or bot blocked by sessionID).
======== We are on link 4 of 84
========== raw link https://linkedin.com/legal/privacy-policy
============ Checking for Redirections: https://linkedin.com/legal/privacy-policy
========== dropped link https://linkedin.com/legal/privacy-policy. Could not follow redirection (or it was a meaninglessly small page or bot blocked by sessionID).
======== We are on link 5 of 84
========== raw link https://linkedin.com/legal/professional-community-policies
============ Checking for Redirections: https://linkedin.com/legal/professional-community-policies
========== dropped link https://linkedin.com/legal/professional-community-policies. Could not follow redirection (or it was a meaninglessly small page or bot blocked by sessionID).
======== We are on link 6 of 84
========== raw link https://linkedin.com/legal/cookie-policy
============ Checking for Redirections: https://linkedin.com/legal/cookie-policy
========== dropped link https://linkedin.com/legal/cookie-policy. Could not follow redirection (or it was a meaninglessly small page or bot blocked by sessionID).
======== We are on link 7 of 84
========== raw link https://linkedin.com/legal/copyright-policy
============ Checking for Redirections: https://linkedin.com/legal/copyright-policy
========== dropped link https://linkedin.com/legal/copyright-policy. Could not follow redirection (or it was a meaninglessly small page or bot blocked by sessionID).
======== We are on link 8 of 84
========== raw link https://privacy.linkedin.com/regionalinfo
============ Checking for Redirections: https://privacy.linkedin.com/regionalinfo
========== dropped link https://privacy.linkedin.com/regionalinfo. Could not follow redirection (or it was a meaninglessly small page or bot blocked by sessionID).
======== We are on link 9 of 84
========== raw link https://linkedin.com/legal/privacy/eu
============ Checking for Redirections: https://linkedin.com/legal/privacy/eu
========== dropped link https://linkedin.com/legal/privacy/eu. Could not follow redirection (or it was a meaninglessly small page or bot blocked by sessionID).
======== We are on link 10 of 84
========== raw link https://linkedin.com/legal/california-privacy-disclosure
============ Checking for Redirections: https://linkedin.com/legal/california-privacy-disclosure
========== dropped link https://linkedin.com/legal/california-privacy-disclosure. Could not follow redirection (or it was a meaninglessly small page or bot blocked by sessionID).
======== We are on link 11 of 84
========== raw link https://www.linkedin.com/legal/privacy/usa
============ Checking for Redirections: https://www.linkedin.com/legal/privacy/usa
========== dropped link https://www.linkedin.com/legal/privacy/usa. Could not follow redirection (or it was a meaninglessly small page or bot blocked by sessionID).
======== We are on link 12 of 84
========== raw link https://linkedin.com/legal/user-agreement
============ Checking for Redirections: https://linkedin.com/legal/user-agreement
========== dropped link https://linkedin.com/legal/user-agreement. Could not follow redirection (or it was a meaninglessly small page or bot blocked by sessionID).
======== We are on link 13 of 84
========== raw link https://linkedin.com/legal/user-agreement-summary
============ Checking for Redirections: https://linkedin.com/legal/user-agreement-summary
========== dropped link https://linkedin.com/legal/user-agreement-summary. Could not follow redirection (or it was a meaninglessly small page or bot blocked by sessionID).
======== We are on link 14 of 84
========== raw link https://linkedin.com/legal/privacy-policy
============ Checking for Redirections: https://linkedin.com/legal/privacy-policy
========== dropped link https://linkedin.com/legal/privacy-policy. Could not follow redirection (or it was a meaninglessly small page or bot blocked by sessionID).
======== We are on link 15 of 84
========== raw link https://linkedin.com/legal/professional-community-policies
============ Checking for Redirections: https://linkedin.com/legal/professional-community-policies
========== dropped link https://linkedin.com/legal/professional-community-policies. Could not follow redirection (or it was a meaninglessly small page or bot blocked by sessionID).
======== We are on link 16 of 84
========== raw link https://linkedin.com/legal/cookie-policy
============ Checking for Redirections: https://linkedin.com/legal/cookie-policy
========== dropped link https://linkedin.com/legal/cookie-policy. Could not follow redirection (or it was a meaninglessly small page or bot blocked by sessionID).
======== We are on link 17 of 84
========== raw link https://linkedin.com/legal/copyright-policy
============ Checking for Redirections: https://linkedin.com/legal/copyright-policy
========== dropped link https://linkedin.com/legal/copyright-policy. Could not follow redirection (or it was a meaninglessly small page or bot blocked by sessionID).
======== We are on link 18 of 84
========== raw link https://privacy.linkedin.com/regionalinfo
============ Checking for Redirections: https://privacy.linkedin.com/regionalinfo
========== dropped link https://privacy.linkedin.com/regionalinfo. Could not follow redirection (or it was a meaninglessly small page or bot blocked by sessionID).
======== We are on link 19 of 84
========== raw link https://linkedin.com/legal/privacy/eu
============ Checking for Redirections: https://linkedin.com/legal/privacy/eu
========== dropped link https://linkedin.com/legal/privacy/eu. Could not follow redirection (or it was a meaninglessly small page or bot blocked by sessionID).
======== We are on link 20 of 84
========== raw link https://linkedin.com/legal/california-privacy-disclosure
============ Checking for Redirections: https://linkedin.com/legal/california-privacy-disclosure
========== dropped link https://linkedin.com/legal/california-privacy-disclosure. Could not follow redirection (or it was a meaninglessly small page or bot blocked by sessionID).
======== We are on link 21 of 84
========== raw link https://www.linkedin.com/legal/privacy/usa
============ Checking for Redirections: https://www.linkedin.com/legal/privacy/usa
========== dropped link https://www.linkedin.com/legal/privacy/usa. Could not follow redirection (or it was a meaninglessly small page or bot blocked by sessionID).
======== We are on link 22 of 84
========== raw link https://www.linkedin.com/help/linkedin/answer/a1341216/updates-to-user-agreement-and-privacy-policy
============ Checking for Redirections: https://www.linkedin.com/help/linkedin/answer/a1341216/updates-to-user-agreement-and-privacy-policy
========== dropped link https://www.linkedin.com/help/linkedin/answer/a1341216/updates-to-user-agreement-and-privacy-policy. Could not follow redirection (or it was a meaninglessly small page or bot blocked by sessionID).
======== We are on link 23 of 84
========== raw link #introduction
========== dropped link (either fragment ("#"), js, mailto, comment, pdf, or empty)
======== We are on link 24 of 84
========== raw link #obligations
========== dropped link (either fragment ("#"), js, mailto, comment, pdf, or empty)
======== We are on link 25 of 84
========== raw link #rights
========== dropped link (either fragment ("#"), js, mailto, comment, pdf, or empty)
======== We are on link 26 of 84
========== raw link #disclaimer
========== dropped link (either fragment ("#"), js, mailto, comment, pdf, or empty)
======== We are on link 27 of 84
========== raw link #termination
========== dropped link (either fragment ("#"), js, mailto, comment, pdf, or empty)
======== We are on link 28 of 84
========== raw link #dispute
========== dropped link (either fragment ("#"), js, mailto, comment, pdf, or empty)
======== We are on link 29 of 84
========== raw link #general
========== dropped link (either fragment ("#"), js, mailto, comment, pdf, or empty)
======== We are on link 30 of 84
========== raw link #dos
========== dropped link (either fragment ("#"), js, mailto, comment, pdf, or empty)
======== We are on link 31 of 84
========== raw link #complaints
========== dropped link (either fragment ("#"), js, mailto, comment, pdf, or empty)
======== We are on link 32 of 84
========== raw link #contact
========== dropped link (either fragment ("#"), js, mailto, comment, pdf, or empty)
======== We are on link 33 of 84
========== raw link https://www.linkedin.com/legal/privacy-policy
============ Checking for Redirections: https://www.linkedin.com/legal/privacy-policy
========== dropped link https://www.linkedin.com/legal/privacy-policy. Could not follow redirection (or it was a meaninglessly small page or bot blocked by sessionID).
======== We are on link 34 of 84
========== raw link https://www.linkedin.com/legal/cookie-policy
============ Checking for Redirections: https://www.linkedin.com/legal/cookie-policy
========== dropped link https://www.linkedin.com/legal/cookie-policy. Could not follow redirection (or it was a meaninglessly small page or bot blocked by sessionID).
======== We are on link 35 of 84
========== raw link https://www.linkedin.com/legal/privacy-policy
============ Checking for Redirections: https://www.linkedin.com/legal/privacy-policy
========== dropped link https://www.linkedin.com/legal/privacy-policy. Could not follow redirection (or it was a meaninglessly small page or bot blocked by sessionID).
======== We are on link 36 of 84
========== raw link https://www.linkedin.com/legal/privacy-policy
============ Checking for Redirections: https://www.linkedin.com/legal/privacy-policy
========== dropped link https://www.linkedin.com/legal/privacy-policy. Could not follow redirection (or it was a meaninglessly small page or bot blocked by sessionID).
======== We are on link 37 of 84
========== raw link https://www.linkedin.com/help/linkedin/answer/63?trk=microsites-frontend_legal_user-agreement&lang=en
============ Checking for Redirections: https://www.linkedin.com/help/linkedin/answer/63?trk=microsites-frontend_legal_user-agreement&lang=en
========== dropped link https://www.linkedin.com/help/linkedin/answer/63?trk=microsites-frontend_legal_user-agreement&lang=en. Could not follow redirection (or it was a meaninglessly small page or bot blocked by sessionID).
======== We are on link 38 of 84
========== raw link #key-terms-2
========== dropped link (either fragment ("#"), js, mailto, comment, pdf, or empty)
======== We are on link 39 of 84
========== raw link https://www.linkedin.com/help/linkedin/answer/a6854067
============ Checking for Redirections: https://www.linkedin.com/help/linkedin/answer/a6854067
========== dropped link https://www.linkedin.com/help/linkedin/answer/a6854067. Could not follow redirection (or it was a meaninglessly small page or bot blocked by sessionID).
======== We are on link 40 of 84
========== raw link https://www.linkedin.com/legal/professional-community-policies
============ Checking for Redirections: https://www.linkedin.com/legal/professional-community-policies
========== dropped link https://www.linkedin.com/legal/professional-community-policies. Could not follow redirection (or it was a meaninglessly small page or bot blocked by sessionID).
======== We are on link 41 of 84
========== raw link https://www.linkedin.com/help/linkedin/answer/89880?trk=microsites-frontend_legal_user-agreement&lang=en
============ Checking for Redirections: https://www.linkedin.com/help/linkedin/answer/89880?trk=microsites-frontend_legal_user-agreement&lang=en
========== dropped link https://www.linkedin.com/help/linkedin/answer/89880?trk=microsites-frontend_legal_user-agreement&lang=en. Could not follow redirection (or it was a meaninglessly small page or bot blocked by sessionID).
======== We are on link 42 of 84
========== raw link https://www.linkedin.com/legal/pop/terms-for-paid-services
============ Checking for Redirections: https://www.linkedin.com/legal/pop/terms-for-paid-services
========== dropped link https://www.linkedin.com/legal/pop/terms-for-paid-services. Could not follow redirection (or it was a meaninglessly small page or bot blocked by sessionID).
======== We are on link 43 of 84
========== raw link https://www.linkedin.com/help/linkedin/answer/a1340105
============ Checking for Redirections: https://www.linkedin.com/help/linkedin/answer/a1340105
========== dropped link https://www.linkedin.com/help/linkedin/answer/a1340105. Could not follow redirection (or it was a meaninglessly small page or bot blocked by sessionID).
======== We are on link 44 of 84
========== raw link https://www.linkedin.com/help/linkedin/answer/50?trk=microsites-frontend_legal_user-agreement&lang=en
============ Checking for Redirections: https://www.linkedin.com/help/linkedin/answer/50?trk=microsites-frontend_legal_user-agreement&lang=en
========== dropped link https://www.linkedin.com/help/linkedin/answer/50?trk=microsites-frontend_legal_user-agreement&lang=en. Could not follow redirection (or it was a meaninglessly small page or bot blocked by sessionID).
======== We are on link 45 of 84
========== raw link https://www.linkedin.com/help/linkedin/answer/5704?trk=microsites-frontend_legal_user-agreement&lang=en
============ Checking for Redirections: https://www.linkedin.com/help/linkedin/answer/5704?trk=microsites-frontend_legal_user-agreement&lang=en
========== dropped link https://www.linkedin.com/help/linkedin/answer/5704?trk=microsites-frontend_legal_user-agreement&lang=en. Could not follow redirection (or it was a meaninglessly small page or bot blocked by sessionID).
======== We are on link 46 of 84
========== raw link https://www.linkedin.com/payments/purchasehistory
============ Checking for Redirections: https://www.linkedin.com/payments/purchasehistory
========== dropped link https://www.linkedin.com/payments/purchasehistory. Could not follow redirection (or it was a meaninglessly small page or bot blocked by sessionID).
======== We are on link 47 of 84
========== raw link https://www.linkedin.com/mypreferences/d/categories/sign-in-and-security
============ Checking for Redirections: https://www.linkedin.com/mypreferences/d/categories/sign-in-and-security
========== dropped link https://www.linkedin.com/mypreferences/d/categories/sign-in-and-security. Could not follow redirection (or it was a meaninglessly small page or bot blocked by sessionID).
======== We are on link 48 of 84
========== raw link https://www.linkedin.com/help/linkedin/answer/67?trk=microsites-frontend_legal_user-agreement&lang=en
============ Checking for Redirections: https://www.linkedin.com/help/linkedin/answer/67?trk=microsites-frontend_legal_user-agreement&lang=en
========== dropped link https://www.linkedin.com/help/linkedin/answer/67?trk=microsites-frontend_legal_user-agreement&lang=en. Could not follow redirection (or it was a meaninglessly small page or bot blocked by sessionID).
======== We are on link 49 of 84
========== raw link https://www.linkedin.com/legal/user-agreement#key-terms-3
============ Checking for Redirections: https://www.linkedin.com/legal/user-agreement#key-terms-3
========== dropped link https://www.linkedin.com/legal/user-agreement#key-terms-3. Could not follow redirection (or it was a meaninglessly small page or bot blocked by sessionID).
======== We are on link 50 of 84
========== raw link https://www.linkedin.com/legal/user-agreement#key-terms-3
============ Checking for Redirections: https://www.linkedin.com/legal/user-agreement#key-terms-3
========== dropped link https://www.linkedin.com/legal/user-agreement#key-terms-3. Could not follow redirection (or it was a meaninglessly small page or bot blocked by sessionID).
======== We are on link 51 of 84
========== raw link https://www.linkedin.com/legal/user-agreement#key-terms-3
============ Checking for Redirections: https://www.linkedin.com/legal/user-agreement#key-terms-3
========== dropped link https://www.linkedin.com/legal/user-agreement#key-terms-3. Could not follow redirection (or it was a meaninglessly small page or bot blocked by sessionID).
======== We are on link 52 of 84
========== raw link https://www.linkedin.com/help/linkedin/answer/86529?trk=microsites-frontend_legal_user-agreement&lang=en
============ Checking for Redirections: https://www.linkedin.com/help/linkedin/answer/86529?trk=microsites-frontend_legal_user-agreement&lang=en
========== dropped link https://www.linkedin.com/help/linkedin/answer/86529?trk=microsites-frontend_legal_user-agreement&lang=en. Could not follow redirection (or it was a meaninglessly small page or bot blocked by sessionID).
======== We are on link 53 of 84
========== raw link https://creativecommons.org/choose/
========== dropped link https://creativecommons.org/choose/. Didn't pass first allows/blocks test.
======== We are on link 54 of 84
========== raw link https://www.linkedin.com/legal/privacy-policy
============ Checking for Redirections: https://www.linkedin.com/legal/privacy-policy
========== dropped link https://www.linkedin.com/legal/privacy-policy. Could not follow redirection (or it was a meaninglessly small page or bot blocked by sessionID).
======== We are on link 55 of 84
========== raw link https://www.linkedin.com/psettings/news-mention-broadcast
============ Checking for Redirections: https://www.linkedin.com/psettings/news-mention-broadcast
========== dropped link https://www.linkedin.com/psettings/news-mention-broadcast. Could not follow redirection (or it was a meaninglessly small page or bot blocked by sessionID).
======== We are on link 56 of 84
========== raw link https://www.linkedin.com/help/linkedin/answer/50021?trk=microsites-frontend_legal_user-agreement&lang=en
============ Checking for Redirections: https://www.linkedin.com/help/linkedin/answer/50021?trk=microsites-frontend_legal_user-agreement&lang=en
========== dropped link https://www.linkedin.com/help/linkedin/answer/50021?trk=microsites-frontend_legal_user-agreement&lang=en. Could not follow redirection (or it was a meaninglessly small page or bot blocked by sessionID).
======== We are on link 57 of 84
========== raw link https://www.linkedin.com/services
============ Checking for Redirections: https://www.linkedin.com/services
========== dropped link https://www.linkedin.com/services. Could not follow redirection (or it was a meaninglessly small page or bot blocked by sessionID).
======== We are on link 58 of 84
========== raw link https://www.linkedin.com/services
============ Checking for Redirections: https://www.linkedin.com/services
========== dropped link https://www.linkedin.com/services. Could not follow redirection (or it was a meaninglessly small page or bot blocked by sessionID).
======== We are on link 59 of 84
========== raw link https://www.linkedin.com/help/linkedin/answer/89880?trk=microsites-frontend_legal_user-agreement&lang=en
============ Checking for Redirections: https://www.linkedin.com/help/linkedin/answer/89880?trk=microsites-frontend_legal_user-agreement&lang=en
========== dropped link https://www.linkedin.com/help/linkedin/answer/89880?trk=microsites-frontend_legal_user-agreement&lang=en. Could not follow redirection (or it was a meaninglessly small page or bot blocked by sessionID).
======== We are on link 60 of 84
========== raw link https://www.linkedin.com/help/linkedin/answer/89880?trk=microsites-frontend_legal_user-agreement&lang=en
============ Checking for Redirections: https://www.linkedin.com/help/linkedin/answer/89880?trk=microsites-frontend_legal_user-agreement&lang=en
========== dropped link https://www.linkedin.com/help/linkedin/answer/89880?trk=microsites-frontend_legal_user-agreement&lang=en. Could not follow redirection (or it was a meaninglessly small page or bot blocked by sessionID).
======== We are on link 61 of 84
========== raw link https://www.linkedin.com/legal/professional-community-policies
============ Checking for Redirections: https://www.linkedin.com/legal/professional-community-policies
========== dropped link https://www.linkedin.com/legal/professional-community-policies. Could not follow redirection (or it was a meaninglessly small page or bot blocked by sessionID).
======== We are on link 62 of 84
========== raw link https://www.linkedin.com/help/linkedin/answer/a1342754
============ Checking for Redirections: https://www.linkedin.com/help/linkedin/answer/a1342754
========== dropped link https://www.linkedin.com/help/linkedin/answer/a1342754. Could not follow redirection (or it was a meaninglessly small page or bot blocked by sessionID).
======== We are on link 63 of 84
========== raw link https://www.linkedin.com/help/linkedin/answer/a1339724
============ Checking for Redirections: https://www.linkedin.com/help/linkedin/answer/a1339724
========== dropped link https://www.linkedin.com/help/linkedin/answer/a1339724. Could not follow redirection (or it was a meaninglessly small page or bot blocked by sessionID).
======== We are on link 64 of 84
========== raw link https://www.linkedin.com/legal/professional-community-policies
============ Checking for Redirections: https://www.linkedin.com/legal/professional-community-policies
========== dropped link https://www.linkedin.com/legal/professional-community-policies. Could not follow redirection (or it was a meaninglessly small page or bot blocked by sessionID).
======== We are on link 65 of 84
========== raw link https://www.linkedin.com/help/linkedin/answer/63?trk=microsites-frontend_legal_user-agreement&lang=en
============ Checking for Redirections: https://www.linkedin.com/help/linkedin/answer/63?trk=microsites-frontend_legal_user-agreement&lang=en
========== dropped link https://www.linkedin.com/help/linkedin/answer/63?trk=microsites-frontend_legal_user-agreement&lang=en. Could not follow redirection (or it was a meaninglessly small page or bot blocked by sessionID).
======== We are on link 66 of 84
========== raw link https://nam06.safelinks.protection.outlook.com/?url=https%3A%2F%2Fwww.linkedin.com%2Fhelp%2Flinkedin%2Fask%2Fts-adfrf&data=05%7C02%7Cmmills%40linkedin.com%7C48b37c3685a046ad7d8d08dc39876d09%7C72f988bf86f141af91ab2d7cd011db47%7C0%7C0%7C638448501200430881%7CUnknown%7CTWFpbGZsb3d8eyJWIjoiMC4wLjAwMDAiLCJQIjoiV2luMzIiLCJBTiI6Ik1haWwiLCJXVCI6Mn0%3D%7C0%7C%7C%7C&sdata=iSWx0d4TDMTU8%2BzjvQZmuHN1TtGnu0InmBUc3eOgxhs%3D&reserved=0
============ Checking for Redirections: https://nam06.safelinks.protection.outlook.com/?url=https%3A%2F%2Fwww.linkedin.com%2Fhelp%2Flinkedin%2Fask%2Fts-adfrf&data=05%7C02%7Cmmills%40linkedin.com%7C48b37c3685a046ad7d8d08dc39876d09%7C72f988bf86f141af91ab2d7cd011db47%7C0%7C0%7C638448501200430881%7CUnknown%7CTWFpbGZsb3d8eyJWIjoiMC4wLjAwMDAiLCJQIjoiV2luMzIiLCJBTiI6Ik1haWwiLCJXVCI6Mn0%3D%7C0%7C%7C%7C&sdata=iSWx0d4TDMTU8%2BzjvQZmuHN1TtGnu0InmBUc3eOgxhs%3D&reserved=0
========== dropped link https://nam06.safelinks.protection.outlook.com/?url=https%3A%2F%2Fwww.linkedin.com%2Fhelp%2Flinkedin%2Fask%2Fts-adfrf&data=05%7C02%7Cmmills%40linkedin.com%7C48b37c3685a046ad7d8d08dc39876d09%7C72f988bf86f141af91ab2d7cd011db47%7C0%7C0%7C638448501200430881%7CUnknown%7CTWFpbGZsb3d8eyJWIjoiMC4wLjAwMDAiLCJQIjoiV2luMzIiLCJBTiI6Ik1haWwiLCJXVCI6Mn0%3D%7C0%7C%7C%7C&sdata=iSWx0d4TDMTU8%2BzjvQZmuHN1TtGnu0InmBUc3eOgxhs%3D&reserved=0. Could not follow redirection (or it was a meaninglessly small page or bot blocked by sessionID).
======== We are on link 67 of 84
========== raw link https://www.linkedin.com/legal/professional-community-policies
============ Checking for Redirections: https://www.linkedin.com/legal/professional-community-policies
========== dropped link https://www.linkedin.com/legal/professional-community-policies. Could not follow redirection (or it was a meaninglessly small page or bot blocked by sessionID).
======== We are on link 68 of 84
========== raw link https://brand.linkedin.com/policies
============ Checking for Redirections: https://brand.linkedin.com/policies
========== dropped link https://brand.linkedin.com/policies. Could not follow redirection (or it was a meaninglessly small page or bot blocked by sessionID).
======== We are on link 69 of 84
========== raw link https://www.linkedin.com/legal/professional-community-policies
============ Checking for Redirections: https://www.linkedin.com/legal/professional-community-policies
========== dropped link https://www.linkedin.com/legal/professional-community-policies. Could not follow redirection (or it was a meaninglessly small page or bot blocked by sessionID).
======== We are on link 70 of 84
========== raw link https://www.linkedin.com/help/linkedin/answer/a6857122
============ Checking for Redirections: https://www.linkedin.com/help/linkedin/answer/a6857122
========== dropped link https://www.linkedin.com/help/linkedin/answer/a6857122. Could not follow redirection (or it was a meaninglessly small page or bot blocked by sessionID).
======== We are on link 71 of 84
========== raw link https://www.linkedin.com/legal/professional-community-policies
============ Checking for Redirections: https://www.linkedin.com/legal/professional-community-policies
========== dropped link https://www.linkedin.com/legal/professional-community-policies. Could not follow redirection (or it was a meaninglessly small page or bot blocked by sessionID).
======== We are on link 72 of 84
========== raw link https://www.linkedin.com/legal/copyright-policy
============ Checking for Redirections: https://www.linkedin.com/legal/copyright-policy
========== dropped link https://www.linkedin.com/legal/copyright-policy. Could not follow redirection (or it was a meaninglessly small page or bot blocked by sessionID).
======== We are on link 73 of 84
========== raw link https://www.linkedin.com/help/linkedin/answer/a1337296
============ Checking for Redirections: https://www.linkedin.com/help/linkedin/answer/a1337296
========== dropped link https://www.linkedin.com/help/linkedin/answer/a1337296. Could not follow redirection (or it was a meaninglessly small page or bot blocked by sessionID).
======== We are on link 74 of 84
========== raw link https://www.linkedin.com/help/linkedin?trk=microsites-frontend_legal_user-agreement&lang=en
============ Checking for Redirections: https://www.linkedin.com/help/linkedin?trk=microsites-frontend_legal_user-agreement&lang=en
========== dropped link https://www.linkedin.com/help/linkedin?trk=microsites-frontend_legal_user-agreement&lang=en. Could not follow redirection (or it was a meaninglessly small page or bot blocked by sessionID).
======== We are on link 75 of 84
========== raw link https://www.linkedin.com/help/linkedin/answer/79728?trk=microsites-frontend_legal_user-agreement&lang=en
============ Checking for Redirections: https://www.linkedin.com/help/linkedin/answer/79728?trk=microsites-frontend_legal_user-agreement&lang=en
========== dropped link https://www.linkedin.com/help/linkedin/answer/79728?trk=microsites-frontend_legal_user-agreement&lang=en. Could not follow redirection (or it was a meaninglessly small page or bot blocked by sessionID).
======== We are on link 76 of 84
========== raw link https://about.linkedin.com?trk=content_footer-about
============ Checking for Redirections: https://about.linkedin.com?trk=content_footer-about
========== dropped link https://about.linkedin.com?trk=content_footer-about. Could not follow redirection (or it was a meaninglessly small page or bot blocked by sessionID).
======== We are on link 77 of 84
========== raw link https://www.linkedin.com/accessibility?trk=content_footer-accessibility
============ Checking for Redirections: https://www.linkedin.com/accessibility?trk=content_footer-accessibility
========== dropped link https://www.linkedin.com/accessibility?trk=content_footer-accessibility. Could not follow redirection (or it was a meaninglessly small page or bot blocked by sessionID).
======== We are on link 78 of 84
========== raw link https://www.linkedin.com/legal/user-agreement?trk=content_footer-user-agreement
============ Checking for Redirections: https://www.linkedin.com/legal/user-agreement?trk=content_footer-user-agreement
========== dropped link https://www.linkedin.com/legal/user-agreement?trk=content_footer-user-agreement. Could not follow redirection (or it was a meaninglessly small page or bot blocked by sessionID).
======== We are on link 79 of 84
========== raw link https://www.linkedin.com/legal/privacy-policy?trk=content_footer-privacy-policy
============ Checking for Redirections: https://www.linkedin.com/legal/privacy-policy?trk=content_footer-privacy-policy
========== dropped link https://www.linkedin.com/legal/privacy-policy?trk=content_footer-privacy-policy. Could not follow redirection (or it was a meaninglessly small page or bot blocked by sessionID).
======== We are on link 80 of 84
========== raw link https://www.linkedin.com/legal/cookie-policy?trk=content_footer-cookie-policy
============ Checking for Redirections: https://www.linkedin.com/legal/cookie-policy?trk=content_footer-cookie-policy
========== dropped link https://www.linkedin.com/legal/cookie-policy?trk=content_footer-cookie-policy. Could not follow redirection (or it was a meaninglessly small page or bot blocked by sessionID).
======== We are on link 81 of 84
========== raw link https://www.linkedin.com/legal/copyright-policy?trk=content_footer-copyright-policy
============ Checking for Redirections: https://www.linkedin.com/legal/copyright-policy?trk=content_footer-copyright-policy
========== dropped link https://www.linkedin.com/legal/copyright-policy?trk=content_footer-copyright-policy. Could not follow redirection (or it was a meaninglessly small page or bot blocked by sessionID).
======== We are on link 82 of 84
========== raw link https://brand.linkedin.com/policies?trk=content_footer-brand-policy
============ Checking for Redirections: https://brand.linkedin.com/policies?trk=content_footer-brand-policy
========== dropped link https://brand.linkedin.com/policies?trk=content_footer-brand-policy. Could not follow redirection (or it was a meaninglessly small page or bot blocked by sessionID).
======== We are on link 83 of 84
========== raw link https://www.linkedin.com/psettings/guest-controls?trk=content_footer-guest-controls
============ Checking for Redirections: https://www.linkedin.com/psettings/guest-controls?trk=content_footer-guest-controls
========== dropped link https://www.linkedin.com/psettings/guest-controls?trk=content_footer-guest-controls. Could not follow redirection (or it was a meaninglessly small page or bot blocked by sessionID).
======== We are on link 84 of 84
========== raw link https://www.linkedin.com/help/linkedin/answer/34593?trk=content_footer-community-guide
============ Checking for Redirections: https://www.linkedin.com/help/linkedin/answer/34593?trk=content_footer-community-guide
========== dropped link https://www.linkedin.com/help/linkedin/answer/34593?trk=content_footer-community-guide. Could not follow redirection (or it was a meaninglessly small page or bot blocked by sessionID).
====== We are on page 8 of 15: https://www.linkedin.com/legal/professional-community-policies
====== Number of Links on this Page: 33
======== We are on link 1 of 33
========== raw link #lithograph-app
========== dropped link (either fragment ("#"), js, mailto, comment, pdf, or empty)
======== We are on link 2 of 33
========== raw link https://linkedin.com
============ Checking for Redirections: https://linkedin.com
========== dropped link https://linkedin.com. Could not follow redirection (or it was a meaninglessly small page or bot blocked by sessionID).
======== We are on link 3 of 33
========== raw link #be-safe-policy
========== dropped link (either fragment ("#"), js, mailto, comment, pdf, or empty)
======== We are on link 4 of 33
========== raw link #be-trustworthy-policy
========== dropped link (either fragment ("#"), js, mailto, comment, pdf, or empty)
======== We are on link 5 of 33
========== raw link #be-professional-policy
========== dropped link (either fragment ("#"), js, mailto, comment, pdf, or empty)
======== We are on link 6 of 33
========== raw link https://www.linkedin.com/help/linkedin/answer/47545
============ Checking for Redirections: https://www.linkedin.com/help/linkedin/answer/47545
========== dropped link https://www.linkedin.com/help/linkedin/answer/47545. Could not follow redirection (or it was a meaninglessly small page or bot blocked by sessionID).
======== We are on link 7 of 33
========== raw link https://www.linkedin.com/help/linkedin/answer/146
============ Checking for Redirections: https://www.linkedin.com/help/linkedin/answer/146
========== dropped link https://www.linkedin.com/help/linkedin/answer/146. Could not follow redirection (or it was a meaninglessly small page or bot blocked by sessionID).
======== We are on link 8 of 33
========== raw link https://about.linkedin.com/transparency
============ Checking for Redirections: https://about.linkedin.com/transparency
========== dropped link https://about.linkedin.com/transparency. Could not follow redirection (or it was a meaninglessly small page or bot blocked by sessionID).
======== We are on link 9 of 33
========== raw link https://www.linkedin.com/help/linkedin/answer/a1441504
============ Checking for Redirections: https://www.linkedin.com/help/linkedin/answer/a1441504
========== dropped link https://www.linkedin.com/help/linkedin/answer/a1441504. Could not follow redirection (or it was a meaninglessly small page or bot blocked by sessionID).
======== We are on link 10 of 33
========== raw link https://www.linkedin.com/help/linkedin/answer/82934
============ Checking for Redirections: https://www.linkedin.com/help/linkedin/answer/82934
========== dropped link https://www.linkedin.com/help/linkedin/answer/82934. Could not follow redirection (or it was a meaninglessly small page or bot blocked by sessionID).
======== We are on link 11 of 33
========== raw link https://www.linkedin.com/help/linkedin/answer/137368
============ Checking for Redirections: https://www.linkedin.com/help/linkedin/answer/137368
========== dropped link https://www.linkedin.com/help/linkedin/answer/137368. Could not follow redirection (or it was a meaninglessly small page or bot blocked by sessionID).
======== We are on link 12 of 33
========== raw link https://www.linkedin.com/help/linkedin/answer/137369
============ Checking for Redirections: https://www.linkedin.com/help/linkedin/answer/137369
========== dropped link https://www.linkedin.com/help/linkedin/answer/137369. Could not follow redirection (or it was a meaninglessly small page or bot blocked by sessionID).
======== We are on link 13 of 33
========== raw link https://www.linkedin.com/help/linkedin/answer/137374
============ Checking for Redirections: https://www.linkedin.com/help/linkedin/answer/137374
========== dropped link https://www.linkedin.com/help/linkedin/answer/137374. Could not follow redirection (or it was a meaninglessly small page or bot blocked by sessionID).
======== We are on link 14 of 33
========== raw link https://www.linkedin.com/help/linkedin/answer/137373
============ Checking for Redirections: https://www.linkedin.com/help/linkedin/answer/137373
========== dropped link https://www.linkedin.com/help/linkedin/answer/137373. Could not follow redirection (or it was a meaninglessly small page or bot blocked by sessionID).
======== We are on link 15 of 33
========== raw link https://www.linkedin.com/help/linkedin/answer/137375
============ Checking for Redirections: https://www.linkedin.com/help/linkedin/answer/137375
========== dropped link https://www.linkedin.com/help/linkedin/answer/137375. Could not follow redirection (or it was a meaninglessly small page or bot blocked by sessionID).
======== We are on link 16 of 33
========== raw link https://www.linkedin.com/legal/ads-policy
============ Checking for Redirections: https://www.linkedin.com/legal/ads-policy
========== dropped link https://www.linkedin.com/legal/ads-policy. Could not follow redirection (or it was a meaninglessly small page or bot blocked by sessionID).
======== We are on link 17 of 33
========== raw link https://www.linkedin.com/help/linkedin/answer/137371
============ Checking for Redirections: https://www.linkedin.com/help/linkedin/answer/137371
========== dropped link https://www.linkedin.com/help/linkedin/answer/137371. Could not follow redirection (or it was a meaninglessly small page or bot blocked by sessionID).
======== We are on link 18 of 33
========== raw link https://www.linkedin.com/help/linkedin/answer/430
============ Checking for Redirections: https://www.linkedin.com/help/linkedin/answer/430
========== dropped link https://www.linkedin.com/help/linkedin/answer/430. Could not follow redirection (or it was a meaninglessly small page or bot blocked by sessionID).
======== We are on link 19 of 33
========== raw link https://www.linkedin.com/help/linkedin/answer/137377
============ Checking for Redirections: https://www.linkedin.com/help/linkedin/answer/137377
========== dropped link https://www.linkedin.com/help/linkedin/answer/137377. Could not follow redirection (or it was a meaninglessly small page or bot blocked by sessionID).
======== We are on link 20 of 33
========== raw link https://www.linkedin.com/help/linkedin/answer/137378
============ Checking for Redirections: https://www.linkedin.com/help/linkedin/answer/137378
========== dropped link https://www.linkedin.com/help/linkedin/answer/137378. Could not follow redirection (or it was a meaninglessly small page or bot blocked by sessionID).
======== We are on link 21 of 33
========== raw link https://www.linkedin.com/help/linkedin/answer/137370
============ Checking for Redirections: https://www.linkedin.com/help/linkedin/answer/137370
========== dropped link https://www.linkedin.com/help/linkedin/answer/137370. Could not follow redirection (or it was a meaninglessly small page or bot blocked by sessionID).
======== We are on link 22 of 33
========== raw link https://www.linkedin.com/help/linkedin/answer/137374
============ Checking for Redirections: https://www.linkedin.com/help/linkedin/answer/137374
========== dropped link https://www.linkedin.com/help/linkedin/answer/137374. Could not follow redirection (or it was a meaninglessly small page or bot blocked by sessionID).
======== We are on link 23 of 33
========== raw link https://www.linkedin.com/help/linkedin/answer/137376
============ Checking for Redirections: https://www.linkedin.com/help/linkedin/answer/137376
========== dropped link https://www.linkedin.com/help/linkedin/answer/137376. Could not follow redirection (or it was a meaninglessly small page or bot blocked by sessionID).
======== We are on link 24 of 33
========== raw link https://www.linkedin.com/help/linkedin/answer/137372
============ Checking for Redirections: https://www.linkedin.com/help/linkedin/answer/137372
========== dropped link https://www.linkedin.com/help/linkedin/answer/137372. Could not follow redirection (or it was a meaninglessly small page or bot blocked by sessionID).
======== We are on link 25 of 33
========== raw link https://about.linkedin.com?trk=content_footer-about
============ Checking for Redirections: https://about.linkedin.com?trk=content_footer-about
========== dropped link https://about.linkedin.com?trk=content_footer-about. Could not follow redirection (or it was a meaninglessly small page or bot blocked by sessionID).
======== We are on link 26 of 33
========== raw link https://www.linkedin.com/accessibility?trk=content_footer-accessibility
============ Checking for Redirections: https://www.linkedin.com/accessibility?trk=content_footer-accessibility
========== dropped link https://www.linkedin.com/accessibility?trk=content_footer-accessibility. Could not follow redirection (or it was a meaninglessly small page or bot blocked by sessionID).
======== We are on link 27 of 33
========== raw link https://www.linkedin.com/legal/user-agreement?trk=content_footer-user-agreement
============ Checking for Redirections: https://www.linkedin.com/legal/user-agreement?trk=content_footer-user-agreement
========== dropped link https://www.linkedin.com/legal/user-agreement?trk=content_footer-user-agreement. Could not follow redirection (or it was a meaninglessly small page or bot blocked by sessionID).
======== We are on link 28 of 33
========== raw link https://www.linkedin.com/legal/privacy-policy?trk=content_footer-privacy-policy
============ Checking for Redirections: https://www.linkedin.com/legal/privacy-policy?trk=content_footer-privacy-policy
========== dropped link https://www.linkedin.com/legal/privacy-policy?trk=content_footer-privacy-policy. Could not follow redirection (or it was a meaninglessly small page or bot blocked by sessionID).
======== We are on link 29 of 33
========== raw link https://www.linkedin.com/legal/cookie-policy?trk=content_footer-cookie-policy
============ Checking for Redirections: https://www.linkedin.com/legal/cookie-policy?trk=content_footer-cookie-policy
========== dropped link https://www.linkedin.com/legal/cookie-policy?trk=content_footer-cookie-policy. Could not follow redirection (or it was a meaninglessly small page or bot blocked by sessionID).
======== We are on link 30 of 33
========== raw link https://www.linkedin.com/legal/copyright-policy?trk=content_footer-copyright-policy
============ Checking for Redirections: https://www.linkedin.com/legal/copyright-policy?trk=content_footer-copyright-policy
========== dropped link https://www.linkedin.com/legal/copyright-policy?trk=content_footer-copyright-policy. Could not follow redirection (or it was a meaninglessly small page or bot blocked by sessionID).
======== We are on link 31 of 33
========== raw link https://brand.linkedin.com/policies?trk=content_footer-brand-policy
============ Checking for Redirections: https://brand.linkedin.com/policies?trk=content_footer-brand-policy
========== dropped link https://brand.linkedin.com/policies?trk=content_footer-brand-policy. Could not follow redirection (or it was a meaninglessly small page or bot blocked by sessionID).
======== We are on link 32 of 33
========== raw link https://www.linkedin.com/psettings/guest-controls?trk=content_footer-guest-controls
============ Checking for Redirections: https://www.linkedin.com/psettings/guest-controls?trk=content_footer-guest-controls
========== dropped link https://www.linkedin.com/psettings/guest-controls?trk=content_footer-guest-controls. Could not follow redirection (or it was a meaninglessly small page or bot blocked by sessionID).
======== We are on link 33 of 33
========== raw link https://www.linkedin.com/help/linkedin/answer/34593?trk=content_footer-community-guide
============ Checking for Redirections: https://www.linkedin.com/help/linkedin/answer/34593?trk=content_footer-community-guide
========== dropped link https://www.linkedin.com/help/linkedin/answer/34593?trk=content_footer-community-guide. Could not follow redirection (or it was a meaninglessly small page or bot blocked by sessionID).
====== We are on page 9 of 15: https://www.linkedin.com/legal/l/service-terms
====== Number of Links on this Page: 20
======== We are on link 1 of 20
========== raw link #lithograph-app
========== dropped link (either fragment ("#"), js, mailto, comment, pdf, or empty)
======== We are on link 2 of 20
========== raw link https://www.linkedin.com?trk=nav_header_logo
============ Checking for Redirections: https://www.linkedin.com?trk=nav_header_logo
========== dropped link https://www.linkedin.com?trk=nav_header_logo. Could not follow redirection (or it was a meaninglessly small page or bot blocked by sessionID).
======== We are on link 3 of 20
========== raw link https://www.linkedin.com/signup/cold-join?trk=nav_header_join
========== dropped link https://www.linkedin.com/signup/cold-join?trk=nav_header_join. Didn't pass first allows/blocks test.
======== We are on link 4 of 20
========== raw link https://www.linkedin.com/uas/login?session_redirect=&amp;trk=hb_signin&trk=nav_header_signin
========== dropped link https://www.linkedin.com/uas/login?session_redirect=&amp;trk=hb_signin&trk=nav_header_signin. Didn't pass first allows/blocks test.
======== We are on link 5 of 20
========== raw link https://www.linkedin.com/help/recruiter/answer/a411940?lang=en
============ Checking for Redirections: https://www.linkedin.com/help/recruiter/answer/a411940?lang=en
========== dropped link https://www.linkedin.com/help/recruiter/answer/a411940?lang=en. Could not follow redirection (or it was a meaninglessly small page or bot blocked by sessionID).
======== We are on link 6 of 20
========== raw link https://www.linkedin.com/help/recruiter/answer/50181/recruiter-inmail-policy?lang=en
============ Checking for Redirections: https://www.linkedin.com/help/recruiter/answer/50181/recruiter-inmail-policy?lang=en
========== dropped link https://www.linkedin.com/help/recruiter/answer/50181/recruiter-inmail-policy?lang=en. Could not follow redirection (or it was a meaninglessly small page or bot blocked by sessionID).
======== We are on link 7 of 20
========== raw link https://www.linkedin.com/legal/l/jobs-policies
============ Checking for Redirections: https://www.linkedin.com/legal/l/jobs-policies
========== dropped link https://www.linkedin.com/legal/l/jobs-policies. Could not follow redirection (or it was a meaninglessly small page or bot blocked by sessionID).
======== We are on link 8 of 20
========== raw link https://business.linkedin.com/content/dam/business/sales-solutions/global/en_US/site/pdf/ti/services.pdf
========== dropped link (either fragment ("#"), js, mailto, comment, pdf, or empty)
======== We are on link 9 of 20
========== raw link https://brand.linkedin.com/policies
============ Checking for Redirections: https://brand.linkedin.com/policies
========== dropped link https://brand.linkedin.com/policies. Could not follow redirection (or it was a meaninglessly small page or bot blocked by sessionID).
======== We are on link 10 of 20
========== raw link https://www.linkedin.com/legal/l/lmsprogramterms
============ Checking for Redirections: https://www.linkedin.com/legal/l/lmsprogramterms
========== dropped link https://www.linkedin.com/legal/l/lmsprogramterms. Could not follow redirection (or it was a meaninglessly small page or bot blocked by sessionID).
======== We are on link 11 of 20
========== raw link https://legal.linkedin.com/customer-subprocessors
============ Checking for Redirections: https://legal.linkedin.com/customer-subprocessors
========== dropped link https://legal.linkedin.com/customer-subprocessors. Could not follow redirection (or it was a meaninglessly small page or bot blocked by sessionID).
======== We are on link 12 of 20
========== raw link https://about.linkedin.com?trk=content_footer-about
============ Checking for Redirections: https://about.linkedin.com?trk=content_footer-about
========== dropped link https://about.linkedin.com?trk=content_footer-about. Could not follow redirection (or it was a meaninglessly small page or bot blocked by sessionID).
======== We are on link 13 of 20
========== raw link https://www.linkedin.com/accessibility?trk=content_footer-accessibility
============ Checking for Redirections: https://www.linkedin.com/accessibility?trk=content_footer-accessibility
========== dropped link https://www.linkedin.com/accessibility?trk=content_footer-accessibility. Could not follow redirection (or it was a meaninglessly small page or bot blocked by sessionID).
======== We are on link 14 of 20
========== raw link https://www.linkedin.com/legal/user-agreement?trk=content_footer-user-agreement
============ Checking for Redirections: https://www.linkedin.com/legal/user-agreement?trk=content_footer-user-agreement
========== dropped link https://www.linkedin.com/legal/user-agreement?trk=content_footer-user-agreement. Could not follow redirection (or it was a meaninglessly small page or bot blocked by sessionID).
======== We are on link 15 of 20
========== raw link https://www.linkedin.com/legal/privacy-policy?trk=content_footer-privacy-policy
============ Checking for Redirections: https://www.linkedin.com/legal/privacy-policy?trk=content_footer-privacy-policy
========== dropped link https://www.linkedin.com/legal/privacy-policy?trk=content_footer-privacy-policy. Could not follow redirection (or it was a meaninglessly small page or bot blocked by sessionID).
======== We are on link 16 of 20
========== raw link https://www.linkedin.com/legal/cookie-policy?trk=content_footer-cookie-policy
============ Checking for Redirections: https://www.linkedin.com/legal/cookie-policy?trk=content_footer-cookie-policy
========== dropped link https://www.linkedin.com/legal/cookie-policy?trk=content_footer-cookie-policy. Could not follow redirection (or it was a meaninglessly small page or bot blocked by sessionID).
======== We are on link 17 of 20
========== raw link https://www.linkedin.com/legal/copyright-policy?trk=content_footer-copyright-policy
============ Checking for Redirections: https://www.linkedin.com/legal/copyright-policy?trk=content_footer-copyright-policy
========== dropped link https://www.linkedin.com/legal/copyright-policy?trk=content_footer-copyright-policy. Could not follow redirection (or it was a meaninglessly small page or bot blocked by sessionID).
======== We are on link 18 of 20
========== raw link https://brand.linkedin.com/policies?trk=content_footer-brand-policy
============ Checking for Redirections: https://brand.linkedin.com/policies?trk=content_footer-brand-policy
========== dropped link https://brand.linkedin.com/policies?trk=content_footer-brand-policy. Could not follow redirection (or it was a meaninglessly small page or bot blocked by sessionID).
======== We are on link 19 of 20
========== raw link https://www.linkedin.com/psettings/guest-controls?trk=content_footer-guest-controls
============ Checking for Redirections: https://www.linkedin.com/psettings/guest-controls?trk=content_footer-guest-controls
========== dropped link https://www.linkedin.com/psettings/guest-controls?trk=content_footer-guest-controls. Could not follow redirection (or it was a meaninglessly small page or bot blocked by sessionID).
======== We are on link 20 of 20
========== raw link https://www.linkedin.com/help/linkedin/answer/34593?trk=content_footer-community-guide
============ Checking for Redirections: https://www.linkedin.com/help/linkedin/answer/34593?trk=content_footer-community-guide
========== dropped link https://www.linkedin.com/help/linkedin/answer/34593?trk=content_footer-community-guide. Could not follow redirection (or it was a meaninglessly small page or bot blocked by sessionID).
====== We are on page 10 of 15: https://www.linkedin.com/legal/jobs-terms-conditions
====== Number of Links on this Page: 35
======== We are on link 1 of 35
========== raw link #lithograph-app
========== dropped link (either fragment ("#"), js, mailto, comment, pdf, or empty)
======== We are on link 2 of 35
========== raw link https://linkedin.com/legal/user-agreement
============ Checking for Redirections: https://linkedin.com/legal/user-agreement
========== dropped link https://linkedin.com/legal/user-agreement. Could not follow redirection (or it was a meaninglessly small page or bot blocked by sessionID).
======== We are on link 3 of 35
========== raw link https://linkedin.com/legal/user-agreement-summary
============ Checking for Redirections: https://linkedin.com/legal/user-agreement-summary
========== dropped link https://linkedin.com/legal/user-agreement-summary. Could not follow redirection (or it was a meaninglessly small page or bot blocked by sessionID).
======== We are on link 4 of 35
========== raw link https://linkedin.com/legal/privacy-policy
============ Checking for Redirections: https://linkedin.com/legal/privacy-policy
========== dropped link https://linkedin.com/legal/privacy-policy. Could not follow redirection (or it was a meaninglessly small page or bot blocked by sessionID).
======== We are on link 5 of 35
========== raw link https://linkedin.com/legal/professional-community-policies
============ Checking for Redirections: https://linkedin.com/legal/professional-community-policies
========== dropped link https://linkedin.com/legal/professional-community-policies. Could not follow redirection (or it was a meaninglessly small page or bot blocked by sessionID).
======== We are on link 6 of 35
========== raw link https://linkedin.com/legal/cookie-policy
============ Checking for Redirections: https://linkedin.com/legal/cookie-policy
========== dropped link https://linkedin.com/legal/cookie-policy. Could not follow redirection (or it was a meaninglessly small page or bot blocked by sessionID).
======== We are on link 7 of 35
========== raw link https://linkedin.com/legal/copyright-policy
============ Checking for Redirections: https://linkedin.com/legal/copyright-policy
========== dropped link https://linkedin.com/legal/copyright-policy. Could not follow redirection (or it was a meaninglessly small page or bot blocked by sessionID).
======== We are on link 8 of 35
========== raw link https://privacy.linkedin.com/regionalinfo
============ Checking for Redirections: https://privacy.linkedin.com/regionalinfo
========== dropped link https://privacy.linkedin.com/regionalinfo. Could not follow redirection (or it was a meaninglessly small page or bot blocked by sessionID).
======== We are on link 9 of 35
========== raw link https://linkedin.com/legal/privacy/eu
============ Checking for Redirections: https://linkedin.com/legal/privacy/eu
========== dropped link https://linkedin.com/legal/privacy/eu. Could not follow redirection (or it was a meaninglessly small page or bot blocked by sessionID).
======== We are on link 10 of 35
========== raw link https://linkedin.com/legal/california-privacy-disclosure
============ Checking for Redirections: https://linkedin.com/legal/california-privacy-disclosure
========== dropped link https://linkedin.com/legal/california-privacy-disclosure. Could not follow redirection (or it was a meaninglessly small page or bot blocked by sessionID).
======== We are on link 11 of 35
========== raw link https://www.linkedin.com/legal/privacy/usa
============ Checking for Redirections: https://www.linkedin.com/legal/privacy/usa
========== dropped link https://www.linkedin.com/legal/privacy/usa. Could not follow redirection (or it was a meaninglessly small page or bot blocked by sessionID).
======== We are on link 12 of 35
========== raw link https://linkedin.com/legal/user-agreement
============ Checking for Redirections: https://linkedin.com/legal/user-agreement
========== dropped link https://linkedin.com/legal/user-agreement. Could not follow redirection (or it was a meaninglessly small page or bot blocked by sessionID).
======== We are on link 13 of 35
========== raw link https://linkedin.com/legal/user-agreement-summary
============ Checking for Redirections: https://linkedin.com/legal/user-agreement-summary
========== dropped link https://linkedin.com/legal/user-agreement-summary. Could not follow redirection (or it was a meaninglessly small page or bot blocked by sessionID).
======== We are on link 14 of 35
========== raw link https://linkedin.com/legal/privacy-policy
============ Checking for Redirections: https://linkedin.com/legal/privacy-policy
========== dropped link https://linkedin.com/legal/privacy-policy. Could not follow redirection (or it was a meaninglessly small page or bot blocked by sessionID).
======== We are on link 15 of 35
========== raw link https://linkedin.com/legal/professional-community-policies
============ Checking for Redirections: https://linkedin.com/legal/professional-community-policies
========== dropped link https://linkedin.com/legal/professional-community-policies. Could not follow redirection (or it was a meaninglessly small page or bot blocked by sessionID).
======== We are on link 16 of 35
========== raw link https://linkedin.com/legal/cookie-policy
============ Checking for Redirections: https://linkedin.com/legal/cookie-policy
========== dropped link https://linkedin.com/legal/cookie-policy. Could not follow redirection (or it was a meaninglessly small page or bot blocked by sessionID).
======== We are on link 17 of 35
========== raw link https://linkedin.com/legal/copyright-policy
============ Checking for Redirections: https://linkedin.com/legal/copyright-policy
========== dropped link https://linkedin.com/legal/copyright-policy. Could not follow redirection (or it was a meaninglessly small page or bot blocked by sessionID).
======== We are on link 18 of 35
========== raw link https://privacy.linkedin.com/regionalinfo
============ Checking for Redirections: https://privacy.linkedin.com/regionalinfo
========== dropped link https://privacy.linkedin.com/regionalinfo. Could not follow redirection (or it was a meaninglessly small page or bot blocked by sessionID).
======== We are on link 19 of 35
========== raw link https://linkedin.com/legal/privacy/eu
============ Checking for Redirections: https://linkedin.com/legal/privacy/eu
========== dropped link https://linkedin.com/legal/privacy/eu. Could not follow redirection (or it was a meaninglessly small page or bot blocked by sessionID).
======== We are on link 20 of 35
========== raw link https://linkedin.com/legal/california-privacy-disclosure
============ Checking for Redirections: https://linkedin.com/legal/california-privacy-disclosure
========== dropped link https://linkedin.com/legal/california-privacy-disclosure. Could not follow redirection (or it was a meaninglessly small page or bot blocked by sessionID).
======== We are on link 21 of 35
========== raw link https://www.linkedin.com/legal/privacy/usa
============ Checking for Redirections: https://www.linkedin.com/legal/privacy/usa
========== dropped link https://www.linkedin.com/legal/privacy/usa. Could not follow redirection (or it was a meaninglessly small page or bot blocked by sessionID).
======== We are on link 22 of 35
========== raw link https://www.linkedin.com/legal/user-agreement
============ Checking for Redirections: https://www.linkedin.com/legal/user-agreement
========== dropped link https://www.linkedin.com/legal/user-agreement. Could not follow redirection (or it was a meaninglessly small page or bot blocked by sessionID).
======== We are on link 23 of 35
========== raw link https://www.linkedin.com/legal/privacy-policy
============ Checking for Redirections: https://www.linkedin.com/legal/privacy-policy
========== dropped link https://www.linkedin.com/legal/privacy-policy. Could not follow redirection (or it was a meaninglessly small page or bot blocked by sessionID).
======== We are on link 24 of 35
========== raw link https://www.linkedin.com/legal/l/refund-policy
============ Checking for Redirections: https://www.linkedin.com/legal/l/refund-policy
========== dropped link https://www.linkedin.com/legal/l/refund-policy. Could not follow redirection (or it was a meaninglessly small page or bot blocked by sessionID).
======== We are on link 25 of 35
========== raw link https://www.linkedin.com/legal/contracting-entity-terms
============ Checking for Redirections: https://www.linkedin.com/legal/contracting-entity-terms
========== dropped link https://www.linkedin.com/legal/contracting-entity-terms. Could not follow redirection (or it was a meaninglessly small page or bot blocked by sessionID).
======== We are on link 26 of 35
========== raw link https://www.linkedin.com/legal/contracting-entity-terms
============ Checking for Redirections: https://www.linkedin.com/legal/contracting-entity-terms
========== dropped link https://www.linkedin.com/legal/contracting-entity-terms. Could not follow redirection (or it was a meaninglessly small page or bot blocked by sessionID).
======== We are on link 27 of 35
========== raw link https://about.linkedin.com?trk=content_footer-about
============ Checking for Redirections: https://about.linkedin.com?trk=content_footer-about
========== dropped link https://about.linkedin.com?trk=content_footer-about. Could not follow redirection (or it was a meaninglessly small page or bot blocked by sessionID).
======== We are on link 28 of 35
========== raw link https://www.linkedin.com/accessibility?trk=content_footer-accessibility
============ Checking for Redirections: https://www.linkedin.com/accessibility?trk=content_footer-accessibility
========== dropped link https://www.linkedin.com/accessibility?trk=content_footer-accessibility. Could not follow redirection (or it was a meaninglessly small page or bot blocked by sessionID).
======== We are on link 29 of 35
========== raw link https://www.linkedin.com/legal/user-agreement?trk=content_footer-user-agreement
============ Checking for Redirections: https://www.linkedin.com/legal/user-agreement?trk=content_footer-user-agreement
========== dropped link https://www.linkedin.com/legal/user-agreement?trk=content_footer-user-agreement. Could not follow redirection (or it was a meaninglessly small page or bot blocked by sessionID).
======== We are on link 30 of 35
========== raw link https://www.linkedin.com/legal/privacy-policy?trk=content_footer-privacy-policy
============ Checking for Redirections: https://www.linkedin.com/legal/privacy-policy?trk=content_footer-privacy-policy
========== dropped link https://www.linkedin.com/legal/privacy-policy?trk=content_footer-privacy-policy. Could not follow redirection (or it was a meaninglessly small page or bot blocked by sessionID).
======== We are on link 31 of 35
========== raw link https://www.linkedin.com/legal/cookie-policy?trk=content_footer-cookie-policy
============ Checking for Redirections: https://www.linkedin.com/legal/cookie-policy?trk=content_footer-cookie-policy
========== dropped link https://www.linkedin.com/legal/cookie-policy?trk=content_footer-cookie-policy. Could not follow redirection (or it was a meaninglessly small page or bot blocked by sessionID).
======== We are on link 32 of 35
========== raw link https://www.linkedin.com/legal/copyright-policy?trk=content_footer-copyright-policy
============ Checking for Redirections: https://www.linkedin.com/legal/copyright-policy?trk=content_footer-copyright-policy
========== dropped link https://www.linkedin.com/legal/copyright-policy?trk=content_footer-copyright-policy. Could not follow redirection (or it was a meaninglessly small page or bot blocked by sessionID).
======== We are on link 33 of 35
========== raw link https://brand.linkedin.com/policies?trk=content_footer-brand-policy
============ Checking for Redirections: https://brand.linkedin.com/policies?trk=content_footer-brand-policy
========== dropped link https://brand.linkedin.com/policies?trk=content_footer-brand-policy. Could not follow redirection (or it was a meaninglessly small page or bot blocked by sessionID).
======== We are on link 34 of 35
========== raw link https://www.linkedin.com/psettings/guest-controls?trk=content_footer-guest-controls
============ Checking for Redirections: https://www.linkedin.com/psettings/guest-controls?trk=content_footer-guest-controls
========== dropped link https://www.linkedin.com/psettings/guest-controls?trk=content_footer-guest-controls. Could not follow redirection (or it was a meaninglessly small page or bot blocked by sessionID).
======== We are on link 35 of 35
========== raw link https://www.linkedin.com/help/linkedin/answer/34593?trk=content_footer-community-guide
============ Checking for Redirections: https://www.linkedin.com/help/linkedin/answer/34593?trk=content_footer-community-guide
========== dropped link https://www.linkedin.com/help/linkedin/answer/34593?trk=content_footer-community-guide. Could not follow redirection (or it was a meaninglessly small page or bot blocked by sessionID).
====== We are on page 11 of 15: https://www.linkedin.com/legal/user-agreement?trk=content_footer-user-agreement
====== Number of Links on this Page: 84
======== We are on link 1 of 84
========== raw link #lithograph-app
========== dropped link (either fragment ("#"), js, mailto, comment, pdf, or empty)
======== We are on link 2 of 84
========== raw link https://linkedin.com/legal/user-agreement
============ Checking for Redirections: https://linkedin.com/legal/user-agreement
========== dropped link https://linkedin.com/legal/user-agreement. Could not follow redirection (or it was a meaninglessly small page or bot blocked by sessionID).
======== We are on link 3 of 84
========== raw link https://linkedin.com/legal/user-agreement-summary
============ Checking for Redirections: https://linkedin.com/legal/user-agreement-summary
========== dropped link https://linkedin.com/legal/user-agreement-summary. Could not follow redirection (or it was a meaninglessly small page or bot blocked by sessionID).
======== We are on link 4 of 84
========== raw link https://linkedin.com/legal/privacy-policy
============ Checking for Redirections: https://linkedin.com/legal/privacy-policy
========== dropped link https://linkedin.com/legal/privacy-policy. Could not follow redirection (or it was a meaninglessly small page or bot blocked by sessionID).
======== We are on link 5 of 84
========== raw link https://linkedin.com/legal/professional-community-policies
============ Checking for Redirections: https://linkedin.com/legal/professional-community-policies
========== dropped link https://linkedin.com/legal/professional-community-policies. Could not follow redirection (or it was a meaninglessly small page or bot blocked by sessionID).
======== We are on link 6 of 84
========== raw link https://linkedin.com/legal/cookie-policy
============ Checking for Redirections: https://linkedin.com/legal/cookie-policy
========== dropped link https://linkedin.com/legal/cookie-policy. Could not follow redirection (or it was a meaninglessly small page or bot blocked by sessionID).
======== We are on link 7 of 84
========== raw link https://linkedin.com/legal/copyright-policy
============ Checking for Redirections: https://linkedin.com/legal/copyright-policy
========== dropped link https://linkedin.com/legal/copyright-policy. Could not follow redirection (or it was a meaninglessly small page or bot blocked by sessionID).
======== We are on link 8 of 84
========== raw link https://privacy.linkedin.com/regionalinfo
============ Checking for Redirections: https://privacy.linkedin.com/regionalinfo
========== dropped link https://privacy.linkedin.com/regionalinfo. Could not follow redirection (or it was a meaninglessly small page or bot blocked by sessionID).
======== We are on link 9 of 84
========== raw link https://linkedin.com/legal/privacy/eu
============ Checking for Redirections: https://linkedin.com/legal/privacy/eu
========== dropped link https://linkedin.com/legal/privacy/eu. Could not follow redirection (or it was a meaninglessly small page or bot blocked by sessionID).
======== We are on link 10 of 84
========== raw link https://linkedin.com/legal/california-privacy-disclosure
============ Checking for Redirections: https://linkedin.com/legal/california-privacy-disclosure
========== dropped link https://linkedin.com/legal/california-privacy-disclosure. Could not follow redirection (or it was a meaninglessly small page or bot blocked by sessionID).
======== We are on link 11 of 84
========== raw link https://www.linkedin.com/legal/privacy/usa
============ Checking for Redirections: https://www.linkedin.com/legal/privacy/usa
========== dropped link https://www.linkedin.com/legal/privacy/usa. Could not follow redirection (or it was a meaninglessly small page or bot blocked by sessionID).
======== We are on link 12 of 84
========== raw link https://linkedin.com/legal/user-agreement
============ Checking for Redirections: https://linkedin.com/legal/user-agreement
========== dropped link https://linkedin.com/legal/user-agreement. Could not follow redirection (or it was a meaninglessly small page or bot blocked by sessionID).
======== We are on link 13 of 84
========== raw link https://linkedin.com/legal/user-agreement-summary
============ Checking for Redirections: https://linkedin.com/legal/user-agreement-summary
========== dropped link https://linkedin.com/legal/user-agreement-summary. Could not follow redirection (or it was a meaninglessly small page or bot blocked by sessionID).
======== We are on link 14 of 84
========== raw link https://linkedin.com/legal/privacy-policy
============ Checking for Redirections: https://linkedin.com/legal/privacy-policy
========== dropped link https://linkedin.com/legal/privacy-policy. Could not follow redirection (or it was a meaninglessly small page or bot blocked by sessionID).
======== We are on link 15 of 84
========== raw link https://linkedin.com/legal/professional-community-policies
============ Checking for Redirections: https://linkedin.com/legal/professional-community-policies
========== dropped link https://linkedin.com/legal/professional-community-policies. Could not follow redirection (or it was a meaninglessly small page or bot blocked by sessionID).
======== We are on link 16 of 84
========== raw link https://linkedin.com/legal/cookie-policy
============ Checking for Redirections: https://linkedin.com/legal/cookie-policy
========== dropped link https://linkedin.com/legal/cookie-policy. Could not follow redirection (or it was a meaninglessly small page or bot blocked by sessionID).
======== We are on link 17 of 84
========== raw link https://linkedin.com/legal/copyright-policy
============ Checking for Redirections: https://linkedin.com/legal/copyright-policy
========== dropped link https://linkedin.com/legal/copyright-policy. Could not follow redirection (or it was a meaninglessly small page or bot blocked by sessionID).
======== We are on link 18 of 84
========== raw link https://privacy.linkedin.com/regionalinfo
============ Checking for Redirections: https://privacy.linkedin.com/regionalinfo
========== dropped link https://privacy.linkedin.com/regionalinfo. Could not follow redirection (or it was a meaninglessly small page or bot blocked by sessionID).
======== We are on link 19 of 84
========== raw link https://linkedin.com/legal/privacy/eu
============ Checking for Redirections: https://linkedin.com/legal/privacy/eu
========== dropped link https://linkedin.com/legal/privacy/eu. Could not follow redirection (or it was a meaninglessly small page or bot blocked by sessionID).
======== We are on link 20 of 84
========== raw link https://linkedin.com/legal/california-privacy-disclosure
============ Checking for Redirections: https://linkedin.com/legal/california-privacy-disclosure
========== dropped link https://linkedin.com/legal/california-privacy-disclosure. Could not follow redirection (or it was a meaninglessly small page or bot blocked by sessionID).
======== We are on link 21 of 84
========== raw link https://www.linkedin.com/legal/privacy/usa
============ Checking for Redirections: https://www.linkedin.com/legal/privacy/usa
========== dropped link https://www.linkedin.com/legal/privacy/usa. Could not follow redirection (or it was a meaninglessly small page or bot blocked by sessionID).
======== We are on link 22 of 84
========== raw link https://www.linkedin.com/help/linkedin/answer/a1341216/updates-to-user-agreement-and-privacy-policy
============ Checking for Redirections: https://www.linkedin.com/help/linkedin/answer/a1341216/updates-to-user-agreement-and-privacy-policy
========== dropped link https://www.linkedin.com/help/linkedin/answer/a1341216/updates-to-user-agreement-and-privacy-policy. Could not follow redirection (or it was a meaninglessly small page or bot blocked by sessionID).
======== We are on link 23 of 84
========== raw link #introduction
========== dropped link (either fragment ("#"), js, mailto, comment, pdf, or empty)
======== We are on link 24 of 84
========== raw link #obligations
========== dropped link (either fragment ("#"), js, mailto, comment, pdf, or empty)
======== We are on link 25 of 84
========== raw link #rights
========== dropped link (either fragment ("#"), js, mailto, comment, pdf, or empty)
======== We are on link 26 of 84
========== raw link #disclaimer
========== dropped link (either fragment ("#"), js, mailto, comment, pdf, or empty)
======== We are on link 27 of 84
========== raw link #termination
========== dropped link (either fragment ("#"), js, mailto, comment, pdf, or empty)
======== We are on link 28 of 84
========== raw link #dispute
========== dropped link (either fragment ("#"), js, mailto, comment, pdf, or empty)
======== We are on link 29 of 84
========== raw link #general
========== dropped link (either fragment ("#"), js, mailto, comment, pdf, or empty)
======== We are on link 30 of 84
========== raw link #dos
========== dropped link (either fragment ("#"), js, mailto, comment, pdf, or empty)
======== We are on link 31 of 84
========== raw link #complaints
========== dropped link (either fragment ("#"), js, mailto, comment, pdf, or empty)
======== We are on link 32 of 84
========== raw link #contact
========== dropped link (either fragment ("#"), js, mailto, comment, pdf, or empty)
======== We are on link 33 of 84
========== raw link https://www.linkedin.com/legal/privacy-policy
============ Checking for Redirections: https://www.linkedin.com/legal/privacy-policy
========== dropped link https://www.linkedin.com/legal/privacy-policy. Could not follow redirection (or it was a meaninglessly small page or bot blocked by sessionID).
======== We are on link 34 of 84
========== raw link https://www.linkedin.com/legal/cookie-policy
============ Checking for Redirections: https://www.linkedin.com/legal/cookie-policy
========== dropped link https://www.linkedin.com/legal/cookie-policy. Could not follow redirection (or it was a meaninglessly small page or bot blocked by sessionID).
======== We are on link 35 of 84
========== raw link https://www.linkedin.com/legal/privacy-policy
============ Checking for Redirections: https://www.linkedin.com/legal/privacy-policy
========== dropped link https://www.linkedin.com/legal/privacy-policy. Could not follow redirection (or it was a meaninglessly small page or bot blocked by sessionID).
======== We are on link 36 of 84
========== raw link https://www.linkedin.com/legal/privacy-policy
============ Checking for Redirections: https://www.linkedin.com/legal/privacy-policy
========== dropped link https://www.linkedin.com/legal/privacy-policy. Could not follow redirection (or it was a meaninglessly small page or bot blocked by sessionID).
======== We are on link 37 of 84
========== raw link https://www.linkedin.com/help/linkedin/answer/63?trk=microsites-frontend_legal_user-agreement&lang=en
============ Checking for Redirections: https://www.linkedin.com/help/linkedin/answer/63?trk=microsites-frontend_legal_user-agreement&lang=en
========== dropped link https://www.linkedin.com/help/linkedin/answer/63?trk=microsites-frontend_legal_user-agreement&lang=en. Could not follow redirection (or it was a meaninglessly small page or bot blocked by sessionID).
======== We are on link 38 of 84
========== raw link #key-terms-2
========== dropped link (either fragment ("#"), js, mailto, comment, pdf, or empty)
======== We are on link 39 of 84
========== raw link https://www.linkedin.com/help/linkedin/answer/a6854067
============ Checking for Redirections: https://www.linkedin.com/help/linkedin/answer/a6854067
========== dropped link https://www.linkedin.com/help/linkedin/answer/a6854067. Could not follow redirection (or it was a meaninglessly small page or bot blocked by sessionID).
======== We are on link 40 of 84
========== raw link https://www.linkedin.com/legal/professional-community-policies
============ Checking for Redirections: https://www.linkedin.com/legal/professional-community-policies
========== dropped link https://www.linkedin.com/legal/professional-community-policies. Could not follow redirection (or it was a meaninglessly small page or bot blocked by sessionID).
======== We are on link 41 of 84
========== raw link https://www.linkedin.com/help/linkedin/answer/89880?trk=microsites-frontend_legal_user-agreement&lang=en
============ Checking for Redirections: https://www.linkedin.com/help/linkedin/answer/89880?trk=microsites-frontend_legal_user-agreement&lang=en
========== dropped link https://www.linkedin.com/help/linkedin/answer/89880?trk=microsites-frontend_legal_user-agreement&lang=en. Could not follow redirection (or it was a meaninglessly small page or bot blocked by sessionID).
======== We are on link 42 of 84
========== raw link https://www.linkedin.com/legal/pop/terms-for-paid-services
============ Checking for Redirections: https://www.linkedin.com/legal/pop/terms-for-paid-services
========== dropped link https://www.linkedin.com/legal/pop/terms-for-paid-services. Could not follow redirection (or it was a meaninglessly small page or bot blocked by sessionID).
======== We are on link 43 of 84
========== raw link https://www.linkedin.com/help/linkedin/answer/a1340105
============ Checking for Redirections: https://www.linkedin.com/help/linkedin/answer/a1340105
========== dropped link https://www.linkedin.com/help/linkedin/answer/a1340105. Could not follow redirection (or it was a meaninglessly small page or bot blocked by sessionID).
======== We are on link 44 of 84
========== raw link https://www.linkedin.com/help/linkedin/answer/50?trk=microsites-frontend_legal_user-agreement&lang=en
============ Checking for Redirections: https://www.linkedin.com/help/linkedin/answer/50?trk=microsites-frontend_legal_user-agreement&lang=en
========== dropped link https://www.linkedin.com/help/linkedin/answer/50?trk=microsites-frontend_legal_user-agreement&lang=en. Could not follow redirection (or it was a meaninglessly small page or bot blocked by sessionID).
======== We are on link 45 of 84
========== raw link https://www.linkedin.com/help/linkedin/answer/5704?trk=microsites-frontend_legal_user-agreement&lang=en
============ Checking for Redirections: https://www.linkedin.com/help/linkedin/answer/5704?trk=microsites-frontend_legal_user-agreement&lang=en
========== dropped link https://www.linkedin.com/help/linkedin/answer/5704?trk=microsites-frontend_legal_user-agreement&lang=en. Could not follow redirection (or it was a meaninglessly small page or bot blocked by sessionID).
======== We are on link 46 of 84
========== raw link https://www.linkedin.com/payments/purchasehistory
============ Checking for Redirections: https://www.linkedin.com/payments/purchasehistory
========== dropped link https://www.linkedin.com/payments/purchasehistory. Could not follow redirection (or it was a meaninglessly small page or bot blocked by sessionID).
======== We are on link 47 of 84
========== raw link https://www.linkedin.com/mypreferences/d/categories/sign-in-and-security
============ Checking for Redirections: https://www.linkedin.com/mypreferences/d/categories/sign-in-and-security
========== dropped link https://www.linkedin.com/mypreferences/d/categories/sign-in-and-security. Could not follow redirection (or it was a meaninglessly small page or bot blocked by sessionID).
======== We are on link 48 of 84
========== raw link https://www.linkedin.com/help/linkedin/answer/67?trk=microsites-frontend_legal_user-agreement&lang=en
============ Checking for Redirections: https://www.linkedin.com/help/linkedin/answer/67?trk=microsites-frontend_legal_user-agreement&lang=en
========== dropped link https://www.linkedin.com/help/linkedin/answer/67?trk=microsites-frontend_legal_user-agreement&lang=en. Could not follow redirection (or it was a meaninglessly small page or bot blocked by sessionID).
======== We are on link 49 of 84
========== raw link https://www.linkedin.com/legal/user-agreement#key-terms-3
============ Checking for Redirections: https://www.linkedin.com/legal/user-agreement#key-terms-3
========== dropped link https://www.linkedin.com/legal/user-agreement#key-terms-3. Could not follow redirection (or it was a meaninglessly small page or bot blocked by sessionID).
======== We are on link 50 of 84
========== raw link https://www.linkedin.com/legal/user-agreement#key-terms-3
============ Checking for Redirections: https://www.linkedin.com/legal/user-agreement#key-terms-3
========== dropped link https://www.linkedin.com/legal/user-agreement#key-terms-3. Could not follow redirection (or it was a meaninglessly small page or bot blocked by sessionID).
======== We are on link 51 of 84
========== raw link https://www.linkedin.com/legal/user-agreement#key-terms-3
============ Checking for Redirections: https://www.linkedin.com/legal/user-agreement#key-terms-3
========== dropped link https://www.linkedin.com/legal/user-agreement#key-terms-3. Could not follow redirection (or it was a meaninglessly small page or bot blocked by sessionID).
======== We are on link 52 of 84
========== raw link https://www.linkedin.com/help/linkedin/answer/86529?trk=microsites-frontend_legal_user-agreement&lang=en
============ Checking for Redirections: https://www.linkedin.com/help/linkedin/answer/86529?trk=microsites-frontend_legal_user-agreement&lang=en
========== dropped link https://www.linkedin.com/help/linkedin/answer/86529?trk=microsites-frontend_legal_user-agreement&lang=en. Could not follow redirection (or it was a meaninglessly small page or bot blocked by sessionID).
======== We are on link 53 of 84
========== raw link https://creativecommons.org/choose/
========== dropped link https://creativecommons.org/choose/. Didn't pass first allows/blocks test.
======== We are on link 54 of 84
========== raw link https://www.linkedin.com/legal/privacy-policy
============ Checking for Redirections: https://www.linkedin.com/legal/privacy-policy
========== dropped link https://www.linkedin.com/legal/privacy-policy. Could not follow redirection (or it was a meaninglessly small page or bot blocked by sessionID).
======== We are on link 55 of 84
========== raw link https://www.linkedin.com/psettings/news-mention-broadcast
============ Checking for Redirections: https://www.linkedin.com/psettings/news-mention-broadcast
========== dropped link https://www.linkedin.com/psettings/news-mention-broadcast. Could not follow redirection (or it was a meaninglessly small page or bot blocked by sessionID).
======== We are on link 56 of 84
========== raw link https://www.linkedin.com/help/linkedin/answer/50021?trk=microsites-frontend_legal_user-agreement&lang=en
============ Checking for Redirections: https://www.linkedin.com/help/linkedin/answer/50021?trk=microsites-frontend_legal_user-agreement&lang=en
========== dropped link https://www.linkedin.com/help/linkedin/answer/50021?trk=microsites-frontend_legal_user-agreement&lang=en. Could not follow redirection (or it was a meaninglessly small page or bot blocked by sessionID).
======== We are on link 57 of 84
========== raw link https://www.linkedin.com/services
============ Checking for Redirections: https://www.linkedin.com/services
========== dropped link https://www.linkedin.com/services. Could not follow redirection (or it was a meaninglessly small page or bot blocked by sessionID).
======== We are on link 58 of 84
========== raw link https://www.linkedin.com/services
============ Checking for Redirections: https://www.linkedin.com/services
========== dropped link https://www.linkedin.com/services. Could not follow redirection (or it was a meaninglessly small page or bot blocked by sessionID).
======== We are on link 59 of 84
========== raw link https://www.linkedin.com/help/linkedin/answer/89880?trk=microsites-frontend_legal_user-agreement&lang=en
============ Checking for Redirections: https://www.linkedin.com/help/linkedin/answer/89880?trk=microsites-frontend_legal_user-agreement&lang=en
========== dropped link https://www.linkedin.com/help/linkedin/answer/89880?trk=microsites-frontend_legal_user-agreement&lang=en. Could not follow redirection (or it was a meaninglessly small page or bot blocked by sessionID).
======== We are on link 60 of 84
========== raw link https://www.linkedin.com/help/linkedin/answer/89880?trk=microsites-frontend_legal_user-agreement&lang=en
============ Checking for Redirections: https://www.linkedin.com/help/linkedin/answer/89880?trk=microsites-frontend_legal_user-agreement&lang=en
========== dropped link https://www.linkedin.com/help/linkedin/answer/89880?trk=microsites-frontend_legal_user-agreement&lang=en. Could not follow redirection (or it was a meaninglessly small page or bot blocked by sessionID).
======== We are on link 61 of 84
========== raw link https://www.linkedin.com/legal/professional-community-policies
============ Checking for Redirections: https://www.linkedin.com/legal/professional-community-policies
========== dropped link https://www.linkedin.com/legal/professional-community-policies. Could not follow redirection (or it was a meaninglessly small page or bot blocked by sessionID).
======== We are on link 62 of 84
========== raw link https://www.linkedin.com/help/linkedin/answer/a1342754
============ Checking for Redirections: https://www.linkedin.com/help/linkedin/answer/a1342754
========== dropped link https://www.linkedin.com/help/linkedin/answer/a1342754. Could not follow redirection (or it was a meaninglessly small page or bot blocked by sessionID).
======== We are on link 63 of 84
========== raw link https://www.linkedin.com/help/linkedin/answer/a1339724
============ Checking for Redirections: https://www.linkedin.com/help/linkedin/answer/a1339724
========== dropped link https://www.linkedin.com/help/linkedin/answer/a1339724. Could not follow redirection (or it was a meaninglessly small page or bot blocked by sessionID).
======== We are on link 64 of 84
========== raw link https://www.linkedin.com/legal/professional-community-policies
============ Checking for Redirections: https://www.linkedin.com/legal/professional-community-policies
========== dropped link https://www.linkedin.com/legal/professional-community-policies. Could not follow redirection (or it was a meaninglessly small page or bot blocked by sessionID).
======== We are on link 65 of 84
========== raw link https://www.linkedin.com/help/linkedin/answer/63?trk=microsites-frontend_legal_user-agreement&lang=en
============ Checking for Redirections: https://www.linkedin.com/help/linkedin/answer/63?trk=microsites-frontend_legal_user-agreement&lang=en
========== dropped link https://www.linkedin.com/help/linkedin/answer/63?trk=microsites-frontend_legal_user-agreement&lang=en. Could not follow redirection (or it was a meaninglessly small page or bot blocked by sessionID).
======== We are on link 66 of 84
========== raw link https://nam06.safelinks.protection.outlook.com/?url=https%3A%2F%2Fwww.linkedin.com%2Fhelp%2Flinkedin%2Fask%2Fts-adfrf&data=05%7C02%7Cmmills%40linkedin.com%7C48b37c3685a046ad7d8d08dc39876d09%7C72f988bf86f141af91ab2d7cd011db47%7C0%7C0%7C638448501200430881%7CUnknown%7CTWFpbGZsb3d8eyJWIjoiMC4wLjAwMDAiLCJQIjoiV2luMzIiLCJBTiI6Ik1haWwiLCJXVCI6Mn0%3D%7C0%7C%7C%7C&sdata=iSWx0d4TDMTU8%2BzjvQZmuHN1TtGnu0InmBUc3eOgxhs%3D&reserved=0
============ Checking for Redirections: https://nam06.safelinks.protection.outlook.com/?url=https%3A%2F%2Fwww.linkedin.com%2Fhelp%2Flinkedin%2Fask%2Fts-adfrf&data=05%7C02%7Cmmills%40linkedin.com%7C48b37c3685a046ad7d8d08dc39876d09%7C72f988bf86f141af91ab2d7cd011db47%7C0%7C0%7C638448501200430881%7CUnknown%7CTWFpbGZsb3d8eyJWIjoiMC4wLjAwMDAiLCJQIjoiV2luMzIiLCJBTiI6Ik1haWwiLCJXVCI6Mn0%3D%7C0%7C%7C%7C&sdata=iSWx0d4TDMTU8%2BzjvQZmuHN1TtGnu0InmBUc3eOgxhs%3D&reserved=0
========== dropped link https://nam06.safelinks.protection.outlook.com/?url=https%3A%2F%2Fwww.linkedin.com%2Fhelp%2Flinkedin%2Fask%2Fts-adfrf&data=05%7C02%7Cmmills%40linkedin.com%7C48b37c3685a046ad7d8d08dc39876d09%7C72f988bf86f141af91ab2d7cd011db47%7C0%7C0%7C638448501200430881%7CUnknown%7CTWFpbGZsb3d8eyJWIjoiMC4wLjAwMDAiLCJQIjoiV2luMzIiLCJBTiI6Ik1haWwiLCJXVCI6Mn0%3D%7C0%7C%7C%7C&sdata=iSWx0d4TDMTU8%2BzjvQZmuHN1TtGnu0InmBUc3eOgxhs%3D&reserved=0. Could not follow redirection (or it was a meaninglessly small page or bot blocked by sessionID).
======== We are on link 67 of 84
========== raw link https://www.linkedin.com/legal/professional-community-policies
============ Checking for Redirections: https://www.linkedin.com/legal/professional-community-policies
========== dropped link https://www.linkedin.com/legal/professional-community-policies. Could not follow redirection (or it was a meaninglessly small page or bot blocked by sessionID).
======== We are on link 68 of 84
========== raw link https://brand.linkedin.com/policies
============ Checking for Redirections: https://brand.linkedin.com/policies
========== dropped link https://brand.linkedin.com/policies. Could not follow redirection (or it was a meaninglessly small page or bot blocked by sessionID).
======== We are on link 69 of 84
========== raw link https://www.linkedin.com/legal/professional-community-policies
============ Checking for Redirections: https://www.linkedin.com/legal/professional-community-policies
========== dropped link https://www.linkedin.com/legal/professional-community-policies. Could not follow redirection (or it was a meaninglessly small page or bot blocked by sessionID).
======== We are on link 70 of 84
========== raw link https://www.linkedin.com/help/linkedin/answer/a6857122
============ Checking for Redirections: https://www.linkedin.com/help/linkedin/answer/a6857122
========== dropped link https://www.linkedin.com/help/linkedin/answer/a6857122. Could not follow redirection (or it was a meaninglessly small page or bot blocked by sessionID).
======== We are on link 71 of 84
========== raw link https://www.linkedin.com/legal/professional-community-policies
============ Checking for Redirections: https://www.linkedin.com/legal/professional-community-policies
========== dropped link https://www.linkedin.com/legal/professional-community-policies. Could not follow redirection (or it was a meaninglessly small page or bot blocked by sessionID).
======== We are on link 72 of 84
========== raw link https://www.linkedin.com/legal/copyright-policy
============ Checking for Redirections: https://www.linkedin.com/legal/copyright-policy
========== dropped link https://www.linkedin.com/legal/copyright-policy. Could not follow redirection (or it was a meaninglessly small page or bot blocked by sessionID).
======== We are on link 73 of 84
========== raw link https://www.linkedin.com/help/linkedin/answer/a1337296
============ Checking for Redirections: https://www.linkedin.com/help/linkedin/answer/a1337296
========== dropped link https://www.linkedin.com/help/linkedin/answer/a1337296. Could not follow redirection (or it was a meaninglessly small page or bot blocked by sessionID).
======== We are on link 74 of 84
========== raw link https://www.linkedin.com/help/linkedin?trk=microsites-frontend_legal_user-agreement&lang=en
============ Checking for Redirections: https://www.linkedin.com/help/linkedin?trk=microsites-frontend_legal_user-agreement&lang=en
========== dropped link https://www.linkedin.com/help/linkedin?trk=microsites-frontend_legal_user-agreement&lang=en. Could not follow redirection (or it was a meaninglessly small page or bot blocked by sessionID).
======== We are on link 75 of 84
========== raw link https://www.linkedin.com/help/linkedin/answer/79728?trk=microsites-frontend_legal_user-agreement&lang=en
============ Checking for Redirections: https://www.linkedin.com/help/linkedin/answer/79728?trk=microsites-frontend_legal_user-agreement&lang=en
========== dropped link https://www.linkedin.com/help/linkedin/answer/79728?trk=microsites-frontend_legal_user-agreement&lang=en. Could not follow redirection (or it was a meaninglessly small page or bot blocked by sessionID).
======== We are on link 76 of 84
========== raw link https://about.linkedin.com?trk=content_footer-about
============ Checking for Redirections: https://about.linkedin.com?trk=content_footer-about
========== dropped link https://about.linkedin.com?trk=content_footer-about. Could not follow redirection (or it was a meaninglessly small page or bot blocked by sessionID).
======== We are on link 77 of 84
========== raw link https://www.linkedin.com/accessibility?trk=content_footer-accessibility
============ Checking for Redirections: https://www.linkedin.com/accessibility?trk=content_footer-accessibility
========== dropped link https://www.linkedin.com/accessibility?trk=content_footer-accessibility. Could not follow redirection (or it was a meaninglessly small page or bot blocked by sessionID).
======== We are on link 78 of 84
========== raw link https://www.linkedin.com/legal/user-agreement?trk=content_footer-user-agreement
============ Checking for Redirections: https://www.linkedin.com/legal/user-agreement?trk=content_footer-user-agreement
========== dropped link https://www.linkedin.com/legal/user-agreement?trk=content_footer-user-agreement. Could not follow redirection (or it was a meaninglessly small page or bot blocked by sessionID).
======== We are on link 79 of 84
========== raw link https://www.linkedin.com/legal/privacy-policy?trk=content_footer-privacy-policy
============ Checking for Redirections: https://www.linkedin.com/legal/privacy-policy?trk=content_footer-privacy-policy
========== dropped link https://www.linkedin.com/legal/privacy-policy?trk=content_footer-privacy-policy. Could not follow redirection (or it was a meaninglessly small page or bot blocked by sessionID).
======== We are on link 80 of 84
========== raw link https://www.linkedin.com/legal/cookie-policy?trk=content_footer-cookie-policy
============ Checking for Redirections: https://www.linkedin.com/legal/cookie-policy?trk=content_footer-cookie-policy
========== dropped link https://www.linkedin.com/legal/cookie-policy?trk=content_footer-cookie-policy. Could not follow redirection (or it was a meaninglessly small page or bot blocked by sessionID).
======== We are on link 81 of 84
========== raw link https://www.linkedin.com/legal/copyright-policy?trk=content_footer-copyright-policy
============ Checking for Redirections: https://www.linkedin.com/legal/copyright-policy?trk=content_footer-copyright-policy
========== dropped link https://www.linkedin.com/legal/copyright-policy?trk=content_footer-copyright-policy. Could not follow redirection (or it was a meaninglessly small page or bot blocked by sessionID).
======== We are on link 82 of 84
========== raw link https://brand.linkedin.com/policies?trk=content_footer-brand-policy
============ Checking for Redirections: https://brand.linkedin.com/policies?trk=content_footer-brand-policy
========== dropped link https://brand.linkedin.com/policies?trk=content_footer-brand-policy. Could not follow redirection (or it was a meaninglessly small page or bot blocked by sessionID).
======== We are on link 83 of 84
========== raw link https://www.linkedin.com/psettings/guest-controls?trk=content_footer-guest-controls
============ Checking for Redirections: https://www.linkedin.com/psettings/guest-controls?trk=content_footer-guest-controls
========== dropped link https://www.linkedin.com/psettings/guest-controls?trk=content_footer-guest-controls. Could not follow redirection (or it was a meaninglessly small page or bot blocked by sessionID).
======== We are on link 84 of 84
========== raw link https://www.linkedin.com/help/linkedin/answer/34593?trk=content_footer-community-guide
============ Checking for Redirections: https://www.linkedin.com/help/linkedin/answer/34593?trk=content_footer-community-guide
========== dropped link https://www.linkedin.com/help/linkedin/answer/34593?trk=content_footer-community-guide. Could not follow redirection (or it was a meaninglessly small page or bot blocked by sessionID).
====== We are on page 12 of 15: https://www.linkedin.com/blog/member/trust-and-safety/responsible-ai-principles
====== Number of Links on this Page: 34
======== We are on link 1 of 34
========== raw link #lithograph-app
========== dropped link (either fragment ("#"), js, mailto, comment, pdf, or empty)
======== We are on link 2 of 34
========== raw link https://www.linkedin.com/blog/member
============ Checking for Redirections: https://www.linkedin.com/blog/member
========== dropped link https://www.linkedin.com/blog/member. Could not follow redirection (or it was a meaninglessly small page or bot blocked by sessionID).
======== We are on link 3 of 34
========== raw link https://www.linkedin.com/blog/member/product
============ Checking for Redirections: https://www.linkedin.com/blog/member/product
========== dropped link https://www.linkedin.com/blog/member/product. Could not follow redirection (or it was a meaninglessly small page or bot blocked by sessionID).
======== We are on link 4 of 34
========== raw link https://www.linkedin.com/blog/member/member-stories
============ Checking for Redirections: https://www.linkedin.com/blog/member/member-stories
========== dropped link https://www.linkedin.com/blog/member/member-stories. Could not follow redirection (or it was a meaninglessly small page or bot blocked by sessionID).
======== We are on link 5 of 34
========== raw link https://www.linkedin.com/blog/member/creators
============ Checking for Redirections: https://www.linkedin.com/blog/member/creators
========== dropped link https://www.linkedin.com/blog/member/creators. Could not follow redirection (or it was a meaninglessly small page or bot blocked by sessionID).
======== We are on link 6 of 34
========== raw link https://www.linkedin.com/blog/member/trust-and-safety
============ Checking for Redirections: https://www.linkedin.com/blog/member/trust-and-safety
========== dropped link https://www.linkedin.com/blog/member/trust-and-safety. Could not follow redirection (or it was a meaninglessly small page or bot blocked by sessionID).
======== We are on link 7 of 34
========== raw link https://www.linkedin.com/blog/member/product
============ Checking for Redirections: https://www.linkedin.com/blog/member/product
========== dropped link https://www.linkedin.com/blog/member/product. Could not follow redirection (or it was a meaninglessly small page or bot blocked by sessionID).
======== We are on link 8 of 34
========== raw link https://www.linkedin.com/blog/member/member-stories
============ Checking for Redirections: https://www.linkedin.com/blog/member/member-stories
========== dropped link https://www.linkedin.com/blog/member/member-stories. Could not follow redirection (or it was a meaninglessly small page or bot blocked by sessionID).
======== We are on link 9 of 34
========== raw link https://www.linkedin.com/blog/member/creators
============ Checking for Redirections: https://www.linkedin.com/blog/member/creators
========== dropped link https://www.linkedin.com/blog/member/creators. Could not follow redirection (or it was a meaninglessly small page or bot blocked by sessionID).
======== We are on link 10 of 34
========== raw link https://www.linkedin.com/blog/member/trust-and-safety
============ Checking for Redirections: https://www.linkedin.com/blog/member/trust-and-safety
========== dropped link https://www.linkedin.com/blog/member/trust-and-safety. Could not follow redirection (or it was a meaninglessly small page or bot blocked by sessionID).
======== We are on link 11 of 34
========== raw link https://www.linkedin.com/blog/member/trust-and-safety
============ Checking for Redirections: https://www.linkedin.com/blog/member/trust-and-safety
========== dropped link https://www.linkedin.com/blog/member/trust-and-safety. Could not follow redirection (or it was a meaninglessly small page or bot blocked by sessionID).
======== We are on link 12 of 34
========== raw link https://www.linkedin.com/in/blakelawit
============ Checking for Redirections: https://www.linkedin.com/in/blakelawit
========== dropped link https://www.linkedin.com/in/blakelawit. Could not follow redirection (or it was a meaninglessly small page or bot blocked by sessionID).
======== We are on link 13 of 34
========== raw link #
========== dropped link (either fragment ("#"), js, mailto, comment, pdf, or empty)
======== We are on link 14 of 34
========== raw link #
========== dropped link (either fragment ("#"), js, mailto, comment, pdf, or empty)
======== We are on link 15 of 34
========== raw link #
========== dropped link (either fragment ("#"), js, mailto, comment, pdf, or empty)
======== We are on link 16 of 34
========== raw link https://www.linkedin.com/in/blakelawit/
============ Checking for Redirections: https://www.linkedin.com/in/blakelawit/
========== dropped link https://www.linkedin.com/in/blakelawit/. Could not follow redirection (or it was a meaninglessly small page or bot blocked by sessionID).
======== We are on link 17 of 34
========== raw link https://www.linkedin.com/in/ya-xu/
============ Checking for Redirections: https://www.linkedin.com/in/ya-xu/
========== dropped link https://www.linkedin.com/in/ya-xu/. Could not follow redirection (or it was a meaninglessly small page or bot blocked by sessionID).
======== We are on link 18 of 34
========== raw link https://engineering.linkedin.com/blog/2018/10/an-introduction-to-ai-at-linkedin
============ Checking for Redirections: https://engineering.linkedin.com/blog/2018/10/an-introduction-to-ai-at-linkedin
========== dropped link https://engineering.linkedin.com/blog/2018/10/an-introduction-to-ai-at-linkedin. Could not follow redirection (or it was a meaninglessly small page or bot blocked by sessionID).
======== We are on link 19 of 34
========== raw link https://blog.linkedin.com/2019/november/1/maintaining-the-trust-of-our-members
============ Checking for Redirections: https://blog.linkedin.com/2019/november/1/maintaining-the-trust-of-our-members
========== dropped link https://blog.linkedin.com/2019/november/1/maintaining-the-trust-of-our-members. Could not follow redirection (or it was a meaninglessly small page or bot blocked by sessionID).
======== We are on link 20 of 34
========== raw link https://blogs.microsoft.com/on-the-issues/2023/02/02/responsible-ai-chatgpt-artificial-intelligence/
========== dropped link https://blogs.microsoft.com/on-the-issues/2023/02/02/responsible-ai-chatgpt-artificial-intelligence/. Didn't pass first allows/blocks test.
======== We are on link 21 of 34
========== raw link https://www.linkedin.com/blog/member/data/work-change-report-2025
============ Checking for Redirections: https://www.linkedin.com/blog/member/data/work-change-report-2025
========== dropped link https://www.linkedin.com/blog/member/data/work-change-report-2025. Could not follow redirection (or it was a meaninglessly small page or bot blocked by sessionID).
======== We are on link 22 of 34
========== raw link https://www.linkedin.com/blog/member/trust-and-safety
============ Checking for Redirections: https://www.linkedin.com/blog/member/trust-and-safety
========== dropped link https://www.linkedin.com/blog/member/trust-and-safety. Could not follow redirection (or it was a meaninglessly small page or bot blocked by sessionID).
======== We are on link 23 of 34
========== raw link https://www.linkedin.com/blog/member/trust-and-safety/updates-to-our-terms-of-service-2024
============ Checking for Redirections: https://www.linkedin.com/blog/member/trust-and-safety/updates-to-our-terms-of-service-2024
========== dropped link https://www.linkedin.com/blog/member/trust-and-safety/updates-to-our-terms-of-service-2024. Could not follow redirection (or it was a meaninglessly small page or bot blocked by sessionID).
======== We are on link 24 of 34
========== raw link https://www.linkedin.com/blog/member/trust-and-safety
============ Checking for Redirections: https://www.linkedin.com/blog/member/trust-and-safety
========== dropped link https://www.linkedin.com/blog/member/trust-and-safety. Could not follow redirection (or it was a meaninglessly small page or bot blocked by sessionID).
======== We are on link 25 of 34
========== raw link https://www.linkedin.com/blog/member/trust-and-safety/update-hi-q-legal-proceeding
============ Checking for Redirections: https://www.linkedin.com/blog/member/trust-and-safety/update-hi-q-legal-proceeding
========== dropped link https://www.linkedin.com/blog/member/trust-and-safety/update-hi-q-legal-proceeding. Could not follow redirection (or it was a meaninglessly small page or bot blocked by sessionID).
======== We are on link 26 of 34
========== raw link https://about.linkedin.com?trk=content_footer-about
============ Checking for Redirections: https://about.linkedin.com?trk=content_footer-about
========== dropped link https://about.linkedin.com?trk=content_footer-about. Could not follow redirection (or it was a meaninglessly small page or bot blocked by sessionID).
======== We are on link 27 of 34
========== raw link https://www.linkedin.com/accessibility?trk=content_footer-accessibility
============ Checking for Redirections: https://www.linkedin.com/accessibility?trk=content_footer-accessibility
========== dropped link https://www.linkedin.com/accessibility?trk=content_footer-accessibility. Could not follow redirection (or it was a meaninglessly small page or bot blocked by sessionID).
======== We are on link 28 of 34
========== raw link https://www.linkedin.com/legal/user-agreement?trk=content_footer-user-agreement
============ Checking for Redirections: https://www.linkedin.com/legal/user-agreement?trk=content_footer-user-agreement
========== dropped link https://www.linkedin.com/legal/user-agreement?trk=content_footer-user-agreement. Could not follow redirection (or it was a meaninglessly small page or bot blocked by sessionID).
======== We are on link 29 of 34
========== raw link https://www.linkedin.com/legal/privacy-policy?trk=content_footer-privacy-policy
============ Checking for Redirections: https://www.linkedin.com/legal/privacy-policy?trk=content_footer-privacy-policy
========== dropped link https://www.linkedin.com/legal/privacy-policy?trk=content_footer-privacy-policy. Could not follow redirection (or it was a meaninglessly small page or bot blocked by sessionID).
======== We are on link 30 of 34
========== raw link https://www.linkedin.com/legal/cookie-policy?trk=content_footer-cookie-policy
============ Checking for Redirections: https://www.linkedin.com/legal/cookie-policy?trk=content_footer-cookie-policy
========== dropped link https://www.linkedin.com/legal/cookie-policy?trk=content_footer-cookie-policy. Could not follow redirection (or it was a meaninglessly small page or bot blocked by sessionID).
======== We are on link 31 of 34
========== raw link https://www.linkedin.com/legal/copyright-policy?trk=content_footer-copyright-policy
============ Checking for Redirections: https://www.linkedin.com/legal/copyright-policy?trk=content_footer-copyright-policy
========== dropped link https://www.linkedin.com/legal/copyright-policy?trk=content_footer-copyright-policy. Could not follow redirection (or it was a meaninglessly small page or bot blocked by sessionID).
======== We are on link 32 of 34
========== raw link https://brand.linkedin.com/policies?trk=content_footer-brand-policy
============ Checking for Redirections: https://brand.linkedin.com/policies?trk=content_footer-brand-policy
========== dropped link https://brand.linkedin.com/policies?trk=content_footer-brand-policy. Could not follow redirection (or it was a meaninglessly small page or bot blocked by sessionID).
======== We are on link 33 of 34
========== raw link https://www.linkedin.com/psettings/guest-controls?trk=content_footer-guest-controls
============ Checking for Redirections: https://www.linkedin.com/psettings/guest-controls?trk=content_footer-guest-controls
========== dropped link https://www.linkedin.com/psettings/guest-controls?trk=content_footer-guest-controls. Could not follow redirection (or it was a meaninglessly small page or bot blocked by sessionID).
======== We are on link 34 of 34
========== raw link https://www.linkedin.com/help/linkedin/answer/34593?trk=content_footer-community-guide
============ Checking for Redirections: https://www.linkedin.com/help/linkedin/answer/34593?trk=content_footer-community-guide
========== dropped link https://www.linkedin.com/help/linkedin/answer/34593?trk=content_footer-community-guide. Could not follow redirection (or it was a meaninglessly small page or bot blocked by sessionID).
====== We are on page 13 of 15: https://www.linkedin.com/legal/user-agreement-summary
====== Number of Links on this Page: 30
======== We are on link 1 of 30
========== raw link #lithograph-app
========== dropped link (either fragment ("#"), js, mailto, comment, pdf, or empty)
======== We are on link 2 of 30
========== raw link https://linkedin.com/legal/user-agreement
============ Checking for Redirections: https://linkedin.com/legal/user-agreement
========== dropped link https://linkedin.com/legal/user-agreement. Could not follow redirection (or it was a meaninglessly small page or bot blocked by sessionID).
======== We are on link 3 of 30
========== raw link https://linkedin.com/legal/user-agreement-summary
============ Checking for Redirections: https://linkedin.com/legal/user-agreement-summary
========== dropped link https://linkedin.com/legal/user-agreement-summary. Could not follow redirection (or it was a meaninglessly small page or bot blocked by sessionID).
======== We are on link 4 of 30
========== raw link https://linkedin.com/legal/privacy-policy
============ Checking for Redirections: https://linkedin.com/legal/privacy-policy
========== dropped link https://linkedin.com/legal/privacy-policy. Could not follow redirection (or it was a meaninglessly small page or bot blocked by sessionID).
======== We are on link 5 of 30
========== raw link https://linkedin.com/legal/professional-community-policies
============ Checking for Redirections: https://linkedin.com/legal/professional-community-policies
========== dropped link https://linkedin.com/legal/professional-community-policies. Could not follow redirection (or it was a meaninglessly small page or bot blocked by sessionID).
======== We are on link 6 of 30
========== raw link https://linkedin.com/legal/cookie-policy
============ Checking for Redirections: https://linkedin.com/legal/cookie-policy
========== dropped link https://linkedin.com/legal/cookie-policy. Could not follow redirection (or it was a meaninglessly small page or bot blocked by sessionID).
======== We are on link 7 of 30
========== raw link https://linkedin.com/legal/copyright-policy
============ Checking for Redirections: https://linkedin.com/legal/copyright-policy
========== dropped link https://linkedin.com/legal/copyright-policy. Could not follow redirection (or it was a meaninglessly small page or bot blocked by sessionID).
======== We are on link 8 of 30
========== raw link https://privacy.linkedin.com/regionalinfo
============ Checking for Redirections: https://privacy.linkedin.com/regionalinfo
========== dropped link https://privacy.linkedin.com/regionalinfo. Could not follow redirection (or it was a meaninglessly small page or bot blocked by sessionID).
======== We are on link 9 of 30
========== raw link https://linkedin.com/legal/privacy/eu
============ Checking for Redirections: https://linkedin.com/legal/privacy/eu
========== dropped link https://linkedin.com/legal/privacy/eu. Could not follow redirection (or it was a meaninglessly small page or bot blocked by sessionID).
======== We are on link 10 of 30
========== raw link https://linkedin.com/legal/california-privacy-disclosure
============ Checking for Redirections: https://linkedin.com/legal/california-privacy-disclosure
========== dropped link https://linkedin.com/legal/california-privacy-disclosure. Could not follow redirection (or it was a meaninglessly small page or bot blocked by sessionID).
======== We are on link 11 of 30
========== raw link https://www.linkedin.com/legal/privacy/usa
============ Checking for Redirections: https://www.linkedin.com/legal/privacy/usa
========== dropped link https://www.linkedin.com/legal/privacy/usa. Could not follow redirection (or it was a meaninglessly small page or bot blocked by sessionID).
======== We are on link 12 of 30
========== raw link https://linkedin.com/legal/user-agreement
============ Checking for Redirections: https://linkedin.com/legal/user-agreement
========== dropped link https://linkedin.com/legal/user-agreement. Could not follow redirection (or it was a meaninglessly small page or bot blocked by sessionID).
======== We are on link 13 of 30
========== raw link https://linkedin.com/legal/user-agreement-summary
============ Checking for Redirections: https://linkedin.com/legal/user-agreement-summary
========== dropped link https://linkedin.com/legal/user-agreement-summary. Could not follow redirection (or it was a meaninglessly small page or bot blocked by sessionID).
======== We are on link 14 of 30
========== raw link https://linkedin.com/legal/privacy-policy
============ Checking for Redirections: https://linkedin.com/legal/privacy-policy
========== dropped link https://linkedin.com/legal/privacy-policy. Could not follow redirection (or it was a meaninglessly small page or bot blocked by sessionID).
======== We are on link 15 of 30
========== raw link https://linkedin.com/legal/professional-community-policies
============ Checking for Redirections: https://linkedin.com/legal/professional-community-policies
========== dropped link https://linkedin.com/legal/professional-community-policies. Could not follow redirection (or it was a meaninglessly small page or bot blocked by sessionID).
======== We are on link 16 of 30
========== raw link https://linkedin.com/legal/cookie-policy
============ Checking for Redirections: https://linkedin.com/legal/cookie-policy
========== dropped link https://linkedin.com/legal/cookie-policy. Could not follow redirection (or it was a meaninglessly small page or bot blocked by sessionID).
======== We are on link 17 of 30
========== raw link https://linkedin.com/legal/copyright-policy
============ Checking for Redirections: https://linkedin.com/legal/copyright-policy
========== dropped link https://linkedin.com/legal/copyright-policy. Could not follow redirection (or it was a meaninglessly small page or bot blocked by sessionID).
======== We are on link 18 of 30
========== raw link https://privacy.linkedin.com/regionalinfo
============ Checking for Redirections: https://privacy.linkedin.com/regionalinfo
========== dropped link https://privacy.linkedin.com/regionalinfo. Could not follow redirection (or it was a meaninglessly small page or bot blocked by sessionID).
======== We are on link 19 of 30
========== raw link https://linkedin.com/legal/privacy/eu
============ Checking for Redirections: https://linkedin.com/legal/privacy/eu
========== dropped link https://linkedin.com/legal/privacy/eu. Could not follow redirection (or it was a meaninglessly small page or bot blocked by sessionID).
======== We are on link 20 of 30
========== raw link https://linkedin.com/legal/california-privacy-disclosure
============ Checking for Redirections: https://linkedin.com/legal/california-privacy-disclosure
========== dropped link https://linkedin.com/legal/california-privacy-disclosure. Could not follow redirection (or it was a meaninglessly small page or bot blocked by sessionID).
======== We are on link 21 of 30
========== raw link https://www.linkedin.com/legal/privacy/usa
============ Checking for Redirections: https://www.linkedin.com/legal/privacy/usa
========== dropped link https://www.linkedin.com/legal/privacy/usa. Could not follow redirection (or it was a meaninglessly small page or bot blocked by sessionID).
======== We are on link 22 of 30
========== raw link https://about.linkedin.com?trk=content_footer-about
============ Checking for Redirections: https://about.linkedin.com?trk=content_footer-about
========== dropped link https://about.linkedin.com?trk=content_footer-about. Could not follow redirection (or it was a meaninglessly small page or bot blocked by sessionID).
======== We are on link 23 of 30
========== raw link https://www.linkedin.com/accessibility?trk=content_footer-accessibility
============ Checking for Redirections: https://www.linkedin.com/accessibility?trk=content_footer-accessibility
========== dropped link https://www.linkedin.com/accessibility?trk=content_footer-accessibility. Could not follow redirection (or it was a meaninglessly small page or bot blocked by sessionID).
======== We are on link 24 of 30
========== raw link https://www.linkedin.com/legal/user-agreement?trk=content_footer-user-agreement
============ Checking for Redirections: https://www.linkedin.com/legal/user-agreement?trk=content_footer-user-agreement
========== dropped link https://www.linkedin.com/legal/user-agreement?trk=content_footer-user-agreement. Could not follow redirection (or it was a meaninglessly small page or bot blocked by sessionID).
======== We are on link 25 of 30
========== raw link https://www.linkedin.com/legal/privacy-policy?trk=content_footer-privacy-policy
============ Checking for Redirections: https://www.linkedin.com/legal/privacy-policy?trk=content_footer-privacy-policy
========== dropped link https://www.linkedin.com/legal/privacy-policy?trk=content_footer-privacy-policy. Could not follow redirection (or it was a meaninglessly small page or bot blocked by sessionID).
======== We are on link 26 of 30
========== raw link https://www.linkedin.com/legal/cookie-policy?trk=content_footer-cookie-policy
============ Checking for Redirections: https://www.linkedin.com/legal/cookie-policy?trk=content_footer-cookie-policy
========== dropped link https://www.linkedin.com/legal/cookie-policy?trk=content_footer-cookie-policy. Could not follow redirection (or it was a meaninglessly small page or bot blocked by sessionID).
======== We are on link 27 of 30
========== raw link https://www.linkedin.com/legal/copyright-policy?trk=content_footer-copyright-policy
============ Checking for Redirections: https://www.linkedin.com/legal/copyright-policy?trk=content_footer-copyright-policy
========== dropped link https://www.linkedin.com/legal/copyright-policy?trk=content_footer-copyright-policy. Could not follow redirection (or it was a meaninglessly small page or bot blocked by sessionID).
======== We are on link 28 of 30
========== raw link https://brand.linkedin.com/policies?trk=content_footer-brand-policy
============ Checking for Redirections: https://brand.linkedin.com/policies?trk=content_footer-brand-policy
========== dropped link https://brand.linkedin.com/policies?trk=content_footer-brand-policy. Could not follow redirection (or it was a meaninglessly small page or bot blocked by sessionID).
======== We are on link 29 of 30
========== raw link https://www.linkedin.com/psettings/guest-controls?trk=content_footer-guest-controls
============ Checking for Redirections: https://www.linkedin.com/psettings/guest-controls?trk=content_footer-guest-controls
========== dropped link https://www.linkedin.com/psettings/guest-controls?trk=content_footer-guest-controls. Could not follow redirection (or it was a meaninglessly small page or bot blocked by sessionID).
======== We are on link 30 of 30
========== raw link https://www.linkedin.com/help/linkedin/answer/34593?trk=content_footer-community-guide
============ Checking for Redirections: https://www.linkedin.com/help/linkedin/answer/34593?trk=content_footer-community-guide
========== dropped link https://www.linkedin.com/help/linkedin/answer/34593?trk=content_footer-community-guide. Could not follow redirection (or it was a meaninglessly small page or bot blocked by sessionID).
====== We are on page 14 of 15: https://www.linkedin.com/pulse/building-member-trust-new-age-ai-daniel-olmedilla-gfodf/
====== Number of Links on this Page: 96
======== We are on link 1 of 96
========== raw link /legal/user-agreement?trk=linkedin-tc_auth-button_user-agreement
============ Found Relative: joining https://www.linkedin.com/pulse/building-member-trust-new-age-ai-daniel-olmedilla-gfodf/ and /legal/user-agreement?trk=linkedin-tc_auth-button_user-agreement
============ Checking for Redirections: https://www.linkedin.com/legal/user-agreement?trk=linkedin-tc_auth-button_user-agreement
========== dropped link https://www.linkedin.com/legal/user-agreement?trk=linkedin-tc_auth-button_user-agreement. Could not follow redirection (or it was a meaninglessly small page or bot blocked by sessionID).
======== We are on link 2 of 96
========== raw link /legal/privacy-policy?trk=linkedin-tc_auth-button_privacy-policy
============ Found Relative: joining https://www.linkedin.com/pulse/building-member-trust-new-age-ai-daniel-olmedilla-gfodf/ and /legal/privacy-policy?trk=linkedin-tc_auth-button_privacy-policy
============ Checking for Redirections: https://www.linkedin.com/legal/privacy-policy?trk=linkedin-tc_auth-button_privacy-policy
========== dropped link https://www.linkedin.com/legal/privacy-policy?trk=linkedin-tc_auth-button_privacy-policy. Could not follow redirection (or it was a meaninglessly small page or bot blocked by sessionID).
======== We are on link 3 of 96
========== raw link /legal/cookie-policy?trk=linkedin-tc_auth-button_cookie-policy
============ Found Relative: joining https://www.linkedin.com/pulse/building-member-trust-new-age-ai-daniel-olmedilla-gfodf/ and /legal/cookie-policy?trk=linkedin-tc_auth-button_cookie-policy
============ Checking for Redirections: https://www.linkedin.com/legal/cookie-policy?trk=linkedin-tc_auth-button_cookie-policy
========== dropped link https://www.linkedin.com/legal/cookie-policy?trk=linkedin-tc_auth-button_cookie-policy. Could not follow redirection (or it was a meaninglessly small page or bot blocked by sessionID).
======== We are on link 4 of 96
========== raw link ms-windows-store://pdp/?ProductId=9WZDNCRFJ4Q7&mode=mini&cid=guest_desktop_upsell
============ Found Relative: joining https://www.linkedin.com/pulse/building-member-trust-new-age-ai-daniel-olmedilla-gfodf/ and /ms-windows-store://pdp/?ProductId=9WZDNCRFJ4Q7&mode=mini&cid=guest_desktop_upsell
============ Checking for Redirections: https://www.linkedin.com/ms-windows-store://pdp/?ProductId=9WZDNCRFJ4Q7&mode=mini&cid=guest_desktop_upsell
========== dropped link https://www.linkedin.com/ms-windows-store://pdp/?ProductId=9WZDNCRFJ4Q7&mode=mini&cid=guest_desktop_upsell. Could not follow redirection (or it was a meaninglessly small page or bot blocked by sessionID).
======== We are on link 5 of 96
========== raw link #main-content
========== dropped link (either fragment ("#"), js, mailto, comment, pdf, or empty)
======== We are on link 6 of 96
========== raw link /?trk=article-ssr-frontend-pulse_nav-header-logo
============ Found Relative: joining https://www.linkedin.com/pulse/building-member-trust-new-age-ai-daniel-olmedilla-gfodf/ and /?trk=article-ssr-frontend-pulse_nav-header-logo
============ Checking for Redirections: https://www.linkedin.com/?trk=article-ssr-frontend-pulse_nav-header-logo
========== dropped link https://www.linkedin.com/?trk=article-ssr-frontend-pulse_nav-header-logo. Could not follow redirection (or it was a meaninglessly small page or bot blocked by sessionID).
======== We are on link 7 of 96
========== raw link https://www.linkedin.com/pulse/topics/home/?trk=article-ssr-frontend-pulse_guest_nav_menu_articles
========== dropped link https://www.linkedin.com/pulse/topics/home/?trk=article-ssr-frontend-pulse_guest_nav_menu_articles. Didn't pass first allows/blocks test.
======== We are on link 8 of 96
========== raw link https://www.linkedin.com/pub/dir/+/+?trk=article-ssr-frontend-pulse_guest_nav_menu_people
============ Checking for Redirections: https://www.linkedin.com/pub/dir/+/+?trk=article-ssr-frontend-pulse_guest_nav_menu_people
========== dropped link https://www.linkedin.com/pub/dir/+/+?trk=article-ssr-frontend-pulse_guest_nav_menu_people. Could not follow redirection (or it was a meaninglessly small page or bot blocked by sessionID).
======== We are on link 9 of 96
========== raw link https://www.linkedin.com/learning/search?trk=article-ssr-frontend-pulse_guest_nav_menu_learning
============ Checking for Redirections: https://www.linkedin.com/learning/search?trk=article-ssr-frontend-pulse_guest_nav_menu_learning
========== dropped link https://www.linkedin.com/learning/search?trk=article-ssr-frontend-pulse_guest_nav_menu_learning. Could not follow redirection (or it was a meaninglessly small page or bot blocked by sessionID).
======== We are on link 10 of 96
========== raw link https://www.linkedin.com/jobs/search?trk=article-ssr-frontend-pulse_guest_nav_menu_jobs
============ Checking for Redirections: https://www.linkedin.com/jobs/search?trk=article-ssr-frontend-pulse_guest_nav_menu_jobs
========== dropped link https://www.linkedin.com/jobs/search?trk=article-ssr-frontend-pulse_guest_nav_menu_jobs. Could not follow redirection (or it was a meaninglessly small page or bot blocked by sessionID).
======== We are on link 11 of 96
========== raw link https://www.linkedin.com/games?trk=article-ssr-frontend-pulse_guest_nav_menu_games
============ Checking for Redirections: https://www.linkedin.com/games?trk=article-ssr-frontend-pulse_guest_nav_menu_games
========== dropped link https://www.linkedin.com/games?trk=article-ssr-frontend-pulse_guest_nav_menu_games. Could not follow redirection (or it was a meaninglessly small page or bot blocked by sessionID).
======== We are on link 12 of 96
========== raw link ms-windows-store://pdp/?ProductId=9WZDNCRFJ4Q7&mode=mini&cid=guest_nav_upsell&trk=article-ssr-frontend-pulse_guest_nav_menu_windows
============ Found Relative: joining https://www.linkedin.com/pulse/building-member-trust-new-age-ai-daniel-olmedilla-gfodf/ and /ms-windows-store://pdp/?ProductId=9WZDNCRFJ4Q7&mode=mini&cid=guest_nav_upsell&trk=article-ssr-frontend-pulse_guest_nav_menu_windows
============ Checking for Redirections: https://www.linkedin.com/ms-windows-store://pdp/?ProductId=9WZDNCRFJ4Q7&mode=mini&cid=guest_nav_upsell&trk=article-ssr-frontend-pulse_guest_nav_menu_windows
========== dropped link https://www.linkedin.com/ms-windows-store://pdp/?ProductId=9WZDNCRFJ4Q7&mode=mini&cid=guest_nav_upsell&trk=article-ssr-frontend-pulse_guest_nav_menu_windows. Could not follow redirection (or it was a meaninglessly small page or bot blocked by sessionID).
======== We are on link 13 of 96
========== raw link https://www.linkedin.com/signup/cold-join?session_redirect=%2Fpulse%2Fbuilding-member-trust-new-age-ai-daniel-olmedilla-gfodf%2F&trk=article-ssr-frontend-pulse_nav-header-join
========== dropped link https://www.linkedin.com/signup/cold-join?session_redirect=%2Fpulse%2Fbuilding-member-trust-new-age-ai-daniel-olmedilla-gfodf%2F&trk=article-ssr-frontend-pulse_nav-header-join. Didn't pass first allows/blocks test.
======== We are on link 14 of 96
========== raw link https://www.linkedin.com/uas/login?session_redirect=%2Fpulse%2Fbuilding-member-trust-new-age-ai-daniel-olmedilla-gfodf%2F&fromSignIn=true&trk=article-ssr-frontend-pulse_nav-header-signin
========== dropped link https://www.linkedin.com/uas/login?session_redirect=%2Fpulse%2Fbuilding-member-trust-new-age-ai-daniel-olmedilla-gfodf%2F&fromSignIn=true&trk=article-ssr-frontend-pulse_nav-header-signin. Didn't pass first allows/blocks test.
======== We are on link 15 of 96
========== raw link https://www.linkedin.com/uas/login?session_redirect=%2Fpulse%2Fbuilding-member-trust-new-age-ai-daniel-olmedilla-gfodf%2F&fromSignIn=true&trk=article-ssr-frontend-pulse_nav-header-signin
========== dropped link https://www.linkedin.com/uas/login?session_redirect=%2Fpulse%2Fbuilding-member-trust-new-age-ai-daniel-olmedilla-gfodf%2F&fromSignIn=true&trk=article-ssr-frontend-pulse_nav-header-signin. Didn't pass first allows/blocks test.
======== We are on link 16 of 96
========== raw link /uas/login?session_redirect=https%3A%2F%2Fwww.linkedin.com%2Fpulse%2Fbuilding-member-trust-new-age-ai-daniel-olmedilla-gfodf&trk=article-ssr-frontend-pulse_ellipsis-menu-semaphore-sign-in-redirect&guestReportContentType=PONCHO_ARTICLE&_f=guest-reporting
============ Prepended scheme.
========== dropped link https://uas/login?session_redirect=https%3A%2F%2Fwww.linkedin.com%2Fpulse%2Fbuilding-member-trust-new-age-ai-daniel-olmedilla-gfodf&trk=article-ssr-frontend-pulse_ellipsis-menu-semaphore-sign-in-redirect&guestReportContentType=PONCHO_ARTICLE&_f=guest-reporting. Didn't pass first allows/blocks test.
======== We are on link 17 of 96
========== raw link https://www.linkedin.com/in/danielolmedilla
============ Checking for Redirections: https://www.linkedin.com/in/danielolmedilla
========== dropped link https://www.linkedin.com/in/danielolmedilla. Could not follow redirection (or it was a meaninglessly small page or bot blocked by sessionID).
======== We are on link 18 of 96
========== raw link https://www.linkedin.com/signup/cold-join?session_redirect=%2Fpulse%2Fbuilding-member-trust-new-age-ai-daniel-olmedilla-gfodf%2F&trk=article-ssr-frontend-pulse_publisher-author-card
========== dropped link https://www.linkedin.com/signup/cold-join?session_redirect=%2Fpulse%2Fbuilding-member-trust-new-age-ai-daniel-olmedilla-gfodf%2F&trk=article-ssr-frontend-pulse_publisher-author-card. Didn't pass first allows/blocks test.
======== We are on link 19 of 96
========== raw link https://www.linkedin.com/pulse/redefining-work-ryan-roslansky/?trk=article-ssr-frontend-pulse_little-text-block
========== dropped link https://www.linkedin.com/pulse/redefining-work-ryan-roslansky/?trk=article-ssr-frontend-pulse_little-text-block. Didn't pass first allows/blocks test.
======== We are on link 20 of 96
========== raw link https://www.linkedin.com/pulse/reimagining-linkedin-new-era-ai-tomer-cohen-brxve/?trk=article-ssr-frontend-pulse_little-text-block
========== dropped link https://www.linkedin.com/pulse/reimagining-linkedin-new-era-ai-tomer-cohen-brxve/?trk=article-ssr-frontend-pulse_little-text-block. Didn't pass first allows/blocks test.
======== We are on link 21 of 96
========== raw link https://www.linkedin.com/pulse/ai-1099s-separating-pomp-from-prompts-free-webinar-jory-des-jardins-wkxqc
========== dropped link https://www.linkedin.com/pulse/ai-1099s-separating-pomp-from-prompts-free-webinar-jory-des-jardins-wkxqc. Didn't pass first allows/blocks test.
======== We are on link 22 of 96
========== raw link https://www.linkedin.com/pulse/real-deal-ai-agents-hype-game-changer-getwriter-6qshf
========== dropped link https://www.linkedin.com/pulse/real-deal-ai-agents-hype-game-changer-getwriter-6qshf. Didn't pass first allows/blocks test.
======== We are on link 23 of 96
========== raw link https://www.linkedin.com/pulse/from-rags-ai-riches-value-retrieval-augmented-jason-renshaw-ogw9c
========== dropped link https://www.linkedin.com/pulse/from-rags-ai-riches-value-retrieval-augmented-jason-renshaw-ogw9c. Didn't pass first allows/blocks test.
======== We are on link 24 of 96
========== raw link https://blog.linkedin.com/2023/february/22/responsible-ai-principles?trk=article-ssr-frontend-pulse_little-text-block
============ Checking for Redirections: https://blog.linkedin.com/2023/february/22/responsible-ai-principles?trk=article-ssr-frontend-pulse_little-text-block
========== dropped link https://blog.linkedin.com/2023/february/22/responsible-ai-principles?trk=article-ssr-frontend-pulse_little-text-block. Could not follow redirection (or it was a meaninglessly small page or bot blocked by sessionID).
======== We are on link 25 of 96
========== raw link https://engineering.linkedin.com/blog/2023/our-responsible-ai-principles-in-practice?trk=article-ssr-frontend-pulse_little-text-block
============ Checking for Redirections: https://engineering.linkedin.com/blog/2023/our-responsible-ai-principles-in-practice?trk=article-ssr-frontend-pulse_little-text-block
========== dropped link https://engineering.linkedin.com/blog/2023/our-responsible-ai-principles-in-practice?trk=article-ssr-frontend-pulse_little-text-block. Could not follow redirection (or it was a meaninglessly small page or bot blocked by sessionID).
======== We are on link 26 of 96
========== raw link https://www.linkedin.com/help/linkedin/answer/a1359065?trk=article-ssr-frontend-pulse_little-text-block
============ Checking for Redirections: https://www.linkedin.com/help/linkedin/answer/a1359065?trk=article-ssr-frontend-pulse_little-text-block
========== dropped link https://www.linkedin.com/help/linkedin/answer/a1359065?trk=article-ssr-frontend-pulse_little-text-block. Could not follow redirection (or it was a meaninglessly small page or bot blocked by sessionID).
======== We are on link 27 of 96
========== raw link https://www.linkedin.com/help/linkedin/answer/a1381088/turn-two-step-verification-on-and-off?trk=article-ssr-frontend-pulse_little-text-block
============ Checking for Redirections: https://www.linkedin.com/help/linkedin/answer/a1381088/turn-two-step-verification-on-and-off?trk=article-ssr-frontend-pulse_little-text-block
========== dropped link https://www.linkedin.com/help/linkedin/answer/a1381088/turn-two-step-verification-on-and-off?trk=article-ssr-frontend-pulse_little-text-block. Could not follow redirection (or it was a meaninglessly small page or bot blocked by sessionID).
======== We are on link 28 of 96
========== raw link https://www.linkedin.com/pulse/linkedin-verification-update-18-million-verified-plans-rodriguez-6quue%3FtrackingId=3VYZxEbmQluDZ1iaiR3U6g%253D%253D/?trackingId=3VYZxEbmQluDZ1iaiR3U6g%3D%3D&trk=article-ssr-frontend-pulse_little-text-block
========== dropped link https://www.linkedin.com/pulse/linkedin-verification-update-18-million-verified-plans-rodriguez-6quue%3FtrackingId=3VYZxEbmQluDZ1iaiR3U6g%253D%253D/?trackingId=3VYZxEbmQluDZ1iaiR3U6g%3D%3D&trk=article-ssr-frontend-pulse_little-text-block. Didn't pass first allows/blocks test.
======== We are on link 29 of 96
========== raw link https://www.linkedin.com/legal/professional-community-policies?trk=article-ssr-frontend-pulse_little-text-block
============ Checking for Redirections: https://www.linkedin.com/legal/professional-community-policies?trk=article-ssr-frontend-pulse_little-text-block
========== dropped link https://www.linkedin.com/legal/professional-community-policies?trk=article-ssr-frontend-pulse_little-text-block. Could not follow redirection (or it was a meaninglessly small page or bot blocked by sessionID).
======== We are on link 30 of 96
========== raw link https://www.linkedin.com/signup/cold-join?session_redirect=%2Fpulse%2Fbuilding-member-trust-new-age-ai-daniel-olmedilla-gfodf%2F&trk=article-ssr-frontend-pulse_x-social-details_like-toggle_like-cta
========== dropped link https://www.linkedin.com/signup/cold-join?session_redirect=%2Fpulse%2Fbuilding-member-trust-new-age-ai-daniel-olmedilla-gfodf%2F&trk=article-ssr-frontend-pulse_x-social-details_like-toggle_like-cta. Didn't pass first allows/blocks test.
======== We are on link 31 of 96
========== raw link https://www.linkedin.com/signup/cold-join?session_redirect=%2Fpulse%2Fbuilding-member-trust-new-age-ai-daniel-olmedilla-gfodf%2F&trk=article-ssr-frontend-pulse_comment-cta
========== dropped link https://www.linkedin.com/signup/cold-join?session_redirect=%2Fpulse%2Fbuilding-member-trust-new-age-ai-daniel-olmedilla-gfodf%2F&trk=article-ssr-frontend-pulse_comment-cta. Didn't pass first allows/blocks test.
======== We are on link 32 of 96
========== raw link https://www.linkedin.com/signup/cold-join?session_redirect=%2Fpulse%2Fbuilding-member-trust-new-age-ai-daniel-olmedilla-gfodf%2F&trk=article-ssr-frontend-pulse_x-social-details_likes-count_social-actions-reactions
========== dropped link https://www.linkedin.com/signup/cold-join?session_redirect=%2Fpulse%2Fbuilding-member-trust-new-age-ai-daniel-olmedilla-gfodf%2F&trk=article-ssr-frontend-pulse_x-social-details_likes-count_social-actions-reactions. Didn't pass first allows/blocks test.
======== We are on link 33 of 96
========== raw link https://www.linkedin.com/signup/cold-join?session_redirect=%2Fpulse%2Fbuilding-member-trust-new-age-ai-daniel-olmedilla-gfodf%2F&trk=article-ssr-frontend-pulse_x-social-details_likes-count_social-actions-comments
========== dropped link https://www.linkedin.com/signup/cold-join?session_redirect=%2Fpulse%2Fbuilding-member-trust-new-age-ai-daniel-olmedilla-gfodf%2F&trk=article-ssr-frontend-pulse_x-social-details_likes-count_social-actions-comments. Didn't pass first allows/blocks test.
======== We are on link 34 of 96
========== raw link https://th.linkedin.com/in/%E0%B8%A0%E0%B8%84%E0%B8%9E%E0%B8%93-%E0%B8%A0%E0%B8%B9%E0%B8%A1%E0%B8%B4%E0%B8%9E%E0%B8%B1%E0%B8%92%E0%B8%99%E0%B9%8C-96b2ab356?trk=article-ssr-frontend-pulse_x-social-details_comments-action_comment_actor-image
============ Checking for Redirections: https://th.linkedin.com/in/%E0%B8%A0%E0%B8%84%E0%B8%9E%E0%B8%93-%E0%B8%A0%E0%B8%B9%E0%B8%A1%E0%B8%B4%E0%B8%9E%E0%B8%B1%E0%B8%92%E0%B8%99%E0%B9%8C-96b2ab356?trk=article-ssr-frontend-pulse_x-social-details_comments-action_comment_actor-image
========== dropped link https://th.linkedin.com/in/%E0%B8%A0%E0%B8%84%E0%B8%9E%E0%B8%93-%E0%B8%A0%E0%B8%B9%E0%B8%A1%E0%B8%B4%E0%B8%9E%E0%B8%B1%E0%B8%92%E0%B8%99%E0%B9%8C-96b2ab356?trk=article-ssr-frontend-pulse_x-social-details_comments-action_comment_actor-image. Could not follow redirection (or it was a meaninglessly small page or bot blocked by sessionID).
======== We are on link 35 of 96
========== raw link https://th.linkedin.com/in/%E0%B8%A0%E0%B8%84%E0%B8%9E%E0%B8%93-%E0%B8%A0%E0%B8%B9%E0%B8%A1%E0%B8%B4%E0%B8%9E%E0%B8%B1%E0%B8%92%E0%B8%99%E0%B9%8C-96b2ab356?trk=article-ssr-frontend-pulse_x-social-details_comments-action_comment_actor-name
============ Checking for Redirections: https://th.linkedin.com/in/%E0%B8%A0%E0%B8%84%E0%B8%9E%E0%B8%93-%E0%B8%A0%E0%B8%B9%E0%B8%A1%E0%B8%B4%E0%B8%9E%E0%B8%B1%E0%B8%92%E0%B8%99%E0%B9%8C-96b2ab356?trk=article-ssr-frontend-pulse_x-social-details_comments-action_comment_actor-name
========== dropped link https://th.linkedin.com/in/%E0%B8%A0%E0%B8%84%E0%B8%9E%E0%B8%93-%E0%B8%A0%E0%B8%B9%E0%B8%A1%E0%B8%B4%E0%B8%9E%E0%B8%B1%E0%B8%92%E0%B8%99%E0%B9%8C-96b2ab356?trk=article-ssr-frontend-pulse_x-social-details_comments-action_comment_actor-name. Could not follow redirection (or it was a meaninglessly small page or bot blocked by sessionID).
======== We are on link 36 of 96
========== raw link /uas/login?session_redirect=https%3A%2F%2Fwww.linkedin.com%2Fpulse%2Fbuilding-member-trust-new-age-ai-daniel-olmedilla-gfodf&trk=article-ssr-frontend-pulse_x-social-details_comments-action_comment_ellipsis-menu-semaphore-sign-in-redirect&guestReportContentType=COMMENT&_f=guest-reporting
============ Prepended scheme.
========== dropped link https://uas/login?session_redirect=https%3A%2F%2Fwww.linkedin.com%2Fpulse%2Fbuilding-member-trust-new-age-ai-daniel-olmedilla-gfodf&trk=article-ssr-frontend-pulse_x-social-details_comments-action_comment_ellipsis-menu-semaphore-sign-in-redirect&guestReportContentType=COMMENT&_f=guest-reporting. Didn't pass first allows/blocks test.
======== We are on link 37 of 96
========== raw link https://www.linkedin.com/signup/cold-join?session_redirect=%2Fpulse%2Fbuilding-member-trust-new-age-ai-daniel-olmedilla-gfodf%2F&trk=article-ssr-frontend-pulse_x-social-details_comments-action_comment_like
========== dropped link https://www.linkedin.com/signup/cold-join?session_redirect=%2Fpulse%2Fbuilding-member-trust-new-age-ai-daniel-olmedilla-gfodf%2F&trk=article-ssr-frontend-pulse_x-social-details_comments-action_comment_like. Didn't pass first allows/blocks test.
======== We are on link 38 of 96
========== raw link https://www.linkedin.com/signup/cold-join?session_redirect=%2Fpulse%2Fbuilding-member-trust-new-age-ai-daniel-olmedilla-gfodf%2F&trk=article-ssr-frontend-pulse_x-social-details_comments-action_comment_reply
========== dropped link https://www.linkedin.com/signup/cold-join?session_redirect=%2Fpulse%2Fbuilding-member-trust-new-age-ai-daniel-olmedilla-gfodf%2F&trk=article-ssr-frontend-pulse_x-social-details_comments-action_comment_reply. Didn't pass first allows/blocks test.
======== We are on link 39 of 96
========== raw link https://www.linkedin.com/signup/cold-join?session_redirect=%2Fpulse%2Fbuilding-member-trust-new-age-ai-daniel-olmedilla-gfodf%2F&trk=article-ssr-frontend-pulse_x-social-details_comments_comment-see-more
========== dropped link https://www.linkedin.com/signup/cold-join?session_redirect=%2Fpulse%2Fbuilding-member-trust-new-age-ai-daniel-olmedilla-gfodf%2F&trk=article-ssr-frontend-pulse_x-social-details_comments_comment-see-more. Didn't pass first allows/blocks test.
======== We are on link 40 of 96
========== raw link https://www.linkedin.com/signup/cold-join?session_redirect=%2Fpulse%2Fbuilding-member-trust-new-age-ai-daniel-olmedilla-gfodf%2F&trk=article-ssr-frontend-pulse_x-social-details_feed-cta-banner-cta
========== dropped link https://www.linkedin.com/signup/cold-join?session_redirect=%2Fpulse%2Fbuilding-member-trust-new-age-ai-daniel-olmedilla-gfodf%2F&trk=article-ssr-frontend-pulse_x-social-details_feed-cta-banner-cta. Didn't pass first allows/blocks test.
======== We are on link 41 of 96
========== raw link https://www.linkedin.com/pulse/decoding-enforcement-gap-why-moderation-approximation-olmedilla-vdg9c
========== dropped link https://www.linkedin.com/pulse/decoding-enforcement-gap-why-moderation-approximation-olmedilla-vdg9c. Didn't pass first allows/blocks test.
======== We are on link 42 of 96
========== raw link https://www.linkedin.com/pulse/why-machine-learning-recall-different-trust-daniel-olmedilla-zpxac
========== dropped link https://www.linkedin.com/pulse/why-machine-learning-recall-different-trust-daniel-olmedilla-zpxac. Didn't pass first allows/blocks test.
======== We are on link 43 of 96
========== raw link https://www.linkedin.com/pulse/what-makes-good-trust-true-north-metric-daniel-olmedilla-ekokc
========== dropped link https://www.linkedin.com/pulse/what-makes-good-trust-true-north-metric-daniel-olmedilla-ekokc. Didn't pass first allows/blocks test.
======== We are on link 44 of 96
========== raw link https://www.linkedin.com/pulse/ai-trust-privacy-responsible-tidbits-daniel-olmedilla-ovcqc
========== dropped link https://www.linkedin.com/pulse/ai-trust-privacy-responsible-tidbits-daniel-olmedilla-ovcqc. Didn't pass first allows/blocks test.
======== We are on link 45 of 96
========== raw link https://www.linkedin.com/uas/login?session_redirect=%2Fpulse%2Fbuilding-member-trust-new-age-ai-daniel-olmedilla-gfodf%2F&trk=article-ssr-frontend-pulse_xandr-ad-fallback_signin
========== dropped link https://www.linkedin.com/uas/login?session_redirect=%2Fpulse%2Fbuilding-member-trust-new-age-ai-daniel-olmedilla-gfodf%2F&trk=article-ssr-frontend-pulse_xandr-ad-fallback_signin. Didn't pass first allows/blocks test.
======== We are on link 46 of 96
========== raw link /legal/user-agreement?trk=article-ssr-frontend-pulse_auth-button_user-agreement
============ Found Relative: joining https://www.linkedin.com/pulse/building-member-trust-new-age-ai-daniel-olmedilla-gfodf/ and /legal/user-agreement?trk=article-ssr-frontend-pulse_auth-button_user-agreement
============ Checking for Redirections: https://www.linkedin.com/legal/user-agreement?trk=article-ssr-frontend-pulse_auth-button_user-agreement
========== dropped link https://www.linkedin.com/legal/user-agreement?trk=article-ssr-frontend-pulse_auth-button_user-agreement. Could not follow redirection (or it was a meaninglessly small page or bot blocked by sessionID).
======== We are on link 47 of 96
========== raw link /legal/privacy-policy?trk=article-ssr-frontend-pulse_auth-button_privacy-policy
============ Found Relative: joining https://www.linkedin.com/pulse/building-member-trust-new-age-ai-daniel-olmedilla-gfodf/ and /legal/privacy-policy?trk=article-ssr-frontend-pulse_auth-button_privacy-policy
============ Checking for Redirections: https://www.linkedin.com/legal/privacy-policy?trk=article-ssr-frontend-pulse_auth-button_privacy-policy
========== dropped link https://www.linkedin.com/legal/privacy-policy?trk=article-ssr-frontend-pulse_auth-button_privacy-policy. Could not follow redirection (or it was a meaninglessly small page or bot blocked by sessionID).
======== We are on link 48 of 96
========== raw link /legal/cookie-policy?trk=article-ssr-frontend-pulse_auth-button_cookie-policy
============ Found Relative: joining https://www.linkedin.com/pulse/building-member-trust-new-age-ai-daniel-olmedilla-gfodf/ and /legal/cookie-policy?trk=article-ssr-frontend-pulse_auth-button_cookie-policy
============ Checking for Redirections: https://www.linkedin.com/legal/cookie-policy?trk=article-ssr-frontend-pulse_auth-button_cookie-policy
========== dropped link https://www.linkedin.com/legal/cookie-policy?trk=article-ssr-frontend-pulse_auth-button_cookie-policy. Could not follow redirection (or it was a meaninglessly small page or bot blocked by sessionID).
======== We are on link 49 of 96
========== raw link https://www.linkedin.com/signup/cold-join?session_redirect=%2Fpulse%2Fbuilding-member-trust-new-age-ai-daniel-olmedilla-gfodf%2F&trk=article-ssr-frontend-pulse_xandr-ad-fallback_join-link
========== dropped link https://www.linkedin.com/signup/cold-join?session_redirect=%2Fpulse%2Fbuilding-member-trust-new-age-ai-daniel-olmedilla-gfodf%2F&trk=article-ssr-frontend-pulse_xandr-ad-fallback_join-link. Didn't pass first allows/blocks test.
======== We are on link 50 of 96
========== raw link https://www.linkedin.com/advice/0/how-can-you-communicate-benefits-ai-based-information
========== dropped link https://www.linkedin.com/advice/0/how-can-you-communicate-benefits-ai-based-information. Didn't pass first allows/blocks test.
======== We are on link 51 of 96
========== raw link https://www.linkedin.com/advice/3/how-do-you-use-explainable-ai-your-workflow
========== dropped link https://www.linkedin.com/advice/3/how-do-you-use-explainable-ai-your-workflow. Didn't pass first allows/blocks test.
======== We are on link 52 of 96
========== raw link https://www.linkedin.com/advice/0/how-can-you-ensure-fair-inclusive-ai-systems
========== dropped link https://www.linkedin.com/advice/0/how-can-you-ensure-fair-inclusive-ai-systems. Didn't pass first allows/blocks test.
======== We are on link 53 of 96
========== raw link https://www.linkedin.com/advice/0/how-can-you-overcome-challenges-xai-skills-artificial-intelligence
========== dropped link https://www.linkedin.com/advice/0/how-can-you-overcome-challenges-xai-skills-artificial-intelligence. Didn't pass first allows/blocks test.
======== We are on link 54 of 96
========== raw link https://www.linkedin.com/advice/0/how-can-you-measure-ai-interpretability
========== dropped link https://www.linkedin.com/advice/0/how-can-you-measure-ai-interpretability. Didn't pass first allows/blocks test.
======== We are on link 55 of 96
========== raw link https://www.linkedin.com/advice/0/how-can-you-identify-most-promising-ai-solutions-k0ifc
========== dropped link https://www.linkedin.com/advice/0/how-can-you-identify-most-promising-ai-solutions-k0ifc. Didn't pass first allows/blocks test.
======== We are on link 56 of 96
========== raw link https://www.linkedin.com/advice/0/what-benefits-challenges-using-ai-product-validation
========== dropped link https://www.linkedin.com/advice/0/what-benefits-challenges-using-ai-product-validation. Didn't pass first allows/blocks test.
======== We are on link 57 of 96
========== raw link https://www.linkedin.com/advice/0/your-team-doubtful-ai-generated-insights-gknpc
========== dropped link https://www.linkedin.com/advice/0/your-team-doubtful-ai-generated-insights-gknpc. Didn't pass first allows/blocks test.
======== We are on link 58 of 96
========== raw link https://www.linkedin.com/advice/3/what-do-you-your-ai-clients-have-unique-cyayf
========== dropped link https://www.linkedin.com/advice/3/what-do-you-your-ai-clients-have-unique-cyayf. Didn't pass first allows/blocks test.
======== We are on link 59 of 96
========== raw link https://www.linkedin.com/advice/0/what-do-you-your-decision-making-processes-pbyic
========== dropped link https://www.linkedin.com/advice/0/what-do-you-your-decision-making-processes-pbyic. Didn't pass first allows/blocks test.
======== We are on link 60 of 96
========== raw link https://www.linkedin.com/pulse/why-use-artificial-intelligence-centrl-hcfke
========== dropped link https://www.linkedin.com/pulse/why-use-artificial-intelligence-centrl-hcfke. Didn't pass first allows/blocks test.
======== We are on link 61 of 96
========== raw link https://www.linkedin.com/pulse/ai-bias-solve-problem-make-worse-dina-bay-ph-d-
========== dropped link https://www.linkedin.com/pulse/ai-bias-solve-problem-make-worse-dina-bay-ph-d-. Didn't pass first allows/blocks test.
======== We are on link 62 of 96
========== raw link https://www.linkedin.com/pulse/understanding-importance-user-intent-effective-ai-rag-sanchez-vpebf
========== dropped link https://www.linkedin.com/pulse/understanding-importance-user-intent-effective-ai-rag-sanchez-vpebf. Didn't pass first allows/blocks test.
======== We are on link 63 of 96
========== raw link https://www.linkedin.com/pulse/focus-what-wont-change-marketers-guide-ai-revolution-sooraj-divakaran-aoydc
========== dropped link https://www.linkedin.com/pulse/focus-what-wont-change-marketers-guide-ai-revolution-sooraj-divakaran-aoydc. Didn't pass first allows/blocks test.
======== We are on link 64 of 96
========== raw link https://www.linkedin.com/pulse/riding-ai-wave-george-bandarian-dawn-agentic-part-1-bandarian--c1jec
========== dropped link https://www.linkedin.com/pulse/riding-ai-wave-george-bandarian-dawn-agentic-part-1-bandarian--c1jec. Didn't pass first allows/blocks test.
======== We are on link 65 of 96
========== raw link https://www.linkedin.com/pulse/linkedins-ai-algorithms-told-me-writing-would-improve-evan-wescott-qdc2e
========== dropped link https://www.linkedin.com/pulse/linkedins-ai-algorithms-told-me-writing-would-improve-evan-wescott-qdc2e. Didn't pass first allows/blocks test.
======== We are on link 66 of 96
========== raw link https://www.linkedin.com/pulse/simple-steps-save-time-leverage-ai-marc-fabris-3vssc
========== dropped link https://www.linkedin.com/pulse/simple-steps-save-time-leverage-ai-marc-fabris-3vssc. Didn't pass first allows/blocks test.
======== We are on link 67 of 96
========== raw link https://www.linkedin.com/pulse/we-masters-puppets-ai-uplevyl-vuthc
========== dropped link https://www.linkedin.com/pulse/we-masters-puppets-ai-uplevyl-vuthc. Didn't pass first allows/blocks test.
======== We are on link 68 of 96
========== raw link https://www.linkedin.com/pulse/spotlight-agentic-ai-transforming-business-tom-christensen-tjmjf
========== dropped link https://www.linkedin.com/pulse/spotlight-agentic-ai-transforming-business-tom-christensen-tjmjf. Didn't pass first allows/blocks test.
======== We are on link 69 of 96
========== raw link https://www.linkedin.com/pulse/manus-ai-doesnt-just-adviseit-acts-ready-prime-time-lozovsky-mba-kfglc
========== dropped link https://www.linkedin.com/pulse/manus-ai-doesnt-just-adviseit-acts-ready-prime-time-lozovsky-mba-kfglc. Didn't pass first allows/blocks test.
======== We are on link 70 of 96
========== raw link https://www.linkedin.com/pulse/topics/sales-s5/
========== dropped link https://www.linkedin.com/pulse/topics/sales-s5/. Didn't pass first allows/blocks test.
======== We are on link 71 of 96
========== raw link https://www.linkedin.com/pulse/topics/marketing-s2461/
========== dropped link https://www.linkedin.com/pulse/topics/marketing-s2461/. Didn't pass first allows/blocks test.
======== We are on link 72 of 96
========== raw link https://www.linkedin.com/pulse/topics/it-services-s57547/
========== dropped link https://www.linkedin.com/pulse/topics/it-services-s57547/. Didn't pass first allows/blocks test.
======== We are on link 73 of 96
========== raw link https://www.linkedin.com/pulse/topics/business-administration-s50111/
========== dropped link https://www.linkedin.com/pulse/topics/business-administration-s50111/. Didn't pass first allows/blocks test.
======== We are on link 74 of 96
========== raw link https://www.linkedin.com/pulse/topics/hr-management-s50359/
========== dropped link https://www.linkedin.com/pulse/topics/hr-management-s50359/. Didn't pass first allows/blocks test.
======== We are on link 75 of 96
========== raw link https://www.linkedin.com/pulse/topics/engineering-s166/
========== dropped link https://www.linkedin.com/pulse/topics/engineering-s166/. Didn't pass first allows/blocks test.
======== We are on link 76 of 96
========== raw link https://www.linkedin.com/pulse/topics/soft-skills-s2976/
========== dropped link https://www.linkedin.com/pulse/topics/soft-skills-s2976/. Didn't pass first allows/blocks test.
======== We are on link 77 of 96
========== raw link https://www.linkedin.com/pulse/topics/home/
========== dropped link https://www.linkedin.com/pulse/topics/home/. Didn't pass first allows/blocks test.
======== We are on link 78 of 96
========== raw link https://about.linkedin.com?trk=d_flagship2_pulse_read_footer-about
============ Checking for Redirections: https://about.linkedin.com?trk=d_flagship2_pulse_read_footer-about
========== dropped link https://about.linkedin.com?trk=d_flagship2_pulse_read_footer-about. Could not follow redirection (or it was a meaninglessly small page or bot blocked by sessionID).
======== We are on link 79 of 96
========== raw link https://www.linkedin.com/accessibility?trk=d_flagship2_pulse_read_footer-accessibility
============ Checking for Redirections: https://www.linkedin.com/accessibility?trk=d_flagship2_pulse_read_footer-accessibility
========== dropped link https://www.linkedin.com/accessibility?trk=d_flagship2_pulse_read_footer-accessibility. Could not follow redirection (or it was a meaninglessly small page or bot blocked by sessionID).
======== We are on link 80 of 96
========== raw link https://www.linkedin.com/legal/user-agreement?trk=d_flagship2_pulse_read_footer-user-agreement
============ Checking for Redirections: https://www.linkedin.com/legal/user-agreement?trk=d_flagship2_pulse_read_footer-user-agreement
========== dropped link https://www.linkedin.com/legal/user-agreement?trk=d_flagship2_pulse_read_footer-user-agreement. Could not follow redirection (or it was a meaninglessly small page or bot blocked by sessionID).
======== We are on link 81 of 96
========== raw link https://www.linkedin.com/legal/privacy-policy?trk=d_flagship2_pulse_read_footer-privacy-policy
============ Checking for Redirections: https://www.linkedin.com/legal/privacy-policy?trk=d_flagship2_pulse_read_footer-privacy-policy
========== dropped link https://www.linkedin.com/legal/privacy-policy?trk=d_flagship2_pulse_read_footer-privacy-policy. Could not follow redirection (or it was a meaninglessly small page or bot blocked by sessionID).
======== We are on link 82 of 96
========== raw link https://www.linkedin.com/legal/california-privacy-disclosure?trk=d_flagship2_pulse_read_footer-california-privacy-rights-act
============ Checking for Redirections: https://www.linkedin.com/legal/california-privacy-disclosure?trk=d_flagship2_pulse_read_footer-california-privacy-rights-act
========== dropped link https://www.linkedin.com/legal/california-privacy-disclosure?trk=d_flagship2_pulse_read_footer-california-privacy-rights-act. Could not follow redirection (or it was a meaninglessly small page or bot blocked by sessionID).
======== We are on link 83 of 96
========== raw link https://www.linkedin.com/legal/cookie-policy?trk=d_flagship2_pulse_read_footer-cookie-policy
============ Checking for Redirections: https://www.linkedin.com/legal/cookie-policy?trk=d_flagship2_pulse_read_footer-cookie-policy
========== dropped link https://www.linkedin.com/legal/cookie-policy?trk=d_flagship2_pulse_read_footer-cookie-policy. Could not follow redirection (or it was a meaninglessly small page or bot blocked by sessionID).
======== We are on link 84 of 96
========== raw link https://www.linkedin.com/legal/copyright-policy?trk=d_flagship2_pulse_read_footer-copyright-policy
============ Checking for Redirections: https://www.linkedin.com/legal/copyright-policy?trk=d_flagship2_pulse_read_footer-copyright-policy
========== dropped link https://www.linkedin.com/legal/copyright-policy?trk=d_flagship2_pulse_read_footer-copyright-policy. Could not follow redirection (or it was a meaninglessly small page or bot blocked by sessionID).
======== We are on link 85 of 96
========== raw link https://brand.linkedin.com/policies?trk=d_flagship2_pulse_read_footer-brand-policy
============ Checking for Redirections: https://brand.linkedin.com/policies?trk=d_flagship2_pulse_read_footer-brand-policy
========== dropped link https://brand.linkedin.com/policies?trk=d_flagship2_pulse_read_footer-brand-policy. Could not follow redirection (or it was a meaninglessly small page or bot blocked by sessionID).
======== We are on link 86 of 96
========== raw link https://www.linkedin.com/psettings/guest-controls?trk=d_flagship2_pulse_read_footer-guest-controls
============ Checking for Redirections: https://www.linkedin.com/psettings/guest-controls?trk=d_flagship2_pulse_read_footer-guest-controls
========== dropped link https://www.linkedin.com/psettings/guest-controls?trk=d_flagship2_pulse_read_footer-guest-controls. Could not follow redirection (or it was a meaninglessly small page or bot blocked by sessionID).
======== We are on link 87 of 96
========== raw link https://www.linkedin.com/legal/professional-community-policies?trk=d_flagship2_pulse_read_footer-community-guide
============ Checking for Redirections: https://www.linkedin.com/legal/professional-community-policies?trk=d_flagship2_pulse_read_footer-community-guide
========== dropped link https://www.linkedin.com/legal/professional-community-policies?trk=d_flagship2_pulse_read_footer-community-guide. Could not follow redirection (or it was a meaninglessly small page or bot blocked by sessionID).
======== We are on link 88 of 96
========== raw link https://www.linkedin.com/uas/request-password-reset?trk=pulse-article_contextual-sign-in-modal_sign-in-modal_forgot_password
============ Checking for Redirections: https://www.linkedin.com/uas/request-password-reset?trk=pulse-article_contextual-sign-in-modal_sign-in-modal_forgot_password
========== dropped link https://www.linkedin.com/uas/request-password-reset?trk=pulse-article_contextual-sign-in-modal_sign-in-modal_forgot_password. Could not follow redirection (or it was a meaninglessly small page or bot blocked by sessionID).
======== We are on link 89 of 96
========== raw link /legal/user-agreement?trk=pulse-article_contextual-sign-in-modal_sign-in-modal_auth-button_user-agreement
============ Found Relative: joining https://www.linkedin.com/pulse/building-member-trust-new-age-ai-daniel-olmedilla-gfodf/ and /legal/user-agreement?trk=pulse-article_contextual-sign-in-modal_sign-in-modal_auth-button_user-agreement
============ Checking for Redirections: https://www.linkedin.com/legal/user-agreement?trk=pulse-article_contextual-sign-in-modal_sign-in-modal_auth-button_user-agreement
========== dropped link https://www.linkedin.com/legal/user-agreement?trk=pulse-article_contextual-sign-in-modal_sign-in-modal_auth-button_user-agreement. Could not follow redirection (or it was a meaninglessly small page or bot blocked by sessionID).
======== We are on link 90 of 96
========== raw link /legal/privacy-policy?trk=pulse-article_contextual-sign-in-modal_sign-in-modal_auth-button_privacy-policy
============ Found Relative: joining https://www.linkedin.com/pulse/building-member-trust-new-age-ai-daniel-olmedilla-gfodf/ and /legal/privacy-policy?trk=pulse-article_contextual-sign-in-modal_sign-in-modal_auth-button_privacy-policy
============ Checking for Redirections: https://www.linkedin.com/legal/privacy-policy?trk=pulse-article_contextual-sign-in-modal_sign-in-modal_auth-button_privacy-policy
========== dropped link https://www.linkedin.com/legal/privacy-policy?trk=pulse-article_contextual-sign-in-modal_sign-in-modal_auth-button_privacy-policy. Could not follow redirection (or it was a meaninglessly small page or bot blocked by sessionID).
======== We are on link 91 of 96
========== raw link /legal/cookie-policy?trk=pulse-article_contextual-sign-in-modal_sign-in-modal_auth-button_cookie-policy
============ Found Relative: joining https://www.linkedin.com/pulse/building-member-trust-new-age-ai-daniel-olmedilla-gfodf/ and /legal/cookie-policy?trk=pulse-article_contextual-sign-in-modal_sign-in-modal_auth-button_cookie-policy
============ Checking for Redirections: https://www.linkedin.com/legal/cookie-policy?trk=pulse-article_contextual-sign-in-modal_sign-in-modal_auth-button_cookie-policy
========== dropped link https://www.linkedin.com/legal/cookie-policy?trk=pulse-article_contextual-sign-in-modal_sign-in-modal_auth-button_cookie-policy. Could not follow redirection (or it was a meaninglessly small page or bot blocked by sessionID).
======== We are on link 92 of 96
========== raw link https://www.linkedin.com/signup/cold-join?session_redirect=%2Fpulse%2Fbuilding-member-trust-new-age-ai-daniel-olmedilla-gfodf%2F&trk=pulse-article_contextual-sign-in-modal_sign-in-modal_join-link
========== dropped link https://www.linkedin.com/signup/cold-join?session_redirect=%2Fpulse%2Fbuilding-member-trust-new-age-ai-daniel-olmedilla-gfodf%2F&trk=pulse-article_contextual-sign-in-modal_sign-in-modal_join-link. Didn't pass first allows/blocks test.
======== We are on link 93 of 96
========== raw link https://www.linkedin.com/signup/cold-join?session_redirect=%2Fpulse%2Fbuilding-member-trust-new-age-ai-daniel-olmedilla-gfodf%2F&trk=pulse-article_contextual-sign-in-modal_join-link
========== dropped link https://www.linkedin.com/signup/cold-join?session_redirect=%2Fpulse%2Fbuilding-member-trust-new-age-ai-daniel-olmedilla-gfodf%2F&trk=pulse-article_contextual-sign-in-modal_join-link. Didn't pass first allows/blocks test.
======== We are on link 94 of 96
========== raw link /legal/user-agreement?trk=linkedin-tc_auth-button_user-agreement
============ Found Relative: joining https://www.linkedin.com/pulse/building-member-trust-new-age-ai-daniel-olmedilla-gfodf/ and /legal/user-agreement?trk=linkedin-tc_auth-button_user-agreement
============ Checking for Redirections: https://www.linkedin.com/legal/user-agreement?trk=linkedin-tc_auth-button_user-agreement
========== dropped link https://www.linkedin.com/legal/user-agreement?trk=linkedin-tc_auth-button_user-agreement. Could not follow redirection (or it was a meaninglessly small page or bot blocked by sessionID).
======== We are on link 95 of 96
========== raw link /legal/privacy-policy?trk=linkedin-tc_auth-button_privacy-policy
============ Found Relative: joining https://www.linkedin.com/pulse/building-member-trust-new-age-ai-daniel-olmedilla-gfodf/ and /legal/privacy-policy?trk=linkedin-tc_auth-button_privacy-policy
============ Checking for Redirections: https://www.linkedin.com/legal/privacy-policy?trk=linkedin-tc_auth-button_privacy-policy
========== dropped link https://www.linkedin.com/legal/privacy-policy?trk=linkedin-tc_auth-button_privacy-policy. Could not follow redirection (or it was a meaninglessly small page or bot blocked by sessionID).
======== We are on link 96 of 96
========== raw link /legal/cookie-policy?trk=linkedin-tc_auth-button_cookie-policy
============ Found Relative: joining https://www.linkedin.com/pulse/building-member-trust-new-age-ai-daniel-olmedilla-gfodf/ and /legal/cookie-policy?trk=linkedin-tc_auth-button_cookie-policy
============ Checking for Redirections: https://www.linkedin.com/legal/cookie-policy?trk=linkedin-tc_auth-button_cookie-policy
========== dropped link https://www.linkedin.com/legal/cookie-policy?trk=linkedin-tc_auth-button_cookie-policy. Could not follow redirection (or it was a meaninglessly small page or bot blocked by sessionID).
====== We are on page 15 of 15: linkedin.com
====== Number of Links on this Page: 96
======== We are on link 1 of 96
========== raw link /legal/user-agreement?trk=linkedin-tc_auth-button_user-agreement
============ Found Relative: joining linkedin.com and /legal/user-agreement?trk=linkedin-tc_auth-button_user-agreement
========== dropped link /legal/user-agreement?trk=linkedin-tc_auth-button_user-agreement. Didn't pass first allows/blocks test.
======== We are on link 2 of 96
========== raw link /legal/privacy-policy?trk=linkedin-tc_auth-button_privacy-policy
============ Found Relative: joining linkedin.com and /legal/privacy-policy?trk=linkedin-tc_auth-button_privacy-policy
========== dropped link /legal/privacy-policy?trk=linkedin-tc_auth-button_privacy-policy. Didn't pass first allows/blocks test.
======== We are on link 3 of 96
========== raw link /legal/cookie-policy?trk=linkedin-tc_auth-button_cookie-policy
============ Found Relative: joining linkedin.com and /legal/cookie-policy?trk=linkedin-tc_auth-button_cookie-policy
========== dropped link /legal/cookie-policy?trk=linkedin-tc_auth-button_cookie-policy. Didn't pass first allows/blocks test.
======== We are on link 4 of 96
========== raw link ms-windows-store://pdp/?ProductId=9WZDNCRFJ4Q7&mode=mini&cid=guest_desktop_upsell
============ Found Relative: joining linkedin.com and /ms-windows-store://pdp/?ProductId=9WZDNCRFJ4Q7&mode=mini&cid=guest_desktop_upsell
========== dropped link /ms-windows-store://pdp/?ProductId=9WZDNCRFJ4Q7&mode=mini&cid=guest_desktop_upsell. Didn't pass first allows/blocks test.
======== We are on link 5 of 96
========== raw link #main-content
========== dropped link (either fragment ("#"), js, mailto, comment, pdf, or empty)
======== We are on link 6 of 96
========== raw link /?trk=article-ssr-frontend-pulse_nav-header-logo
============ Found Relative: joining linkedin.com and /?trk=article-ssr-frontend-pulse_nav-header-logo
========== dropped link /?trk=article-ssr-frontend-pulse_nav-header-logo. Didn't pass first allows/blocks test.
======== We are on link 7 of 96
========== raw link https://www.linkedin.com/pulse/topics/home/?trk=article-ssr-frontend-pulse_guest_nav_menu_articles
========== dropped link https://www.linkedin.com/pulse/topics/home/?trk=article-ssr-frontend-pulse_guest_nav_menu_articles. Didn't pass first allows/blocks test.
======== We are on link 8 of 96
========== raw link https://www.linkedin.com/pub/dir/+/+?trk=article-ssr-frontend-pulse_guest_nav_menu_people
============ Checking for Redirections: https://www.linkedin.com/pub/dir/+/+?trk=article-ssr-frontend-pulse_guest_nav_menu_people
========== dropped link https://www.linkedin.com/pub/dir/+/+?trk=article-ssr-frontend-pulse_guest_nav_menu_people. Could not follow redirection (or it was a meaninglessly small page or bot blocked by sessionID).
======== We are on link 9 of 96
========== raw link https://www.linkedin.com/learning/search?trk=article-ssr-frontend-pulse_guest_nav_menu_learning
============ Checking for Redirections: https://www.linkedin.com/learning/search?trk=article-ssr-frontend-pulse_guest_nav_menu_learning
========== dropped link https://www.linkedin.com/learning/search?trk=article-ssr-frontend-pulse_guest_nav_menu_learning. Could not follow redirection (or it was a meaninglessly small page or bot blocked by sessionID).
======== We are on link 10 of 96
========== raw link https://www.linkedin.com/jobs/search?trk=article-ssr-frontend-pulse_guest_nav_menu_jobs
============ Checking for Redirections: https://www.linkedin.com/jobs/search?trk=article-ssr-frontend-pulse_guest_nav_menu_jobs
========== dropped link https://www.linkedin.com/jobs/search?trk=article-ssr-frontend-pulse_guest_nav_menu_jobs. Could not follow redirection (or it was a meaninglessly small page or bot blocked by sessionID).
======== We are on link 11 of 96
========== raw link https://www.linkedin.com/games?trk=article-ssr-frontend-pulse_guest_nav_menu_games
============ Checking for Redirections: https://www.linkedin.com/games?trk=article-ssr-frontend-pulse_guest_nav_menu_games
========== dropped link https://www.linkedin.com/games?trk=article-ssr-frontend-pulse_guest_nav_menu_games. Could not follow redirection (or it was a meaninglessly small page or bot blocked by sessionID).
======== We are on link 12 of 96
========== raw link ms-windows-store://pdp/?ProductId=9WZDNCRFJ4Q7&mode=mini&cid=guest_nav_upsell&trk=article-ssr-frontend-pulse_guest_nav_menu_windows
============ Found Relative: joining linkedin.com and /ms-windows-store://pdp/?ProductId=9WZDNCRFJ4Q7&mode=mini&cid=guest_nav_upsell&trk=article-ssr-frontend-pulse_guest_nav_menu_windows
========== dropped link /ms-windows-store://pdp/?ProductId=9WZDNCRFJ4Q7&mode=mini&cid=guest_nav_upsell&trk=article-ssr-frontend-pulse_guest_nav_menu_windows. Didn't pass first allows/blocks test.
======== We are on link 13 of 96
========== raw link https://www.linkedin.com/signup/cold-join?session_redirect=%2Fpulse%2Fbuilding-member-trust-new-age-ai-daniel-olmedilla-gfodf%2F&trk=article-ssr-frontend-pulse_nav-header-join
========== dropped link https://www.linkedin.com/signup/cold-join?session_redirect=%2Fpulse%2Fbuilding-member-trust-new-age-ai-daniel-olmedilla-gfodf%2F&trk=article-ssr-frontend-pulse_nav-header-join. Didn't pass first allows/blocks test.
======== We are on link 14 of 96
========== raw link https://www.linkedin.com/uas/login?session_redirect=%2Fpulse%2Fbuilding-member-trust-new-age-ai-daniel-olmedilla-gfodf%2F&fromSignIn=true&trk=article-ssr-frontend-pulse_nav-header-signin
========== dropped link https://www.linkedin.com/uas/login?session_redirect=%2Fpulse%2Fbuilding-member-trust-new-age-ai-daniel-olmedilla-gfodf%2F&fromSignIn=true&trk=article-ssr-frontend-pulse_nav-header-signin. Didn't pass first allows/blocks test.
======== We are on link 15 of 96
========== raw link https://www.linkedin.com/uas/login?session_redirect=%2Fpulse%2Fbuilding-member-trust-new-age-ai-daniel-olmedilla-gfodf%2F&fromSignIn=true&trk=article-ssr-frontend-pulse_nav-header-signin
========== dropped link https://www.linkedin.com/uas/login?session_redirect=%2Fpulse%2Fbuilding-member-trust-new-age-ai-daniel-olmedilla-gfodf%2F&fromSignIn=true&trk=article-ssr-frontend-pulse_nav-header-signin. Didn't pass first allows/blocks test.
======== We are on link 16 of 96
========== raw link /uas/login?session_redirect=https%3A%2F%2Fwww.linkedin.com%2Fpulse%2Fbuilding-member-trust-new-age-ai-daniel-olmedilla-gfodf&trk=article-ssr-frontend-pulse_ellipsis-menu-semaphore-sign-in-redirect&guestReportContentType=PONCHO_ARTICLE&_f=guest-reporting
============ Prepended scheme.
========== dropped link ://uas/login?session_redirect=https%3A%2F%2Fwww.linkedin.com%2Fpulse%2Fbuilding-member-trust-new-age-ai-daniel-olmedilla-gfodf&trk=article-ssr-frontend-pulse_ellipsis-menu-semaphore-sign-in-redirect&guestReportContentType=PONCHO_ARTICLE&_f=guest-reporting. Didn't pass first allows/blocks test.
======== We are on link 17 of 96
========== raw link https://www.linkedin.com/in/danielolmedilla
============ Checking for Redirections: https://www.linkedin.com/in/danielolmedilla
========== dropped link https://www.linkedin.com/in/danielolmedilla. Could not follow redirection (or it was a meaninglessly small page or bot blocked by sessionID).
======== We are on link 18 of 96
========== raw link https://www.linkedin.com/signup/cold-join?session_redirect=%2Fpulse%2Fbuilding-member-trust-new-age-ai-daniel-olmedilla-gfodf%2F&trk=article-ssr-frontend-pulse_publisher-author-card
========== dropped link https://www.linkedin.com/signup/cold-join?session_redirect=%2Fpulse%2Fbuilding-member-trust-new-age-ai-daniel-olmedilla-gfodf%2F&trk=article-ssr-frontend-pulse_publisher-author-card. Didn't pass first allows/blocks test.
======== We are on link 19 of 96
========== raw link https://www.linkedin.com/pulse/redefining-work-ryan-roslansky/?trk=article-ssr-frontend-pulse_little-text-block
========== dropped link https://www.linkedin.com/pulse/redefining-work-ryan-roslansky/?trk=article-ssr-frontend-pulse_little-text-block. Didn't pass first allows/blocks test.
======== We are on link 20 of 96
========== raw link https://www.linkedin.com/pulse/reimagining-linkedin-new-era-ai-tomer-cohen-brxve/?trk=article-ssr-frontend-pulse_little-text-block
========== dropped link https://www.linkedin.com/pulse/reimagining-linkedin-new-era-ai-tomer-cohen-brxve/?trk=article-ssr-frontend-pulse_little-text-block. Didn't pass first allows/blocks test.
======== We are on link 21 of 96
========== raw link https://www.linkedin.com/pulse/ai-1099s-separating-pomp-from-prompts-free-webinar-jory-des-jardins-wkxqc
========== dropped link https://www.linkedin.com/pulse/ai-1099s-separating-pomp-from-prompts-free-webinar-jory-des-jardins-wkxqc. Didn't pass first allows/blocks test.
======== We are on link 22 of 96
========== raw link https://www.linkedin.com/pulse/real-deal-ai-agents-hype-game-changer-getwriter-6qshf
========== dropped link https://www.linkedin.com/pulse/real-deal-ai-agents-hype-game-changer-getwriter-6qshf. Didn't pass first allows/blocks test.
======== We are on link 23 of 96
========== raw link https://www.linkedin.com/pulse/from-rags-ai-riches-value-retrieval-augmented-jason-renshaw-ogw9c
========== dropped link https://www.linkedin.com/pulse/from-rags-ai-riches-value-retrieval-augmented-jason-renshaw-ogw9c. Didn't pass first allows/blocks test.
======== We are on link 24 of 96
========== raw link https://blog.linkedin.com/2023/february/22/responsible-ai-principles?trk=article-ssr-frontend-pulse_little-text-block
============ Checking for Redirections: https://blog.linkedin.com/2023/february/22/responsible-ai-principles?trk=article-ssr-frontend-pulse_little-text-block
========== dropped link https://blog.linkedin.com/2023/february/22/responsible-ai-principles?trk=article-ssr-frontend-pulse_little-text-block. Could not follow redirection (or it was a meaninglessly small page or bot blocked by sessionID).
======== We are on link 25 of 96
========== raw link https://engineering.linkedin.com/blog/2023/our-responsible-ai-principles-in-practice?trk=article-ssr-frontend-pulse_little-text-block
============ Checking for Redirections: https://engineering.linkedin.com/blog/2023/our-responsible-ai-principles-in-practice?trk=article-ssr-frontend-pulse_little-text-block
========== dropped link https://engineering.linkedin.com/blog/2023/our-responsible-ai-principles-in-practice?trk=article-ssr-frontend-pulse_little-text-block. Could not follow redirection (or it was a meaninglessly small page or bot blocked by sessionID).
======== We are on link 26 of 96
========== raw link https://www.linkedin.com/help/linkedin/answer/a1359065?trk=article-ssr-frontend-pulse_little-text-block
============ Checking for Redirections: https://www.linkedin.com/help/linkedin/answer/a1359065?trk=article-ssr-frontend-pulse_little-text-block
========== dropped link https://www.linkedin.com/help/linkedin/answer/a1359065?trk=article-ssr-frontend-pulse_little-text-block. Could not follow redirection (or it was a meaninglessly small page or bot blocked by sessionID).
======== We are on link 27 of 96
========== raw link https://www.linkedin.com/help/linkedin/answer/a1381088/turn-two-step-verification-on-and-off?trk=article-ssr-frontend-pulse_little-text-block
============ Checking for Redirections: https://www.linkedin.com/help/linkedin/answer/a1381088/turn-two-step-verification-on-and-off?trk=article-ssr-frontend-pulse_little-text-block
========== dropped link https://www.linkedin.com/help/linkedin/answer/a1381088/turn-two-step-verification-on-and-off?trk=article-ssr-frontend-pulse_little-text-block. Could not follow redirection (or it was a meaninglessly small page or bot blocked by sessionID).
======== We are on link 28 of 96
========== raw link https://www.linkedin.com/pulse/linkedin-verification-update-18-million-verified-plans-rodriguez-6quue%3FtrackingId=3VYZxEbmQluDZ1iaiR3U6g%253D%253D/?trackingId=3VYZxEbmQluDZ1iaiR3U6g%3D%3D&trk=article-ssr-frontend-pulse_little-text-block
========== dropped link https://www.linkedin.com/pulse/linkedin-verification-update-18-million-verified-plans-rodriguez-6quue%3FtrackingId=3VYZxEbmQluDZ1iaiR3U6g%253D%253D/?trackingId=3VYZxEbmQluDZ1iaiR3U6g%3D%3D&trk=article-ssr-frontend-pulse_little-text-block. Didn't pass first allows/blocks test.
======== We are on link 29 of 96
========== raw link https://www.linkedin.com/legal/professional-community-policies?trk=article-ssr-frontend-pulse_little-text-block
============ Checking for Redirections: https://www.linkedin.com/legal/professional-community-policies?trk=article-ssr-frontend-pulse_little-text-block
========== dropped link https://www.linkedin.com/legal/professional-community-policies?trk=article-ssr-frontend-pulse_little-text-block. Could not follow redirection (or it was a meaninglessly small page or bot blocked by sessionID).
======== We are on link 30 of 96
========== raw link https://www.linkedin.com/signup/cold-join?session_redirect=%2Fpulse%2Fbuilding-member-trust-new-age-ai-daniel-olmedilla-gfodf%2F&trk=article-ssr-frontend-pulse_x-social-details_like-toggle_like-cta
========== dropped link https://www.linkedin.com/signup/cold-join?session_redirect=%2Fpulse%2Fbuilding-member-trust-new-age-ai-daniel-olmedilla-gfodf%2F&trk=article-ssr-frontend-pulse_x-social-details_like-toggle_like-cta. Didn't pass first allows/blocks test.
======== We are on link 31 of 96
========== raw link https://www.linkedin.com/signup/cold-join?session_redirect=%2Fpulse%2Fbuilding-member-trust-new-age-ai-daniel-olmedilla-gfodf%2F&trk=article-ssr-frontend-pulse_comment-cta
========== dropped link https://www.linkedin.com/signup/cold-join?session_redirect=%2Fpulse%2Fbuilding-member-trust-new-age-ai-daniel-olmedilla-gfodf%2F&trk=article-ssr-frontend-pulse_comment-cta. Didn't pass first allows/blocks test.
======== We are on link 32 of 96
========== raw link https://www.linkedin.com/signup/cold-join?session_redirect=%2Fpulse%2Fbuilding-member-trust-new-age-ai-daniel-olmedilla-gfodf%2F&trk=article-ssr-frontend-pulse_x-social-details_likes-count_social-actions-reactions
========== dropped link https://www.linkedin.com/signup/cold-join?session_redirect=%2Fpulse%2Fbuilding-member-trust-new-age-ai-daniel-olmedilla-gfodf%2F&trk=article-ssr-frontend-pulse_x-social-details_likes-count_social-actions-reactions. Didn't pass first allows/blocks test.
======== We are on link 33 of 96
========== raw link https://www.linkedin.com/signup/cold-join?session_redirect=%2Fpulse%2Fbuilding-member-trust-new-age-ai-daniel-olmedilla-gfodf%2F&trk=article-ssr-frontend-pulse_x-social-details_likes-count_social-actions-comments
========== dropped link https://www.linkedin.com/signup/cold-join?session_redirect=%2Fpulse%2Fbuilding-member-trust-new-age-ai-daniel-olmedilla-gfodf%2F&trk=article-ssr-frontend-pulse_x-social-details_likes-count_social-actions-comments. Didn't pass first allows/blocks test.
======== We are on link 34 of 96
========== raw link https://th.linkedin.com/in/%E0%B8%A0%E0%B8%84%E0%B8%9E%E0%B8%93-%E0%B8%A0%E0%B8%B9%E0%B8%A1%E0%B8%B4%E0%B8%9E%E0%B8%B1%E0%B8%92%E0%B8%99%E0%B9%8C-96b2ab356?trk=article-ssr-frontend-pulse_x-social-details_comments-action_comment_actor-image
============ Checking for Redirections: https://th.linkedin.com/in/%E0%B8%A0%E0%B8%84%E0%B8%9E%E0%B8%93-%E0%B8%A0%E0%B8%B9%E0%B8%A1%E0%B8%B4%E0%B8%9E%E0%B8%B1%E0%B8%92%E0%B8%99%E0%B9%8C-96b2ab356?trk=article-ssr-frontend-pulse_x-social-details_comments-action_comment_actor-image
========== dropped link https://th.linkedin.com/in/%E0%B8%A0%E0%B8%84%E0%B8%9E%E0%B8%93-%E0%B8%A0%E0%B8%B9%E0%B8%A1%E0%B8%B4%E0%B8%9E%E0%B8%B1%E0%B8%92%E0%B8%99%E0%B9%8C-96b2ab356?trk=article-ssr-frontend-pulse_x-social-details_comments-action_comment_actor-image. Could not follow redirection (or it was a meaninglessly small page or bot blocked by sessionID).
======== We are on link 35 of 96
========== raw link https://th.linkedin.com/in/%E0%B8%A0%E0%B8%84%E0%B8%9E%E0%B8%93-%E0%B8%A0%E0%B8%B9%E0%B8%A1%E0%B8%B4%E0%B8%9E%E0%B8%B1%E0%B8%92%E0%B8%99%E0%B9%8C-96b2ab356?trk=article-ssr-frontend-pulse_x-social-details_comments-action_comment_actor-name
============ Checking for Redirections: https://th.linkedin.com/in/%E0%B8%A0%E0%B8%84%E0%B8%9E%E0%B8%93-%E0%B8%A0%E0%B8%B9%E0%B8%A1%E0%B8%B4%E0%B8%9E%E0%B8%B1%E0%B8%92%E0%B8%99%E0%B9%8C-96b2ab356?trk=article-ssr-frontend-pulse_x-social-details_comments-action_comment_actor-name
========== dropped link https://th.linkedin.com/in/%E0%B8%A0%E0%B8%84%E0%B8%9E%E0%B8%93-%E0%B8%A0%E0%B8%B9%E0%B8%A1%E0%B8%B4%E0%B8%9E%E0%B8%B1%E0%B8%92%E0%B8%99%E0%B9%8C-96b2ab356?trk=article-ssr-frontend-pulse_x-social-details_comments-action_comment_actor-name. Could not follow redirection (or it was a meaninglessly small page or bot blocked by sessionID).
======== We are on link 36 of 96
========== raw link /uas/login?session_redirect=https%3A%2F%2Fwww.linkedin.com%2Fpulse%2Fbuilding-member-trust-new-age-ai-daniel-olmedilla-gfodf&trk=article-ssr-frontend-pulse_x-social-details_comments-action_comment_ellipsis-menu-semaphore-sign-in-redirect&guestReportContentType=COMMENT&_f=guest-reporting
============ Prepended scheme.
========== dropped link ://uas/login?session_redirect=https%3A%2F%2Fwww.linkedin.com%2Fpulse%2Fbuilding-member-trust-new-age-ai-daniel-olmedilla-gfodf&trk=article-ssr-frontend-pulse_x-social-details_comments-action_comment_ellipsis-menu-semaphore-sign-in-redirect&guestReportContentType=COMMENT&_f=guest-reporting. Didn't pass first allows/blocks test.
======== We are on link 37 of 96
========== raw link https://www.linkedin.com/signup/cold-join?session_redirect=%2Fpulse%2Fbuilding-member-trust-new-age-ai-daniel-olmedilla-gfodf%2F&trk=article-ssr-frontend-pulse_x-social-details_comments-action_comment_like
========== dropped link https://www.linkedin.com/signup/cold-join?session_redirect=%2Fpulse%2Fbuilding-member-trust-new-age-ai-daniel-olmedilla-gfodf%2F&trk=article-ssr-frontend-pulse_x-social-details_comments-action_comment_like. Didn't pass first allows/blocks test.
======== We are on link 38 of 96
========== raw link https://www.linkedin.com/signup/cold-join?session_redirect=%2Fpulse%2Fbuilding-member-trust-new-age-ai-daniel-olmedilla-gfodf%2F&trk=article-ssr-frontend-pulse_x-social-details_comments-action_comment_reply
========== dropped link https://www.linkedin.com/signup/cold-join?session_redirect=%2Fpulse%2Fbuilding-member-trust-new-age-ai-daniel-olmedilla-gfodf%2F&trk=article-ssr-frontend-pulse_x-social-details_comments-action_comment_reply. Didn't pass first allows/blocks test.
======== We are on link 39 of 96
========== raw link https://www.linkedin.com/signup/cold-join?session_redirect=%2Fpulse%2Fbuilding-member-trust-new-age-ai-daniel-olmedilla-gfodf%2F&trk=article-ssr-frontend-pulse_x-social-details_comments_comment-see-more
========== dropped link https://www.linkedin.com/signup/cold-join?session_redirect=%2Fpulse%2Fbuilding-member-trust-new-age-ai-daniel-olmedilla-gfodf%2F&trk=article-ssr-frontend-pulse_x-social-details_comments_comment-see-more. Didn't pass first allows/blocks test.
======== We are on link 40 of 96
========== raw link https://www.linkedin.com/signup/cold-join?session_redirect=%2Fpulse%2Fbuilding-member-trust-new-age-ai-daniel-olmedilla-gfodf%2F&trk=article-ssr-frontend-pulse_x-social-details_feed-cta-banner-cta
========== dropped link https://www.linkedin.com/signup/cold-join?session_redirect=%2Fpulse%2Fbuilding-member-trust-new-age-ai-daniel-olmedilla-gfodf%2F&trk=article-ssr-frontend-pulse_x-social-details_feed-cta-banner-cta. Didn't pass first allows/blocks test.
======== We are on link 41 of 96
========== raw link https://www.linkedin.com/pulse/decoding-enforcement-gap-why-moderation-approximation-olmedilla-vdg9c
========== dropped link https://www.linkedin.com/pulse/decoding-enforcement-gap-why-moderation-approximation-olmedilla-vdg9c. Didn't pass first allows/blocks test.
======== We are on link 42 of 96
========== raw link https://www.linkedin.com/pulse/why-machine-learning-recall-different-trust-daniel-olmedilla-zpxac
========== dropped link https://www.linkedin.com/pulse/why-machine-learning-recall-different-trust-daniel-olmedilla-zpxac. Didn't pass first allows/blocks test.
======== We are on link 43 of 96
========== raw link https://www.linkedin.com/pulse/what-makes-good-trust-true-north-metric-daniel-olmedilla-ekokc
========== dropped link https://www.linkedin.com/pulse/what-makes-good-trust-true-north-metric-daniel-olmedilla-ekokc. Didn't pass first allows/blocks test.
======== We are on link 44 of 96
========== raw link https://www.linkedin.com/pulse/ai-trust-privacy-responsible-tidbits-daniel-olmedilla-ovcqc
========== dropped link https://www.linkedin.com/pulse/ai-trust-privacy-responsible-tidbits-daniel-olmedilla-ovcqc. Didn't pass first allows/blocks test.
======== We are on link 45 of 96
========== raw link https://www.linkedin.com/uas/login?session_redirect=%2Fpulse%2Fbuilding-member-trust-new-age-ai-daniel-olmedilla-gfodf%2F&trk=article-ssr-frontend-pulse_xandr-ad-fallback_signin
========== dropped link https://www.linkedin.com/uas/login?session_redirect=%2Fpulse%2Fbuilding-member-trust-new-age-ai-daniel-olmedilla-gfodf%2F&trk=article-ssr-frontend-pulse_xandr-ad-fallback_signin. Didn't pass first allows/blocks test.
======== We are on link 46 of 96
========== raw link /legal/user-agreement?trk=article-ssr-frontend-pulse_auth-button_user-agreement
============ Found Relative: joining linkedin.com and /legal/user-agreement?trk=article-ssr-frontend-pulse_auth-button_user-agreement
========== dropped link /legal/user-agreement?trk=article-ssr-frontend-pulse_auth-button_user-agreement. Didn't pass first allows/blocks test.
======== We are on link 47 of 96
========== raw link /legal/privacy-policy?trk=article-ssr-frontend-pulse_auth-button_privacy-policy
============ Found Relative: joining linkedin.com and /legal/privacy-policy?trk=article-ssr-frontend-pulse_auth-button_privacy-policy
========== dropped link /legal/privacy-policy?trk=article-ssr-frontend-pulse_auth-button_privacy-policy. Didn't pass first allows/blocks test.
======== We are on link 48 of 96
========== raw link /legal/cookie-policy?trk=article-ssr-frontend-pulse_auth-button_cookie-policy
============ Found Relative: joining linkedin.com and /legal/cookie-policy?trk=article-ssr-frontend-pulse_auth-button_cookie-policy
========== dropped link /legal/cookie-policy?trk=article-ssr-frontend-pulse_auth-button_cookie-policy. Didn't pass first allows/blocks test.
======== We are on link 49 of 96
========== raw link https://www.linkedin.com/signup/cold-join?session_redirect=%2Fpulse%2Fbuilding-member-trust-new-age-ai-daniel-olmedilla-gfodf%2F&trk=article-ssr-frontend-pulse_xandr-ad-fallback_join-link
========== dropped link https://www.linkedin.com/signup/cold-join?session_redirect=%2Fpulse%2Fbuilding-member-trust-new-age-ai-daniel-olmedilla-gfodf%2F&trk=article-ssr-frontend-pulse_xandr-ad-fallback_join-link. Didn't pass first allows/blocks test.
======== We are on link 50 of 96
========== raw link https://www.linkedin.com/advice/0/how-can-you-communicate-benefits-ai-based-information
========== dropped link https://www.linkedin.com/advice/0/how-can-you-communicate-benefits-ai-based-information. Didn't pass first allows/blocks test.
======== We are on link 51 of 96
========== raw link https://www.linkedin.com/advice/3/how-do-you-use-explainable-ai-your-workflow
========== dropped link https://www.linkedin.com/advice/3/how-do-you-use-explainable-ai-your-workflow. Didn't pass first allows/blocks test.
======== We are on link 52 of 96
========== raw link https://www.linkedin.com/advice/0/how-can-you-ensure-fair-inclusive-ai-systems
========== dropped link https://www.linkedin.com/advice/0/how-can-you-ensure-fair-inclusive-ai-systems. Didn't pass first allows/blocks test.
======== We are on link 53 of 96
========== raw link https://www.linkedin.com/advice/0/how-can-you-overcome-challenges-xai-skills-artificial-intelligence
========== dropped link https://www.linkedin.com/advice/0/how-can-you-overcome-challenges-xai-skills-artificial-intelligence. Didn't pass first allows/blocks test.
======== We are on link 54 of 96
========== raw link https://www.linkedin.com/advice/0/how-can-you-measure-ai-interpretability
========== dropped link https://www.linkedin.com/advice/0/how-can-you-measure-ai-interpretability. Didn't pass first allows/blocks test.
======== We are on link 55 of 96
========== raw link https://www.linkedin.com/advice/0/how-can-you-identify-most-promising-ai-solutions-k0ifc
========== dropped link https://www.linkedin.com/advice/0/how-can-you-identify-most-promising-ai-solutions-k0ifc. Didn't pass first allows/blocks test.
======== We are on link 56 of 96
========== raw link https://www.linkedin.com/advice/0/what-benefits-challenges-using-ai-product-validation
========== dropped link https://www.linkedin.com/advice/0/what-benefits-challenges-using-ai-product-validation. Didn't pass first allows/blocks test.
======== We are on link 57 of 96
========== raw link https://www.linkedin.com/advice/0/your-team-doubtful-ai-generated-insights-gknpc
========== dropped link https://www.linkedin.com/advice/0/your-team-doubtful-ai-generated-insights-gknpc. Didn't pass first allows/blocks test.
======== We are on link 58 of 96
========== raw link https://www.linkedin.com/advice/3/what-do-you-your-ai-clients-have-unique-cyayf
========== dropped link https://www.linkedin.com/advice/3/what-do-you-your-ai-clients-have-unique-cyayf. Didn't pass first allows/blocks test.
======== We are on link 59 of 96
========== raw link https://www.linkedin.com/advice/0/what-do-you-your-decision-making-processes-pbyic
========== dropped link https://www.linkedin.com/advice/0/what-do-you-your-decision-making-processes-pbyic. Didn't pass first allows/blocks test.
======== We are on link 60 of 96
========== raw link https://www.linkedin.com/pulse/why-use-artificial-intelligence-centrl-hcfke
========== dropped link https://www.linkedin.com/pulse/why-use-artificial-intelligence-centrl-hcfke. Didn't pass first allows/blocks test.
======== We are on link 61 of 96
========== raw link https://www.linkedin.com/pulse/ai-bias-solve-problem-make-worse-dina-bay-ph-d-
========== dropped link https://www.linkedin.com/pulse/ai-bias-solve-problem-make-worse-dina-bay-ph-d-. Didn't pass first allows/blocks test.
======== We are on link 62 of 96
========== raw link https://www.linkedin.com/pulse/understanding-importance-user-intent-effective-ai-rag-sanchez-vpebf
========== dropped link https://www.linkedin.com/pulse/understanding-importance-user-intent-effective-ai-rag-sanchez-vpebf. Didn't pass first allows/blocks test.
======== We are on link 63 of 96
========== raw link https://www.linkedin.com/pulse/focus-what-wont-change-marketers-guide-ai-revolution-sooraj-divakaran-aoydc
========== dropped link https://www.linkedin.com/pulse/focus-what-wont-change-marketers-guide-ai-revolution-sooraj-divakaran-aoydc. Didn't pass first allows/blocks test.
======== We are on link 64 of 96
========== raw link https://www.linkedin.com/pulse/riding-ai-wave-george-bandarian-dawn-agentic-part-1-bandarian--c1jec
========== dropped link https://www.linkedin.com/pulse/riding-ai-wave-george-bandarian-dawn-agentic-part-1-bandarian--c1jec. Didn't pass first allows/blocks test.
======== We are on link 65 of 96
========== raw link https://www.linkedin.com/pulse/linkedins-ai-algorithms-told-me-writing-would-improve-evan-wescott-qdc2e
========== dropped link https://www.linkedin.com/pulse/linkedins-ai-algorithms-told-me-writing-would-improve-evan-wescott-qdc2e. Didn't pass first allows/blocks test.
======== We are on link 66 of 96
========== raw link https://www.linkedin.com/pulse/simple-steps-save-time-leverage-ai-marc-fabris-3vssc
========== dropped link https://www.linkedin.com/pulse/simple-steps-save-time-leverage-ai-marc-fabris-3vssc. Didn't pass first allows/blocks test.
======== We are on link 67 of 96
========== raw link https://www.linkedin.com/pulse/we-masters-puppets-ai-uplevyl-vuthc
========== dropped link https://www.linkedin.com/pulse/we-masters-puppets-ai-uplevyl-vuthc. Didn't pass first allows/blocks test.
======== We are on link 68 of 96
========== raw link https://www.linkedin.com/pulse/spotlight-agentic-ai-transforming-business-tom-christensen-tjmjf
========== dropped link https://www.linkedin.com/pulse/spotlight-agentic-ai-transforming-business-tom-christensen-tjmjf. Didn't pass first allows/blocks test.
======== We are on link 69 of 96
========== raw link https://www.linkedin.com/pulse/manus-ai-doesnt-just-adviseit-acts-ready-prime-time-lozovsky-mba-kfglc
========== dropped link https://www.linkedin.com/pulse/manus-ai-doesnt-just-adviseit-acts-ready-prime-time-lozovsky-mba-kfglc. Didn't pass first allows/blocks test.
======== We are on link 70 of 96
========== raw link https://www.linkedin.com/pulse/topics/sales-s5/
========== dropped link https://www.linkedin.com/pulse/topics/sales-s5/. Didn't pass first allows/blocks test.
======== We are on link 71 of 96
========== raw link https://www.linkedin.com/pulse/topics/marketing-s2461/
========== dropped link https://www.linkedin.com/pulse/topics/marketing-s2461/. Didn't pass first allows/blocks test.
======== We are on link 72 of 96
========== raw link https://www.linkedin.com/pulse/topics/it-services-s57547/
========== dropped link https://www.linkedin.com/pulse/topics/it-services-s57547/. Didn't pass first allows/blocks test.
======== We are on link 73 of 96
========== raw link https://www.linkedin.com/pulse/topics/business-administration-s50111/
========== dropped link https://www.linkedin.com/pulse/topics/business-administration-s50111/. Didn't pass first allows/blocks test.
======== We are on link 74 of 96
========== raw link https://www.linkedin.com/pulse/topics/hr-management-s50359/
========== dropped link https://www.linkedin.com/pulse/topics/hr-management-s50359/. Didn't pass first allows/blocks test.
======== We are on link 75 of 96
========== raw link https://www.linkedin.com/pulse/topics/engineering-s166/
========== dropped link https://www.linkedin.com/pulse/topics/engineering-s166/. Didn't pass first allows/blocks test.
======== We are on link 76 of 96
========== raw link https://www.linkedin.com/pulse/topics/soft-skills-s2976/
========== dropped link https://www.linkedin.com/pulse/topics/soft-skills-s2976/. Didn't pass first allows/blocks test.
======== We are on link 77 of 96
========== raw link https://www.linkedin.com/pulse/topics/home/
========== dropped link https://www.linkedin.com/pulse/topics/home/. Didn't pass first allows/blocks test.
======== We are on link 78 of 96
========== raw link https://about.linkedin.com?trk=d_flagship2_pulse_read_footer-about
============ Checking for Redirections: https://about.linkedin.com?trk=d_flagship2_pulse_read_footer-about
========== dropped link https://about.linkedin.com?trk=d_flagship2_pulse_read_footer-about. Could not follow redirection (or it was a meaninglessly small page or bot blocked by sessionID).
======== We are on link 79 of 96
========== raw link https://www.linkedin.com/accessibility?trk=d_flagship2_pulse_read_footer-accessibility
============ Checking for Redirections: https://www.linkedin.com/accessibility?trk=d_flagship2_pulse_read_footer-accessibility
========== dropped link https://www.linkedin.com/accessibility?trk=d_flagship2_pulse_read_footer-accessibility. Could not follow redirection (or it was a meaninglessly small page or bot blocked by sessionID).
======== We are on link 80 of 96
========== raw link https://www.linkedin.com/legal/user-agreement?trk=d_flagship2_pulse_read_footer-user-agreement
============ Checking for Redirections: https://www.linkedin.com/legal/user-agreement?trk=d_flagship2_pulse_read_footer-user-agreement
========== dropped link https://www.linkedin.com/legal/user-agreement?trk=d_flagship2_pulse_read_footer-user-agreement. Could not follow redirection (or it was a meaninglessly small page or bot blocked by sessionID).
======== We are on link 81 of 96
========== raw link https://www.linkedin.com/legal/privacy-policy?trk=d_flagship2_pulse_read_footer-privacy-policy
============ Checking for Redirections: https://www.linkedin.com/legal/privacy-policy?trk=d_flagship2_pulse_read_footer-privacy-policy
========== dropped link https://www.linkedin.com/legal/privacy-policy?trk=d_flagship2_pulse_read_footer-privacy-policy. Could not follow redirection (or it was a meaninglessly small page or bot blocked by sessionID).
======== We are on link 82 of 96
========== raw link https://www.linkedin.com/legal/california-privacy-disclosure?trk=d_flagship2_pulse_read_footer-california-privacy-rights-act
============ Checking for Redirections: https://www.linkedin.com/legal/california-privacy-disclosure?trk=d_flagship2_pulse_read_footer-california-privacy-rights-act
========== dropped link https://www.linkedin.com/legal/california-privacy-disclosure?trk=d_flagship2_pulse_read_footer-california-privacy-rights-act. Could not follow redirection (or it was a meaninglessly small page or bot blocked by sessionID).
======== We are on link 83 of 96
========== raw link https://www.linkedin.com/legal/cookie-policy?trk=d_flagship2_pulse_read_footer-cookie-policy
============ Checking for Redirections: https://www.linkedin.com/legal/cookie-policy?trk=d_flagship2_pulse_read_footer-cookie-policy
========== dropped link https://www.linkedin.com/legal/cookie-policy?trk=d_flagship2_pulse_read_footer-cookie-policy. Could not follow redirection (or it was a meaninglessly small page or bot blocked by sessionID).
======== We are on link 84 of 96
========== raw link https://www.linkedin.com/legal/copyright-policy?trk=d_flagship2_pulse_read_footer-copyright-policy
============ Checking for Redirections: https://www.linkedin.com/legal/copyright-policy?trk=d_flagship2_pulse_read_footer-copyright-policy
========== dropped link https://www.linkedin.com/legal/copyright-policy?trk=d_flagship2_pulse_read_footer-copyright-policy. Could not follow redirection (or it was a meaninglessly small page or bot blocked by sessionID).
======== We are on link 85 of 96
========== raw link https://brand.linkedin.com/policies?trk=d_flagship2_pulse_read_footer-brand-policy
============ Checking for Redirections: https://brand.linkedin.com/policies?trk=d_flagship2_pulse_read_footer-brand-policy
========== dropped link https://brand.linkedin.com/policies?trk=d_flagship2_pulse_read_footer-brand-policy. Could not follow redirection (or it was a meaninglessly small page or bot blocked by sessionID).
======== We are on link 86 of 96
========== raw link https://www.linkedin.com/psettings/guest-controls?trk=d_flagship2_pulse_read_footer-guest-controls
============ Checking for Redirections: https://www.linkedin.com/psettings/guest-controls?trk=d_flagship2_pulse_read_footer-guest-controls
========== dropped link https://www.linkedin.com/psettings/guest-controls?trk=d_flagship2_pulse_read_footer-guest-controls. Could not follow redirection (or it was a meaninglessly small page or bot blocked by sessionID).
======== We are on link 87 of 96
========== raw link https://www.linkedin.com/legal/professional-community-policies?trk=d_flagship2_pulse_read_footer-community-guide
============ Checking for Redirections: https://www.linkedin.com/legal/professional-community-policies?trk=d_flagship2_pulse_read_footer-community-guide
========== dropped link https://www.linkedin.com/legal/professional-community-policies?trk=d_flagship2_pulse_read_footer-community-guide. Could not follow redirection (or it was a meaninglessly small page or bot blocked by sessionID).
======== We are on link 88 of 96
========== raw link https://www.linkedin.com/uas/request-password-reset?trk=pulse-article_contextual-sign-in-modal_sign-in-modal_forgot_password
============ Checking for Redirections: https://www.linkedin.com/uas/request-password-reset?trk=pulse-article_contextual-sign-in-modal_sign-in-modal_forgot_password
========== dropped link https://www.linkedin.com/uas/request-password-reset?trk=pulse-article_contextual-sign-in-modal_sign-in-modal_forgot_password. Could not follow redirection (or it was a meaninglessly small page or bot blocked by sessionID).
======== We are on link 89 of 96
========== raw link /legal/user-agreement?trk=pulse-article_contextual-sign-in-modal_sign-in-modal_auth-button_user-agreement
============ Found Relative: joining linkedin.com and /legal/user-agreement?trk=pulse-article_contextual-sign-in-modal_sign-in-modal_auth-button_user-agreement
========== dropped link /legal/user-agreement?trk=pulse-article_contextual-sign-in-modal_sign-in-modal_auth-button_user-agreement. Didn't pass first allows/blocks test.
======== We are on link 90 of 96
========== raw link /legal/privacy-policy?trk=pulse-article_contextual-sign-in-modal_sign-in-modal_auth-button_privacy-policy
============ Found Relative: joining linkedin.com and /legal/privacy-policy?trk=pulse-article_contextual-sign-in-modal_sign-in-modal_auth-button_privacy-policy
========== dropped link /legal/privacy-policy?trk=pulse-article_contextual-sign-in-modal_sign-in-modal_auth-button_privacy-policy. Didn't pass first allows/blocks test.
======== We are on link 91 of 96
========== raw link /legal/cookie-policy?trk=pulse-article_contextual-sign-in-modal_sign-in-modal_auth-button_cookie-policy
============ Found Relative: joining linkedin.com and /legal/cookie-policy?trk=pulse-article_contextual-sign-in-modal_sign-in-modal_auth-button_cookie-policy
========== dropped link /legal/cookie-policy?trk=pulse-article_contextual-sign-in-modal_sign-in-modal_auth-button_cookie-policy. Didn't pass first allows/blocks test.
======== We are on link 92 of 96
========== raw link https://www.linkedin.com/signup/cold-join?session_redirect=%2Fpulse%2Fbuilding-member-trust-new-age-ai-daniel-olmedilla-gfodf%2F&trk=pulse-article_contextual-sign-in-modal_sign-in-modal_join-link
========== dropped link https://www.linkedin.com/signup/cold-join?session_redirect=%2Fpulse%2Fbuilding-member-trust-new-age-ai-daniel-olmedilla-gfodf%2F&trk=pulse-article_contextual-sign-in-modal_sign-in-modal_join-link. Didn't pass first allows/blocks test.
======== We are on link 93 of 96
========== raw link https://www.linkedin.com/signup/cold-join?session_redirect=%2Fpulse%2Fbuilding-member-trust-new-age-ai-daniel-olmedilla-gfodf%2F&trk=pulse-article_contextual-sign-in-modal_join-link
========== dropped link https://www.linkedin.com/signup/cold-join?session_redirect=%2Fpulse%2Fbuilding-member-trust-new-age-ai-daniel-olmedilla-gfodf%2F&trk=pulse-article_contextual-sign-in-modal_join-link. Didn't pass first allows/blocks test.
======== We are on link 94 of 96
========== raw link /legal/user-agreement?trk=linkedin-tc_auth-button_user-agreement
============ Found Relative: joining linkedin.com and /legal/user-agreement?trk=linkedin-tc_auth-button_user-agreement
========== dropped link /legal/user-agreement?trk=linkedin-tc_auth-button_user-agreement. Didn't pass first allows/blocks test.
======== We are on link 95 of 96
========== raw link /legal/privacy-policy?trk=linkedin-tc_auth-button_privacy-policy
============ Found Relative: joining linkedin.com and /legal/privacy-policy?trk=linkedin-tc_auth-button_privacy-policy
========== dropped link /legal/privacy-policy?trk=linkedin-tc_auth-button_privacy-policy. Didn't pass first allows/blocks test.
======== We are on link 96 of 96
========== raw link /legal/cookie-policy?trk=linkedin-tc_auth-button_cookie-policy
============ Found Relative: joining linkedin.com and /legal/cookie-policy?trk=linkedin-tc_auth-button_cookie-policy
========== dropped link /legal/cookie-policy?trk=linkedin-tc_auth-button_cookie-policy. Didn't pass first allows/blocks test.
==== Number of new pages added: 29
==== We are at iteration 2 (tree depth).
====== We are on page 1 of 29: https://www.linkedin.com/legal/privacy-policy
ERROR: Somehow this page has no links... 
====== Number of Links on this Page: 0
====== We are on page 2 of 29: https://www.linkedin.com/legal/privacy/eu
ERROR: Somehow this page has no links... 
====== Number of Links on this Page: 0
====== We are on page 3 of 29: https://www.linkedin.com/help/linkedin/answer/a1341216/updates-to-user-agreement-and-privacy-policy
ERROR: Somehow this page has no links... 
====== Number of Links on this Page: 0
====== We are on page 4 of 29: https://www.linkedin.com/services
ERROR: Somehow this page has no links... 
====== Number of Links on this Page: 0
====== We are on page 5 of 29: https://www.linkedin.com/help/linkedin/answer/a6857122
ERROR: Somehow this page has no links... 
====== Number of Links on this Page: 0
====== We are on page 6 of 29: https://www.linkedin.com/blog/member/trust-and-safety
ERROR: Somehow this page has no links... 
====== Number of Links on this Page: 0
====== We are on page 7 of 29: https://www.linkedin.com/blog/member/data/work-change-report-2025
ERROR: Somehow this page has no links... 
====== Number of Links on this Page: 0
====== We are on page 8 of 29: https://www.linkedin.com/blog/member/trust-and-safety/updates-to-our-terms-of-service-2024
ERROR: Somehow this page has no links... 
====== Number of Links on this Page: 0
====== We are on page 9 of 29: https://www.linkedin.com/blog/member/trust-and-safety/update-hi-q-legal-proceeding
ERROR: Somehow this page has no links... 
====== Number of Links on this Page: 0
====== We are on page 10 of 29: https://www.linkedin.com/blog/member/culture/mythbusting-the-feed-how-we-work-to-address-bias
ERROR: Somehow this page has no links... 
====== Number of Links on this Page: 0
====== We are on page 11 of 29: https://www.linkedin.com/blog/member/trust-and-safety/new-linkedin-profile-features-help-verify-identity-detect-remove-fake-accounts-boost-authenticity
ERROR: Somehow this page has no links... 
====== Number of Links on this Page: 0
====== We are on page 12 of 29: https://www.linkedin.com/blog/member/product/mythbusting-the-feed-how-the-algorithm-works
ERROR: Somehow this page has no links... 
====== Number of Links on this Page: 0
====== We are on page 13 of 29: https://www.linkedin.com/blog/member/product/understanding-when-and-why-to-follow-people-on-linkedin
ERROR: Somehow this page has no links... 
====== Number of Links on this Page: 0
====== We are on page 14 of 29: https://www.linkedin.com/blog/member/career/three-tips-to-excel-at-salary-negotiations
ERROR: Somehow this page has no links... 
====== Number of Links on this Page: 0
====== We are on page 15 of 29: https://www.linkedin.com/blog/member/trust-and-safety/working-together-to-keep-linkedin-safe
ERROR: Somehow this page has no links... 
====== Number of Links on this Page: 0
====== We are on page 16 of 29: https://news.linkedin.com/authors/linkedin-corporate-communications-team
ERROR: Somehow this page has no links... 
====== Number of Links on this Page: 0
====== We are on page 17 of 29: https://news.linkedin.com/topic/product-news
ERROR: Somehow this page has no links... 
====== Number of Links on this Page: 0
====== We are on page 18 of 29: https://news.linkedin.com/2025/Q3FY25_Earnings_Highlights
ERROR: Somehow this page has no links... 
====== Number of Links on this Page: 0
====== We are on page 19 of 29: https://news.linkedin.com/topic/company-news
ERROR: Somehow this page has no links... 
====== Number of Links on this Page: 0
====== We are on page 20 of 29: https://news.linkedin.com/2025/ai-adoption-starts-at-the-top--3x-more-c-suites-on-linkedin-are-
ERROR: Somehow this page has no links... 
====== Number of Links on this Page: 0
====== We are on page 21 of 29: https://news.linkedin.com/topic/data-and-insights
ERROR: Somehow this page has no links... 
====== Number of Links on this Page: 0
====== We are on page 22 of 29: https://news.linkedin.com/topic/business-solutions
ERROR: Somehow this page has no links... 
====== Number of Links on this Page: 0
====== We are on page 23 of 29: https://news.linkedin.com/2025/future-of-work-fund-2025
ERROR: Somehow this page has no links... 
====== Number of Links on this Page: 0
====== We are on page 24 of 29: https://news.linkedin.com/2025/linkedin_update_engineering_march2025
ERROR: Somehow this page has no links... 
====== Number of Links on this Page: 0
====== We are on page 25 of 29: https://news.linkedin.com/2025/the-roi-of-ai--new-research-on-how-ai-is-transforming-b2b-sales
ERROR: Somehow this page has no links... 
====== Number of Links on this Page: 0
====== We are on page 26 of 29: https://news.linkedin.com/topic/research
ERROR: Somehow this page has no links... 
====== Number of Links on this Page: 0
====== We are on page 27 of 29: https://news.linkedin.com/2025/london-experience-center
ERROR: Somehow this page has no links... 
====== Number of Links on this Page: 0
====== We are on page 28 of 29: https://www.linkedin.com/
ERROR: Somehow this page has no links... 
====== Number of Links on this Page: 0
====== We are on page 29 of 29: https://news.linkedin.com/
ERROR: Somehow this page has no links... 
====== Number of Links on this Page: 0
==== Number of new pages added: 0
== Finished scraping linkedin-AI_Moderation in 448.9864 seconds.
== Writing to db file
== Done (/home/oscarc/ContentModerationWebScraper/data/05_04_25_23_25/all_htmls/AI_Moderation_linkedin_05_04_25_23_25.json)
== Completed with Errors, search for error in logs
