== Conducting scraping for AI_Moderation on linkedin
== Getting initial 16 pages in sheet
==== We are at iteration 1 (tree depth).
====== We are on page 1 of 16: https://www.linkedin.com/legal/user-agreement
====== Number of Links on this Page: 84
======== We are on link 1 of 84
========== raw link #lithograph-app
========== dropped link (either fragment ("#"), js, mailto, comment, pdf, or empty)
======== We are on link 2 of 84
========== raw link https://linkedin.com/legal/user-agreement
============ Checking for Redirections: https://linkedin.com/legal/user-agreement
============ Followed Redirection to https://www.linkedin.com/legal/user-agreement
============ Link after cleaning: https://www.linkedin.com/legal/user-agreement
========== link already checked
======== We are on link 3 of 84
========== raw link https://linkedin.com/legal/user-agreement-summary
============ Checking for Redirections: https://linkedin.com/legal/user-agreement-summary
============ Followed Redirection to https://www.linkedin.com/legal/user-agreement-summary
============ Link after cleaning: https://www.linkedin.com/legal/user-agreement-summary
========== link already checked
======== We are on link 4 of 84
========== raw link https://linkedin.com/legal/privacy-policy
============ Checking for Redirections: https://linkedin.com/legal/privacy-policy
============ Followed Redirection to https://www.linkedin.com/legal/privacy-policy
============ Link after cleaning: https://www.linkedin.com/legal/privacy-policy
========== link already checked
======== We are on link 5 of 84
========== raw link https://linkedin.com/legal/professional-community-policies
============ Checking for Redirections: https://linkedin.com/legal/professional-community-policies
============ Followed Redirection to https://www.linkedin.com/legal/professional-community-policies
============ Link after cleaning: https://www.linkedin.com/legal/professional-community-policies
========== link already checked
======== We are on link 6 of 84
========== raw link https://linkedin.com/legal/cookie-policy
============ Checking for Redirections: https://linkedin.com/legal/cookie-policy
============ Followed Redirection to https://www.linkedin.com/legal/cookie-policy
============ Link after cleaning: https://www.linkedin.com/legal/cookie-policy
========== scraping https://www.linkedin.com/legal/cookie-policy
======== We are on link 7 of 84
========== raw link https://linkedin.com/legal/copyright-policy
============ Checking for Redirections: https://linkedin.com/legal/copyright-policy
============ Followed Redirection to https://www.linkedin.com/legal/copyright-policy
============ Link after cleaning: https://www.linkedin.com/legal/copyright-policy
========== scraping https://www.linkedin.com/legal/copyright-policy
======== We are on link 8 of 84
========== raw link https://privacy.linkedin.com/regionalinfo
============ Checking for Redirections: https://privacy.linkedin.com/regionalinfo
============ Link unchanged
========== scraping https://privacy.linkedin.com/regionalinfo
======== We are on link 9 of 84
========== raw link https://linkedin.com/legal/privacy/eu
============ Checking for Redirections: https://linkedin.com/legal/privacy/eu
============ Followed Redirection to https://www.linkedin.com/legal/privacy/eu
============ Link after cleaning: https://www.linkedin.com/legal/privacy/eu
========== scraping https://www.linkedin.com/legal/privacy/eu
======== We are on link 10 of 84
========== raw link https://linkedin.com/legal/california-privacy-disclosure
============ Checking for Redirections: https://linkedin.com/legal/california-privacy-disclosure
============ Followed Redirection to https://www.linkedin.com/legal/california-privacy-disclosure
============ Link after cleaning: https://www.linkedin.com/legal/california-privacy-disclosure
========== scraping https://www.linkedin.com/legal/california-privacy-disclosure
======== We are on link 11 of 84
========== raw link https://www.linkedin.com/legal/privacy/usa
============ Checking for Redirections: https://www.linkedin.com/legal/privacy/usa
============ Link unchanged
========== scraping https://www.linkedin.com/legal/privacy/usa
======== We are on link 12 of 84
========== raw link https://linkedin.com/legal/user-agreement
============ Checking for Redirections: https://linkedin.com/legal/user-agreement
============ Followed Redirection to https://www.linkedin.com/legal/user-agreement
============ Link after cleaning: https://www.linkedin.com/legal/user-agreement
========== link already checked
======== We are on link 13 of 84
========== raw link https://linkedin.com/legal/user-agreement-summary
============ Checking for Redirections: https://linkedin.com/legal/user-agreement-summary
============ Followed Redirection to https://www.linkedin.com/legal/user-agreement-summary
============ Link after cleaning: https://www.linkedin.com/legal/user-agreement-summary
========== link already checked
======== We are on link 14 of 84
========== raw link https://linkedin.com/legal/privacy-policy
============ Checking for Redirections: https://linkedin.com/legal/privacy-policy
============ Followed Redirection to https://www.linkedin.com/legal/privacy-policy
============ Link after cleaning: https://www.linkedin.com/legal/privacy-policy
========== link already checked
======== We are on link 15 of 84
========== raw link https://linkedin.com/legal/professional-community-policies
============ Checking for Redirections: https://linkedin.com/legal/professional-community-policies
============ Followed Redirection to https://www.linkedin.com/legal/professional-community-policies
============ Link after cleaning: https://www.linkedin.com/legal/professional-community-policies
========== link already checked
======== We are on link 16 of 84
========== raw link https://linkedin.com/legal/cookie-policy
============ Checking for Redirections: https://linkedin.com/legal/cookie-policy
============ Followed Redirection to https://www.linkedin.com/legal/cookie-policy
============ Link after cleaning: https://www.linkedin.com/legal/cookie-policy
========== link already checked
======== We are on link 17 of 84
========== raw link https://linkedin.com/legal/copyright-policy
============ Checking for Redirections: https://linkedin.com/legal/copyright-policy
============ Followed Redirection to https://www.linkedin.com/legal/copyright-policy
============ Link after cleaning: https://www.linkedin.com/legal/copyright-policy
========== link already checked
======== We are on link 18 of 84
========== raw link https://privacy.linkedin.com/regionalinfo
============ Checking for Redirections: https://privacy.linkedin.com/regionalinfo
============ Link unchanged
========== link already checked
======== We are on link 19 of 84
========== raw link https://linkedin.com/legal/privacy/eu
============ Checking for Redirections: https://linkedin.com/legal/privacy/eu
============ Followed Redirection to https://www.linkedin.com/legal/privacy/eu
============ Link after cleaning: https://www.linkedin.com/legal/privacy/eu
========== link already checked
======== We are on link 20 of 84
========== raw link https://linkedin.com/legal/california-privacy-disclosure
============ Checking for Redirections: https://linkedin.com/legal/california-privacy-disclosure
============ Followed Redirection to https://www.linkedin.com/legal/california-privacy-disclosure
============ Link after cleaning: https://www.linkedin.com/legal/california-privacy-disclosure
========== link already checked
======== We are on link 21 of 84
========== raw link https://www.linkedin.com/legal/privacy/usa
============ Checking for Redirections: https://www.linkedin.com/legal/privacy/usa
============ Link unchanged
========== link already checked
======== We are on link 22 of 84
========== raw link https://www.linkedin.com/help/linkedin/answer/a1341216/updates-to-user-agreement-and-privacy-policy
============ Checking for Redirections: https://www.linkedin.com/help/linkedin/answer/a1341216/updates-to-user-agreement-and-privacy-policy
============ Link unchanged
========== scraping https://www.linkedin.com/help/linkedin/answer/a1341216/updates-to-user-agreement-and-privacy-policy
======== We are on link 23 of 84
========== raw link #introduction
========== dropped link (either fragment ("#"), js, mailto, comment, pdf, or empty)
======== We are on link 24 of 84
========== raw link #obligations
========== dropped link (either fragment ("#"), js, mailto, comment, pdf, or empty)
======== We are on link 25 of 84
========== raw link #rights
========== dropped link (either fragment ("#"), js, mailto, comment, pdf, or empty)
======== We are on link 26 of 84
========== raw link #disclaimer
========== dropped link (either fragment ("#"), js, mailto, comment, pdf, or empty)
======== We are on link 27 of 84
========== raw link #termination
========== dropped link (either fragment ("#"), js, mailto, comment, pdf, or empty)
======== We are on link 28 of 84
========== raw link #dispute
========== dropped link (either fragment ("#"), js, mailto, comment, pdf, or empty)
======== We are on link 29 of 84
========== raw link #general
========== dropped link (either fragment ("#"), js, mailto, comment, pdf, or empty)
======== We are on link 30 of 84
========== raw link #dos
========== dropped link (either fragment ("#"), js, mailto, comment, pdf, or empty)
======== We are on link 31 of 84
========== raw link #complaints
========== dropped link (either fragment ("#"), js, mailto, comment, pdf, or empty)
======== We are on link 32 of 84
========== raw link #contact
========== dropped link (either fragment ("#"), js, mailto, comment, pdf, or empty)
======== We are on link 33 of 84
========== raw link https://www.linkedin.com/legal/privacy-policy
============ Checking for Redirections: https://www.linkedin.com/legal/privacy-policy
============ Link unchanged
========== link already checked
======== We are on link 34 of 84
========== raw link https://www.linkedin.com/legal/cookie-policy
============ Checking for Redirections: https://www.linkedin.com/legal/cookie-policy
============ Link unchanged
========== link already checked
======== We are on link 35 of 84
========== raw link https://www.linkedin.com/legal/privacy-policy
============ Checking for Redirections: https://www.linkedin.com/legal/privacy-policy
============ Link unchanged
========== link already checked
======== We are on link 36 of 84
========== raw link https://www.linkedin.com/legal/privacy-policy
============ Checking for Redirections: https://www.linkedin.com/legal/privacy-policy
============ Link unchanged
========== link already checked
======== We are on link 37 of 84
========== raw link https://www.linkedin.com/help/linkedin/answer/63?trk=microsites-frontend_legal_user-agreement&lang=en
============ Checking for Redirections: https://www.linkedin.com/help/linkedin/answer/63?trk=microsites-frontend_legal_user-agreement&lang=en
============ Followed Redirection to https://www.linkedin.com/help/linkedin/answer/a1379064/?trk=microsites-frontend_legal_user-agreement&lang=en
============ Link after cleaning: https://www.linkedin.com/help/linkedin/answer/a1379064/
========== scraping https://www.linkedin.com/help/linkedin/answer/a1379064/
======== We are on link 38 of 84
========== raw link #key-terms-2
========== dropped link (either fragment ("#"), js, mailto, comment, pdf, or empty)
======== We are on link 39 of 84
========== raw link https://www.linkedin.com/help/linkedin/answer/a6854067
============ Checking for Redirections: https://www.linkedin.com/help/linkedin/answer/a6854067
============ Link unchanged
========== scraping https://www.linkedin.com/help/linkedin/answer/a6854067
======== We are on link 40 of 84
========== raw link https://www.linkedin.com/legal/professional-community-policies
============ Checking for Redirections: https://www.linkedin.com/legal/professional-community-policies
============ Link unchanged
========== link already checked
======== We are on link 41 of 84
========== raw link https://www.linkedin.com/help/linkedin/answer/89880?trk=microsites-frontend_legal_user-agreement&lang=en
============ Checking for Redirections: https://www.linkedin.com/help/linkedin/answer/89880?trk=microsites-frontend_legal_user-agreement&lang=en
============ Followed Redirection to https://www.linkedin.com/help/linkedin/answer/a403270/?trk=microsites-frontend_legal_user-agreement&lang=en
============ Link after cleaning: https://www.linkedin.com/help/linkedin/answer/a403270/
========== scraping https://www.linkedin.com/help/linkedin/answer/a403270/
======== We are on link 42 of 84
========== raw link https://www.linkedin.com/legal/pop/terms-for-paid-services
============ Checking for Redirections: https://www.linkedin.com/legal/pop/terms-for-paid-services
============ Followed Redirection to https://www.linkedin.com/legal/terms-for-paid-services
============ Link after cleaning: https://www.linkedin.com/legal/terms-for-paid-services
========== scraping https://www.linkedin.com/legal/terms-for-paid-services
======== We are on link 43 of 84
========== raw link https://www.linkedin.com/help/linkedin/answer/a1340105
============ Checking for Redirections: https://www.linkedin.com/help/linkedin/answer/a1340105
============ Link unchanged
========== scraping https://www.linkedin.com/help/linkedin/answer/a1340105
======== We are on link 44 of 84
========== raw link https://www.linkedin.com/help/linkedin/answer/50?trk=microsites-frontend_legal_user-agreement&lang=en
============ Checking for Redirections: https://www.linkedin.com/help/linkedin/answer/50?trk=microsites-frontend_legal_user-agreement&lang=en
============ Followed Redirection to https://www.linkedin.com/help/linkedin/answer/a545578/?trk=microsites-frontend_legal_user-agreement&lang=en
============ Link after cleaning: https://www.linkedin.com/help/linkedin/answer/a545578/
========== scraping https://www.linkedin.com/help/linkedin/answer/a545578/
======== We are on link 45 of 84
========== raw link https://www.linkedin.com/help/linkedin/answer/5704?trk=microsites-frontend_legal_user-agreement&lang=en
============ Checking for Redirections: https://www.linkedin.com/help/linkedin/answer/5704?trk=microsites-frontend_legal_user-agreement&lang=en
============ Followed Redirection to https://www.linkedin.com/help/linkedin/answer/a1337140/?trk=microsites-frontend_legal_user-agreement&lang=en
============ Link after cleaning: https://www.linkedin.com/help/linkedin/answer/a1337140/
========== scraping https://www.linkedin.com/help/linkedin/answer/a1337140/
======== We are on link 46 of 84
========== raw link https://www.linkedin.com/payments/purchasehistory
============ Checking for Redirections: https://www.linkedin.com/payments/purchasehistory
============ Followed Redirection to https://www.linkedin.com/uas/login?session_redirect=https%3A%2F%2Fwww.linkedin.com%2Fpayments%2Fpurchasehistory
============ Link after cleaning: https://www.linkedin.com/uas/login
============ Excluded based on allow/block list.
======== We are on link 47 of 84
========== raw link https://www.linkedin.com/mypreferences/d/categories/sign-in-and-security
============ Checking for Redirections: https://www.linkedin.com/mypreferences/d/categories/sign-in-and-security
============ Followed Redirection to https://www.linkedin.com/uas/login?session_redirect=https%3A%2F%2Fwww.linkedin.com%2Fmypreferences%2Fd%2Fcategories%2Fsign-in-and-security
============ Link after cleaning: https://www.linkedin.com/uas/login
============ Excluded based on allow/block list.
======== We are on link 48 of 84
========== raw link https://www.linkedin.com/help/linkedin/answer/67?trk=microsites-frontend_legal_user-agreement&lang=en
============ Checking for Redirections: https://www.linkedin.com/help/linkedin/answer/67?trk=microsites-frontend_legal_user-agreement&lang=en
============ Followed Redirection to https://www.linkedin.com/help/linkedin/answer/a517979/?trk=microsites-frontend_legal_user-agreement&lang=en
============ Link after cleaning: https://www.linkedin.com/help/linkedin/answer/a517979/
========== scraping https://www.linkedin.com/help/linkedin/answer/a517979/
======== We are on link 49 of 84
========== raw link https://www.linkedin.com/legal/user-agreement#key-terms-3
============ Checking for Redirections: https://www.linkedin.com/legal/user-agreement#key-terms-3
============ Link after cleaning: https://www.linkedin.com/legal/user-agreement
========== link already checked
======== We are on link 50 of 84
========== raw link https://www.linkedin.com/legal/user-agreement#key-terms-3
============ Checking for Redirections: https://www.linkedin.com/legal/user-agreement#key-terms-3
============ Link after cleaning: https://www.linkedin.com/legal/user-agreement
========== link already checked
======== We are on link 51 of 84
========== raw link https://www.linkedin.com/legal/user-agreement#key-terms-3
============ Checking for Redirections: https://www.linkedin.com/legal/user-agreement#key-terms-3
============ Link after cleaning: https://www.linkedin.com/legal/user-agreement
========== link already checked
======== We are on link 52 of 84
========== raw link https://www.linkedin.com/help/linkedin/answer/86529?trk=microsites-frontend_legal_user-agreement&lang=en
============ Checking for Redirections: https://www.linkedin.com/help/linkedin/answer/86529?trk=microsites-frontend_legal_user-agreement&lang=en
============ Followed Redirection to https://www.linkedin.com/help/linkedin/answer/a529065/?trk=microsites-frontend_legal_user-agreement&lang=en
============ Link after cleaning: https://www.linkedin.com/help/linkedin/answer/a529065/
========== scraping https://www.linkedin.com/help/linkedin/answer/a529065/
======== We are on link 53 of 84
========== raw link https://creativecommons.org/choose/
========== dropped link https://creativecommons.org/choose/. Didn't pass first allows/blocks test.
======== We are on link 54 of 84
========== raw link https://www.linkedin.com/legal/privacy-policy
============ Checking for Redirections: https://www.linkedin.com/legal/privacy-policy
============ Link unchanged
========== link already checked
======== We are on link 55 of 84
========== raw link https://www.linkedin.com/psettings/news-mention-broadcast
============ Checking for Redirections: https://www.linkedin.com/psettings/news-mention-broadcast
============ Followed Redirection to https://www.linkedin.com/uas/login?session_redirect=https%3A%2F%2Fwww.linkedin.com%2Fmypreferences%2Fm%2Fsettings%2Fnotify-network-about-my-mentions
============ Link after cleaning: https://www.linkedin.com/uas/login
============ Excluded based on allow/block list.
======== We are on link 56 of 84
========== raw link https://www.linkedin.com/help/linkedin/answer/50021?trk=microsites-frontend_legal_user-agreement&lang=en
============ Checking for Redirections: https://www.linkedin.com/help/linkedin/answer/50021?trk=microsites-frontend_legal_user-agreement&lang=en
============ Followed Redirection to https://www.linkedin.com/help/linkedin/answer/a1335382/?trk=microsites-frontend_legal_user-agreement&lang=en
============ Link after cleaning: https://www.linkedin.com/help/linkedin/answer/a1335382/
========== scraping https://www.linkedin.com/help/linkedin/answer/a1335382/
======== We are on link 57 of 84
========== raw link https://www.linkedin.com/services
============ Checking for Redirections: https://www.linkedin.com/services
============ Link unchanged
========== scraping https://www.linkedin.com/services
======== We are on link 58 of 84
========== raw link https://www.linkedin.com/services
============ Checking for Redirections: https://www.linkedin.com/services
============ Link unchanged
========== link already checked
======== We are on link 59 of 84
========== raw link https://www.linkedin.com/help/linkedin/answer/89880?trk=microsites-frontend_legal_user-agreement&lang=en
============ Checking for Redirections: https://www.linkedin.com/help/linkedin/answer/89880?trk=microsites-frontend_legal_user-agreement&lang=en
============ Followed Redirection to https://www.linkedin.com/help/linkedin/answer/a403270/?trk=microsites-frontend_legal_user-agreement&lang=en
============ Link after cleaning: https://www.linkedin.com/help/linkedin/answer/a403270/
========== link already checked
======== We are on link 60 of 84
========== raw link https://www.linkedin.com/help/linkedin/answer/89880?trk=microsites-frontend_legal_user-agreement&lang=en
============ Checking for Redirections: https://www.linkedin.com/help/linkedin/answer/89880?trk=microsites-frontend_legal_user-agreement&lang=en
============ Followed Redirection to https://www.linkedin.com/help/linkedin/answer/a403270/?trk=microsites-frontend_legal_user-agreement&lang=en
============ Link after cleaning: https://www.linkedin.com/help/linkedin/answer/a403270/
========== link already checked
======== We are on link 61 of 84
========== raw link https://www.linkedin.com/legal/professional-community-policies
============ Checking for Redirections: https://www.linkedin.com/legal/professional-community-policies
============ Link unchanged
========== link already checked
======== We are on link 62 of 84
========== raw link https://www.linkedin.com/help/linkedin/answer/a1342754
============ Checking for Redirections: https://www.linkedin.com/help/linkedin/answer/a1342754
============ Link unchanged
========== scraping https://www.linkedin.com/help/linkedin/answer/a1342754
======== We are on link 63 of 84
========== raw link https://www.linkedin.com/help/linkedin/answer/a1339724
============ Checking for Redirections: https://www.linkedin.com/help/linkedin/answer/a1339724
============ Link unchanged
========== scraping https://www.linkedin.com/help/linkedin/answer/a1339724
======== We are on link 64 of 84
========== raw link https://www.linkedin.com/legal/professional-community-policies
============ Checking for Redirections: https://www.linkedin.com/legal/professional-community-policies
============ Link unchanged
========== link already checked
======== We are on link 65 of 84
========== raw link https://www.linkedin.com/help/linkedin/answer/63?trk=microsites-frontend_legal_user-agreement&lang=en
============ Checking for Redirections: https://www.linkedin.com/help/linkedin/answer/63?trk=microsites-frontend_legal_user-agreement&lang=en
============ Followed Redirection to https://www.linkedin.com/help/linkedin/answer/a1379064/?trk=microsites-frontend_legal_user-agreement&lang=en
============ Link after cleaning: https://www.linkedin.com/help/linkedin/answer/a1379064/
========== link already checked
======== We are on link 66 of 84
========== raw link https://nam06.safelinks.protection.outlook.com/?url=https%3A%2F%2Fwww.linkedin.com%2Fhelp%2Flinkedin%2Fask%2Fts-adfrf&data=05%7C02%7Cmmills%40linkedin.com%7C48b37c3685a046ad7d8d08dc39876d09%7C72f988bf86f141af91ab2d7cd011db47%7C0%7C0%7C638448501200430881%7CUnknown%7CTWFpbGZsb3d8eyJWIjoiMC4wLjAwMDAiLCJQIjoiV2luMzIiLCJBTiI6Ik1haWwiLCJXVCI6Mn0%3D%7C0%7C%7C%7C&sdata=iSWx0d4TDMTU8%2BzjvQZmuHN1TtGnu0InmBUc3eOgxhs%3D&reserved=0
============ Checking for Redirections: https://nam06.safelinks.protection.outlook.com/?url=https%3A%2F%2Fwww.linkedin.com%2Fhelp%2Flinkedin%2Fask%2Fts-adfrf&data=05%7C02%7Cmmills%40linkedin.com%7C48b37c3685a046ad7d8d08dc39876d09%7C72f988bf86f141af91ab2d7cd011db47%7C0%7C0%7C638448501200430881%7CUnknown%7CTWFpbGZsb3d8eyJWIjoiMC4wLjAwMDAiLCJQIjoiV2luMzIiLCJBTiI6Ik1haWwiLCJXVCI6Mn0%3D%7C0%7C%7C%7C&sdata=iSWx0d4TDMTU8%2BzjvQZmuHN1TtGnu0InmBUc3eOgxhs%3D&reserved=0
============ Followed Redirection to https://www.linkedin.com/help/linkedin/ask/ts-adfrf
============ Link after cleaning: https://www.linkedin.com/help/linkedin/ask/ts-adfrf
========== scraping https://www.linkedin.com/help/linkedin/ask/ts-adfrf
======== We are on link 67 of 84
========== raw link https://www.linkedin.com/legal/professional-community-policies
============ Checking for Redirections: https://www.linkedin.com/legal/professional-community-policies
============ Link unchanged
========== link already checked
======== We are on link 68 of 84
========== raw link https://brand.linkedin.com/policies
============ Checking for Redirections: https://brand.linkedin.com/policies
============ Followed Redirection to https://brand.linkedin.com/en-us
============ Link after cleaning: https://brand.linkedin.com/en-us
========== scraping https://brand.linkedin.com/en-us
======== We are on link 69 of 84
========== raw link https://www.linkedin.com/legal/professional-community-policies
============ Checking for Redirections: https://www.linkedin.com/legal/professional-community-policies
============ Link unchanged
========== link already checked
======== We are on link 70 of 84
========== raw link https://www.linkedin.com/help/linkedin/answer/a6857122
============ Checking for Redirections: https://www.linkedin.com/help/linkedin/answer/a6857122
============ Link unchanged
========== scraping https://www.linkedin.com/help/linkedin/answer/a6857122
======== We are on link 71 of 84
========== raw link https://www.linkedin.com/legal/professional-community-policies
============ Checking for Redirections: https://www.linkedin.com/legal/professional-community-policies
============ Link unchanged
========== link already checked
======== We are on link 72 of 84
========== raw link https://www.linkedin.com/legal/copyright-policy
============ Checking for Redirections: https://www.linkedin.com/legal/copyright-policy
============ Link unchanged
========== link already checked
======== We are on link 73 of 84
========== raw link https://www.linkedin.com/help/linkedin/answer/a1337296
============ Checking for Redirections: https://www.linkedin.com/help/linkedin/answer/a1337296
============ Link unchanged
========== scraping https://www.linkedin.com/help/linkedin/answer/a1337296
======== We are on link 74 of 84
========== raw link https://www.linkedin.com/help/linkedin?trk=microsites-frontend_legal_user-agreement&lang=en
============ Checking for Redirections: https://www.linkedin.com/help/linkedin?trk=microsites-frontend_legal_user-agreement&lang=en
============ Link after cleaning: https://www.linkedin.com/help/linkedin
========== link already checked
======== We are on link 75 of 84
========== raw link https://www.linkedin.com/help/linkedin/answer/79728?trk=microsites-frontend_legal_user-agreement&lang=en
============ Checking for Redirections: https://www.linkedin.com/help/linkedin/answer/79728?trk=microsites-frontend_legal_user-agreement&lang=en
============ Followed Redirection to https://www.linkedin.com/help/linkedin/answer/a1338533/?trk=microsites-frontend_legal_user-agreement&lang=en
============ Link after cleaning: https://www.linkedin.com/help/linkedin/answer/a1338533/
========== scraping https://www.linkedin.com/help/linkedin/answer/a1338533/
======== We are on link 76 of 84
========== raw link https://about.linkedin.com?trk=content_footer-about
============ Checking for Redirections: https://about.linkedin.com?trk=content_footer-about
============ Followed Redirection to https://about.linkedin.com/?trk=content_footer-about
============ Link after cleaning: https://about.linkedin.com/
========== link already checked
======== We are on link 77 of 84
========== raw link https://www.linkedin.com/accessibility?trk=content_footer-accessibility
============ Checking for Redirections: https://www.linkedin.com/accessibility?trk=content_footer-accessibility
============ Link after cleaning: https://www.linkedin.com/accessibility
========== scraping https://www.linkedin.com/accessibility
======== We are on link 78 of 84
========== raw link https://www.linkedin.com/legal/user-agreement?trk=content_footer-user-agreement
============ Checking for Redirections: https://www.linkedin.com/legal/user-agreement?trk=content_footer-user-agreement
============ Link after cleaning: https://www.linkedin.com/legal/user-agreement
========== link already checked
======== We are on link 79 of 84
========== raw link https://www.linkedin.com/legal/privacy-policy?trk=content_footer-privacy-policy
============ Checking for Redirections: https://www.linkedin.com/legal/privacy-policy?trk=content_footer-privacy-policy
============ Link after cleaning: https://www.linkedin.com/legal/privacy-policy
========== link already checked
======== We are on link 80 of 84
========== raw link https://www.linkedin.com/legal/cookie-policy?trk=content_footer-cookie-policy
============ Checking for Redirections: https://www.linkedin.com/legal/cookie-policy?trk=content_footer-cookie-policy
============ Link after cleaning: https://www.linkedin.com/legal/cookie-policy
========== link already checked
======== We are on link 81 of 84
========== raw link https://www.linkedin.com/legal/copyright-policy?trk=content_footer-copyright-policy
============ Checking for Redirections: https://www.linkedin.com/legal/copyright-policy?trk=content_footer-copyright-policy
============ Link after cleaning: https://www.linkedin.com/legal/copyright-policy
========== link already checked
======== We are on link 82 of 84
========== raw link https://brand.linkedin.com/policies?trk=content_footer-brand-policy
============ Checking for Redirections: https://brand.linkedin.com/policies?trk=content_footer-brand-policy
============ Followed Redirection to https://brand.linkedin.com/en-us?trk=content_footer-brand-policy
============ Link after cleaning: https://brand.linkedin.com/en-us
========== link already checked
======== We are on link 83 of 84
========== raw link https://www.linkedin.com/psettings/guest-controls?trk=content_footer-guest-controls
============ Checking for Redirections: https://www.linkedin.com/psettings/guest-controls?trk=content_footer-guest-controls
============ Link after cleaning: https://www.linkedin.com/psettings/guest-controls
========== scraping https://www.linkedin.com/psettings/guest-controls
======== We are on link 84 of 84
========== raw link https://www.linkedin.com/help/linkedin/answer/34593?trk=content_footer-community-guide
============ Checking for Redirections: https://www.linkedin.com/help/linkedin/answer/34593?trk=content_footer-community-guide
============ Followed Redirection to https://www.linkedin.com/help/linkedin/answer/a403269/?trk=content_footer-community-guide
============ Link after cleaning: https://www.linkedin.com/help/linkedin/answer/a403269/
========== scraping https://www.linkedin.com/help/linkedin/answer/a403269/
====== We are on page 2 of 16: https://www.linkedin.com/blog/member
====== Number of Links on this Page: 52
======== We are on link 1 of 52
========== raw link #lithograph-app
========== dropped link (either fragment ("#"), js, mailto, comment, pdf, or empty)
======== We are on link 2 of 52
========== raw link https://www.linkedin.com/blog/member
============ Checking for Redirections: https://www.linkedin.com/blog/member
============ Link unchanged
========== link already checked
======== We are on link 3 of 52
========== raw link https://www.linkedin.com/blog/member/product
============ Checking for Redirections: https://www.linkedin.com/blog/member/product
============ Link unchanged
========== scraping https://www.linkedin.com/blog/member/product
======== We are on link 4 of 52
========== raw link https://www.linkedin.com/blog/member/member-stories
============ Checking for Redirections: https://www.linkedin.com/blog/member/member-stories
============ Link unchanged
========== scraping https://www.linkedin.com/blog/member/member-stories
======== We are on link 5 of 52
========== raw link https://www.linkedin.com/blog/member/creators
============ Checking for Redirections: https://www.linkedin.com/blog/member/creators
============ Link unchanged
========== scraping https://www.linkedin.com/blog/member/creators
======== We are on link 6 of 52
========== raw link https://www.linkedin.com/blog/member/trust-and-safety
============ Checking for Redirections: https://www.linkedin.com/blog/member/trust-and-safety
============ Link unchanged
========== scraping https://www.linkedin.com/blog/member/trust-and-safety
======== We are on link 7 of 52
========== raw link https://www.linkedin.com/blog/member/product
============ Checking for Redirections: https://www.linkedin.com/blog/member/product
============ Link unchanged
========== link already checked
======== We are on link 8 of 52
========== raw link https://www.linkedin.com/blog/member/member-stories
============ Checking for Redirections: https://www.linkedin.com/blog/member/member-stories
============ Link unchanged
========== link already checked
======== We are on link 9 of 52
========== raw link https://www.linkedin.com/blog/member/creators
============ Checking for Redirections: https://www.linkedin.com/blog/member/creators
============ Link unchanged
========== link already checked
======== We are on link 10 of 52
========== raw link https://www.linkedin.com/blog/member/trust-and-safety
============ Checking for Redirections: https://www.linkedin.com/blog/member/trust-and-safety
============ Link unchanged
========== link already checked
======== We are on link 11 of 52
========== raw link https://www.linkedin.com/blog/member/data/work-change-report-2025
============ Checking for Redirections: https://www.linkedin.com/blog/member/data/work-change-report-2025
============ Link unchanged
========== scraping https://www.linkedin.com/blog/member/data/work-change-report-2025
======== We are on link 12 of 52
========== raw link https://www.linkedin.com/blog/member/data/work-change-report-2025
============ Checking for Redirections: https://www.linkedin.com/blog/member/data/work-change-report-2025
============ Link unchanged
========== link already checked
======== We are on link 13 of 52
========== raw link https://www.linkedin.com/blog/member/trust-and-safety
============ Checking for Redirections: https://www.linkedin.com/blog/member/trust-and-safety
============ Link unchanged
========== link already checked
======== We are on link 14 of 52
========== raw link https://www.linkedin.com/blog/member/trust-and-safety/updates-to-our-terms-of-service-2024
============ Checking for Redirections: https://www.linkedin.com/blog/member/trust-and-safety/updates-to-our-terms-of-service-2024
============ Link unchanged
========== scraping https://www.linkedin.com/blog/member/trust-and-safety/updates-to-our-terms-of-service-2024
======== We are on link 15 of 52
========== raw link https://www.linkedin.com/blog/member/trust-and-safety
============ Checking for Redirections: https://www.linkedin.com/blog/member/trust-and-safety
============ Link unchanged
========== link already checked
======== We are on link 16 of 52
========== raw link https://www.linkedin.com/blog/member/trust-and-safety/responsible-ai-principles
============ Checking for Redirections: https://www.linkedin.com/blog/member/trust-and-safety/responsible-ai-principles
============ Link unchanged
========== link already checked
======== We are on link 17 of 52
========== raw link https://www.linkedin.com/blog/member/trust-and-safety
============ Checking for Redirections: https://www.linkedin.com/blog/member/trust-and-safety
============ Link unchanged
========== link already checked
======== We are on link 18 of 52
========== raw link https://www.linkedin.com/blog/member/trust-and-safety/update-hi-q-legal-proceeding
============ Checking for Redirections: https://www.linkedin.com/blog/member/trust-and-safety/update-hi-q-legal-proceeding
============ Link unchanged
========== scraping https://www.linkedin.com/blog/member/trust-and-safety/update-hi-q-legal-proceeding
======== We are on link 19 of 52
========== raw link https://www.linkedin.com/blog/member/culture/mythbusting-the-feed-how-we-work-to-address-bias
============ Checking for Redirections: https://www.linkedin.com/blog/member/culture/mythbusting-the-feed-how-we-work-to-address-bias
============ Link unchanged
========== scraping https://www.linkedin.com/blog/member/culture/mythbusting-the-feed-how-we-work-to-address-bias
======== We are on link 20 of 52
========== raw link https://www.linkedin.com/blog/member/trust-and-safety
============ Checking for Redirections: https://www.linkedin.com/blog/member/trust-and-safety
============ Link unchanged
========== link already checked
======== We are on link 21 of 52
========== raw link https://www.linkedin.com/blog/member/trust-and-safety/new-linkedin-profile-features-help-verify-identity-detect-remove-fake-accounts-boost-authenticity
============ Checking for Redirections: https://www.linkedin.com/blog/member/trust-and-safety/new-linkedin-profile-features-help-verify-identity-detect-remove-fake-accounts-boost-authenticity
============ Link unchanged
========== scraping https://www.linkedin.com/blog/member/trust-and-safety/new-linkedin-profile-features-help-verify-identity-detect-remove-fake-accounts-boost-authenticity
======== We are on link 22 of 52
========== raw link https://www.linkedin.com/blog/member/product/mythbusting-the-feed-how-the-algorithm-works
============ Checking for Redirections: https://www.linkedin.com/blog/member/product/mythbusting-the-feed-how-the-algorithm-works
============ Link unchanged
========== scraping https://www.linkedin.com/blog/member/product/mythbusting-the-feed-how-the-algorithm-works
======== We are on link 23 of 52
========== raw link https://www.linkedin.com/blog/member/career
============ Checking for Redirections: https://www.linkedin.com/blog/member/career
============ Link unchanged
========== scraping https://www.linkedin.com/blog/member/career
======== We are on link 24 of 52
========== raw link https://www.linkedin.com/blog/member/career/reversementoring
============ Checking for Redirections: https://www.linkedin.com/blog/member/career/reversementoring
============ Link unchanged
========== scraping https://www.linkedin.com/blog/member/career/reversementoring
============ Dropping non-English link: https://www.linkedin.com/blog/member/career/reversementoring
======== We are on link 25 of 52
========== raw link https://www.linkedin.com/blog/member/product/understanding-when-and-why-to-follow-people-on-linkedin
============ Checking for Redirections: https://www.linkedin.com/blog/member/product/understanding-when-and-why-to-follow-people-on-linkedin
============ Link unchanged
========== scraping https://www.linkedin.com/blog/member/product/understanding-when-and-why-to-follow-people-on-linkedin
======== We are on link 26 of 52
========== raw link https://www.linkedin.com/blog/member/career
============ Checking for Redirections: https://www.linkedin.com/blog/member/career
============ Link unchanged
========== link already checked
======== We are on link 27 of 52
========== raw link https://www.linkedin.com/blog/member/career/three-tips-to-excel-at-salary-negotiations
============ Checking for Redirections: https://www.linkedin.com/blog/member/career/three-tips-to-excel-at-salary-negotiations
============ Link unchanged
========== scraping https://www.linkedin.com/blog/member/career/three-tips-to-excel-at-salary-negotiations
======== We are on link 28 of 52
========== raw link https://www.linkedin.com/blog/member/trust-and-safety
============ Checking for Redirections: https://www.linkedin.com/blog/member/trust-and-safety
============ Link unchanged
========== link already checked
======== We are on link 29 of 52
========== raw link https://www.linkedin.com/blog/member/trust-and-safety/working-together-to-keep-linkedin-safe
============ Checking for Redirections: https://www.linkedin.com/blog/member/trust-and-safety/working-together-to-keep-linkedin-safe
============ Link unchanged
========== scraping https://www.linkedin.com/blog/member/trust-and-safety/working-together-to-keep-linkedin-safe
======== We are on link 30 of 52
========== raw link https://www.linkedin.com/blog/member/career
============ Checking for Redirections: https://www.linkedin.com/blog/member/career
============ Link unchanged
========== link already checked
======== We are on link 31 of 52
========== raw link https://www.linkedin.com/blog/member/career/wherever-you-are-in-your-career-there-is-always-a-space-for-you
============ Checking for Redirections: https://www.linkedin.com/blog/member/career/wherever-you-are-in-your-career-there-is-always-a-space-for-you
============ Link unchanged
========== scraping https://www.linkedin.com/blog/member/career/wherever-you-are-in-your-career-there-is-always-a-space-for-you
======== We are on link 32 of 52
========== raw link ?page0=1#postlist0FocusPoint
============ Link starts with ?: joining https://www.linkedin.com/blog/member and ?page0=1#postlist0FocusPoint
============ Checking for Redirections: https://www.linkedin.com/blog/member?page0=1#postlist0FocusPoint
============ Link after cleaning: https://www.linkedin.com/blog/member
========== link already checked
======== We are on link 33 of 52
========== raw link ?page0=2#postlist0FocusPoint
============ Link starts with ?: joining https://www.linkedin.com/blog/member and ?page0=2#postlist0FocusPoint
============ Checking for Redirections: https://www.linkedin.com/blog/member?page0=2#postlist0FocusPoint
============ Link after cleaning: https://www.linkedin.com/blog/member
========== link already checked
======== We are on link 34 of 52
========== raw link ?page0=3#postlist0FocusPoint
============ Link starts with ?: joining https://www.linkedin.com/blog/member and ?page0=3#postlist0FocusPoint
============ Checking for Redirections: https://www.linkedin.com/blog/member?page0=3#postlist0FocusPoint
============ Link after cleaning: https://www.linkedin.com/blog/member
========== link already checked
======== We are on link 35 of 52
========== raw link ?page0=4#postlist0FocusPoint
============ Link starts with ?: joining https://www.linkedin.com/blog/member and ?page0=4#postlist0FocusPoint
============ Checking for Redirections: https://www.linkedin.com/blog/member?page0=4#postlist0FocusPoint
============ Link after cleaning: https://www.linkedin.com/blog/member
========== link already checked
======== We are on link 36 of 52
========== raw link ?page0=5#postlist0FocusPoint
============ Link starts with ?: joining https://www.linkedin.com/blog/member and ?page0=5#postlist0FocusPoint
============ Checking for Redirections: https://www.linkedin.com/blog/member?page0=5#postlist0FocusPoint
============ Link after cleaning: https://www.linkedin.com/blog/member
========== link already checked
======== We are on link 37 of 52
========== raw link ?page0=6#postlist0FocusPoint
============ Link starts with ?: joining https://www.linkedin.com/blog/member and ?page0=6#postlist0FocusPoint
============ Checking for Redirections: https://www.linkedin.com/blog/member?page0=6#postlist0FocusPoint
============ Link after cleaning: https://www.linkedin.com/blog/member
========== link already checked
======== We are on link 38 of 52
========== raw link ?page0=7#postlist0FocusPoint
============ Link starts with ?: joining https://www.linkedin.com/blog/member and ?page0=7#postlist0FocusPoint
============ Checking for Redirections: https://www.linkedin.com/blog/member?page0=7#postlist0FocusPoint
============ Link after cleaning: https://www.linkedin.com/blog/member
========== link already checked
======== We are on link 39 of 52
========== raw link ?page0=8#postlist0FocusPoint
============ Link starts with ?: joining https://www.linkedin.com/blog/member and ?page0=8#postlist0FocusPoint
============ Checking for Redirections: https://www.linkedin.com/blog/member?page0=8#postlist0FocusPoint
============ Link after cleaning: https://www.linkedin.com/blog/member
========== link already checked
======== We are on link 40 of 52
========== raw link ?page0=9#postlist0FocusPoint
============ Link starts with ?: joining https://www.linkedin.com/blog/member and ?page0=9#postlist0FocusPoint
============ Checking for Redirections: https://www.linkedin.com/blog/member?page0=9#postlist0FocusPoint
============ Link after cleaning: https://www.linkedin.com/blog/member
========== link already checked
======== We are on link 41 of 52
========== raw link ?page0=10#postlist0FocusPoint
============ Link starts with ?: joining https://www.linkedin.com/blog/member and ?page0=10#postlist0FocusPoint
============ Checking for Redirections: https://www.linkedin.com/blog/member?page0=10#postlist0FocusPoint
============ Link after cleaning: https://www.linkedin.com/blog/member
========== link already checked
======== We are on link 42 of 52
========== raw link ?page0=160#postlist0FocusPoint
============ Link starts with ?: joining https://www.linkedin.com/blog/member and ?page0=160#postlist0FocusPoint
============ Checking for Redirections: https://www.linkedin.com/blog/member?page0=160#postlist0FocusPoint
============ Link after cleaning: https://www.linkedin.com/blog/member
========== link already checked
======== We are on link 43 of 52
========== raw link ?page0=2#postList0FocusPoint
============ Link starts with ?: joining https://www.linkedin.com/blog/member and ?page0=2#postList0FocusPoint
============ Checking for Redirections: https://www.linkedin.com/blog/member?page0=2#postList0FocusPoint
============ Link after cleaning: https://www.linkedin.com/blog/member
========== link already checked
======== We are on link 44 of 52
========== raw link https://about.linkedin.com?trk=content_footer-about
============ Checking for Redirections: https://about.linkedin.com?trk=content_footer-about
============ Followed Redirection to https://about.linkedin.com/?trk=content_footer-about
============ Link after cleaning: https://about.linkedin.com/
========== link already checked
======== We are on link 45 of 52
========== raw link https://www.linkedin.com/accessibility?trk=content_footer-accessibility
============ Checking for Redirections: https://www.linkedin.com/accessibility?trk=content_footer-accessibility
============ Link after cleaning: https://www.linkedin.com/accessibility
========== link already checked
======== We are on link 46 of 52
========== raw link https://www.linkedin.com/legal/user-agreement?trk=content_footer-user-agreement
============ Checking for Redirections: https://www.linkedin.com/legal/user-agreement?trk=content_footer-user-agreement
============ Link after cleaning: https://www.linkedin.com/legal/user-agreement
========== link already checked
======== We are on link 47 of 52
========== raw link https://www.linkedin.com/legal/privacy-policy?trk=content_footer-privacy-policy
============ Checking for Redirections: https://www.linkedin.com/legal/privacy-policy?trk=content_footer-privacy-policy
============ Link after cleaning: https://www.linkedin.com/legal/privacy-policy
========== link already checked
======== We are on link 48 of 52
========== raw link https://www.linkedin.com/legal/cookie-policy?trk=content_footer-cookie-policy
============ Checking for Redirections: https://www.linkedin.com/legal/cookie-policy?trk=content_footer-cookie-policy
============ Link after cleaning: https://www.linkedin.com/legal/cookie-policy
========== link already checked
======== We are on link 49 of 52
========== raw link https://www.linkedin.com/legal/copyright-policy?trk=content_footer-copyright-policy
============ Checking for Redirections: https://www.linkedin.com/legal/copyright-policy?trk=content_footer-copyright-policy
============ Link after cleaning: https://www.linkedin.com/legal/copyright-policy
========== link already checked
======== We are on link 50 of 52
========== raw link https://brand.linkedin.com/policies?trk=content_footer-brand-policy
============ Checking for Redirections: https://brand.linkedin.com/policies?trk=content_footer-brand-policy
============ Followed Redirection to https://brand.linkedin.com/en-us?trk=content_footer-brand-policy
============ Link after cleaning: https://brand.linkedin.com/en-us
========== link already checked
======== We are on link 51 of 52
========== raw link https://www.linkedin.com/psettings/guest-controls?trk=content_footer-guest-controls
============ Checking for Redirections: https://www.linkedin.com/psettings/guest-controls?trk=content_footer-guest-controls
============ Link after cleaning: https://www.linkedin.com/psettings/guest-controls
========== link already checked
======== We are on link 52 of 52
========== raw link https://www.linkedin.com/help/linkedin/answer/34593?trk=content_footer-community-guide
============ Checking for Redirections: https://www.linkedin.com/help/linkedin/answer/34593?trk=content_footer-community-guide
============ Followed Redirection to https://www.linkedin.com/help/linkedin/answer/a403269/?trk=content_footer-community-guide
============ Link after cleaning: https://www.linkedin.com/help/linkedin/answer/a403269/
========== link already checked
====== We are on page 3 of 16: https://news.linkedin.com/news
====== Number of Links on this Page: 72
======== We are on link 1 of 72
========== raw link /
========== dropped link (either fragment ("#"), js, mailto, comment, pdf, or empty)
======== We are on link 2 of 72
========== raw link /about-us
============ Found Relative: joining https://news.linkedin.com/news and /about-us
============ Checking for Redirections: https://news.linkedin.com/about-us
============ Link after cleaning: https://news.linkedin.com/about-us
========== scraping https://news.linkedin.com/about-us
======== We are on link 3 of 72
========== raw link /linkedin-news
============ Found Relative: joining https://news.linkedin.com/news and /linkedin-news
============ Checking for Redirections: https://news.linkedin.com/linkedin-news
============ Link after cleaning: https://news.linkedin.com/linkedin-news
========== scraping https://news.linkedin.com/linkedin-news
======== We are on link 4 of 72
========== raw link /media-resources
============ Found Relative: joining https://news.linkedin.com/news and /media-resources
============ Checking for Redirections: https://news.linkedin.com/media-resources
============ Link after cleaning: https://news.linkedin.com/media-resources
========== scraping https://news.linkedin.com/media-resources
======== We are on link 5 of 72
========== raw link /media-resources/linkedin-for-journalists
============ Found Relative: joining https://news.linkedin.com/news and /media-resources/linkedin-for-journalists
============ Checking for Redirections: https://news.linkedin.com/media-resources/linkedin-for-journalists
============ Link after cleaning: https://news.linkedin.com/media-resources/linkedin-for-journalists
========== scraping https://news.linkedin.com/media-resources/linkedin-for-journalists
======== We are on link 6 of 72
========== raw link /contact-us
============ Found Relative: joining https://news.linkedin.com/news and /contact-us
============ Checking for Redirections: https://news.linkedin.com/contact-us
============ Link after cleaning: https://news.linkedin.com/contact-us
========== scraping https://news.linkedin.com/contact-us
======== We are on link 7 of 72
========== raw link /2025/Verified_on_LinkedIn
============ Found Relative: joining https://news.linkedin.com/news and /2025/Verified_on_LinkedIn
============ Checking for Redirections: https://news.linkedin.com/2025/Verified_on_LinkedIn
============ Link after cleaning: https://news.linkedin.com/2025/Verified_on_LinkedIn
========== scraping https://news.linkedin.com/2025/Verified_on_LinkedIn
======== We are on link 8 of 72
========== raw link /2025/Verified_on_LinkedIn
============ Found Relative: joining https://news.linkedin.com/news and /2025/Verified_on_LinkedIn
============ Checking for Redirections: https://news.linkedin.com/2025/Verified_on_LinkedIn
============ Link after cleaning: https://news.linkedin.com/2025/Verified_on_LinkedIn
========== link already checked
======== We are on link 9 of 72
========== raw link https://news.linkedin.com/authors/linkedin-corporate-communications-team
============ Checking for Redirections: https://news.linkedin.com/authors/linkedin-corporate-communications-team
============ Link unchanged
========== scraping https://news.linkedin.com/authors/linkedin-corporate-communications-team
======== We are on link 10 of 72
========== raw link /topic/business-solutions
============ Found Relative: joining https://news.linkedin.com/news and /topic/business-solutions
============ Checking for Redirections: https://news.linkedin.com/topic/business-solutions
============ Link after cleaning: https://news.linkedin.com/topic/business-solutions
========== scraping https://news.linkedin.com/topic/business-solutions
======== We are on link 11 of 72
========== raw link /topic/product-news
============ Found Relative: joining https://news.linkedin.com/news and /topic/product-news
============ Checking for Redirections: https://news.linkedin.com/topic/product-news
============ Link after cleaning: https://news.linkedin.com/topic/product-news
========== scraping https://news.linkedin.com/topic/product-news
======== We are on link 12 of 72
========== raw link /2025/future-of-work-fund-2025
============ Found Relative: joining https://news.linkedin.com/news and /2025/future-of-work-fund-2025
============ Checking for Redirections: https://news.linkedin.com/2025/future-of-work-fund-2025
============ Link after cleaning: https://news.linkedin.com/2025/future-of-work-fund-2025
========== scraping https://news.linkedin.com/2025/future-of-work-fund-2025
======== We are on link 13 of 72
========== raw link /2025/future-of-work-fund-2025
============ Found Relative: joining https://news.linkedin.com/news and /2025/future-of-work-fund-2025
============ Checking for Redirections: https://news.linkedin.com/2025/future-of-work-fund-2025
============ Link after cleaning: https://news.linkedin.com/2025/future-of-work-fund-2025
========== link already checked
======== We are on link 14 of 72
========== raw link /topic/company-news
============ Found Relative: joining https://news.linkedin.com/news and /topic/company-news
============ Checking for Redirections: https://news.linkedin.com/topic/company-news
============ Link after cleaning: https://news.linkedin.com/topic/company-news
========== scraping https://news.linkedin.com/topic/company-news
======== We are on link 15 of 72
========== raw link /2025/linkedin_update_engineering_march2025
============ Found Relative: joining https://news.linkedin.com/news and /2025/linkedin_update_engineering_march2025
============ Checking for Redirections: https://news.linkedin.com/2025/linkedin_update_engineering_march2025
============ Link after cleaning: https://news.linkedin.com/2025/linkedin_update_engineering_march2025
========== scraping https://news.linkedin.com/2025/linkedin_update_engineering_march2025
======== We are on link 16 of 72
========== raw link /2025/linkedin_update_engineering_march2025
============ Found Relative: joining https://news.linkedin.com/news and /2025/linkedin_update_engineering_march2025
============ Checking for Redirections: https://news.linkedin.com/2025/linkedin_update_engineering_march2025
============ Link after cleaning: https://news.linkedin.com/2025/linkedin_update_engineering_march2025
========== link already checked
======== We are on link 17 of 72
========== raw link https://news.linkedin.com/authors/linkedin-corporate-communications-team
============ Checking for Redirections: https://news.linkedin.com/authors/linkedin-corporate-communications-team
============ Link unchanged
========== link already checked
======== We are on link 18 of 72
========== raw link /2025/linkedin-announces-zip-
============ Found Relative: joining https://news.linkedin.com/news and /2025/linkedin-announces-zip-
============ Checking for Redirections: https://news.linkedin.com/2025/linkedin-announces-zip-
============ Link after cleaning: https://news.linkedin.com/2025/linkedin-announces-zip-
========== scraping https://news.linkedin.com/2025/linkedin-announces-zip-
======== We are on link 19 of 72
========== raw link /2025/linkedin-announces-zip-
============ Found Relative: joining https://news.linkedin.com/news and /2025/linkedin-announces-zip-
============ Checking for Redirections: https://news.linkedin.com/2025/linkedin-announces-zip-
============ Link after cleaning: https://news.linkedin.com/2025/linkedin-announces-zip-
========== link already checked
======== We are on link 20 of 72
========== raw link https://news.linkedin.com/authors/linkedin-corporate-communications-team
============ Checking for Redirections: https://news.linkedin.com/authors/linkedin-corporate-communications-team
============ Link unchanged
========== link already checked
======== We are on link 21 of 72
========== raw link /topic/latin-america
============ Found Relative: joining https://news.linkedin.com/news and /topic/latin-america
============ Checking for Redirections: https://news.linkedin.com/topic/latin-america
============ Link after cleaning: https://news.linkedin.com/topic/latin-america
========== scraping https://news.linkedin.com/topic/latin-america
======== We are on link 22 of 72
========== raw link /topic/europe
============ Found Relative: joining https://news.linkedin.com/news and /topic/europe
============ Checking for Redirections: https://news.linkedin.com/topic/europe
============ Link after cleaning: https://news.linkedin.com/topic/europe
========== scraping https://news.linkedin.com/topic/europe
======== We are on link 23 of 72
========== raw link /topic/middle-east
============ Found Relative: joining https://news.linkedin.com/news and /topic/middle-east
============ Checking for Redirections: https://news.linkedin.com/topic/middle-east
============ Link after cleaning: https://news.linkedin.com/topic/middle-east
========== scraping https://news.linkedin.com/topic/middle-east
======== We are on link 24 of 72
========== raw link /topic/australia
============ Found Relative: joining https://news.linkedin.com/news and /topic/australia
============ Checking for Redirections: https://news.linkedin.com/topic/australia
============ Link after cleaning: https://news.linkedin.com/topic/australia
========== scraping https://news.linkedin.com/topic/australia
======== We are on link 25 of 72
========== raw link /topic/africa
============ Found Relative: joining https://news.linkedin.com/news and /topic/africa
============ Checking for Redirections: https://news.linkedin.com/topic/africa
============ Link after cleaning: https://news.linkedin.com/topic/africa
========== scraping https://news.linkedin.com/topic/africa
======== We are on link 26 of 72
========== raw link /topic/product-news
============ Found Relative: joining https://news.linkedin.com/news and /topic/product-news
============ Checking for Redirections: https://news.linkedin.com/topic/product-news
============ Link after cleaning: https://news.linkedin.com/topic/product-news
========== link already checked
======== We are on link 27 of 72
========== raw link /topic/company-news
============ Found Relative: joining https://news.linkedin.com/news and /topic/company-news
============ Checking for Redirections: https://news.linkedin.com/topic/company-news
============ Link after cleaning: https://news.linkedin.com/topic/company-news
========== link already checked
======== We are on link 28 of 72
========== raw link /topic/data-and-insights
============ Found Relative: joining https://news.linkedin.com/news and /topic/data-and-insights
============ Checking for Redirections: https://news.linkedin.com/topic/data-and-insights
============ Link after cleaning: https://news.linkedin.com/topic/data-and-insights
========== scraping https://news.linkedin.com/topic/data-and-insights
======== We are on link 29 of 72
========== raw link /2025/the-roi-of-ai--new-research-on-how-ai-is-transforming-b2b-sales
============ Found Relative: joining https://news.linkedin.com/news and /2025/the-roi-of-ai--new-research-on-how-ai-is-transforming-b2b-sales
============ Checking for Redirections: https://news.linkedin.com/2025/the-roi-of-ai--new-research-on-how-ai-is-transforming-b2b-sales
============ Link after cleaning: https://news.linkedin.com/2025/the-roi-of-ai--new-research-on-how-ai-is-transforming-b2b-sales
========== scraping https://news.linkedin.com/2025/the-roi-of-ai--new-research-on-how-ai-is-transforming-b2b-sales
======== We are on link 30 of 72
========== raw link /2025/the-roi-of-ai--new-research-on-how-ai-is-transforming-b2b-sales
============ Found Relative: joining https://news.linkedin.com/news and /2025/the-roi-of-ai--new-research-on-how-ai-is-transforming-b2b-sales
============ Checking for Redirections: https://news.linkedin.com/2025/the-roi-of-ai--new-research-on-how-ai-is-transforming-b2b-sales
============ Link after cleaning: https://news.linkedin.com/2025/the-roi-of-ai--new-research-on-how-ai-is-transforming-b2b-sales
========== link already checked
======== We are on link 31 of 72
========== raw link https://news.linkedin.com/authors/linkedin-corporate-communications-team
============ Checking for Redirections: https://news.linkedin.com/authors/linkedin-corporate-communications-team
============ Link unchanged
========== link already checked
======== We are on link 32 of 72
========== raw link /topic/research
============ Found Relative: joining https://news.linkedin.com/news and /topic/research
============ Checking for Redirections: https://news.linkedin.com/topic/research
============ Link after cleaning: https://news.linkedin.com/topic/research
========== scraping https://news.linkedin.com/topic/research
======== We are on link 33 of 72
========== raw link /topic/data-and-insights
============ Found Relative: joining https://news.linkedin.com/news and /topic/data-and-insights
============ Checking for Redirections: https://news.linkedin.com/topic/data-and-insights
============ Link after cleaning: https://news.linkedin.com/topic/data-and-insights
========== link already checked
======== We are on link 34 of 72
========== raw link /2025/london-experience-center
============ Found Relative: joining https://news.linkedin.com/news and /2025/london-experience-center
============ Checking for Redirections: https://news.linkedin.com/2025/london-experience-center
============ Link after cleaning: https://news.linkedin.com/2025/london-experience-center
========== scraping https://news.linkedin.com/2025/london-experience-center
======== We are on link 35 of 72
========== raw link /2025/london-experience-center
============ Found Relative: joining https://news.linkedin.com/news and /2025/london-experience-center
============ Checking for Redirections: https://news.linkedin.com/2025/london-experience-center
============ Link after cleaning: https://news.linkedin.com/2025/london-experience-center
========== link already checked
======== We are on link 36 of 72
========== raw link https://news.linkedin.com/authors/linkedin-corporate-communications-team
============ Checking for Redirections: https://news.linkedin.com/authors/linkedin-corporate-communications-team
============ Link unchanged
========== link already checked
======== We are on link 37 of 72
========== raw link /topic/company-news
============ Found Relative: joining https://news.linkedin.com/news and /topic/company-news
============ Checking for Redirections: https://news.linkedin.com/topic/company-news
============ Link after cleaning: https://news.linkedin.com/topic/company-news
========== link already checked
======== We are on link 38 of 72
========== raw link /topic/europe
============ Found Relative: joining https://news.linkedin.com/news and /topic/europe
============ Checking for Redirections: https://news.linkedin.com/topic/europe
============ Link after cleaning: https://news.linkedin.com/topic/europe
========== link already checked
======== We are on link 39 of 72
========== raw link /topic/emea
============ Found Relative: joining https://news.linkedin.com/news and /topic/emea
============ Checking for Redirections: https://news.linkedin.com/topic/emea
============ Link after cleaning: https://news.linkedin.com/topic/emea
========== scraping https://news.linkedin.com/topic/emea
======== We are on link 40 of 72
========== raw link /topic/social-impact
============ Found Relative: joining https://news.linkedin.com/news and /topic/social-impact
============ Checking for Redirections: https://news.linkedin.com/topic/social-impact
============ Link after cleaning: https://news.linkedin.com/topic/social-impact
========== scraping https://news.linkedin.com/topic/social-impact
======== We are on link 41 of 72
========== raw link /2025/helping-b2b-marketers-prove-campaign-performance-with-new-featur
============ Found Relative: joining https://news.linkedin.com/news and /2025/helping-b2b-marketers-prove-campaign-performance-with-new-featur
============ Checking for Redirections: https://news.linkedin.com/2025/helping-b2b-marketers-prove-campaign-performance-with-new-featur
============ Link after cleaning: https://news.linkedin.com/2025/helping-b2b-marketers-prove-campaign-performance-with-new-featur
========== scraping https://news.linkedin.com/2025/helping-b2b-marketers-prove-campaign-performance-with-new-featur
======== We are on link 42 of 72
========== raw link /2025/helping-b2b-marketers-prove-campaign-performance-with-new-featur
============ Found Relative: joining https://news.linkedin.com/news and /2025/helping-b2b-marketers-prove-campaign-performance-with-new-featur
============ Checking for Redirections: https://news.linkedin.com/2025/helping-b2b-marketers-prove-campaign-performance-with-new-featur
============ Link after cleaning: https://news.linkedin.com/2025/helping-b2b-marketers-prove-campaign-performance-with-new-featur
========== link already checked
======== We are on link 43 of 72
========== raw link https://news.linkedin.com/authors/linkedin-corporate-communications-team
============ Checking for Redirections: https://news.linkedin.com/authors/linkedin-corporate-communications-team
============ Link unchanged
========== link already checked
======== We are on link 44 of 72
========== raw link /topic/research
============ Found Relative: joining https://news.linkedin.com/news and /topic/research
============ Checking for Redirections: https://news.linkedin.com/topic/research
============ Link after cleaning: https://news.linkedin.com/topic/research
========== link already checked
======== We are on link 45 of 72
========== raw link /topic/product-news
============ Found Relative: joining https://news.linkedin.com/news and /topic/product-news
============ Checking for Redirections: https://news.linkedin.com/topic/product-news
============ Link after cleaning: https://news.linkedin.com/topic/product-news
========== link already checked
======== We are on link 46 of 72
========== raw link /2025/Lawsuit-against-LinkedIn-gets-dismissed
============ Found Relative: joining https://news.linkedin.com/news and /2025/Lawsuit-against-LinkedIn-gets-dismissed
============ Checking for Redirections: https://news.linkedin.com/2025/Lawsuit-against-LinkedIn-gets-dismissed
============ Link after cleaning: https://news.linkedin.com/2025/Lawsuit-against-LinkedIn-gets-dismissed
========== scraping https://news.linkedin.com/2025/Lawsuit-against-LinkedIn-gets-dismissed
======== We are on link 47 of 72
========== raw link /2025/Lawsuit-against-LinkedIn-gets-dismissed
============ Found Relative: joining https://news.linkedin.com/news and /2025/Lawsuit-against-LinkedIn-gets-dismissed
============ Checking for Redirections: https://news.linkedin.com/2025/Lawsuit-against-LinkedIn-gets-dismissed
============ Link after cleaning: https://news.linkedin.com/2025/Lawsuit-against-LinkedIn-gets-dismissed
========== link already checked
======== We are on link 48 of 72
========== raw link https://news.linkedin.com/authors/linkedin-corporate-communications-team
============ Checking for Redirections: https://news.linkedin.com/authors/linkedin-corporate-communications-team
============ Link unchanged
========== link already checked
======== We are on link 49 of 72
========== raw link /topic/company-news
============ Found Relative: joining https://news.linkedin.com/news and /topic/company-news
============ Checking for Redirections: https://news.linkedin.com/topic/company-news
============ Link after cleaning: https://news.linkedin.com/topic/company-news
========== link already checked
======== We are on link 50 of 72
========== raw link /2025/linkedin-business-highlights-from-microsoft-s-q2-fy25-earnings
============ Found Relative: joining https://news.linkedin.com/news and /2025/linkedin-business-highlights-from-microsoft-s-q2-fy25-earnings
============ Checking for Redirections: https://news.linkedin.com/2025/linkedin-business-highlights-from-microsoft-s-q2-fy25-earnings
============ Link after cleaning: https://news.linkedin.com/2025/linkedin-business-highlights-from-microsoft-s-q2-fy25-earnings
========== scraping https://news.linkedin.com/2025/linkedin-business-highlights-from-microsoft-s-q2-fy25-earnings
======== We are on link 51 of 72
========== raw link /2025/linkedin-business-highlights-from-microsoft-s-q2-fy25-earnings
============ Found Relative: joining https://news.linkedin.com/news and /2025/linkedin-business-highlights-from-microsoft-s-q2-fy25-earnings
============ Checking for Redirections: https://news.linkedin.com/2025/linkedin-business-highlights-from-microsoft-s-q2-fy25-earnings
============ Link after cleaning: https://news.linkedin.com/2025/linkedin-business-highlights-from-microsoft-s-q2-fy25-earnings
========== link already checked
======== We are on link 52 of 72
========== raw link https://news.linkedin.com/authors/linkedin-corporate-communications-team
============ Checking for Redirections: https://news.linkedin.com/authors/linkedin-corporate-communications-team
============ Link unchanged
========== link already checked
======== We are on link 53 of 72
========== raw link /topic/company-news
============ Found Relative: joining https://news.linkedin.com/news and /topic/company-news
============ Checking for Redirections: https://news.linkedin.com/topic/company-news
============ Link after cleaning: https://news.linkedin.com/topic/company-news
========== link already checked
======== We are on link 54 of 72
========== raw link /topic/earnings
============ Found Relative: joining https://news.linkedin.com/news and /topic/earnings
============ Checking for Redirections: https://news.linkedin.com/topic/earnings
============ Link after cleaning: https://news.linkedin.com/topic/earnings
========== scraping https://news.linkedin.com/topic/earnings
======== We are on link 55 of 72
========== raw link /news?page=2#post-list-1999659809
============ Found Relative: joining https://news.linkedin.com/news and /news?page=2#post-list-1999659809
============ Checking for Redirections: https://news.linkedin.com/news?page=2#post-list-1999659809
============ Link after cleaning: https://news.linkedin.com/news
========== link already checked
======== We are on link 56 of 72
========== raw link /news?page=3#post-list-1999659809
============ Found Relative: joining https://news.linkedin.com/news and /news?page=3#post-list-1999659809
============ Checking for Redirections: https://news.linkedin.com/news?page=3#post-list-1999659809
============ Link after cleaning: https://news.linkedin.com/news
========== link already checked
======== We are on link 57 of 72
========== raw link /news?page=4#post-list-1999659809
============ Found Relative: joining https://news.linkedin.com/news and /news?page=4#post-list-1999659809
============ Checking for Redirections: https://news.linkedin.com/news?page=4#post-list-1999659809
============ Link after cleaning: https://news.linkedin.com/news
========== link already checked
======== We are on link 58 of 72
========== raw link /news?page=5#post-list-1999659809
============ Found Relative: joining https://news.linkedin.com/news and /news?page=5#post-list-1999659809
============ Checking for Redirections: https://news.linkedin.com/news?page=5#post-list-1999659809
============ Link after cleaning: https://news.linkedin.com/news
========== link already checked
======== We are on link 59 of 72
========== raw link /news?page=6#post-list-1999659809
============ Found Relative: joining https://news.linkedin.com/news and /news?page=6#post-list-1999659809
============ Checking for Redirections: https://news.linkedin.com/news?page=6#post-list-1999659809
============ Link after cleaning: https://news.linkedin.com/news
========== link already checked
======== We are on link 60 of 72
========== raw link /news?page=7#post-list-1999659809
============ Found Relative: joining https://news.linkedin.com/news and /news?page=7#post-list-1999659809
============ Checking for Redirections: https://news.linkedin.com/news?page=7#post-list-1999659809
============ Link after cleaning: https://news.linkedin.com/news
========== link already checked
======== We are on link 61 of 72
========== raw link /news?page=8#post-list-1999659809
============ Found Relative: joining https://news.linkedin.com/news and /news?page=8#post-list-1999659809
============ Checking for Redirections: https://news.linkedin.com/news?page=8#post-list-1999659809
============ Link after cleaning: https://news.linkedin.com/news
========== link already checked
======== We are on link 62 of 72
========== raw link /news?page=56#post-list-1999659809
============ Found Relative: joining https://news.linkedin.com/news and /news?page=56#post-list-1999659809
============ Checking for Redirections: https://news.linkedin.com/news?page=56#post-list-1999659809
============ Link after cleaning: https://news.linkedin.com/news
========== link already checked
======== We are on link 63 of 72
========== raw link /news?page=2#post-list-1999659809
============ Found Relative: joining https://news.linkedin.com/news and /news?page=2#post-list-1999659809
============ Checking for Redirections: https://news.linkedin.com/news?page=2#post-list-1999659809
============ Link after cleaning: https://news.linkedin.com/news
========== link already checked
======== We are on link 64 of 72
========== raw link https://www.linkedin.com/company/linkedin/?src=direct%2Fnone&veh=direct%2Fnone
============ Checking for Redirections: https://www.linkedin.com/company/linkedin/?src=direct%2Fnone&veh=direct%2Fnone
============ Followed Redirection to https://www.linkedin.com/authwall?trk=bf&trkInfo=AQHJsuEGa7d_VwAAAZZpQYnomtRAZ7eH8XruG--YFbPMx89tAmV-iSEcYnY_pfgglQxIEXPNSiu-bnNYFN9IJSTPbP18dO_25j-Xf-Lo-xB4LJgVcji8MV_I8mOwTgw-crcDv7A=&original_referer=&sessionRedirect=https%3A%2F%2Fwww.linkedin.com%2Fcompany%2Flinkedin%2F%3Fsrc%3Ddirect%252Fnone%26veh%3Ddirect%252Fnone
============ Link after cleaning: https://www.linkedin.com/authwall
========== scraping https://www.linkedin.com/authwall
======== We are on link 65 of 72
========== raw link https://twitter.com/LinkedIn/lists/official-linkedin
========== dropped link https://twitter.com/LinkedIn/lists/official-linkedin. Didn't pass first allows/blocks test.
======== We are on link 66 of 72
========== raw link https://www.youtube.com/user/LinkedIn
========== dropped link https://www.youtube.com/user/LinkedIn. Didn't pass first allows/blocks test.
======== We are on link 67 of 72
========== raw link https://about.linkedin.com
============ Checking for Redirections: https://about.linkedin.com
============ Followed Redirection to https://about.linkedin.com/
============ Link after cleaning: https://about.linkedin.com/
========== link already checked
======== We are on link 68 of 72
========== raw link https://www.linkedin.com/legal/cookie-policy?src=direct%2Fnone&veh=direct%2Fnone
============ Checking for Redirections: https://www.linkedin.com/legal/cookie-policy?src=direct%2Fnone&veh=direct%2Fnone
============ Link after cleaning: https://www.linkedin.com/legal/cookie-policy
========== link already checked
======== We are on link 69 of 72
========== raw link https://www.linkedin.com/legal/privacy-policy?src=direct%2Fnone&veh=direct%2Fnone
============ Checking for Redirections: https://www.linkedin.com/legal/privacy-policy?src=direct%2Fnone&veh=direct%2Fnone
============ Link after cleaning: https://www.linkedin.com/legal/privacy-policy
========== link already checked
======== We are on link 70 of 72
========== raw link https://www.linkedin.com/legal/california-privacy-disclosure?src=direct%2Fnone&veh=direct%2Fnone
============ Checking for Redirections: https://www.linkedin.com/legal/california-privacy-disclosure?src=direct%2Fnone&veh=direct%2Fnone
============ Link after cleaning: https://www.linkedin.com/legal/california-privacy-disclosure
========== link already checked
======== We are on link 71 of 72
========== raw link https://www.linkedin.com/legal/user-agreement?src=direct%2Fnone&veh=direct%2Fnone
============ Checking for Redirections: https://www.linkedin.com/legal/user-agreement?src=direct%2Fnone&veh=direct%2Fnone
============ Link after cleaning: https://www.linkedin.com/legal/user-agreement
========== link already checked
======== We are on link 72 of 72
========== raw link https://www.linkedin.com/accessibility?src=direct%2Fnone&veh=direct%2Fnone
============ Checking for Redirections: https://www.linkedin.com/accessibility?src=direct%2Fnone&veh=direct%2Fnone
============ Link after cleaning: https://www.linkedin.com/accessibility
========== link already checked
====== We are on page 4 of 16: https://www.linkedin.com/legal/privacy-policy
====== Number of Links on this Page: 153
======== We are on link 1 of 153
========== raw link #lithograph-app
========== dropped link (either fragment ("#"), js, mailto, comment, pdf, or empty)
======== We are on link 2 of 153
========== raw link https://linkedin.com/legal/user-agreement
============ Checking for Redirections: https://linkedin.com/legal/user-agreement
============ Followed Redirection to https://www.linkedin.com/legal/user-agreement
============ Link after cleaning: https://www.linkedin.com/legal/user-agreement
========== link already checked
======== We are on link 3 of 153
========== raw link https://linkedin.com/legal/user-agreement-summary
============ Checking for Redirections: https://linkedin.com/legal/user-agreement-summary
============ Followed Redirection to https://www.linkedin.com/legal/user-agreement-summary
============ Link after cleaning: https://www.linkedin.com/legal/user-agreement-summary
========== link already checked
======== We are on link 4 of 153
========== raw link https://linkedin.com/legal/privacy-policy
============ Checking for Redirections: https://linkedin.com/legal/privacy-policy
============ Followed Redirection to https://www.linkedin.com/legal/privacy-policy
============ Link after cleaning: https://www.linkedin.com/legal/privacy-policy
========== link already checked
======== We are on link 5 of 153
========== raw link https://linkedin.com/legal/professional-community-policies
============ Checking for Redirections: https://linkedin.com/legal/professional-community-policies
============ Followed Redirection to https://www.linkedin.com/legal/professional-community-policies
============ Link after cleaning: https://www.linkedin.com/legal/professional-community-policies
========== link already checked
======== We are on link 6 of 153
========== raw link https://linkedin.com/legal/cookie-policy
============ Checking for Redirections: https://linkedin.com/legal/cookie-policy
============ Followed Redirection to https://www.linkedin.com/legal/cookie-policy
============ Link after cleaning: https://www.linkedin.com/legal/cookie-policy
========== link already checked
======== We are on link 7 of 153
========== raw link https://linkedin.com/legal/copyright-policy
============ Checking for Redirections: https://linkedin.com/legal/copyright-policy
============ Followed Redirection to https://www.linkedin.com/legal/copyright-policy
============ Link after cleaning: https://www.linkedin.com/legal/copyright-policy
========== link already checked
======== We are on link 8 of 153
========== raw link https://privacy.linkedin.com/regionalinfo
============ Checking for Redirections: https://privacy.linkedin.com/regionalinfo
============ Link unchanged
========== link already checked
======== We are on link 9 of 153
========== raw link https://linkedin.com/legal/privacy/eu
============ Checking for Redirections: https://linkedin.com/legal/privacy/eu
============ Followed Redirection to https://www.linkedin.com/legal/privacy/eu
============ Link after cleaning: https://www.linkedin.com/legal/privacy/eu
========== link already checked
======== We are on link 10 of 153
========== raw link https://linkedin.com/legal/california-privacy-disclosure
============ Checking for Redirections: https://linkedin.com/legal/california-privacy-disclosure
============ Followed Redirection to https://www.linkedin.com/legal/california-privacy-disclosure
============ Link after cleaning: https://www.linkedin.com/legal/california-privacy-disclosure
========== link already checked
======== We are on link 11 of 153
========== raw link https://www.linkedin.com/legal/privacy/usa
============ Checking for Redirections: https://www.linkedin.com/legal/privacy/usa
============ Link unchanged
========== link already checked
======== We are on link 12 of 153
========== raw link https://linkedin.com/legal/user-agreement
============ Checking for Redirections: https://linkedin.com/legal/user-agreement
============ Followed Redirection to https://www.linkedin.com/legal/user-agreement
============ Link after cleaning: https://www.linkedin.com/legal/user-agreement
========== link already checked
======== We are on link 13 of 153
========== raw link https://linkedin.com/legal/user-agreement-summary
============ Checking for Redirections: https://linkedin.com/legal/user-agreement-summary
============ Followed Redirection to https://www.linkedin.com/legal/user-agreement-summary
============ Link after cleaning: https://www.linkedin.com/legal/user-agreement-summary
========== link already checked
======== We are on link 14 of 153
========== raw link https://linkedin.com/legal/privacy-policy
============ Checking for Redirections: https://linkedin.com/legal/privacy-policy
============ Followed Redirection to https://www.linkedin.com/legal/privacy-policy
============ Link after cleaning: https://www.linkedin.com/legal/privacy-policy
========== link already checked
======== We are on link 15 of 153
========== raw link https://linkedin.com/legal/professional-community-policies
============ Checking for Redirections: https://linkedin.com/legal/professional-community-policies
============ Followed Redirection to https://www.linkedin.com/legal/professional-community-policies
============ Link after cleaning: https://www.linkedin.com/legal/professional-community-policies
========== link already checked
======== We are on link 16 of 153
========== raw link https://linkedin.com/legal/cookie-policy
============ Checking for Redirections: https://linkedin.com/legal/cookie-policy
============ Followed Redirection to https://www.linkedin.com/legal/cookie-policy
============ Link after cleaning: https://www.linkedin.com/legal/cookie-policy
========== link already checked
======== We are on link 17 of 153
========== raw link https://linkedin.com/legal/copyright-policy
============ Checking for Redirections: https://linkedin.com/legal/copyright-policy
============ Followed Redirection to https://www.linkedin.com/legal/copyright-policy
============ Link after cleaning: https://www.linkedin.com/legal/copyright-policy
========== link already checked
======== We are on link 18 of 153
========== raw link https://privacy.linkedin.com/regionalinfo
============ Checking for Redirections: https://privacy.linkedin.com/regionalinfo
============ Link unchanged
========== link already checked
======== We are on link 19 of 153
========== raw link https://linkedin.com/legal/privacy/eu
============ Checking for Redirections: https://linkedin.com/legal/privacy/eu
============ Followed Redirection to https://www.linkedin.com/legal/privacy/eu
============ Link after cleaning: https://www.linkedin.com/legal/privacy/eu
========== link already checked
======== We are on link 20 of 153
========== raw link https://linkedin.com/legal/california-privacy-disclosure
============ Checking for Redirections: https://linkedin.com/legal/california-privacy-disclosure
============ Followed Redirection to https://www.linkedin.com/legal/california-privacy-disclosure
============ Link after cleaning: https://www.linkedin.com/legal/california-privacy-disclosure
========== link already checked
======== We are on link 21 of 153
========== raw link https://www.linkedin.com/legal/privacy/usa
============ Checking for Redirections: https://www.linkedin.com/legal/privacy/usa
============ Link unchanged
========== link already checked
======== We are on link 22 of 153
========== raw link https://www.linkedin.com/help/linkedin/answer/a1341216/updates-to-user-agreement-and-privacy-policy
============ Checking for Redirections: https://www.linkedin.com/help/linkedin/answer/a1341216/updates-to-user-agreement-and-privacy-policy
============ Link unchanged
========== link already checked
======== We are on link 23 of 153
========== raw link #key-terms-intro
========== dropped link (either fragment ("#"), js, mailto, comment, pdf, or empty)
======== We are on link 24 of 153
========== raw link https://www.linkedin.com/legal/cookie-policy
============ Checking for Redirections: https://www.linkedin.com/legal/cookie-policy
============ Link unchanged
========== link already checked
======== We are on link 25 of 153
========== raw link https://www.linkedin.com/help/linkedin?trk=microsites-frontend_legal_privacy-policy&lang=en
============ Checking for Redirections: https://www.linkedin.com/help/linkedin?trk=microsites-frontend_legal_privacy-policy&lang=en
============ Link after cleaning: https://www.linkedin.com/help/linkedin
========== link already checked
======== We are on link 26 of 153
========== raw link https://www.linkedin.com/psettings/privacy
============ Checking for Redirections: https://www.linkedin.com/psettings/privacy
============ Followed Redirection to https://www.linkedin.com/uas/login?session_redirect=https%3A%2F%2Fwww.linkedin.com%2Fpsettings%2Fprivacy
============ Link after cleaning: https://www.linkedin.com/uas/login
============ Excluded based on allow/block list.
======== We are on link 27 of 153
========== raw link https://www.linkedin.com/help/linkedin/answer/89876?trk=microsites-frontend_legal_privacy-policy&lang=en
============ Checking for Redirections: https://www.linkedin.com/help/linkedin/answer/89876?trk=microsites-frontend_legal_privacy-policy&lang=en
============ Followed Redirection to https://www.linkedin.com/help/linkedin/answer/a1350103/?trk=microsites-frontend_legal_privacy-policy&lang=en
============ Link after cleaning: https://www.linkedin.com/help/linkedin/answer/a1350103/
========== scraping https://www.linkedin.com/help/linkedin/answer/a1350103/
======== We are on link 28 of 153
========== raw link #data
========== dropped link (either fragment ("#"), js, mailto, comment, pdf, or empty)
======== We are on link 29 of 153
========== raw link #use
========== dropped link (either fragment ("#"), js, mailto, comment, pdf, or empty)
======== We are on link 30 of 153
========== raw link #share
========== dropped link (either fragment ("#"), js, mailto, comment, pdf, or empty)
======== We are on link 31 of 153
========== raw link #choices
========== dropped link (either fragment ("#"), js, mailto, comment, pdf, or empty)
======== We are on link 32 of 153
========== raw link #others
========== dropped link (either fragment ("#"), js, mailto, comment, pdf, or empty)
======== We are on link 33 of 153
========== raw link https://www.linkedin.com/legal/privacy/eu
============ Checking for Redirections: https://www.linkedin.com/legal/privacy/eu
============ Link unchanged
========== link already checked
======== We are on link 34 of 153
========== raw link https://www.linkedin.com/legal/california-privacy-disclosure
============ Checking for Redirections: https://www.linkedin.com/legal/california-privacy-disclosure
============ Link unchanged
========== link already checked
======== We are on link 35 of 153
========== raw link https://www.linkedin.com/help/linkedin/answer/63?trk=microsites-frontend_legal_privacy-policy&lang=en
============ Checking for Redirections: https://www.linkedin.com/help/linkedin/answer/63?trk=microsites-frontend_legal_privacy-policy&lang=en
============ Followed Redirection to https://www.linkedin.com/help/linkedin/answer/a1379064/?trk=microsites-frontend_legal_privacy-policy&lang=en
============ Link after cleaning: https://www.linkedin.com/help/linkedin/answer/a1379064/
========== link already checked
======== We are on link 36 of 153
========== raw link https://www.linkedin.com/profile/edit
============ Checking for Redirections: https://www.linkedin.com/profile/edit
============ Followed Redirection to https://www.linkedin.com/uas/login?session_redirect=https%3A%2F%2Fwww.linkedin.com%2Fprofile%2Fedit
============ Link after cleaning: https://www.linkedin.com/uas/login
============ Excluded based on allow/block list.
======== We are on link 37 of 153
========== raw link https://www.linkedin.com/help/linkedin/answer/38594?trk=microsites-frontend_legal_privacy-policy&lang=en
============ Checking for Redirections: https://www.linkedin.com/help/linkedin/answer/38594?trk=microsites-frontend_legal_privacy-policy&lang=en
============ Followed Redirection to https://www.linkedin.com/help/linkedin/answer/a564134/?trk=microsites-frontend_legal_privacy-policy&lang=en
============ Link after cleaning: https://www.linkedin.com/help/linkedin/answer/a564134/
========== scraping https://www.linkedin.com/help/linkedin/answer/a564134/
======== We are on link 38 of 153
========== raw link https://www.linkedin.com/help/linkedin/answer/a1359065/
============ Checking for Redirections: https://www.linkedin.com/help/linkedin/answer/a1359065/
============ Link unchanged
========== scraping https://www.linkedin.com/help/linkedin/answer/a1359065/
======== We are on link 39 of 153
========== raw link https://www.linkedin.com/help/linkedin/answer/77?trk=microsites-frontend_legal_privacy-policy&lang=en
============ Checking for Redirections: https://www.linkedin.com/help/linkedin/answer/77?trk=microsites-frontend_legal_privacy-policy&lang=en
============ Followed Redirection to https://www.linkedin.com/help/linkedin/answer/a545600/?trk=microsites-frontend_legal_privacy-policy&lang=en
============ Link after cleaning: https://www.linkedin.com/help/linkedin/answer/a545600/
========== scraping https://www.linkedin.com/help/linkedin/answer/a545600/
======== We are on link 40 of 153
========== raw link https://www.linkedin.com/help/linkedin/answer/50021?trk=microsites-frontend_legal_privacy-policy&lang=en
============ Checking for Redirections: https://www.linkedin.com/help/linkedin/answer/50021?trk=microsites-frontend_legal_privacy-policy&lang=en
============ Followed Redirection to https://www.linkedin.com/help/linkedin/answer/a1335382/?trk=microsites-frontend_legal_privacy-policy&lang=en
============ Link after cleaning: https://www.linkedin.com/help/linkedin/answer/a1335382/
========== link already checked
======== We are on link 41 of 153
========== raw link #key-terms-1
========== dropped link (either fragment ("#"), js, mailto, comment, pdf, or empty)
======== We are on link 42 of 153
========== raw link https://www.linkedin.com/legal/privacy-policy#your_device_and_location
============ Checking for Redirections: https://www.linkedin.com/legal/privacy-policy#your_device_and_location
============ Link after cleaning: https://www.linkedin.com/legal/privacy-policy
========== link already checked
======== We are on link 43 of 153
========== raw link https://www.linkedin.com/legal/cookie-policy
============ Checking for Redirections: https://www.linkedin.com/legal/cookie-policy
============ Link unchanged
========== link already checked
======== We are on link 44 of 153
========== raw link https://www.linkedin.com/help/linkedin/answer/a7154788
============ Checking for Redirections: https://www.linkedin.com/help/linkedin/answer/a7154788
============ Link unchanged
========== scraping https://www.linkedin.com/help/linkedin/answer/a7154788
======== We are on link 45 of 153
========== raw link https://www.linkedin.com/help/linkedin/answer/62931?trk=microsites-frontend_legal_privacy-policy&lang=en
============ Checking for Redirections: https://www.linkedin.com/help/linkedin/answer/62931?trk=microsites-frontend_legal_privacy-policy&lang=en
============ Followed Redirection to https://www.linkedin.com/help/linkedin/answer/a1342443/?trk=microsites-frontend_legal_privacy-policy&lang=en
============ Link after cleaning: https://www.linkedin.com/help/linkedin/answer/a1342443/
========== scraping https://www.linkedin.com/help/linkedin/answer/a1342443/
======== We are on link 46 of 153
========== raw link https://www.linkedin.com/psettings/guest-controls
============ Checking for Redirections: https://www.linkedin.com/psettings/guest-controls
============ Link unchanged
========== link already checked
======== We are on link 47 of 153
========== raw link https://www.linkedin.com/psettings/guest-controls
============ Checking for Redirections: https://www.linkedin.com/psettings/guest-controls
============ Link unchanged
========== link already checked
======== We are on link 48 of 153
========== raw link https://www.linkedin.com/help/linkedin/answer/79855?trk=microsites-frontend_legal_privacy-policy&lang=en
============ Checking for Redirections: https://www.linkedin.com/help/linkedin/answer/79855?trk=microsites-frontend_legal_privacy-policy&lang=en
============ Followed Redirection to https://www.linkedin.com/help/linkedin/answer/a1336512/?trk=microsites-frontend_legal_privacy-policy&lang=en
============ Link after cleaning: https://www.linkedin.com/help/linkedin/answer/a1336512/
========== scraping https://www.linkedin.com/help/linkedin/answer/a1336512/
======== We are on link 49 of 153
========== raw link https://www.linkedin.com/help/linkedin/answer/34593?trk=microsites-frontend_legal_privacy-policy&lang=en
============ Checking for Redirections: https://www.linkedin.com/help/linkedin/answer/34593?trk=microsites-frontend_legal_privacy-policy&lang=en
============ Followed Redirection to https://www.linkedin.com/help/linkedin/answer/a403269/?trk=microsites-frontend_legal_privacy-policy&lang=en
============ Link after cleaning: https://www.linkedin.com/help/linkedin/answer/a403269/
========== link already checked
======== We are on link 50 of 153
========== raw link https://www.linkedin.com/help/linkedin/answer/a540854/?trk=microsites-frontend_legal_privacy-policy&lang=en
============ Checking for Redirections: https://www.linkedin.com/help/linkedin/answer/a540854/?trk=microsites-frontend_legal_privacy-policy&lang=en
============ Link after cleaning: https://www.linkedin.com/help/linkedin/answer/a540854/
========== scraping https://www.linkedin.com/help/linkedin/answer/a540854/
======== We are on link 51 of 153
========== raw link https://www.linkedin.com/psettings/
============ Checking for Redirections: https://www.linkedin.com/psettings/
============ Followed Redirection to https://www.linkedin.com/uas/login?session_redirect=https%3A%2F%2Fwww.linkedin.com%2Fmypreferences%2Fm%2Fcategories%2Faccount
============ Link after cleaning: https://www.linkedin.com/uas/login
============ Excluded based on allow/block list.
======== We are on link 52 of 153
========== raw link https://www.linkedin.com/blog/member/trust-and-safety/responsible-ai-principles
============ Checking for Redirections: https://www.linkedin.com/blog/member/trust-and-safety/responsible-ai-principles
============ Link unchanged
========== link already checked
======== We are on link 53 of 153
========== raw link https://www.linkedin.com/help/linkedin/answer/a5538339?hcppcid=search
============ Checking for Redirections: https://www.linkedin.com/help/linkedin/answer/a5538339?hcppcid=search
============ Link after cleaning: https://www.linkedin.com/help/linkedin/answer/a5538339
========== scraping https://www.linkedin.com/help/linkedin/answer/a5538339
======== We are on link 54 of 153
========== raw link https://www.linkedin.com/help/linkedin/answer/a1337820/
============ Checking for Redirections: https://www.linkedin.com/help/linkedin/answer/a1337820/
============ Link unchanged
========== scraping https://www.linkedin.com/help/linkedin/answer/a1337820/
======== We are on link 55 of 153
========== raw link https://www.linkedin.com/help/linkedin/answer/a517610/
============ Checking for Redirections: https://www.linkedin.com/help/linkedin/answer/a517610/
============ Link unchanged
========== scraping https://www.linkedin.com/help/linkedin/answer/a517610/
======== We are on link 56 of 153
========== raw link https://www.linkedin.com/psettings/
============ Checking for Redirections: https://www.linkedin.com/psettings/
============ Followed Redirection to https://www.linkedin.com/uas/login?session_redirect=https%3A%2F%2Fwww.linkedin.com%2Fmypreferences%2Fm%2Fcategories%2Faccount
============ Link after cleaning: https://www.linkedin.com/uas/login
============ Excluded based on allow/block list.
======== We are on link 57 of 153
========== raw link https://www.linkedin.com/psettings/connections-visibility
============ Checking for Redirections: https://www.linkedin.com/psettings/connections-visibility
============ Followed Redirection to https://www.linkedin.com/uas/login?session_redirect=https%3A%2F%2Fwww.linkedin.com%2Fmypreferences%2Fm%2Fsettings%2Fconnections-visibility
============ Link after cleaning: https://www.linkedin.com/uas/login
============ Excluded based on allow/block list.
======== We are on link 58 of 153
========== raw link https://www.linkedin.com/psettings/guest-controls
============ Checking for Redirections: https://www.linkedin.com/psettings/guest-controls
============ Link unchanged
========== link already checked
======== We are on link 59 of 153
========== raw link https://www.linkedin.com/psettings/
============ Checking for Redirections: https://www.linkedin.com/psettings/
============ Followed Redirection to https://www.linkedin.com/uas/login?session_redirect=https%3A%2F%2Fwww.linkedin.com%2Fmypreferences%2Fm%2Fcategories%2Faccount
============ Link after cleaning: https://www.linkedin.com/uas/login
============ Excluded based on allow/block list.
======== We are on link 60 of 153
========== raw link #key-terms-2
========== dropped link (either fragment ("#"), js, mailto, comment, pdf, or empty)
======== We are on link 61 of 153
========== raw link https://www.linkedin.com/help/linkedin/answer/50021?trk=microsites-frontend_legal_privacy-policy&lang=en
============ Checking for Redirections: https://www.linkedin.com/help/linkedin/answer/50021?trk=microsites-frontend_legal_privacy-policy&lang=en
============ Followed Redirection to https://www.linkedin.com/help/linkedin/answer/a1335382/?trk=microsites-frontend_legal_privacy-policy&lang=en
============ Link after cleaning: https://www.linkedin.com/help/linkedin/answer/a1335382/
========== link already checked
======== We are on link 62 of 153
========== raw link https://nam06.safelinks.protection.outlook.com/?url=https%3A%2F%2Fwww.linkedin.com%2Fservices&data=05%7C01%7Cssundholm%40linkedin.com%7C7c195d34f8834cc0febd08daf458affa%7C72f988bf86f141af91ab2d7cd011db47%7C1%7C0%7C638090959000643494%7CUnknown%7CTWFpbGZsb3d8eyJWIjoiMC4wLjAwMDAiLCJQIjoiV2luMzIiLCJBTiI6Ik1haWwiLCJXVCI6Mn0%3D%7C3000%7C%7C%7C&sdata=iBsm49Q3gx81BH3P1%2BaItfXuwKvskXVHMDr0gNAVm1s%3D&reserved=0
============ Checking for Redirections: https://nam06.safelinks.protection.outlook.com/?url=https%3A%2F%2Fwww.linkedin.com%2Fservices&data=05%7C01%7Cssundholm%40linkedin.com%7C7c195d34f8834cc0febd08daf458affa%7C72f988bf86f141af91ab2d7cd011db47%7C1%7C0%7C638090959000643494%7CUnknown%7CTWFpbGZsb3d8eyJWIjoiMC4wLjAwMDAiLCJQIjoiV2luMzIiLCJBTiI6Ik1haWwiLCJXVCI6Mn0%3D%7C3000%7C%7C%7C&sdata=iBsm49Q3gx81BH3P1%2BaItfXuwKvskXVHMDr0gNAVm1s%3D&reserved=0
============ Followed Redirection to https://www.linkedin.com/services
============ Link after cleaning: https://www.linkedin.com/services
========== link already checked
======== We are on link 63 of 153
========== raw link https://www.linkedin.com/help/linkedin/answer/67405?trk=microsites-frontend_legal_privacy-policy&lang=en
============ Checking for Redirections: https://www.linkedin.com/help/linkedin/answer/67405?trk=microsites-frontend_legal_privacy-policy&lang=en
============ Followed Redirection to https://www.linkedin.com/help/linkedin/answer/a507508/?trk=microsites-frontend_legal_privacy-policy&lang=en
============ Link after cleaning: https://www.linkedin.com/help/linkedin/answer/a507508/
========== scraping https://www.linkedin.com/help/linkedin/answer/a507508/
======== We are on link 64 of 153
========== raw link https://www.linkedin.com/psettings/
============ Checking for Redirections: https://www.linkedin.com/psettings/
============ Followed Redirection to https://www.linkedin.com/uas/login?session_redirect=https%3A%2F%2Fwww.linkedin.com%2Fmypreferences%2Fm%2Fcategories%2Faccount
============ Link after cleaning: https://www.linkedin.com/uas/login
============ Excluded based on allow/block list.
======== We are on link 65 of 153
========== raw link https://www.linkedin.com/help/linkedin/answer/79855?trk=microsites-frontend_legal_privacy-policy&lang=en
============ Checking for Redirections: https://www.linkedin.com/help/linkedin/answer/79855?trk=microsites-frontend_legal_privacy-policy&lang=en
============ Followed Redirection to https://www.linkedin.com/help/linkedin/answer/a1336512/?trk=microsites-frontend_legal_privacy-policy&lang=en
============ Link after cleaning: https://www.linkedin.com/help/linkedin/answer/a1336512/
========== link already checked
======== We are on link 66 of 153
========== raw link https://www.linkedin.com/psettings/data-sharing
============ Checking for Redirections: https://www.linkedin.com/psettings/data-sharing
============ Followed Redirection to https://www.linkedin.com/uas/login?session_redirect=https%3A%2F%2Fwww.linkedin.com%2Fpsettings%2Fdata-sharing
============ Link after cleaning: https://www.linkedin.com/uas/login
============ Excluded based on allow/block list.
======== We are on link 67 of 153
========== raw link https://www.linkedin.com/help/sales-navigator/answer/50216/teamlink-overview
============ Checking for Redirections: https://www.linkedin.com/help/sales-navigator/answer/50216/teamlink-overview
============ Followed Redirection to https://www.linkedin.com/help/sales-navigator/answer/a101027/teamlink-overview
============ Link after cleaning: https://www.linkedin.com/help/sales-navigator/answer/a101027/teamlink-overview
========== scraping https://www.linkedin.com/help/sales-navigator/answer/a101027/teamlink-overview
======== We are on link 68 of 153
========== raw link https://www.linkedin.com/help/linkedin/answer/a540854
============ Checking for Redirections: https://www.linkedin.com/help/linkedin/answer/a540854
============ Link unchanged
========== scraping https://www.linkedin.com/help/linkedin/answer/a540854
======== We are on link 69 of 153
========== raw link https://www.linkedin.com/psettings/messages
============ Checking for Redirections: https://www.linkedin.com/psettings/messages
============ Followed Redirection to https://www.linkedin.com/uas/login?session_redirect=https%3A%2F%2Fwww.linkedin.com%2Fpsettings%2Fmessages
============ Link after cleaning: https://www.linkedin.com/uas/login
============ Excluded based on allow/block list.
======== We are on link 70 of 153
========== raw link https://www.linkedin.com/help/linkedin/answer/137?trk=microsites-frontend_legal_privacy-policy&lang=en
============ Checking for Redirections: https://www.linkedin.com/help/linkedin/answer/137?trk=microsites-frontend_legal_privacy-policy&lang=en
============ Followed Redirection to https://www.linkedin.com/help/linkedin/answer/a546724/?trk=microsites-frontend_legal_privacy-policy&lang=en
============ Link after cleaning: https://www.linkedin.com/help/linkedin/answer/a546724/
========== scraping https://www.linkedin.com/help/linkedin/answer/a546724/
======== We are on link 71 of 153
========== raw link https://www.linkedin.com/help/linkedin/answer/115?trk=microsites-frontend_legal_privacy-policy&lang=en
============ Checking for Redirections: https://www.linkedin.com/help/linkedin/answer/115?trk=microsites-frontend_legal_privacy-policy&lang=en
============ Followed Redirection to https://www.linkedin.com/help/linkedin/answer/a542708/?trk=microsites-frontend_legal_privacy-policy&lang=en
============ Link after cleaning: https://www.linkedin.com/help/linkedin/answer/a542708/
========== scraping https://www.linkedin.com/help/linkedin/answer/a542708/
======== We are on link 72 of 153
========== raw link https://www.linkedin.com/help/linkedin/answer/1584?trk=microsites-frontend_legal_privacy-policy&lang=en
============ Checking for Redirections: https://www.linkedin.com/help/linkedin/answer/1584?trk=microsites-frontend_legal_privacy-policy&lang=en
============ Followed Redirection to https://www.linkedin.com/help/linkedin/answer/a543895/?trk=microsites-frontend_legal_privacy-policy&lang=en
============ Link after cleaning: https://www.linkedin.com/help/linkedin/answer/a543895/
========== scraping https://www.linkedin.com/help/linkedin/answer/a543895/
======== We are on link 73 of 153
========== raw link https://www.linkedin.com/help/linkedin/answer/1164?trk=microsites-frontend_legal_privacy-policy&lang=en
============ Checking for Redirections: https://www.linkedin.com/help/linkedin/answer/1164?trk=microsites-frontend_legal_privacy-policy&lang=en
============ Followed Redirection to https://www.linkedin.com/help/linkedin/answer/a540824/?trk=microsites-frontend_legal_privacy-policy&lang=en
============ Link after cleaning: https://www.linkedin.com/help/linkedin/answer/a540824/
========== scraping https://www.linkedin.com/help/linkedin/answer/a540824/
======== We are on link 74 of 153
========== raw link https://www.linkedin.com/help/linkedin/answer/1645?trk=microsites-frontend_legal_privacy-policy&lang=en
============ Checking for Redirections: https://www.linkedin.com/help/linkedin/answer/1645?trk=microsites-frontend_legal_privacy-policy&lang=en
============ Followed Redirection to https://www.linkedin.com/help/linkedin/answer/a541865/?trk=microsites-frontend_legal_privacy-policy&lang=en
============ Link after cleaning: https://www.linkedin.com/help/linkedin/answer/a541865/
========== scraping https://www.linkedin.com/help/linkedin/answer/a541865/
======== We are on link 75 of 153
========== raw link https://www.linkedin.com/help/lms/answer/a427660/
============ Checking for Redirections: https://www.linkedin.com/help/lms/answer/a427660/
============ Link unchanged
========== scraping https://www.linkedin.com/help/lms/answer/a427660/
======== We are on link 76 of 153
========== raw link https://www.linkedin.com/help/linkedin/answer/1164?trk=microsites-frontend_legal_privacy-policy&lang=en
============ Checking for Redirections: https://www.linkedin.com/help/linkedin/answer/1164?trk=microsites-frontend_legal_privacy-policy&lang=en
============ Followed Redirection to https://www.linkedin.com/help/linkedin/answer/a540824/?trk=microsites-frontend_legal_privacy-policy&lang=en
============ Link after cleaning: https://www.linkedin.com/help/linkedin/answer/a540824/
========== link already checked
======== We are on link 77 of 153
========== raw link #key-terms-2
========== dropped link (either fragment ("#"), js, mailto, comment, pdf, or empty)
======== We are on link 78 of 153
========== raw link https://www.linkedin.com/help/linkedin/answer/85809?trk=microsites-frontend_legal_privacy-policy&lang=en
============ Checking for Redirections: https://www.linkedin.com/help/linkedin/answer/85809?trk=microsites-frontend_legal_privacy-policy&lang=en
============ Followed Redirection to https://www.linkedin.com/help/linkedin/answer/a426264/?trk=microsites-frontend_legal_privacy-policy&lang=en
============ Link after cleaning: https://www.linkedin.com/help/linkedin/answer/a426264/
========== scraping https://www.linkedin.com/help/linkedin/answer/a426264/
======== We are on link 79 of 153
========== raw link https://www.linkedin.com/help/linkedin/answer/a1337820/
============ Checking for Redirections: https://www.linkedin.com/help/linkedin/answer/a1337820/
============ Link unchanged
========== link already checked
======== We are on link 80 of 153
========== raw link https://www.linkedin.com/help/linkedin/answer/a426264/
============ Checking for Redirections: https://www.linkedin.com/help/linkedin/answer/a426264/
============ Link unchanged
========== link already checked
======== We are on link 81 of 153
========== raw link https://www.linkedin.com/legal/privacy/eu
============ Checking for Redirections: https://www.linkedin.com/legal/privacy/eu
============ Link unchanged
========== link already checked
======== We are on link 82 of 153
========== raw link https://www.linkedin.com/help/linkedin/answer/39575?trk=microsites-frontend_legal_privacy-policy&lang=en
============ Checking for Redirections: https://www.linkedin.com/help/linkedin/answer/39575?trk=microsites-frontend_legal_privacy-policy&lang=en
============ Followed Redirection to https://www.linkedin.com/help/linkedin/answer/a423655/?trk=microsites-frontend_legal_privacy-policy&lang=en
============ Link after cleaning: https://www.linkedin.com/help/linkedin/answer/a423655/
========== scraping https://www.linkedin.com/help/linkedin/answer/a423655/
======== We are on link 83 of 153
========== raw link https://www.linkedin.com/psettings/data-visibility
============ Checking for Redirections: https://www.linkedin.com/psettings/data-visibility
============ Followed Redirection to https://www.linkedin.com/uas/login?session_redirect=https%3A%2F%2Fwww.linkedin.com%2Fmypreferences%2Fm%2Fcategories%2Fprofile-visibility
============ Link after cleaning: https://www.linkedin.com/uas/login
============ Excluded based on allow/block list.
======== We are on link 84 of 153
========== raw link https://www.linkedin.com/mypreferences/d/categories/ads
========== dropped link https://www.linkedin.com/mypreferences/d/categories/ads. Didn't pass first allows/blocks test.
======== We are on link 85 of 153
========== raw link https://www.linkedin.com/psettings/guest-controls
============ Checking for Redirections: https://www.linkedin.com/psettings/guest-controls
============ Link unchanged
========== link already checked
======== We are on link 86 of 153
========== raw link https://engineering.linkedin.com/ab-testing/xlnt-platform-driving-ab-testing-linkedin
============ Checking for Redirections: https://engineering.linkedin.com/ab-testing/xlnt-platform-driving-ab-testing-linkedin
============ Link unchanged
========== scraping https://engineering.linkedin.com/ab-testing/xlnt-platform-driving-ab-testing-linkedin
======== We are on link 87 of 153
========== raw link https://blog.linkedin.com/2017/february/3/introducing-the-linkedin-workforce-report
============ Checking for Redirections: https://blog.linkedin.com/2017/february/3/introducing-the-linkedin-workforce-report
============ Followed Redirection to https://www.linkedin.com/blog/member/career/introducing-the-linkedin-workforce-report
============ Link after cleaning: https://www.linkedin.com/blog/member/career/introducing-the-linkedin-workforce-report
========== scraping https://www.linkedin.com/blog/member/career/introducing-the-linkedin-workforce-report
======== We are on link 88 of 153
========== raw link https://engineering.linkedin.com/teams/data/projects/economic-graph-research/economic-graph-details#data-privacy
============ Checking for Redirections: https://engineering.linkedin.com/teams/data/projects/economic-graph-research/economic-graph-details#data-privacy
============ Link after cleaning: https://engineering.linkedin.com/teams/data/projects/economic-graph-research/economic-graph-details
========== scraping https://engineering.linkedin.com/teams/data/projects/economic-graph-research/economic-graph-details
======== We are on link 89 of 153
========== raw link https://www.linkedin.com/help/linkedin/answer/a6882244
============ Checking for Redirections: https://www.linkedin.com/help/linkedin/answer/a6882244
============ Link unchanged
========== scraping https://www.linkedin.com/help/linkedin/answer/a6882244
======== We are on link 90 of 153
========== raw link https://www.linkedin.com/psettings/research-invitations
============ Checking for Redirections: https://www.linkedin.com/psettings/research-invitations
============ Followed Redirection to https://www.linkedin.com/uas/login?session_redirect=https%3A%2F%2Fwww.linkedin.com%2Fmypreferences%2Fm%2Fsettings%2Fresearch-invitations
============ Link after cleaning: https://www.linkedin.com/uas/login
============ Excluded based on allow/block list.
======== We are on link 91 of 153
========== raw link https://www.linkedin.com/help/linkedin/answer/116090
============ Checking for Redirections: https://www.linkedin.com/help/linkedin/answer/116090
============ Followed Redirection to https://www.linkedin.com/help/linkedin/answer/a1337820/
============ Link after cleaning: https://www.linkedin.com/help/linkedin/answer/a1337820/
========== link already checked
======== We are on link 92 of 153
========== raw link https://www.linkedin.com/mypreferences/d/settings/ads-related-actions
========== dropped link https://www.linkedin.com/mypreferences/d/settings/ads-related-actions. Didn't pass first allows/blocks test.
======== We are on link 93 of 153
========== raw link https://www.linkedin.com/help/linkedin/answer/a711358
============ Checking for Redirections: https://www.linkedin.com/help/linkedin/answer/a711358
============ Link unchanged
========== scraping https://www.linkedin.com/help/linkedin/answer/a711358
======== We are on link 94 of 153
========== raw link https://www.linkedin.com/help/linkedin/answer/a547077
============ Checking for Redirections: https://www.linkedin.com/help/linkedin/answer/a547077
============ Link unchanged
========== scraping https://www.linkedin.com/help/linkedin/answer/a547077
======== We are on link 95 of 153
========== raw link https://www.linkedin.com/legal/user-agreement
============ Checking for Redirections: https://www.linkedin.com/legal/user-agreement
============ Link unchanged
========== link already checked
======== We are on link 96 of 153
========== raw link https://www.linkedin.com/psettings/privacy
============ Checking for Redirections: https://www.linkedin.com/psettings/privacy
============ Followed Redirection to https://www.linkedin.com/uas/login?session_redirect=https%3A%2F%2Fwww.linkedin.com%2Fpsettings%2Fprivacy
============ Link after cleaning: https://www.linkedin.com/uas/login
============ Excluded based on allow/block list.
======== We are on link 97 of 153
========== raw link https://www.linkedin.com/help/linkedin/answer/77?trk=microsites-frontend_legal_privacy-policy&lang=en
============ Checking for Redirections: https://www.linkedin.com/help/linkedin/answer/77?trk=microsites-frontend_legal_privacy-policy&lang=en
============ Followed Redirection to https://www.linkedin.com/help/linkedin/answer/a545600/?trk=microsites-frontend_legal_privacy-policy&lang=en
============ Link after cleaning: https://www.linkedin.com/help/linkedin/answer/a545600/
========== link already checked
======== We are on link 98 of 153
========== raw link https://www.linkedin.com/help/linkedin/answer/52950?trk=microsites-frontend_legal_privacy-policy&lang=en
============ Checking for Redirections: https://www.linkedin.com/help/linkedin/answer/52950?trk=microsites-frontend_legal_privacy-policy&lang=en
============ Followed Redirection to https://www.linkedin.com/help/linkedin/answer/a564226/?trk=microsites-frontend_legal_privacy-policy&lang=en
============ Link after cleaning: https://www.linkedin.com/help/linkedin/answer/a564226/
========== scraping https://www.linkedin.com/help/linkedin/answer/a564226/
======== We are on link 99 of 153
========== raw link https://www.linkedin.com/psettings/privacy
============ Checking for Redirections: https://www.linkedin.com/psettings/privacy
============ Followed Redirection to https://www.linkedin.com/uas/login?session_redirect=https%3A%2F%2Fwww.linkedin.com%2Fpsettings%2Fprivacy
============ Link after cleaning: https://www.linkedin.com/uas/login
============ Excluded based on allow/block list.
======== We are on link 100 of 153
========== raw link https://www.linkedin.com/help/linkedin/answer/1164?trk=microsites-frontend_legal_privacy-policy&lang=en
============ Checking for Redirections: https://www.linkedin.com/help/linkedin/answer/1164?trk=microsites-frontend_legal_privacy-policy&lang=en
============ Followed Redirection to https://www.linkedin.com/help/linkedin/answer/a540824/?trk=microsites-frontend_legal_privacy-policy&lang=en
============ Link after cleaning: https://www.linkedin.com/help/linkedin/answer/a540824/
========== link already checked
======== We are on link 101 of 153
========== raw link https://www.linkedin.com/help/linkedin/answer/197?trk=microsites-frontend_legal_privacy-policy&lang=en
============ Checking for Redirections: https://www.linkedin.com/help/linkedin/answer/197?trk=microsites-frontend_legal_privacy-policy&lang=en
============ Followed Redirection to https://www.linkedin.com/help/linkedin/answer/a544805/?trk=microsites-frontend_legal_privacy-policy&lang=en
============ Link after cleaning: https://www.linkedin.com/help/linkedin/answer/a544805/
========== scraping https://www.linkedin.com/help/linkedin/answer/a544805/
======== We are on link 102 of 153
========== raw link https://www.linkedin.com/help/linkedin/answer/71013?trk=microsites-frontend_legal_privacy-policy&lang=en
============ Checking for Redirections: https://www.linkedin.com/help/linkedin/answer/71013?trk=microsites-frontend_legal_privacy-policy&lang=en
============ Followed Redirection to https://www.linkedin.com/help/linkedin/answer/a567370/?trk=microsites-frontend_legal_privacy-policy&lang=en
============ Link after cleaning: https://www.linkedin.com/help/linkedin/answer/a567370/
========== scraping https://www.linkedin.com/help/linkedin/answer/a567370/
======== We are on link 103 of 153
========== raw link https://www.linkedin.com/help/linkedin/answer/47992?trk=microsites-frontend_legal_privacy-policy&lang=en
============ Checking for Redirections: https://www.linkedin.com/help/linkedin/answer/47992?trk=microsites-frontend_legal_privacy-policy&lang=en
============ Followed Redirection to https://www.linkedin.com/help/linkedin/answer/a568195/?trk=microsites-frontend_legal_privacy-policy&lang=en
============ Link after cleaning: https://www.linkedin.com/help/linkedin/answer/a568195/
========== scraping https://www.linkedin.com/help/linkedin/answer/a568195/
======== We are on link 104 of 153
========== raw link https://www.linkedin.com/help/linkedin/answer/a6270863
============ Checking for Redirections: https://www.linkedin.com/help/linkedin/answer/a6270863
============ Link unchanged
========== scraping https://www.linkedin.com/help/linkedin/answer/a6270863
======== We are on link 105 of 153
========== raw link https://www.linkedin.com/psettings/privacy
============ Checking for Redirections: https://www.linkedin.com/psettings/privacy
============ Followed Redirection to https://www.linkedin.com/uas/login?session_redirect=https%3A%2F%2Fwww.linkedin.com%2Fpsettings%2Fprivacy
============ Link after cleaning: https://www.linkedin.com/uas/login
============ Excluded based on allow/block list.
======== We are on link 106 of 153
========== raw link https://www.linkedin.com/psettings/privacy
============ Checking for Redirections: https://www.linkedin.com/psettings/privacy
============ Followed Redirection to https://www.linkedin.com/uas/login?session_redirect=https%3A%2F%2Fwww.linkedin.com%2Fpsettings%2Fprivacy
============ Link after cleaning: https://www.linkedin.com/uas/login
============ Excluded based on allow/block list.
======== We are on link 107 of 153
========== raw link https://www.linkedin.com/mypreferences/d/data-sharing-for-permitted-services
============ Checking for Redirections: https://www.linkedin.com/mypreferences/d/data-sharing-for-permitted-services
============ Followed Redirection to https://www.linkedin.com/uas/login?session_redirect=https%3A%2F%2Fwww.linkedin.com%2Fmypreferences%2Fd%2Fdata-sharing-for-permitted-services
============ Link after cleaning: https://www.linkedin.com/uas/login
============ Excluded based on allow/block list.
======== We are on link 108 of 153
========== raw link https://www.linkedin.com/help/linkedin/answer/a1340507/
============ Checking for Redirections: https://www.linkedin.com/help/linkedin/answer/a1340507/
============ Link unchanged
========== scraping https://www.linkedin.com/help/linkedin/answer/a1340507/
======== We are on link 109 of 153
========== raw link https://www.linkedin.com/mypreferences/d/categories/profile-visibility
============ Checking for Redirections: https://www.linkedin.com/mypreferences/d/categories/profile-visibility
============ Followed Redirection to https://www.linkedin.com/uas/login?session_redirect=https%3A%2F%2Fwww.linkedin.com%2Fmypreferences%2Fd%2Fcategories%2Fprofile-visibility
============ Link after cleaning: https://www.linkedin.com/uas/login
============ Excluded based on allow/block list.
======== We are on link 110 of 153
========== raw link https://www.linkedin.com/help/linkedin/answer/a6215608
============ Checking for Redirections: https://www.linkedin.com/help/linkedin/answer/a6215608
============ Link unchanged
========== scraping https://www.linkedin.com/help/linkedin/answer/a6215608
======== We are on link 111 of 153
========== raw link https://www.linkedin.com/help/linkedin/answer/16880?trk=microsites-frontend_legal_privacy-policy&lang=en
============ Checking for Redirections: https://www.linkedin.com/help/linkedin/answer/16880?trk=microsites-frontend_legal_privacy-policy&lang=en
============ Followed Redirection to https://www.linkedin.com/help/linkedin/answer/a1340284/?trk=microsites-frontend_legal_privacy-policy&lang=en
============ Link after cleaning: https://www.linkedin.com/help/linkedin/answer/a1340284/
========== scraping https://www.linkedin.com/help/linkedin/answer/a1340284/
======== We are on link 112 of 153
========== raw link https://www.linkedin.com/legal/transparency
============ Checking for Redirections: https://www.linkedin.com/legal/transparency
============ Followed Redirection to https://about.linkedin.com/transparency
============ Link after cleaning: https://about.linkedin.com/transparency
========== link already checked
======== We are on link 113 of 153
========== raw link https://www.linkedin.com/help/linkedin/answer/66?trk=microsites-frontend_legal_privacy-policy&lang=en
============ Checking for Redirections: https://www.linkedin.com/help/linkedin/answer/66?trk=microsites-frontend_legal_privacy-policy&lang=en
============ Followed Redirection to https://www.linkedin.com/help/linkedin/answer/a1337839/?trk=microsites-frontend_legal_privacy-policy&lang=en
============ Link after cleaning: https://www.linkedin.com/help/linkedin/answer/a1337839/
========== scraping https://www.linkedin.com/help/linkedin/answer/a1337839/
======== We are on link 114 of 153
========== raw link https://www.linkedin.com/profile/edit
============ Checking for Redirections: https://www.linkedin.com/profile/edit
============ Followed Redirection to https://www.linkedin.com/uas/login?session_redirect=https%3A%2F%2Fwww.linkedin.com%2Fprofile%2Fedit
============ Link after cleaning: https://www.linkedin.com/uas/login
============ Excluded based on allow/block list.
======== We are on link 115 of 153
========== raw link https://www.linkedin.com/help/linkedin/answer/431?trk=microsites-frontend_legal_privacy-policy&lang=en
============ Checking for Redirections: https://www.linkedin.com/help/linkedin/answer/431?trk=microsites-frontend_legal_privacy-policy&lang=en
============ Followed Redirection to https://www.linkedin.com/help/linkedin/answer/a523141/?trk=microsites-frontend_legal_privacy-policy&lang=en
============ Link after cleaning: https://www.linkedin.com/help/linkedin/answer/a523141/
========== scraping https://www.linkedin.com/help/linkedin/answer/a523141/
======== We are on link 116 of 153
========== raw link https://www.linkedin.com/help/linkedin/answer/62931?trk=microsites-frontend_legal_privacy-policy&lang=en
============ Checking for Redirections: https://www.linkedin.com/help/linkedin/answer/62931?trk=microsites-frontend_legal_privacy-policy&lang=en
============ Followed Redirection to https://www.linkedin.com/help/linkedin/answer/a1342443/?trk=microsites-frontend_legal_privacy-policy&lang=en
============ Link after cleaning: https://www.linkedin.com/help/linkedin/answer/a1342443/
========== link already checked
======== We are on link 117 of 153
========== raw link https://www.linkedin.com/psettings/messages
============ Checking for Redirections: https://www.linkedin.com/psettings/messages
============ Followed Redirection to https://www.linkedin.com/uas/login?session_redirect=https%3A%2F%2Fwww.linkedin.com%2Fpsettings%2Fmessages
============ Link after cleaning: https://www.linkedin.com/uas/login
============ Excluded based on allow/block list.
======== We are on link 118 of 153
========== raw link https://www.linkedin.com/psettings/privacy
============ Checking for Redirections: https://www.linkedin.com/psettings/privacy
============ Followed Redirection to https://www.linkedin.com/uas/login?session_redirect=https%3A%2F%2Fwww.linkedin.com%2Fpsettings%2Fprivacy
============ Link after cleaning: https://www.linkedin.com/uas/login
============ Excluded based on allow/block list.
======== We are on link 119 of 153
========== raw link https://www.linkedin.com/help/linkedin/answer/a1342613/
============ Checking for Redirections: https://www.linkedin.com/help/linkedin/answer/a1342613/
============ Link unchanged
========== scraping https://www.linkedin.com/help/linkedin/answer/a1342613/
======== We are on link 120 of 153
========== raw link https://www.linkedin.com/help/linkedin/answer/a1336621/
============ Checking for Redirections: https://www.linkedin.com/help/linkedin/answer/a1336621/
============ Link unchanged
========== scraping https://www.linkedin.com/help/linkedin/answer/a1336621/
======== We are on link 121 of 153
========== raw link https://www.linkedin.com/help/linkedin/answer/a1338610
============ Checking for Redirections: https://www.linkedin.com/help/linkedin/answer/a1338610
============ Link unchanged
========== scraping https://www.linkedin.com/help/linkedin/answer/a1338610
======== We are on link 122 of 153
========== raw link https://www.linkedin.com/help/linkedin/answer/a1339364/
============ Checking for Redirections: https://www.linkedin.com/help/linkedin/answer/a1339364/
============ Link unchanged
========== scraping https://www.linkedin.com/help/linkedin/answer/a1339364/
======== We are on link 123 of 153
========== raw link https://www.linkedin.com/help/linkedin/answer/50191?trk=microsites-frontend_legal_privacy-policy&lang=en
============ Checking for Redirections: https://www.linkedin.com/help/linkedin/answer/50191?trk=microsites-frontend_legal_privacy-policy&lang=en
============ Followed Redirection to https://www.linkedin.com/help/linkedin/answer/a1339364/?trk=microsites-frontend_legal_privacy-policy&lang=en
============ Link after cleaning: https://www.linkedin.com/help/linkedin/answer/a1339364/
========== link already checked
======== We are on link 124 of 153
========== raw link https://www.linkedin.com/legal/privacy/eu
============ Checking for Redirections: https://www.linkedin.com/legal/privacy/eu
============ Link unchanged
========== link already checked
======== We are on link 125 of 153
========== raw link https://privacy.linkedin.com/regionalinfo
============ Checking for Redirections: https://privacy.linkedin.com/regionalinfo
============ Link unchanged
========== link already checked
======== We are on link 126 of 153
========== raw link https://www.linkedin.com/help/linkedin/answer/63?trk=microsites-frontend_legal_privacy-policy&lang=en
============ Checking for Redirections: https://www.linkedin.com/help/linkedin/answer/63?trk=microsites-frontend_legal_privacy-policy&lang=en
============ Followed Redirection to https://www.linkedin.com/help/linkedin/answer/a1379064/?trk=microsites-frontend_legal_privacy-policy&lang=en
============ Link after cleaning: https://www.linkedin.com/help/linkedin/answer/a1379064/
========== link already checked
======== We are on link 127 of 153
========== raw link https://www.linkedin.com/help/linkedin/answer/82934?trk=microsites-frontend_legal_privacy-policy&lang=en
============ Checking for Redirections: https://www.linkedin.com/help/linkedin/answer/82934?trk=microsites-frontend_legal_privacy-policy&lang=en
============ Followed Redirection to https://www.linkedin.com/help/linkedin/answer/a1340522/?trk=microsites-frontend_legal_privacy-policy&lang=en
============ Link after cleaning: https://www.linkedin.com/help/linkedin/answer/a1340522/
========== scraping https://www.linkedin.com/help/linkedin/answer/a1340522/
======== We are on link 128 of 153
========== raw link https://www.linkedin.com/help/linkedin/answer/34593?trk=microsites-frontend_legal_privacy-policy&lang=en
============ Checking for Redirections: https://www.linkedin.com/help/linkedin/answer/34593?trk=microsites-frontend_legal_privacy-policy&lang=en
============ Followed Redirection to https://www.linkedin.com/help/linkedin/answer/a403269/?trk=microsites-frontend_legal_privacy-policy&lang=en
============ Link after cleaning: https://www.linkedin.com/help/linkedin/answer/a403269/
========== link already checked
======== We are on link 129 of 153
========== raw link https://safety.linkedin.com/
============ Checking for Redirections: https://safety.linkedin.com/
============ Followed Redirection to https://about.linkedin.com/transparency
============ Link after cleaning: https://about.linkedin.com/transparency
========== link already checked
======== We are on link 130 of 153
========== raw link https://www.linkedin.com/help/linkedin/answer/531?trk=microsites-frontend_legal_privacy-policy&lang=en
============ Checking for Redirections: https://www.linkedin.com/help/linkedin/answer/531?trk=microsites-frontend_legal_privacy-policy&lang=en
============ Followed Redirection to https://www.linkedin.com/help/linkedin/answer/a1358878/?trk=microsites-frontend_legal_privacy-policy&lang=en
============ Link after cleaning: https://www.linkedin.com/help/linkedin/answer/a1358878/
========== scraping https://www.linkedin.com/help/linkedin/answer/a1358878/
======== We are on link 131 of 153
========== raw link https://www.linkedin.com/help/linkedin/answer/62533?trk=microsites-frontend_legal_privacy-policy&lang=en
============ Checking for Redirections: https://www.linkedin.com/help/linkedin/answer/62533?trk=microsites-frontend_legal_privacy-policy&lang=en
============ Followed Redirection to https://www.linkedin.com/help/linkedin/answer/a1343190/?trk=microsites-frontend_legal_privacy-policy&lang=en
============ Link after cleaning: https://www.linkedin.com/help/linkedin/answer/a1343190/
========== scraping https://www.linkedin.com/help/linkedin/answer/a1343190/
======== We are on link 132 of 153
========== raw link https://www.linkedin.com/help/linkedin/answer/89878?trk=microsites-frontend_legal_privacy-policy&lang=en
============ Checking for Redirections: https://www.linkedin.com/help/linkedin/answer/89878?trk=microsites-frontend_legal_privacy-policy&lang=en
============ Followed Redirection to https://www.linkedin.com/help/linkedin/answer/a1335592/?trk=microsites-frontend_legal_privacy-policy&lang=en
============ Link after cleaning: https://www.linkedin.com/help/linkedin/answer/a1335592/
========== scraping https://www.linkedin.com/help/linkedin/answer/a1335592/
======== We are on link 133 of 153
========== raw link #key-terms-5
========== dropped link (either fragment ("#"), js, mailto, comment, pdf, or empty)
======== We are on link 134 of 153
========== raw link https://www.linkedin.com/help/linkedin/answer/89878?trk=microsites-frontend_legal_privacy-policy&lang=en
============ Checking for Redirections: https://www.linkedin.com/help/linkedin/answer/89878?trk=microsites-frontend_legal_privacy-policy&lang=en
============ Followed Redirection to https://www.linkedin.com/help/linkedin/answer/a1335592/?trk=microsites-frontend_legal_privacy-policy&lang=en
============ Link after cleaning: https://www.linkedin.com/help/linkedin/answer/a1335592/
========== link already checked
======== We are on link 135 of 153
========== raw link https://www.linkedin.com/help/linkedin/ask/TSO-DPO
============ Checking for Redirections: https://www.linkedin.com/help/linkedin/ask/TSO-DPO
============ Link unchanged
========== scraping https://www.linkedin.com/help/linkedin/ask/TSO-DPO
======== We are on link 136 of 153
========== raw link https://www.linkedin.com/legal/privacy/eu
============ Checking for Redirections: https://www.linkedin.com/legal/privacy/eu
============ Link unchanged
========== link already checked
======== We are on link 137 of 153
========== raw link https://www.linkedin.com/help/linkedin/answer/68763?trk=microsites-frontend_legal_privacy-policy&lang=en
============ Checking for Redirections: https://www.linkedin.com/help/linkedin/answer/68763?trk=microsites-frontend_legal_privacy-policy&lang=en
============ Followed Redirection to https://www.linkedin.com/help/linkedin/answer/a1340485/?trk=microsites-frontend_legal_privacy-policy&lang=en
============ Link after cleaning: https://www.linkedin.com/help/linkedin/answer/a1340485/
========== scraping https://www.linkedin.com/help/linkedin/answer/a1340485/
======== We are on link 138 of 153
========== raw link http://www.linkedin.com/help/legacy/redirect/app/ask/path/ppq/loc/na/trk/microsites-frontend_legal_privacy-policy/
============ Checking for Redirections: http://www.linkedin.com/help/legacy/redirect/app/ask/path/ppq/loc/na/trk/microsites-frontend_legal_privacy-policy/
============ Followed Redirection to https://www.linkedin.com/help/linkedin/ask/ppq
============ Link after cleaning: https://www.linkedin.com/help/linkedin/ask/ppq
========== scraping https://www.linkedin.com/help/linkedin/ask/ppq
======== We are on link 139 of 153
========== raw link https://www.linkedin.com/help/linkedin/answer/79728?trk=microsites-frontend_legal_privacy-policy&lang=en
============ Checking for Redirections: https://www.linkedin.com/help/linkedin/answer/79728?trk=microsites-frontend_legal_privacy-policy&lang=en
============ Followed Redirection to https://www.linkedin.com/help/linkedin/answer/a1338533/?trk=microsites-frontend_legal_privacy-policy&lang=en
============ Link after cleaning: https://www.linkedin.com/help/linkedin/answer/a1338533/
========== link already checked
======== We are on link 140 of 153
========== raw link https://www.linkedin.com/help/linkedin/answer/80432?trk=microsites-frontend_legal_privacy-policy&lang=en
============ Checking for Redirections: https://www.linkedin.com/help/linkedin/answer/80432?trk=microsites-frontend_legal_privacy-policy&lang=en
============ Followed Redirection to https://www.linkedin.com/help/linkedin/answer/a1340513/?trk=microsites-frontend_legal_privacy-policy&lang=en
============ Link after cleaning: https://www.linkedin.com/help/linkedin/answer/a1340513/
========== scraping https://www.linkedin.com/help/linkedin/answer/a1340513/
======== We are on link 141 of 153
========== raw link https://www.linkedin.com/help/linkedin/answer/89877?trk=microsites-frontend_legal_privacy-policy&lang=en
============ Checking for Redirections: https://www.linkedin.com/help/linkedin/answer/89877?trk=microsites-frontend_legal_privacy-policy&lang=en
============ Followed Redirection to https://www.linkedin.com/help/linkedin/answer/a1339576/?trk=microsites-frontend_legal_privacy-policy&lang=en
============ Link after cleaning: https://www.linkedin.com/help/linkedin/answer/a1339576/
========== scraping https://www.linkedin.com/help/linkedin/answer/a1339576/
======== We are on link 142 of 153
========== raw link https://privacy.linkedin.com/regionalinfo
============ Checking for Redirections: https://privacy.linkedin.com/regionalinfo
============ Link unchanged
========== link already checked
======== We are on link 143 of 153
========== raw link https://www.linkedin.com/help/linkedin/ask/TSO-DPO
============ Checking for Redirections: https://www.linkedin.com/help/linkedin/ask/TSO-DPO
============ Link unchanged
========== link already checked
======== We are on link 144 of 153
========== raw link https://www.linkedin.com/help/linkedin/answer/80432?trk=microsites-frontend_legal_privacy-policy&lang=en
============ Checking for Redirections: https://www.linkedin.com/help/linkedin/answer/80432?trk=microsites-frontend_legal_privacy-policy&lang=en
============ Followed Redirection to https://www.linkedin.com/help/linkedin/answer/a1340513/?trk=microsites-frontend_legal_privacy-policy&lang=en
============ Link after cleaning: https://www.linkedin.com/help/linkedin/answer/a1340513/
========== link already checked
======== We are on link 145 of 153
========== raw link https://about.linkedin.com?trk=content_footer-about
============ Checking for Redirections: https://about.linkedin.com?trk=content_footer-about
============ Followed Redirection to https://about.linkedin.com/?trk=content_footer-about
============ Link after cleaning: https://about.linkedin.com/
========== link already checked
======== We are on link 146 of 153
========== raw link https://www.linkedin.com/accessibility?trk=content_footer-accessibility
============ Checking for Redirections: https://www.linkedin.com/accessibility?trk=content_footer-accessibility
============ Link after cleaning: https://www.linkedin.com/accessibility
========== link already checked
======== We are on link 147 of 153
========== raw link https://www.linkedin.com/legal/user-agreement?trk=content_footer-user-agreement
============ Checking for Redirections: https://www.linkedin.com/legal/user-agreement?trk=content_footer-user-agreement
============ Link after cleaning: https://www.linkedin.com/legal/user-agreement
========== link already checked
======== We are on link 148 of 153
========== raw link https://www.linkedin.com/legal/privacy-policy?trk=content_footer-privacy-policy
============ Checking for Redirections: https://www.linkedin.com/legal/privacy-policy?trk=content_footer-privacy-policy
============ Link after cleaning: https://www.linkedin.com/legal/privacy-policy
========== link already checked
======== We are on link 149 of 153
========== raw link https://www.linkedin.com/legal/cookie-policy?trk=content_footer-cookie-policy
============ Checking for Redirections: https://www.linkedin.com/legal/cookie-policy?trk=content_footer-cookie-policy
============ Link after cleaning: https://www.linkedin.com/legal/cookie-policy
========== link already checked
======== We are on link 150 of 153
========== raw link https://www.linkedin.com/legal/copyright-policy?trk=content_footer-copyright-policy
============ Checking for Redirections: https://www.linkedin.com/legal/copyright-policy?trk=content_footer-copyright-policy
============ Link after cleaning: https://www.linkedin.com/legal/copyright-policy
========== link already checked
======== We are on link 151 of 153
========== raw link https://brand.linkedin.com/policies?trk=content_footer-brand-policy
============ Checking for Redirections: https://brand.linkedin.com/policies?trk=content_footer-brand-policy
============ Followed Redirection to https://brand.linkedin.com/en-us?trk=content_footer-brand-policy
============ Link after cleaning: https://brand.linkedin.com/en-us
========== link already checked
======== We are on link 152 of 153
========== raw link https://www.linkedin.com/psettings/guest-controls?trk=content_footer-guest-controls
============ Checking for Redirections: https://www.linkedin.com/psettings/guest-controls?trk=content_footer-guest-controls
============ Link after cleaning: https://www.linkedin.com/psettings/guest-controls
========== link already checked
======== We are on link 153 of 153
========== raw link https://www.linkedin.com/help/linkedin/answer/34593?trk=content_footer-community-guide
============ Checking for Redirections: https://www.linkedin.com/help/linkedin/answer/34593?trk=content_footer-community-guide
============ Followed Redirection to https://www.linkedin.com/help/linkedin/answer/a403269/?trk=content_footer-community-guide
============ Link after cleaning: https://www.linkedin.com/help/linkedin/answer/a403269/
========== link already checked
====== We are on page 5 of 16: https://about.linkedin.com/
====== Number of Links on this Page: 14
======== We are on link 1 of 14
========== raw link http://linkedin.com/?src=direct%2Fnone&veh=direct%2Fnone
============ Checking for Redirections: http://linkedin.com/?src=direct%2Fnone&veh=direct%2Fnone
============ Followed Redirection to https://www.linkedin.com/?src=direct%2Fnone&veh=direct%2Fnone
============ Link after cleaning: https://www.linkedin.com/
========== scraping https://www.linkedin.com/
======== We are on link 2 of 14
========== raw link https://www.linkedin.com/in/reidhoffman/?src=direct%2Fnone&veh=direct%2Fnone
============ Checking for Redirections: https://www.linkedin.com/in/reidhoffman/?src=direct%2Fnone&veh=direct%2Fnone
============ Followed Redirection to https://www.linkedin.com/authwall?trk=bf&trkInfo=AQH5-TEh-U-66gAAAZZpREE4jLrz75I1ft50el8XgoeEj7sfxNaSdxlNEjmTd5qrdccM5OWSBeNeV8keSs3dZGCSCUhhxC6Zu5cje4FZ60W6HFhY9vv_PN6T5_yLcuVmPcA0zfQ=&original_referer=&sessionRedirect=https%3A%2F%2Fwww.linkedin.com%2Fin%2Freidhoffman%2F%3Fsrc%3Ddirect%252Fnone%26veh%3Ddirect%252Fnone
============ Link after cleaning: https://www.linkedin.com/authwall
========== link already checked
======== We are on link 3 of 14
========== raw link https://www.linkedin.com/in/ryanroslansky/?src=direct%2Fnone&veh=direct%2Fnone
============ Checking for Redirections: https://www.linkedin.com/in/ryanroslansky/?src=direct%2Fnone&veh=direct%2Fnone
============ Followed Redirection to https://www.linkedin.com/authwall?trk=bf&trkInfo=AQG1_DMyGXPCcAAAAZZpREkIhsEDLFFGbZxAv0BNYma9d7YZEBK1K8SCBxByGsIsqw_3Su9zLlNJr0fsOglhSzD0tZMseCkjYVYfgMmgGaDEL7FSbFtL-RZLqyy6d1JLp5SFFvo=&original_referer=&sessionRedirect=https%3A%2F%2Fwww.linkedin.com%2Fin%2Fryanroslansky%2F%3Fsrc%3Ddirect%252Fnone%26veh%3Ddirect%252Fnone
============ Link after cleaning: https://www.linkedin.com/authwall
========== link already checked
======== We are on link 4 of 14
========== raw link https://business.linkedin.com/
============ Checking for Redirections: https://business.linkedin.com/
============ Link unchanged
========== scraping https://business.linkedin.com/
======== We are on link 5 of 14
========== raw link https://www.linkedin.com/company/linkedin?src=direct%2Fnone&veh=direct%2Fnone
============ Checking for Redirections: https://www.linkedin.com/company/linkedin?src=direct%2Fnone&veh=direct%2Fnone
============ Followed Redirection to https://www.linkedin.com/authwall?trk=bf&trkInfo=AQHjel5vt6my3wAAAZZpRFTAYgKOsvumcpNLPeCfQ8cmKNoiS6L1xQ5GpV4k7Z9x7b2Mhb7AwUwxr_FW974v07FlCJG8yl5txiJTNGHca9uNHkxdhVIEQjRoqew1FwuiTxTCs1k=&original_referer=&sessionRedirect=https%3A%2F%2Fwww.linkedin.com%2Fcompany%2Flinkedin%3Fsrc%3Ddirect%252Fnone%26veh%3Ddirect%252Fnone
============ Link after cleaning: https://www.linkedin.com/authwall
========== link already checked
======== We are on link 6 of 14
========== raw link https://news.linkedin.com/
============ Checking for Redirections: https://news.linkedin.com/
============ Link unchanged
========== scraping https://news.linkedin.com/
======== We are on link 7 of 14
========== raw link https://brand.linkedin.com/policies
============ Checking for Redirections: https://brand.linkedin.com/policies
============ Followed Redirection to https://brand.linkedin.com/en-us
============ Link after cleaning: https://brand.linkedin.com/en-us
========== link already checked
======== We are on link 8 of 14
========== raw link https://about.linkedin.com
============ Checking for Redirections: https://about.linkedin.com
============ Followed Redirection to https://about.linkedin.com/
============ Link after cleaning: https://about.linkedin.com/
========== link already checked
======== We are on link 9 of 14
========== raw link https://www.linkedin.com/legal/cookie-policy?src=direct%2Fnone&veh=direct%2Fnone
============ Checking for Redirections: https://www.linkedin.com/legal/cookie-policy?src=direct%2Fnone&veh=direct%2Fnone
============ Link after cleaning: https://www.linkedin.com/legal/cookie-policy
========== link already checked
======== We are on link 10 of 14
========== raw link https://www.linkedin.com/legal/privacy-policy?src=direct%2Fnone&veh=direct%2Fnone
============ Checking for Redirections: https://www.linkedin.com/legal/privacy-policy?src=direct%2Fnone&veh=direct%2Fnone
============ Link after cleaning: https://www.linkedin.com/legal/privacy-policy
========== link already checked
======== We are on link 11 of 14
========== raw link https://www.linkedin.com/legal/california-privacy-disclosure?src=direct%2Fnone&veh=direct%2Fnone
============ Checking for Redirections: https://www.linkedin.com/legal/california-privacy-disclosure?src=direct%2Fnone&veh=direct%2Fnone
============ Link after cleaning: https://www.linkedin.com/legal/california-privacy-disclosure
========== link already checked
======== We are on link 12 of 14
========== raw link https://www.linkedin.com/legal/user-agreement?src=direct%2Fnone&veh=direct%2Fnone
============ Checking for Redirections: https://www.linkedin.com/legal/user-agreement?src=direct%2Fnone&veh=direct%2Fnone
============ Link after cleaning: https://www.linkedin.com/legal/user-agreement
========== link already checked
======== We are on link 13 of 14
========== raw link https://www.linkedin.com/accessibility?src=direct%2Fnone&veh=direct%2Fnone
============ Checking for Redirections: https://www.linkedin.com/accessibility?src=direct%2Fnone&veh=direct%2Fnone
============ Link after cleaning: https://www.linkedin.com/accessibility
========== link already checked
======== We are on link 14 of 14
========== raw link https://www.linkedin.com/legal/impressum?src=direct%2Fnone&veh=direct%2Fnone
============ Checking for Redirections: https://www.linkedin.com/legal/impressum?src=direct%2Fnone&veh=direct%2Fnone
============ Link after cleaning: https://www.linkedin.com/legal/impressum
========== scraping https://www.linkedin.com/legal/impressum
====== We are on page 6 of 16: https://www.linkedin.com/help/linkedin
====== Number of Links on this Page: 46
======== We are on link 1 of 46
========== raw link #a11y-main
========== dropped link (either fragment ("#"), js, mailto, comment, pdf, or empty)
======== We are on link 2 of 46
========== raw link #site-search-common-search-query
========== dropped link (either fragment ("#"), js, mailto, comment, pdf, or empty)
======== We are on link 3 of 46
========== raw link https://www.linkedin.com/help/linkedin
============ Checking for Redirections: https://www.linkedin.com/help/linkedin
============ Link unchanged
========== link already checked
======== We are on link 4 of 46
========== raw link /help/linkedin?trk=help_me_menu
============ Found Relative: joining https://www.linkedin.com/help/linkedin and /help/linkedin?trk=help_me_menu
============ Checking for Redirections: https://www.linkedin.com/help/linkedin?trk=help_me_menu
============ Link after cleaning: https://www.linkedin.com/help/linkedin
========== link already checked
======== We are on link 5 of 46
========== raw link /help/billing?trk=help_me_menu
============ Found Relative: joining https://www.linkedin.com/help/linkedin and /help/billing?trk=help_me_menu
============ Checking for Redirections: https://www.linkedin.com/help/billing?trk=help_me_menu
============ Link after cleaning: https://www.linkedin.com/help/billing
========== scraping https://www.linkedin.com/help/billing
======== We are on link 6 of 46
========== raw link /help/learning?trk=help_me_menu
============ Found Relative: joining https://www.linkedin.com/help/linkedin and /help/learning?trk=help_me_menu
============ Checking for Redirections: https://www.linkedin.com/help/learning?trk=help_me_menu
============ Link after cleaning: https://www.linkedin.com/help/learning
========== scraping https://www.linkedin.com/help/learning
======== We are on link 7 of 46
========== raw link /help/lms?trk=help_me_menu
============ Found Relative: joining https://www.linkedin.com/help/linkedin and /help/lms?trk=help_me_menu
============ Checking for Redirections: https://www.linkedin.com/help/lms?trk=help_me_menu
============ Link after cleaning: https://www.linkedin.com/help/lms
========== scraping https://www.linkedin.com/help/lms
======== We are on link 8 of 46
========== raw link /help/recruiter?trk=help_me_menu
============ Found Relative: joining https://www.linkedin.com/help/linkedin and /help/recruiter?trk=help_me_menu
============ Checking for Redirections: https://www.linkedin.com/help/recruiter?trk=help_me_menu
============ Link after cleaning: https://www.linkedin.com/help/recruiter
========== scraping https://www.linkedin.com/help/recruiter
======== We are on link 9 of 46
========== raw link /help/sales-navigator?trk=help_me_menu
============ Found Relative: joining https://www.linkedin.com/help/linkedin and /help/sales-navigator?trk=help_me_menu
============ Checking for Redirections: https://www.linkedin.com/help/sales-navigator?trk=help_me_menu
============ Link after cleaning: https://www.linkedin.com/help/sales-navigator
========== scraping https://www.linkedin.com/help/sales-navigator
======== We are on link 10 of 46
========== raw link /help/talent-insights?trk=help_me_menu
============ Found Relative: joining https://www.linkedin.com/help/linkedin and /help/talent-insights?trk=help_me_menu
============ Checking for Redirections: https://www.linkedin.com/help/talent-insights?trk=help_me_menu
============ Link after cleaning: https://www.linkedin.com/help/talent-insights
========== scraping https://www.linkedin.com/help/talent-insights
======== We are on link 11 of 46
========== raw link https://www.linkedin.com/?trk=help_me_menu
============ Checking for Redirections: https://www.linkedin.com/?trk=help_me_menu
============ Link after cleaning: https://www.linkedin.com/
========== link already checked
======== We are on link 12 of 46
========== raw link https://www.linkedin.com/checkpoint/lg/login?session_redirect=https%3A%2F%2Fwww%2Elinkedin%2Ecom%2Fhelp%2Flinkedin&trk=help_me_menu
========== dropped link https://www.linkedin.com/checkpoint/lg/login?session_redirect=https%3A%2F%2Fwww%2Elinkedin%2Ecom%2Fhelp%2Flinkedin&trk=help_me_menu. Didn't pass first allows/blocks test.
======== We are on link 13 of 46
========== raw link https://www.linkedin.com/checkpoint/lg/login?session_redirect=https%3A%2F%2Fwww%2Elinkedin%2Ecom%2Fhelp%2Flinkedin
========== dropped link https://www.linkedin.com/checkpoint/lg/login?session_redirect=https%3A%2F%2Fwww%2Elinkedin%2Ecom%2Fhelp%2Flinkedin. Didn't pass first allows/blocks test.
======== We are on link 14 of 46
========== raw link https://www.linkedin.com/checkpoint/lg/login?session_redirect=https%3A%2F%2Fwww%2Elinkedin%2Ecom%2Fhelp%2Flinkedin
========== dropped link https://www.linkedin.com/checkpoint/lg/login?session_redirect=https%3A%2F%2Fwww%2Elinkedin%2Ecom%2Fhelp%2Flinkedin. Didn't pass first allows/blocks test.
======== We are on link 15 of 46
========== raw link /legal/professional-community-policies?trk=hc-hp-support
============ Found Relative: joining https://www.linkedin.com/help/linkedin and /legal/professional-community-policies?trk=hc-hp-support
============ Checking for Redirections: https://www.linkedin.com/legal/professional-community-policies?trk=hc-hp-support
============ Link after cleaning: https://www.linkedin.com/legal/professional-community-policies
========== link already checked
======== We are on link 16 of 46
========== raw link //safety.linkedin.com?trk=hc-hp-support
============ Prepended scheme.
============ Checking for Redirections: https://safety.linkedin.com?trk=hc-hp-support
============ Followed Redirection to https://about.linkedin.com/transparency?trk=hc-hp-support
============ Link after cleaning: https://about.linkedin.com/transparency
========== link already checked
======== We are on link 17 of 46
========== raw link //linkedin-status.com
============ Prepended scheme.
========== dropped link https://linkedin-status.com. Didn't pass first allows/blocks test.
======== We are on link 18 of 46
========== raw link /psettings/email?trk=hc-hp-shortcuts
============ Found Relative: joining https://www.linkedin.com/help/linkedin and /psettings/email?trk=hc-hp-shortcuts
============ Checking for Redirections: https://www.linkedin.com/psettings/email?trk=hc-hp-shortcuts
============ Followed Redirection to https://www.linkedin.com/uas/login?session_redirect=https%3A%2F%2Fwww.linkedin.com%2Fpsettings%2Femail%3Ftrk%3Dhc-hp-shortcuts
============ Link after cleaning: https://www.linkedin.com/uas/login
============ Excluded based on allow/block list.
======== We are on link 19 of 46
========== raw link /uas/request-password-reset?trk=hc-hp-shortcuts
============ Found Relative: joining https://www.linkedin.com/help/linkedin and /uas/request-password-reset?trk=hc-hp-shortcuts
============ Checking for Redirections: https://www.linkedin.com/uas/request-password-reset?trk=hc-hp-shortcuts
============ Followed Redirection to https://www.linkedin.com/uas/request-password-reset?trk=hc-hp-shortcuts&original_referer=
============ Link after cleaning: https://www.linkedin.com/uas/request-password-reset
========== scraping https://www.linkedin.com/uas/request-password-reset
======== We are on link 20 of 46
========== raw link /help/linkedin/answer/a545578?trk=hc-hp-shortcuts
============ Found Relative: joining https://www.linkedin.com/help/linkedin and /help/linkedin/answer/a545578?trk=hc-hp-shortcuts
============ Checking for Redirections: https://www.linkedin.com/help/linkedin/answer/a545578?trk=hc-hp-shortcuts
============ Link after cleaning: https://www.linkedin.com/help/linkedin/answer/a545578
========== scraping https://www.linkedin.com/help/linkedin/answer/a545578
======== We are on link 21 of 46
========== raw link /psettings/account-management/close-action-needed?trk=hc-hp-shortcuts
============ Found Relative: joining https://www.linkedin.com/help/linkedin and /psettings/account-management/close-action-needed?trk=hc-hp-shortcuts
============ Checking for Redirections: https://www.linkedin.com/psettings/account-management/close-action-needed?trk=hc-hp-shortcuts
============ Followed Redirection to https://www.linkedin.com/uas/login?session_redirect=https%3A%2F%2Fwww.linkedin.com%2Fpsettings%2Faccount-management%2Fclose-action-needed%3Ftrk%3Dhc-hp-shortcuts
============ Link after cleaning: https://www.linkedin.com/uas/login
============ Excluded based on allow/block list.
======== We are on link 22 of 46
========== raw link /help/linkedin/answer/a518980?trk=hc-hp-shortcuts
============ Found Relative: joining https://www.linkedin.com/help/linkedin and /help/linkedin/answer/a518980?trk=hc-hp-shortcuts
============ Checking for Redirections: https://www.linkedin.com/help/linkedin/answer/a518980?trk=hc-hp-shortcuts
============ Link after cleaning: https://www.linkedin.com/help/linkedin/answer/a518980
========== scraping https://www.linkedin.com/help/linkedin/answer/a518980
======== We are on link 23 of 46
========== raw link /help/linkedin/answer/a512388?trk=hc-hp-shortcuts
============ Found Relative: joining https://www.linkedin.com/help/linkedin and /help/linkedin/answer/a512388?trk=hc-hp-shortcuts
============ Checking for Redirections: https://www.linkedin.com/help/linkedin/answer/a512388?trk=hc-hp-shortcuts
============ Link after cleaning: https://www.linkedin.com/help/linkedin/answer/a512388
========== scraping https://www.linkedin.com/help/linkedin/answer/a512388
======== We are on link 24 of 46
========== raw link /help/linkedin/answer/a597870?trk=hc-hp-recommendedTopics
============ Found Relative: joining https://www.linkedin.com/help/linkedin and /help/linkedin/answer/a597870?trk=hc-hp-recommendedTopics
============ Checking for Redirections: https://www.linkedin.com/help/linkedin/answer/a597870?trk=hc-hp-recommendedTopics
============ Link after cleaning: https://www.linkedin.com/help/linkedin/answer/a597870
========== scraping https://www.linkedin.com/help/linkedin/answer/a597870
======== We are on link 25 of 46
========== raw link /help/linkedin/topic/a51?trk=hc-hp-recommendedTopics
============ Found Relative: joining https://www.linkedin.com/help/linkedin and /help/linkedin/topic/a51?trk=hc-hp-recommendedTopics
============ Checking for Redirections: https://www.linkedin.com/help/linkedin/topic/a51?trk=hc-hp-recommendedTopics
============ Link after cleaning: https://www.linkedin.com/help/linkedin/topic/a51
========== scraping https://www.linkedin.com/help/linkedin/topic/a51
======== We are on link 26 of 46
========== raw link /help/linkedin/topic/a65?trk=hc-hp-recommendedTopics
============ Found Relative: joining https://www.linkedin.com/help/linkedin and /help/linkedin/topic/a65?trk=hc-hp-recommendedTopics
============ Checking for Redirections: https://www.linkedin.com/help/linkedin/topic/a65?trk=hc-hp-recommendedTopics
============ Link after cleaning: https://www.linkedin.com/help/linkedin/topic/a65
========== scraping https://www.linkedin.com/help/linkedin/topic/a65
======== We are on link 27 of 46
========== raw link /help/linkedin/topic/a58?trk=hc-hp-recommendedTopics
============ Found Relative: joining https://www.linkedin.com/help/linkedin and /help/linkedin/topic/a58?trk=hc-hp-recommendedTopics
============ Checking for Redirections: https://www.linkedin.com/help/linkedin/topic/a58?trk=hc-hp-recommendedTopics
============ Link after cleaning: https://www.linkedin.com/help/linkedin/topic/a58
========== scraping https://www.linkedin.com/help/linkedin/topic/a58
======== We are on link 28 of 46
========== raw link /help/linkedin/topic/a64?trk=hc-hp-recommendedTopics
============ Found Relative: joining https://www.linkedin.com/help/linkedin and /help/linkedin/topic/a64?trk=hc-hp-recommendedTopics
============ Checking for Redirections: https://www.linkedin.com/help/linkedin/topic/a64?trk=hc-hp-recommendedTopics
============ Link after cleaning: https://www.linkedin.com/help/linkedin/topic/a64
========== scraping https://www.linkedin.com/help/linkedin/topic/a64
======== We are on link 29 of 46
========== raw link /help/linkedin/topic/a151001?trk=hc-hp-recommendedTopics
============ Found Relative: joining https://www.linkedin.com/help/linkedin and /help/linkedin/topic/a151001?trk=hc-hp-recommendedTopics
============ Checking for Redirections: https://www.linkedin.com/help/linkedin/topic/a151001?trk=hc-hp-recommendedTopics
============ Link after cleaning: https://www.linkedin.com/help/linkedin/topic/a151001
========== scraping https://www.linkedin.com/help/linkedin/topic/a151001
======== We are on link 30 of 46
========== raw link /help/linkedin/topic/a153003?trk=hc-hp-recommendedTopics
============ Found Relative: joining https://www.linkedin.com/help/linkedin and /help/linkedin/topic/a153003?trk=hc-hp-recommendedTopics
============ Checking for Redirections: https://www.linkedin.com/help/linkedin/topic/a153003?trk=hc-hp-recommendedTopics
============ Link after cleaning: https://www.linkedin.com/help/linkedin/topic/a153003
========== scraping https://www.linkedin.com/help/linkedin/topic/a153003
======== We are on link 31 of 46
========== raw link /help/linkedin/answer/a517979?trk=hc-hp-suggestedArticles
============ Found Relative: joining https://www.linkedin.com/help/linkedin and /help/linkedin/answer/a517979?trk=hc-hp-suggestedArticles
============ Checking for Redirections: https://www.linkedin.com/help/linkedin/answer/a517979?trk=hc-hp-suggestedArticles
============ Link after cleaning: https://www.linkedin.com/help/linkedin/answer/a517979
========== scraping https://www.linkedin.com/help/linkedin/answer/a517979
======== We are on link 32 of 46
========== raw link /help/linkedin/answer/a545578?trk=hc-hp-suggestedArticles
============ Found Relative: joining https://www.linkedin.com/help/linkedin and /help/linkedin/answer/a545578?trk=hc-hp-suggestedArticles
============ Checking for Redirections: https://www.linkedin.com/help/linkedin/answer/a545578?trk=hc-hp-suggestedArticles
============ Link after cleaning: https://www.linkedin.com/help/linkedin/answer/a545578
========== link already checked
======== We are on link 33 of 46
========== raw link /help/linkedin/answer/a523141?trk=hc-hp-suggestedArticles
============ Found Relative: joining https://www.linkedin.com/help/linkedin and /help/linkedin/answer/a523141?trk=hc-hp-suggestedArticles
============ Checking for Redirections: https://www.linkedin.com/help/linkedin/answer/a523141?trk=hc-hp-suggestedArticles
============ Link after cleaning: https://www.linkedin.com/help/linkedin/answer/a523141
========== scraping https://www.linkedin.com/help/linkedin/answer/a523141
======== We are on link 34 of 46
========== raw link /help/linkedin/answer/a523397?trk=hc-hp-suggestedArticles
============ Found Relative: joining https://www.linkedin.com/help/linkedin and /help/linkedin/answer/a523397?trk=hc-hp-suggestedArticles
============ Checking for Redirections: https://www.linkedin.com/help/linkedin/answer/a523397?trk=hc-hp-suggestedArticles
============ Link after cleaning: https://www.linkedin.com/help/linkedin/answer/a523397
========== scraping https://www.linkedin.com/help/linkedin/answer/a523397
======== We are on link 35 of 46
========== raw link /help/linkedin/answer/a529062?trk=hc-hp-suggestedArticles
============ Found Relative: joining https://www.linkedin.com/help/linkedin and /help/linkedin/answer/a529062?trk=hc-hp-suggestedArticles
============ Checking for Redirections: https://www.linkedin.com/help/linkedin/answer/a529062?trk=hc-hp-suggestedArticles
============ Link after cleaning: https://www.linkedin.com/help/linkedin/answer/a529062
========== scraping https://www.linkedin.com/help/linkedin/answer/a529062
======== We are on link 36 of 46
========== raw link /help/linkedin/answer/a549563?trk=hc-hp-suggestedArticles
============ Found Relative: joining https://www.linkedin.com/help/linkedin and /help/linkedin/answer/a549563?trk=hc-hp-suggestedArticles
============ Checking for Redirections: https://www.linkedin.com/help/linkedin/answer/a549563?trk=hc-hp-suggestedArticles
============ Link after cleaning: https://www.linkedin.com/help/linkedin/answer/a549563
========== scraping https://www.linkedin.com/help/linkedin/answer/a549563
======== We are on link 37 of 46
========== raw link https://www.linkedin.com
============ Checking for Redirections: https://www.linkedin.com
============ Followed Redirection to https://www.linkedin.com/
============ Link after cleaning: https://www.linkedin.com/
========== link already checked
======== We are on link 38 of 46
========== raw link https://www.linkedin.com/help/linkedin/ask
============ Checking for Redirections: https://www.linkedin.com/help/linkedin/ask
============ Followed Redirection to https://www.linkedin.com/uas/login?session_redirect=https%3A%2F%2Fwww.linkedin.com%2Fhelp%2Flinkedin%2Fask
============ Link after cleaning: https://www.linkedin.com/uas/login
============ Excluded based on allow/block list.
======== We are on link 39 of 46
========== raw link https://about.linkedin.com
============ Checking for Redirections: https://about.linkedin.com
============ Followed Redirection to https://about.linkedin.com/
============ Link after cleaning: https://about.linkedin.com/
========== link already checked
======== We are on link 40 of 46
========== raw link https://safety.linkedin.com
============ Checking for Redirections: https://safety.linkedin.com
============ Followed Redirection to https://about.linkedin.com/transparency
============ Link after cleaning: https://about.linkedin.com/transparency
========== link already checked
======== We are on link 41 of 46
========== raw link https://www.linkedin.com/legal/cookie-policy
============ Checking for Redirections: https://www.linkedin.com/legal/cookie-policy
============ Link unchanged
========== link already checked
======== We are on link 42 of 46
========== raw link https://www.linkedin.com/legal/copyright-policy
============ Checking for Redirections: https://www.linkedin.com/legal/copyright-policy
============ Link unchanged
========== link already checked
======== We are on link 43 of 46
========== raw link https://www.linkedin.com/legal/user-agreement
============ Checking for Redirections: https://www.linkedin.com/legal/user-agreement
============ Link unchanged
========== link already checked
======== We are on link 44 of 46
========== raw link https://www.linkedin.com/legal/privacy-policy
============ Checking for Redirections: https://www.linkedin.com/legal/privacy-policy
============ Link unchanged
========== link already checked
======== We are on link 45 of 46
========== raw link https://www.linkedin.com/psettings/guest-controls
============ Checking for Redirections: https://www.linkedin.com/psettings/guest-controls
============ Link unchanged
========== link already checked
======== We are on link 46 of 46
========== raw link https://www.linkedin.com/legal/california-privacy-disclosure
============ Checking for Redirections: https://www.linkedin.com/legal/california-privacy-disclosure
============ Link unchanged
========== link already checked
====== We are on page 7 of 16: https://about.linkedin.com/transparency
====== Number of Links on this Page: 55
======== We are on link 1 of 55
========== raw link /transparency
============ Found Relative: joining https://about.linkedin.com/transparency and /transparency
============ Checking for Redirections: https://about.linkedin.com/transparency
============ Link after cleaning: https://about.linkedin.com/transparency
========== link already checked
======== We are on link 2 of 55
========== raw link /transparency/community-report
============ Found Relative: joining https://about.linkedin.com/transparency and /transparency/community-report
============ Checking for Redirections: https://about.linkedin.com/transparency/community-report
============ Link after cleaning: https://about.linkedin.com/transparency/community-report
========== scraping https://about.linkedin.com/transparency/community-report
======== We are on link 3 of 55
========== raw link /transparency/government-requests-report
============ Found Relative: joining https://about.linkedin.com/transparency and /transparency/government-requests-report
============ Checking for Redirections: https://about.linkedin.com/transparency/government-requests-report
============ Link after cleaning: https://about.linkedin.com/transparency/government-requests-report
========== scraping https://about.linkedin.com/transparency/government-requests-report
======== We are on link 4 of 55
========== raw link /transparency/community-report
============ Found Relative: joining https://about.linkedin.com/transparency and /transparency/community-report
============ Checking for Redirections: https://about.linkedin.com/transparency/community-report
============ Link after cleaning: https://about.linkedin.com/transparency/community-report
========== link already checked
======== We are on link 5 of 55
========== raw link /transparency/community-report#fake-accounts
============ Found Relative: joining https://about.linkedin.com/transparency and /transparency/community-report#fake-accounts
============ Checking for Redirections: https://about.linkedin.com/transparency/community-report#fake-accounts
============ Followed Redirection to https://about.linkedin.com/transparency/community-report
============ Link after cleaning: https://about.linkedin.com/transparency/community-report
========== link already checked
======== We are on link 6 of 55
========== raw link /transparency/community-report#spam-scams
============ Found Relative: joining https://about.linkedin.com/transparency and /transparency/community-report#spam-scams
============ Checking for Redirections: https://about.linkedin.com/transparency/community-report#spam-scams
============ Link after cleaning: https://about.linkedin.com/transparency/community-report
========== link already checked
======== We are on link 7 of 55
========== raw link /transparency/community-report#content-violations
============ Found Relative: joining https://about.linkedin.com/transparency and /transparency/community-report#content-violations
============ Checking for Redirections: https://about.linkedin.com/transparency/community-report#content-violations
============ Link after cleaning: https://about.linkedin.com/transparency/community-report
========== link already checked
======== We are on link 8 of 55
========== raw link /transparency/community-report#copyright-removal-requests
============ Found Relative: joining https://about.linkedin.com/transparency and /transparency/community-report#copyright-removal-requests
============ Checking for Redirections: https://about.linkedin.com/transparency/community-report#copyright-removal-requests
============ Link after cleaning: https://about.linkedin.com/transparency/community-report
========== link already checked
======== We are on link 9 of 55
========== raw link /transparency/government-requests-report
============ Found Relative: joining https://about.linkedin.com/transparency and /transparency/government-requests-report
============ Checking for Redirections: https://about.linkedin.com/transparency/government-requests-report
============ Link after cleaning: https://about.linkedin.com/transparency/government-requests-report
========== link already checked
======== We are on link 10 of 55
========== raw link /transparency/government-requests-report#government-requests-data
============ Found Relative: joining https://about.linkedin.com/transparency and /transparency/government-requests-report#government-requests-data
============ Checking for Redirections: https://about.linkedin.com/transparency/government-requests-report#government-requests-data
============ Followed Redirection to https://about.linkedin.com/transparency/government-requests-report
============ Link after cleaning: https://about.linkedin.com/transparency/government-requests-report
========== link already checked
======== We are on link 11 of 55
========== raw link /transparency/government-requests-report#us-government-requests
============ Found Relative: joining https://about.linkedin.com/transparency and /transparency/government-requests-report#us-government-requests
============ Checking for Redirections: https://about.linkedin.com/transparency/government-requests-report#us-government-requests
============ Link after cleaning: https://about.linkedin.com/transparency/government-requests-report
========== link already checked
======== We are on link 12 of 55
========== raw link /transparency/government-requests-report#content-removal-requests
============ Found Relative: joining https://about.linkedin.com/transparency and /transparency/government-requests-report#content-removal-requests
============ Checking for Redirections: https://about.linkedin.com/transparency/government-requests-report#content-removal-requests
============ Link after cleaning: https://about.linkedin.com/transparency/government-requests-report
========== link already checked
======== We are on link 13 of 55
========== raw link https://about.linkedin.com/transparency/community-report
============ Checking for Redirections: https://about.linkedin.com/transparency/community-report
============ Link unchanged
========== link already checked
======== We are on link 14 of 55
========== raw link https://about.linkedin.com/transparency/community-report
============ Checking for Redirections: https://about.linkedin.com/transparency/community-report
============ Link unchanged
========== link already checked
======== We are on link 15 of 55
========== raw link https://about.linkedin.com/transparency/government-requests-report
============ Checking for Redirections: https://about.linkedin.com/transparency/government-requests-report
============ Link unchanged
========== link already checked
======== We are on link 16 of 55
========== raw link #members
========== dropped link (either fragment ("#"), js, mailto, comment, pdf, or empty)
======== We are on link 17 of 55
========== raw link #ads
========== dropped link (either fragment ("#"), js, mailto, comment, pdf, or empty)
======== We are on link 18 of 55
========== raw link #government
========== dropped link (either fragment ("#"), js, mailto, comment, pdf, or empty)
======== We are on link 19 of 55
========== raw link https://www.linkedin.com/legal/professional-community-policies?src=direct%2Fnone&veh=direct%2Fnone%7Cdirect%2Fnone
============ Checking for Redirections: https://www.linkedin.com/legal/professional-community-policies?src=direct%2Fnone&veh=direct%2Fnone%7Cdirect%2Fnone
============ Link after cleaning: https://www.linkedin.com/legal/professional-community-policies
========== link already checked
======== We are on link 20 of 55
========== raw link https://www.linkedin.com/legal/professional-community-policies?src=direct%2Fnone&veh=direct%2Fnone%7Cdirect%2Fnone
============ Checking for Redirections: https://www.linkedin.com/legal/professional-community-policies?src=direct%2Fnone&veh=direct%2Fnone%7Cdirect%2Fnone
============ Link after cleaning: https://www.linkedin.com/legal/professional-community-policies
========== link already checked
======== We are on link 21 of 55
========== raw link https://blog.linkedin.com/2022/may/20/updates-to-our-professional-community-policies
============ Checking for Redirections: https://blog.linkedin.com/2022/may/20/updates-to-our-professional-community-policies
============ Followed Redirection to https://www.linkedin.com/blog/member/trust-and-safety/updates-to-our-professional-community-policies
============ Link after cleaning: https://www.linkedin.com/blog/member/trust-and-safety/updates-to-our-professional-community-policies
========== scraping https://www.linkedin.com/blog/member/trust-and-safety/updates-to-our-professional-community-policies
======== We are on link 22 of 55
========== raw link https://blog.linkedin.com/2022/may/20/updates-to-our-professional-community-policies
============ Checking for Redirections: https://blog.linkedin.com/2022/may/20/updates-to-our-professional-community-policies
============ Followed Redirection to https://www.linkedin.com/blog/member/trust-and-safety/updates-to-our-professional-community-policies
============ Link after cleaning: https://www.linkedin.com/blog/member/trust-and-safety/updates-to-our-professional-community-policies
========== link already checked
======== We are on link 23 of 55
========== raw link https://www.linkedin.com/help/linkedin/answer/a1339420?src=direct%2Fnone&veh=direct%2Fnone%7Cdirect%2Fnone
============ Checking for Redirections: https://www.linkedin.com/help/linkedin/answer/a1339420?src=direct%2Fnone&veh=direct%2Fnone%7Cdirect%2Fnone
============ Link after cleaning: https://www.linkedin.com/help/linkedin/answer/a1339420
========== scraping https://www.linkedin.com/help/linkedin/answer/a1339420
======== We are on link 24 of 55
========== raw link https://engineering.linkedin.com/blog/2022/how-our-content-abuse-defense-systems-work-to-keep-members-safe
============ Checking for Redirections: https://engineering.linkedin.com/blog/2022/how-our-content-abuse-defense-systems-work-to-keep-members-safe
============ Followed Redirection to https://www.linkedin.com/blog/engineering/trust-and-safety/how-our-content-abuse-defense-systems-work-to-keep-members-safe
============ Link after cleaning: https://www.linkedin.com/blog/engineering/trust-and-safety/how-our-content-abuse-defense-systems-work-to-keep-members-safe
========== scraping https://www.linkedin.com/blog/engineering/trust-and-safety/how-our-content-abuse-defense-systems-work-to-keep-members-safe
======== We are on link 25 of 55
========== raw link https://engineering.linkedin.com/blog/2022/how-our-content-abuse-defense-systems-work-to-keep-members-safe
============ Checking for Redirections: https://engineering.linkedin.com/blog/2022/how-our-content-abuse-defense-systems-work-to-keep-members-safe
============ Followed Redirection to https://www.linkedin.com/blog/engineering/trust-and-safety/how-our-content-abuse-defense-systems-work-to-keep-members-safe
============ Link after cleaning: https://www.linkedin.com/blog/engineering/trust-and-safety/how-our-content-abuse-defense-systems-work-to-keep-members-safe
========== link already checked
======== We are on link 26 of 55
========== raw link https://www.linkedin.com/help/linkedin/answer/a1339364/?src=direct%2Fnone&veh=direct%2Fnone%7Cdirect%2Fnone
============ Checking for Redirections: https://www.linkedin.com/help/linkedin/answer/a1339364/?src=direct%2Fnone&veh=direct%2Fnone%7Cdirect%2Fnone
============ Link after cleaning: https://www.linkedin.com/help/linkedin/answer/a1339364/
========== link already checked
======== We are on link 27 of 55
========== raw link https://www.linkedin.com/help/linkedin/answer/a1425416?src=direct%2Fnone&veh=direct%2Fnone%7Cdirect%2Fnone
============ Checking for Redirections: https://www.linkedin.com/help/linkedin/answer/a1425416?src=direct%2Fnone&veh=direct%2Fnone%7Cdirect%2Fnone
============ Link after cleaning: https://www.linkedin.com/help/linkedin/answer/a1425416
========== scraping https://www.linkedin.com/help/linkedin/answer/a1425416
======== We are on link 28 of 55
========== raw link https://blog.linkedin.com/2022/may/5/keeping-your-feed-relevant-and-productive
============ Checking for Redirections: https://blog.linkedin.com/2022/may/5/keeping-your-feed-relevant-and-productive
============ Followed Redirection to https://www.linkedin.com/blog/member/product/keeping-your-feed-relevant-and-productive
============ Link after cleaning: https://www.linkedin.com/blog/member/product/keeping-your-feed-relevant-and-productive
========== scraping https://www.linkedin.com/blog/member/product/keeping-your-feed-relevant-and-productive
======== We are on link 29 of 55
========== raw link https://blog.linkedin.com/2022/may/5/keeping-your-feed-relevant-and-productive
============ Checking for Redirections: https://blog.linkedin.com/2022/may/5/keeping-your-feed-relevant-and-productive
============ Followed Redirection to https://www.linkedin.com/blog/member/product/keeping-your-feed-relevant-and-productive
============ Link after cleaning: https://www.linkedin.com/blog/member/product/keeping-your-feed-relevant-and-productive
========== link already checked
======== We are on link 30 of 55
========== raw link https://blog.linkedin.com/2022/october/25/new-linkedin-profile-features-help-verify-identity--detect-and-r
============ Checking for Redirections: https://blog.linkedin.com/2022/october/25/new-linkedin-profile-features-help-verify-identity--detect-and-r
============ Followed Redirection to https://www.linkedin.com/blog/member/trust-and-safety/new-linkedin-profile-features-help-verify-identity-detect-remove-fake-accounts-boost-authenticity
============ Link after cleaning: https://www.linkedin.com/blog/member/trust-and-safety/new-linkedin-profile-features-help-verify-identity-detect-remove-fake-accounts-boost-authenticity
========== link already checked
======== We are on link 31 of 55
========== raw link https://blog.linkedin.com/2022/october/25/new-linkedin-profile-features-help-verify-identity--detect-and-r
============ Checking for Redirections: https://blog.linkedin.com/2022/october/25/new-linkedin-profile-features-help-verify-identity--detect-and-r
============ Followed Redirection to https://www.linkedin.com/blog/member/trust-and-safety/new-linkedin-profile-features-help-verify-identity-detect-remove-fake-accounts-boost-authenticity
============ Link after cleaning: https://www.linkedin.com/blog/member/trust-and-safety/new-linkedin-profile-features-help-verify-identity-detect-remove-fake-accounts-boost-authenticity
========== link already checked
======== We are on link 32 of 55
========== raw link https://blog.linkedin.com/2021/june/22/how-we-re-improving-the-quality-of-jobs-on-linkedin
============ Checking for Redirections: https://blog.linkedin.com/2021/june/22/how-we-re-improving-the-quality-of-jobs-on-linkedin
============ Followed Redirection to https://www.linkedin.com/blog/member/trust-and-safety/how-we-re-improving-the-quality-of-jobs-on-linkedin
============ Link after cleaning: https://www.linkedin.com/blog/member/trust-and-safety/how-we-re-improving-the-quality-of-jobs-on-linkedin
========== scraping https://www.linkedin.com/blog/member/trust-and-safety/how-we-re-improving-the-quality-of-jobs-on-linkedin
======== We are on link 33 of 55
========== raw link https://blog.linkedin.com/2021/june/22/how-we-re-improving-the-quality-of-jobs-on-linkedin
============ Checking for Redirections: https://blog.linkedin.com/2021/june/22/how-we-re-improving-the-quality-of-jobs-on-linkedin
============ Followed Redirection to https://www.linkedin.com/blog/member/trust-and-safety/how-we-re-improving-the-quality-of-jobs-on-linkedin
============ Link after cleaning: https://www.linkedin.com/blog/member/trust-and-safety/how-we-re-improving-the-quality-of-jobs-on-linkedin
========== link already checked
======== We are on link 34 of 55
========== raw link https://blog.linkedin.com/2021/july/15/linkedin-safety-series-what-is-scraping
============ Checking for Redirections: https://blog.linkedin.com/2021/july/15/linkedin-safety-series-what-is-scraping
============ Followed Redirection to https://www.linkedin.com/blog/member/trust-and-safety/linkedin-safety-series-what-is-scraping
============ Link after cleaning: https://www.linkedin.com/blog/member/trust-and-safety/linkedin-safety-series-what-is-scraping
========== scraping https://www.linkedin.com/blog/member/trust-and-safety/linkedin-safety-series-what-is-scraping
======== We are on link 35 of 55
========== raw link https://blog.linkedin.com/2021/july/15/linkedin-safety-series-what-is-scraping
============ Checking for Redirections: https://blog.linkedin.com/2021/july/15/linkedin-safety-series-what-is-scraping
============ Followed Redirection to https://www.linkedin.com/blog/member/trust-and-safety/linkedin-safety-series-what-is-scraping
============ Link after cleaning: https://www.linkedin.com/blog/member/trust-and-safety/linkedin-safety-series-what-is-scraping
========== link already checked
======== We are on link 36 of 55
========== raw link https://www.linkedin.com/help/linkedin/answer/146?src=direct%2Fnone&veh=direct%2Fnone%7Cdirect%2Fnone
============ Checking for Redirections: https://www.linkedin.com/help/linkedin/answer/146?src=direct%2Fnone&veh=direct%2Fnone%7Cdirect%2Fnone
============ Followed Redirection to https://www.linkedin.com/help/linkedin/answer/a1378278/?src=direct%2Fnone&veh=direct%2Fnone%7Cdirect%2Fnone
============ Link after cleaning: https://www.linkedin.com/help/linkedin/answer/a1378278/
========== scraping https://www.linkedin.com/help/linkedin/answer/a1378278/
======== We are on link 37 of 55
========== raw link https://www.linkedin.com/business/marketing/blog/linkedin-ads/how-were-keeping-linkedin-safe-for-advertisers?src=direct%2Fnone&veh=direct%2Fnone%7Cdirect%2Fnone
========== dropped link https://www.linkedin.com/business/marketing/blog/linkedin-ads/how-were-keeping-linkedin-safe-for-advertisers?src=direct%2Fnone&veh=direct%2Fnone%7Cdirect%2Fnone. Didn't pass first allows/blocks test.
======== We are on link 38 of 55
========== raw link https://www.linkedin.com/ad-library/home?src=direct%2Fnone&veh=direct%2Fnone%7Cdirect%2Fnone
============ Checking for Redirections: https://www.linkedin.com/ad-library/home?src=direct%2Fnone&veh=direct%2Fnone%7Cdirect%2Fnone
============ Link after cleaning: https://www.linkedin.com/ad-library/home
========== scraping https://www.linkedin.com/ad-library/home
======== We are on link 39 of 55
========== raw link https://engineering.linkedin.com/blog/2022/why-am-i-seeing-this-ad-
============ Checking for Redirections: https://engineering.linkedin.com/blog/2022/why-am-i-seeing-this-ad-
============ Followed Redirection to https://www.linkedin.com/blog/engineering/trust-and-safety/why-am-i-seeing-this-ad
============ Link after cleaning: https://www.linkedin.com/blog/engineering/trust-and-safety/why-am-i-seeing-this-ad
========== scraping https://www.linkedin.com/blog/engineering/trust-and-safety/why-am-i-seeing-this-ad
======== We are on link 40 of 55
========== raw link https://engineering.linkedin.com/blog/2022/how-our-content-abuse-defense-systems-work-to-keep-members-safe
============ Checking for Redirections: https://engineering.linkedin.com/blog/2022/how-our-content-abuse-defense-systems-work-to-keep-members-safe
============ Followed Redirection to https://www.linkedin.com/blog/engineering/trust-and-safety/how-our-content-abuse-defense-systems-work-to-keep-members-safe
============ Link after cleaning: https://www.linkedin.com/blog/engineering/trust-and-safety/how-our-content-abuse-defense-systems-work-to-keep-members-safe
========== link already checked
======== We are on link 41 of 55
========== raw link https://www.linkedin.com/help/lms/answer/a422485?src=direct%2Fnone&veh=direct%2Fnone%7Cdirect%2Fnone
============ Checking for Redirections: https://www.linkedin.com/help/lms/answer/a422485?src=direct%2Fnone&veh=direct%2Fnone%7Cdirect%2Fnone
============ Link after cleaning: https://www.linkedin.com/help/lms/answer/a422485
========== scraping https://www.linkedin.com/help/lms/answer/a422485
======== We are on link 42 of 55
========== raw link https://www.linkedin.com/help/linkedin/answer/112222?src=direct%2Fnone&veh=direct%2Fnone%7Cdirect%2Fnone
============ Checking for Redirections: https://www.linkedin.com/help/linkedin/answer/112222?src=direct%2Fnone&veh=direct%2Fnone%7Cdirect%2Fnone
============ Followed Redirection to https://www.linkedin.com/help/linkedin/answer/a1335662/?src=direct%2Fnone&veh=direct%2Fnone%7Cdirect%2Fnone
============ Link after cleaning: https://www.linkedin.com/help/linkedin/answer/a1335662/
========== scraping https://www.linkedin.com/help/linkedin/answer/a1335662/
======== We are on link 43 of 55
========== raw link https://www.linkedin.com/help/linkedin/answer/112222?src=direct%2Fnone&veh=direct%2Fnone%7Cdirect%2Fnone
============ Checking for Redirections: https://www.linkedin.com/help/linkedin/answer/112222?src=direct%2Fnone&veh=direct%2Fnone%7Cdirect%2Fnone
============ Followed Redirection to https://www.linkedin.com/help/linkedin/answer/a1335662/?src=direct%2Fnone&veh=direct%2Fnone%7Cdirect%2Fnone
============ Link after cleaning: https://www.linkedin.com/help/linkedin/answer/a1335662/
========== link already checked
======== We are on link 44 of 55
========== raw link https://www.linkedin.com/help/linkedin/answer/16880/linkedin-law-enforcement-data-request-guidelines?src=direct%2Fnone&veh=direct%2Fnone%7Cdirect%2Fnone
============ Checking for Redirections: https://www.linkedin.com/help/linkedin/answer/16880/linkedin-law-enforcement-data-request-guidelines?src=direct%2Fnone&veh=direct%2Fnone%7Cdirect%2Fnone
============ Followed Redirection to https://www.linkedin.com/help/linkedin/answer/a1340284/linkedin-law-enforcement-data-request-guidelines?src=direct%2Fnone&veh=direct%2Fnone%7Cdirect%2Fnone
============ Link after cleaning: https://www.linkedin.com/help/linkedin/answer/a1340284/linkedin-law-enforcement-data-request-guidelines
========== scraping https://www.linkedin.com/help/linkedin/answer/a1340284/linkedin-law-enforcement-data-request-guidelines
======== We are on link 45 of 55
========== raw link https://engineering.linkedin.com/blog/2022/why-am-i-seeing-this-ad-
============ Checking for Redirections: https://engineering.linkedin.com/blog/2022/why-am-i-seeing-this-ad-
============ Followed Redirection to https://www.linkedin.com/blog/engineering/trust-and-safety/why-am-i-seeing-this-ad
============ Link after cleaning: https://www.linkedin.com/blog/engineering/trust-and-safety/why-am-i-seeing-this-ad
========== link already checked
======== We are on link 46 of 55
========== raw link https://www.linkedin.com/help/linkedin/answer/a1645380?src=direct%2Fnone&veh=direct%2Fnone%7Cdirect%2Fnone
============ Checking for Redirections: https://www.linkedin.com/help/linkedin/answer/a1645380?src=direct%2Fnone&veh=direct%2Fnone%7Cdirect%2Fnone
============ Link after cleaning: https://www.linkedin.com/help/linkedin/answer/a1645380
========== scraping https://www.linkedin.com/help/linkedin/answer/a1645380
======== We are on link 47 of 55
========== raw link https://engineering.linkedin.com/blog/2022/how-our-content-abuse-defense-systems-work-to-keep-members-safe
============ Checking for Redirections: https://engineering.linkedin.com/blog/2022/how-our-content-abuse-defense-systems-work-to-keep-members-safe
============ Followed Redirection to https://www.linkedin.com/blog/engineering/trust-and-safety/how-our-content-abuse-defense-systems-work-to-keep-members-safe
============ Link after cleaning: https://www.linkedin.com/blog/engineering/trust-and-safety/how-our-content-abuse-defense-systems-work-to-keep-members-safe
========== link already checked
======== We are on link 48 of 55
========== raw link https://www.linkedin.com/help/linkedin/answer/a1678508?src=direct%2Fnone&veh=direct%2Fnone%7Cdirect%2Fnone
============ Checking for Redirections: https://www.linkedin.com/help/linkedin/answer/a1678508?src=direct%2Fnone&veh=direct%2Fnone%7Cdirect%2Fnone
============ Link after cleaning: https://www.linkedin.com/help/linkedin/answer/a1678508
========== scraping https://www.linkedin.com/help/linkedin/answer/a1678508
======== We are on link 49 of 55
========== raw link https://about.linkedin.com
============ Checking for Redirections: https://about.linkedin.com
============ Followed Redirection to https://about.linkedin.com/
============ Link after cleaning: https://about.linkedin.com/
========== link already checked
======== We are on link 50 of 55
========== raw link https://www.linkedin.com/legal/cookie-policy?src=direct%2Fnone&veh=direct%2Fnone%7Cdirect%2Fnone
============ Checking for Redirections: https://www.linkedin.com/legal/cookie-policy?src=direct%2Fnone&veh=direct%2Fnone%7Cdirect%2Fnone
============ Link after cleaning: https://www.linkedin.com/legal/cookie-policy
========== link already checked
======== We are on link 51 of 55
========== raw link https://www.linkedin.com/legal/privacy-policy?src=direct%2Fnone&veh=direct%2Fnone%7Cdirect%2Fnone
============ Checking for Redirections: https://www.linkedin.com/legal/privacy-policy?src=direct%2Fnone&veh=direct%2Fnone%7Cdirect%2Fnone
============ Link after cleaning: https://www.linkedin.com/legal/privacy-policy
========== link already checked
======== We are on link 52 of 55
========== raw link https://www.linkedin.com/legal/california-privacy-disclosure?src=direct%2Fnone&veh=direct%2Fnone%7Cdirect%2Fnone
============ Checking for Redirections: https://www.linkedin.com/legal/california-privacy-disclosure?src=direct%2Fnone&veh=direct%2Fnone%7Cdirect%2Fnone
============ Link after cleaning: https://www.linkedin.com/legal/california-privacy-disclosure
========== link already checked
======== We are on link 53 of 55
========== raw link https://www.linkedin.com/legal/user-agreement?src=direct%2Fnone&veh=direct%2Fnone%7Cdirect%2Fnone
============ Checking for Redirections: https://www.linkedin.com/legal/user-agreement?src=direct%2Fnone&veh=direct%2Fnone%7Cdirect%2Fnone
============ Link after cleaning: https://www.linkedin.com/legal/user-agreement
========== link already checked
======== We are on link 54 of 55
========== raw link https://www.linkedin.com/accessibility?src=direct%2Fnone&veh=direct%2Fnone%7Cdirect%2Fnone
============ Checking for Redirections: https://www.linkedin.com/accessibility?src=direct%2Fnone&veh=direct%2Fnone%7Cdirect%2Fnone
============ Link after cleaning: https://www.linkedin.com/accessibility
========== link already checked
======== We are on link 55 of 55
========== raw link https://www.linkedin.com/legal/impressum?src=direct%2Fnone&veh=direct%2Fnone%7Cdirect%2Fnone
============ Checking for Redirections: https://www.linkedin.com/legal/impressum?src=direct%2Fnone&veh=direct%2Fnone%7Cdirect%2Fnone
============ Link after cleaning: https://www.linkedin.com/legal/impressum
========== link already checked
====== We are on page 8 of 16: https://www.linkedin.com/legal/user-agreement
====== Number of Links on this Page: 84
======== We are on link 1 of 84
========== raw link #lithograph-app
========== dropped link (either fragment ("#"), js, mailto, comment, pdf, or empty)
======== We are on link 2 of 84
========== raw link https://linkedin.com/legal/user-agreement
============ Checking for Redirections: https://linkedin.com/legal/user-agreement
============ Followed Redirection to https://www.linkedin.com/legal/user-agreement
============ Link after cleaning: https://www.linkedin.com/legal/user-agreement
========== link already checked
======== We are on link 3 of 84
========== raw link https://linkedin.com/legal/user-agreement-summary
============ Checking for Redirections: https://linkedin.com/legal/user-agreement-summary
============ Followed Redirection to https://www.linkedin.com/legal/user-agreement-summary
============ Link after cleaning: https://www.linkedin.com/legal/user-agreement-summary
========== link already checked
======== We are on link 4 of 84
========== raw link https://linkedin.com/legal/privacy-policy
============ Checking for Redirections: https://linkedin.com/legal/privacy-policy
============ Followed Redirection to https://www.linkedin.com/legal/privacy-policy
============ Link after cleaning: https://www.linkedin.com/legal/privacy-policy
========== link already checked
======== We are on link 5 of 84
========== raw link https://linkedin.com/legal/professional-community-policies
============ Checking for Redirections: https://linkedin.com/legal/professional-community-policies
============ Followed Redirection to https://www.linkedin.com/legal/professional-community-policies
============ Link after cleaning: https://www.linkedin.com/legal/professional-community-policies
========== link already checked
======== We are on link 6 of 84
========== raw link https://linkedin.com/legal/cookie-policy
============ Checking for Redirections: https://linkedin.com/legal/cookie-policy
============ Followed Redirection to https://www.linkedin.com/legal/cookie-policy
============ Link after cleaning: https://www.linkedin.com/legal/cookie-policy
========== link already checked
======== We are on link 7 of 84
========== raw link https://linkedin.com/legal/copyright-policy
============ Checking for Redirections: https://linkedin.com/legal/copyright-policy
============ Followed Redirection to https://www.linkedin.com/legal/copyright-policy
============ Link after cleaning: https://www.linkedin.com/legal/copyright-policy
========== link already checked
======== We are on link 8 of 84
========== raw link https://privacy.linkedin.com/regionalinfo
============ Checking for Redirections: https://privacy.linkedin.com/regionalinfo
============ Link unchanged
========== link already checked
======== We are on link 9 of 84
========== raw link https://linkedin.com/legal/privacy/eu
============ Checking for Redirections: https://linkedin.com/legal/privacy/eu
============ Followed Redirection to https://www.linkedin.com/legal/privacy/eu
============ Link after cleaning: https://www.linkedin.com/legal/privacy/eu
========== link already checked
======== We are on link 10 of 84
========== raw link https://linkedin.com/legal/california-privacy-disclosure
============ Checking for Redirections: https://linkedin.com/legal/california-privacy-disclosure
============ Followed Redirection to https://www.linkedin.com/legal/california-privacy-disclosure
============ Link after cleaning: https://www.linkedin.com/legal/california-privacy-disclosure
========== link already checked
======== We are on link 11 of 84
========== raw link https://www.linkedin.com/legal/privacy/usa
============ Checking for Redirections: https://www.linkedin.com/legal/privacy/usa
============ Link unchanged
========== link already checked
======== We are on link 12 of 84
========== raw link https://linkedin.com/legal/user-agreement
============ Checking for Redirections: https://linkedin.com/legal/user-agreement
============ Followed Redirection to https://www.linkedin.com/legal/user-agreement
============ Link after cleaning: https://www.linkedin.com/legal/user-agreement
========== link already checked
======== We are on link 13 of 84
========== raw link https://linkedin.com/legal/user-agreement-summary
============ Checking for Redirections: https://linkedin.com/legal/user-agreement-summary
============ Followed Redirection to https://www.linkedin.com/legal/user-agreement-summary
============ Link after cleaning: https://www.linkedin.com/legal/user-agreement-summary
========== link already checked
======== We are on link 14 of 84
========== raw link https://linkedin.com/legal/privacy-policy
============ Checking for Redirections: https://linkedin.com/legal/privacy-policy
============ Followed Redirection to https://www.linkedin.com/legal/privacy-policy
============ Link after cleaning: https://www.linkedin.com/legal/privacy-policy
========== link already checked
======== We are on link 15 of 84
========== raw link https://linkedin.com/legal/professional-community-policies
============ Checking for Redirections: https://linkedin.com/legal/professional-community-policies
============ Followed Redirection to https://www.linkedin.com/legal/professional-community-policies
============ Link after cleaning: https://www.linkedin.com/legal/professional-community-policies
========== link already checked
======== We are on link 16 of 84
========== raw link https://linkedin.com/legal/cookie-policy
============ Checking for Redirections: https://linkedin.com/legal/cookie-policy
============ Followed Redirection to https://www.linkedin.com/legal/cookie-policy
============ Link after cleaning: https://www.linkedin.com/legal/cookie-policy
========== link already checked
======== We are on link 17 of 84
========== raw link https://linkedin.com/legal/copyright-policy
============ Checking for Redirections: https://linkedin.com/legal/copyright-policy
============ Followed Redirection to https://www.linkedin.com/legal/copyright-policy
============ Link after cleaning: https://www.linkedin.com/legal/copyright-policy
========== link already checked
======== We are on link 18 of 84
========== raw link https://privacy.linkedin.com/regionalinfo
============ Checking for Redirections: https://privacy.linkedin.com/regionalinfo
============ Link unchanged
========== link already checked
======== We are on link 19 of 84
========== raw link https://linkedin.com/legal/privacy/eu
============ Checking for Redirections: https://linkedin.com/legal/privacy/eu
============ Followed Redirection to https://www.linkedin.com/legal/privacy/eu
============ Link after cleaning: https://www.linkedin.com/legal/privacy/eu
========== link already checked
======== We are on link 20 of 84
========== raw link https://linkedin.com/legal/california-privacy-disclosure
============ Checking for Redirections: https://linkedin.com/legal/california-privacy-disclosure
============ Followed Redirection to https://www.linkedin.com/legal/california-privacy-disclosure
============ Link after cleaning: https://www.linkedin.com/legal/california-privacy-disclosure
========== link already checked
======== We are on link 21 of 84
========== raw link https://www.linkedin.com/legal/privacy/usa
============ Checking for Redirections: https://www.linkedin.com/legal/privacy/usa
============ Link unchanged
========== link already checked
======== We are on link 22 of 84
========== raw link https://www.linkedin.com/help/linkedin/answer/a1341216/updates-to-user-agreement-and-privacy-policy
============ Checking for Redirections: https://www.linkedin.com/help/linkedin/answer/a1341216/updates-to-user-agreement-and-privacy-policy
============ Link unchanged
========== link already checked
======== We are on link 23 of 84
========== raw link #introduction
========== dropped link (either fragment ("#"), js, mailto, comment, pdf, or empty)
======== We are on link 24 of 84
========== raw link #obligations
========== dropped link (either fragment ("#"), js, mailto, comment, pdf, or empty)
======== We are on link 25 of 84
========== raw link #rights
========== dropped link (either fragment ("#"), js, mailto, comment, pdf, or empty)
======== We are on link 26 of 84
========== raw link #disclaimer
========== dropped link (either fragment ("#"), js, mailto, comment, pdf, or empty)
======== We are on link 27 of 84
========== raw link #termination
========== dropped link (either fragment ("#"), js, mailto, comment, pdf, or empty)
======== We are on link 28 of 84
========== raw link #dispute
========== dropped link (either fragment ("#"), js, mailto, comment, pdf, or empty)
======== We are on link 29 of 84
========== raw link #general
========== dropped link (either fragment ("#"), js, mailto, comment, pdf, or empty)
======== We are on link 30 of 84
========== raw link #dos
========== dropped link (either fragment ("#"), js, mailto, comment, pdf, or empty)
======== We are on link 31 of 84
========== raw link #complaints
========== dropped link (either fragment ("#"), js, mailto, comment, pdf, or empty)
======== We are on link 32 of 84
========== raw link #contact
========== dropped link (either fragment ("#"), js, mailto, comment, pdf, or empty)
======== We are on link 33 of 84
========== raw link https://www.linkedin.com/legal/privacy-policy
============ Checking for Redirections: https://www.linkedin.com/legal/privacy-policy
============ Link unchanged
========== link already checked
======== We are on link 34 of 84
========== raw link https://www.linkedin.com/legal/cookie-policy
============ Checking for Redirections: https://www.linkedin.com/legal/cookie-policy
============ Link unchanged
========== link already checked
======== We are on link 35 of 84
========== raw link https://www.linkedin.com/legal/privacy-policy
============ Checking for Redirections: https://www.linkedin.com/legal/privacy-policy
============ Link unchanged
========== link already checked
======== We are on link 36 of 84
========== raw link https://www.linkedin.com/legal/privacy-policy
============ Checking for Redirections: https://www.linkedin.com/legal/privacy-policy
============ Link unchanged
========== link already checked
======== We are on link 37 of 84
========== raw link https://www.linkedin.com/help/linkedin/answer/63?trk=microsites-frontend_legal_user-agreement&lang=en
============ Checking for Redirections: https://www.linkedin.com/help/linkedin/answer/63?trk=microsites-frontend_legal_user-agreement&lang=en
============ Followed Redirection to https://www.linkedin.com/help/linkedin/answer/a1379064/?trk=microsites-frontend_legal_user-agreement&lang=en
============ Link after cleaning: https://www.linkedin.com/help/linkedin/answer/a1379064/
========== link already checked
======== We are on link 38 of 84
========== raw link #key-terms-2
========== dropped link (either fragment ("#"), js, mailto, comment, pdf, or empty)
======== We are on link 39 of 84
========== raw link https://www.linkedin.com/help/linkedin/answer/a6854067
============ Checking for Redirections: https://www.linkedin.com/help/linkedin/answer/a6854067
============ Link unchanged
========== link already checked
======== We are on link 40 of 84
========== raw link https://www.linkedin.com/legal/professional-community-policies
============ Checking for Redirections: https://www.linkedin.com/legal/professional-community-policies
============ Link unchanged
========== link already checked
======== We are on link 41 of 84
========== raw link https://www.linkedin.com/help/linkedin/answer/89880?trk=microsites-frontend_legal_user-agreement&lang=en
============ Checking for Redirections: https://www.linkedin.com/help/linkedin/answer/89880?trk=microsites-frontend_legal_user-agreement&lang=en
============ Followed Redirection to https://www.linkedin.com/help/linkedin/answer/a403270/?trk=microsites-frontend_legal_user-agreement&lang=en
============ Link after cleaning: https://www.linkedin.com/help/linkedin/answer/a403270/
========== link already checked
======== We are on link 42 of 84
========== raw link https://www.linkedin.com/legal/pop/terms-for-paid-services
============ Checking for Redirections: https://www.linkedin.com/legal/pop/terms-for-paid-services
============ Followed Redirection to https://www.linkedin.com/legal/terms-for-paid-services
============ Link after cleaning: https://www.linkedin.com/legal/terms-for-paid-services
========== link already checked
======== We are on link 43 of 84
========== raw link https://www.linkedin.com/help/linkedin/answer/a1340105
============ Checking for Redirections: https://www.linkedin.com/help/linkedin/answer/a1340105
============ Link unchanged
========== link already checked
======== We are on link 44 of 84
========== raw link https://www.linkedin.com/help/linkedin/answer/50?trk=microsites-frontend_legal_user-agreement&lang=en
============ Checking for Redirections: https://www.linkedin.com/help/linkedin/answer/50?trk=microsites-frontend_legal_user-agreement&lang=en
============ Followed Redirection to https://www.linkedin.com/help/linkedin/answer/a545578/?trk=microsites-frontend_legal_user-agreement&lang=en
============ Link after cleaning: https://www.linkedin.com/help/linkedin/answer/a545578/
========== link already checked
======== We are on link 45 of 84
========== raw link https://www.linkedin.com/help/linkedin/answer/5704?trk=microsites-frontend_legal_user-agreement&lang=en
============ Checking for Redirections: https://www.linkedin.com/help/linkedin/answer/5704?trk=microsites-frontend_legal_user-agreement&lang=en
============ Followed Redirection to https://www.linkedin.com/help/linkedin/answer/a1337140/?trk=microsites-frontend_legal_user-agreement&lang=en
============ Link after cleaning: https://www.linkedin.com/help/linkedin/answer/a1337140/
========== link already checked
======== We are on link 46 of 84
========== raw link https://www.linkedin.com/payments/purchasehistory
============ Checking for Redirections: https://www.linkedin.com/payments/purchasehistory
============ Followed Redirection to https://www.linkedin.com/uas/login?session_redirect=https%3A%2F%2Fwww.linkedin.com%2Fpayments%2Fpurchasehistory
============ Link after cleaning: https://www.linkedin.com/uas/login
============ Excluded based on allow/block list.
======== We are on link 47 of 84
========== raw link https://www.linkedin.com/mypreferences/d/categories/sign-in-and-security
============ Checking for Redirections: https://www.linkedin.com/mypreferences/d/categories/sign-in-and-security
============ Followed Redirection to https://www.linkedin.com/uas/login?session_redirect=https%3A%2F%2Fwww.linkedin.com%2Fmypreferences%2Fd%2Fcategories%2Fsign-in-and-security
============ Link after cleaning: https://www.linkedin.com/uas/login
============ Excluded based on allow/block list.
======== We are on link 48 of 84
========== raw link https://www.linkedin.com/help/linkedin/answer/67?trk=microsites-frontend_legal_user-agreement&lang=en
============ Checking for Redirections: https://www.linkedin.com/help/linkedin/answer/67?trk=microsites-frontend_legal_user-agreement&lang=en
============ Followed Redirection to https://www.linkedin.com/help/linkedin/answer/a517979/?trk=microsites-frontend_legal_user-agreement&lang=en
============ Link after cleaning: https://www.linkedin.com/help/linkedin/answer/a517979/
========== link already checked
======== We are on link 49 of 84
========== raw link https://www.linkedin.com/legal/user-agreement#key-terms-3
============ Checking for Redirections: https://www.linkedin.com/legal/user-agreement#key-terms-3
============ Link after cleaning: https://www.linkedin.com/legal/user-agreement
========== link already checked
======== We are on link 50 of 84
========== raw link https://www.linkedin.com/legal/user-agreement#key-terms-3
============ Checking for Redirections: https://www.linkedin.com/legal/user-agreement#key-terms-3
============ Link after cleaning: https://www.linkedin.com/legal/user-agreement
========== link already checked
======== We are on link 51 of 84
========== raw link https://www.linkedin.com/legal/user-agreement#key-terms-3
============ Checking for Redirections: https://www.linkedin.com/legal/user-agreement#key-terms-3
============ Link after cleaning: https://www.linkedin.com/legal/user-agreement
========== link already checked
======== We are on link 52 of 84
========== raw link https://www.linkedin.com/help/linkedin/answer/86529?trk=microsites-frontend_legal_user-agreement&lang=en
============ Checking for Redirections: https://www.linkedin.com/help/linkedin/answer/86529?trk=microsites-frontend_legal_user-agreement&lang=en
============ Followed Redirection to https://www.linkedin.com/help/linkedin/answer/a529065/?trk=microsites-frontend_legal_user-agreement&lang=en
============ Link after cleaning: https://www.linkedin.com/help/linkedin/answer/a529065/
========== link already checked
======== We are on link 53 of 84
========== raw link https://creativecommons.org/choose/
========== dropped link https://creativecommons.org/choose/. Didn't pass first allows/blocks test.
======== We are on link 54 of 84
========== raw link https://www.linkedin.com/legal/privacy-policy
============ Checking for Redirections: https://www.linkedin.com/legal/privacy-policy
============ Link unchanged
========== link already checked
======== We are on link 55 of 84
========== raw link https://www.linkedin.com/psettings/news-mention-broadcast
============ Checking for Redirections: https://www.linkedin.com/psettings/news-mention-broadcast
============ Followed Redirection to https://www.linkedin.com/uas/login?session_redirect=https%3A%2F%2Fwww.linkedin.com%2Fmypreferences%2Fm%2Fsettings%2Fnotify-network-about-my-mentions
============ Link after cleaning: https://www.linkedin.com/uas/login
============ Excluded based on allow/block list.
======== We are on link 56 of 84
========== raw link https://www.linkedin.com/help/linkedin/answer/50021?trk=microsites-frontend_legal_user-agreement&lang=en
============ Checking for Redirections: https://www.linkedin.com/help/linkedin/answer/50021?trk=microsites-frontend_legal_user-agreement&lang=en
============ Followed Redirection to https://www.linkedin.com/help/linkedin/answer/a1335382/?trk=microsites-frontend_legal_user-agreement&lang=en
============ Link after cleaning: https://www.linkedin.com/help/linkedin/answer/a1335382/
========== link already checked
======== We are on link 57 of 84
========== raw link https://www.linkedin.com/services
============ Checking for Redirections: https://www.linkedin.com/services
============ Link unchanged
========== link already checked
======== We are on link 58 of 84
========== raw link https://www.linkedin.com/services
============ Checking for Redirections: https://www.linkedin.com/services
============ Link unchanged
========== link already checked
======== We are on link 59 of 84
========== raw link https://www.linkedin.com/help/linkedin/answer/89880?trk=microsites-frontend_legal_user-agreement&lang=en
============ Checking for Redirections: https://www.linkedin.com/help/linkedin/answer/89880?trk=microsites-frontend_legal_user-agreement&lang=en
============ Followed Redirection to https://www.linkedin.com/help/linkedin/answer/a403270/?trk=microsites-frontend_legal_user-agreement&lang=en
============ Link after cleaning: https://www.linkedin.com/help/linkedin/answer/a403270/
========== link already checked
======== We are on link 60 of 84
========== raw link https://www.linkedin.com/help/linkedin/answer/89880?trk=microsites-frontend_legal_user-agreement&lang=en
============ Checking for Redirections: https://www.linkedin.com/help/linkedin/answer/89880?trk=microsites-frontend_legal_user-agreement&lang=en
============ Followed Redirection to https://www.linkedin.com/help/linkedin/answer/a403270/?trk=microsites-frontend_legal_user-agreement&lang=en
============ Link after cleaning: https://www.linkedin.com/help/linkedin/answer/a403270/
========== link already checked
======== We are on link 61 of 84
========== raw link https://www.linkedin.com/legal/professional-community-policies
============ Checking for Redirections: https://www.linkedin.com/legal/professional-community-policies
============ Link unchanged
========== link already checked
======== We are on link 62 of 84
========== raw link https://www.linkedin.com/help/linkedin/answer/a1342754
============ Checking for Redirections: https://www.linkedin.com/help/linkedin/answer/a1342754
============ Link unchanged
========== link already checked
======== We are on link 63 of 84
========== raw link https://www.linkedin.com/help/linkedin/answer/a1339724
============ Checking for Redirections: https://www.linkedin.com/help/linkedin/answer/a1339724
============ Link unchanged
========== link already checked
======== We are on link 64 of 84
========== raw link https://www.linkedin.com/legal/professional-community-policies
============ Checking for Redirections: https://www.linkedin.com/legal/professional-community-policies
============ Link unchanged
========== link already checked
======== We are on link 65 of 84
========== raw link https://www.linkedin.com/help/linkedin/answer/63?trk=microsites-frontend_legal_user-agreement&lang=en
============ Checking for Redirections: https://www.linkedin.com/help/linkedin/answer/63?trk=microsites-frontend_legal_user-agreement&lang=en
============ Followed Redirection to https://www.linkedin.com/help/linkedin/answer/a1379064/?trk=microsites-frontend_legal_user-agreement&lang=en
============ Link after cleaning: https://www.linkedin.com/help/linkedin/answer/a1379064/
========== link already checked
======== We are on link 66 of 84
========== raw link https://nam06.safelinks.protection.outlook.com/?url=https%3A%2F%2Fwww.linkedin.com%2Fhelp%2Flinkedin%2Fask%2Fts-adfrf&data=05%7C02%7Cmmills%40linkedin.com%7C48b37c3685a046ad7d8d08dc39876d09%7C72f988bf86f141af91ab2d7cd011db47%7C0%7C0%7C638448501200430881%7CUnknown%7CTWFpbGZsb3d8eyJWIjoiMC4wLjAwMDAiLCJQIjoiV2luMzIiLCJBTiI6Ik1haWwiLCJXVCI6Mn0%3D%7C0%7C%7C%7C&sdata=iSWx0d4TDMTU8%2BzjvQZmuHN1TtGnu0InmBUc3eOgxhs%3D&reserved=0
============ Checking for Redirections: https://nam06.safelinks.protection.outlook.com/?url=https%3A%2F%2Fwww.linkedin.com%2Fhelp%2Flinkedin%2Fask%2Fts-adfrf&data=05%7C02%7Cmmills%40linkedin.com%7C48b37c3685a046ad7d8d08dc39876d09%7C72f988bf86f141af91ab2d7cd011db47%7C0%7C0%7C638448501200430881%7CUnknown%7CTWFpbGZsb3d8eyJWIjoiMC4wLjAwMDAiLCJQIjoiV2luMzIiLCJBTiI6Ik1haWwiLCJXVCI6Mn0%3D%7C0%7C%7C%7C&sdata=iSWx0d4TDMTU8%2BzjvQZmuHN1TtGnu0InmBUc3eOgxhs%3D&reserved=0
============ Followed Redirection to https://www.linkedin.com/help/linkedin/ask/ts-adfrf
============ Link after cleaning: https://www.linkedin.com/help/linkedin/ask/ts-adfrf
========== link already checked
======== We are on link 67 of 84
========== raw link https://www.linkedin.com/legal/professional-community-policies
============ Checking for Redirections: https://www.linkedin.com/legal/professional-community-policies
============ Link unchanged
========== link already checked
======== We are on link 68 of 84
========== raw link https://brand.linkedin.com/policies
============ Checking for Redirections: https://brand.linkedin.com/policies
============ Followed Redirection to https://brand.linkedin.com/en-us
============ Link after cleaning: https://brand.linkedin.com/en-us
========== link already checked
======== We are on link 69 of 84
========== raw link https://www.linkedin.com/legal/professional-community-policies
============ Checking for Redirections: https://www.linkedin.com/legal/professional-community-policies
============ Link unchanged
========== link already checked
======== We are on link 70 of 84
========== raw link https://www.linkedin.com/help/linkedin/answer/a6857122
============ Checking for Redirections: https://www.linkedin.com/help/linkedin/answer/a6857122
============ Link unchanged
========== link already checked
======== We are on link 71 of 84
========== raw link https://www.linkedin.com/legal/professional-community-policies
============ Checking for Redirections: https://www.linkedin.com/legal/professional-community-policies
============ Link unchanged
========== link already checked
======== We are on link 72 of 84
========== raw link https://www.linkedin.com/legal/copyright-policy
============ Checking for Redirections: https://www.linkedin.com/legal/copyright-policy
============ Link unchanged
========== link already checked
======== We are on link 73 of 84
========== raw link https://www.linkedin.com/help/linkedin/answer/a1337296
============ Checking for Redirections: https://www.linkedin.com/help/linkedin/answer/a1337296
============ Link unchanged
========== link already checked
======== We are on link 74 of 84
========== raw link https://www.linkedin.com/help/linkedin?trk=microsites-frontend_legal_user-agreement&lang=en
============ Checking for Redirections: https://www.linkedin.com/help/linkedin?trk=microsites-frontend_legal_user-agreement&lang=en
============ Link after cleaning: https://www.linkedin.com/help/linkedin
========== link already checked
======== We are on link 75 of 84
========== raw link https://www.linkedin.com/help/linkedin/answer/79728?trk=microsites-frontend_legal_user-agreement&lang=en
============ Checking for Redirections: https://www.linkedin.com/help/linkedin/answer/79728?trk=microsites-frontend_legal_user-agreement&lang=en
============ Followed Redirection to https://www.linkedin.com/help/linkedin/answer/a1338533/?trk=microsites-frontend_legal_user-agreement&lang=en
============ Link after cleaning: https://www.linkedin.com/help/linkedin/answer/a1338533/
========== link already checked
======== We are on link 76 of 84
========== raw link https://about.linkedin.com?trk=content_footer-about
============ Checking for Redirections: https://about.linkedin.com?trk=content_footer-about
============ Followed Redirection to https://about.linkedin.com/?trk=content_footer-about
============ Link after cleaning: https://about.linkedin.com/
========== link already checked
======== We are on link 77 of 84
========== raw link https://www.linkedin.com/accessibility?trk=content_footer-accessibility
============ Checking for Redirections: https://www.linkedin.com/accessibility?trk=content_footer-accessibility
============ Link after cleaning: https://www.linkedin.com/accessibility
========== link already checked
======== We are on link 78 of 84
========== raw link https://www.linkedin.com/legal/user-agreement?trk=content_footer-user-agreement
============ Checking for Redirections: https://www.linkedin.com/legal/user-agreement?trk=content_footer-user-agreement
============ Link after cleaning: https://www.linkedin.com/legal/user-agreement
========== link already checked
======== We are on link 79 of 84
========== raw link https://www.linkedin.com/legal/privacy-policy?trk=content_footer-privacy-policy
============ Checking for Redirections: https://www.linkedin.com/legal/privacy-policy?trk=content_footer-privacy-policy
============ Link after cleaning: https://www.linkedin.com/legal/privacy-policy
========== link already checked
======== We are on link 80 of 84
========== raw link https://www.linkedin.com/legal/cookie-policy?trk=content_footer-cookie-policy
============ Checking for Redirections: https://www.linkedin.com/legal/cookie-policy?trk=content_footer-cookie-policy
============ Link after cleaning: https://www.linkedin.com/legal/cookie-policy
========== link already checked
======== We are on link 81 of 84
========== raw link https://www.linkedin.com/legal/copyright-policy?trk=content_footer-copyright-policy
============ Checking for Redirections: https://www.linkedin.com/legal/copyright-policy?trk=content_footer-copyright-policy
============ Link after cleaning: https://www.linkedin.com/legal/copyright-policy
========== link already checked
======== We are on link 82 of 84
========== raw link https://brand.linkedin.com/policies?trk=content_footer-brand-policy
============ Checking for Redirections: https://brand.linkedin.com/policies?trk=content_footer-brand-policy
============ Followed Redirection to https://brand.linkedin.com/en-us?trk=content_footer-brand-policy
============ Link after cleaning: https://brand.linkedin.com/en-us
========== link already checked
======== We are on link 83 of 84
========== raw link https://www.linkedin.com/psettings/guest-controls?trk=content_footer-guest-controls
============ Checking for Redirections: https://www.linkedin.com/psettings/guest-controls?trk=content_footer-guest-controls
============ Link after cleaning: https://www.linkedin.com/psettings/guest-controls
========== link already checked
======== We are on link 84 of 84
========== raw link https://www.linkedin.com/help/linkedin/answer/34593?trk=content_footer-community-guide
============ Checking for Redirections: https://www.linkedin.com/help/linkedin/answer/34593?trk=content_footer-community-guide
============ Followed Redirection to https://www.linkedin.com/help/linkedin/answer/a403269/?trk=content_footer-community-guide
============ Link after cleaning: https://www.linkedin.com/help/linkedin/answer/a403269/
========== link already checked
====== We are on page 9 of 16: https://www.linkedin.com/legal/professional-community-policies
====== Number of Links on this Page: 33
======== We are on link 1 of 33
========== raw link #lithograph-app
========== dropped link (either fragment ("#"), js, mailto, comment, pdf, or empty)
======== We are on link 2 of 33
========== raw link https://linkedin.com
============ Checking for Redirections: https://linkedin.com
============ Followed Redirection to https://www.linkedin.com/
============ Link after cleaning: https://www.linkedin.com/
========== link already checked
======== We are on link 3 of 33
========== raw link #be-safe-policy
========== dropped link (either fragment ("#"), js, mailto, comment, pdf, or empty)
======== We are on link 4 of 33
========== raw link #be-trustworthy-policy
========== dropped link (either fragment ("#"), js, mailto, comment, pdf, or empty)
======== We are on link 5 of 33
========== raw link #be-professional-policy
========== dropped link (either fragment ("#"), js, mailto, comment, pdf, or empty)
======== We are on link 6 of 33
========== raw link https://www.linkedin.com/help/linkedin/answer/47545
============ Checking for Redirections: https://www.linkedin.com/help/linkedin/answer/47545
============ Followed Redirection to https://www.linkedin.com/help/linkedin/answer/a519782/
============ Link after cleaning: https://www.linkedin.com/help/linkedin/answer/a519782/
========== scraping https://www.linkedin.com/help/linkedin/answer/a519782/
======== We are on link 7 of 33
========== raw link https://www.linkedin.com/help/linkedin/answer/146
============ Checking for Redirections: https://www.linkedin.com/help/linkedin/answer/146
============ Followed Redirection to https://www.linkedin.com/help/linkedin/answer/a1378278/
============ Link after cleaning: https://www.linkedin.com/help/linkedin/answer/a1378278/
========== link already checked
======== We are on link 8 of 33
========== raw link https://about.linkedin.com/transparency
============ Checking for Redirections: https://about.linkedin.com/transparency
============ Link unchanged
========== link already checked
======== We are on link 9 of 33
========== raw link https://www.linkedin.com/help/linkedin/answer/a1441504
============ Checking for Redirections: https://www.linkedin.com/help/linkedin/answer/a1441504
============ Link unchanged
========== scraping https://www.linkedin.com/help/linkedin/answer/a1441504
======== We are on link 10 of 33
========== raw link https://www.linkedin.com/help/linkedin/answer/82934
============ Checking for Redirections: https://www.linkedin.com/help/linkedin/answer/82934
============ Followed Redirection to https://www.linkedin.com/help/linkedin/answer/a1340522/
============ Link after cleaning: https://www.linkedin.com/help/linkedin/answer/a1340522/
========== link already checked
======== We are on link 11 of 33
========== raw link https://www.linkedin.com/help/linkedin/answer/137368
============ Checking for Redirections: https://www.linkedin.com/help/linkedin/answer/137368
============ Followed Redirection to https://www.linkedin.com/help/linkedin/answer/a1342754/
============ Link after cleaning: https://www.linkedin.com/help/linkedin/answer/a1342754/
========== scraping https://www.linkedin.com/help/linkedin/answer/a1342754/
======== We are on link 12 of 33
========== raw link https://www.linkedin.com/help/linkedin/answer/137369
============ Checking for Redirections: https://www.linkedin.com/help/linkedin/answer/137369
============ Followed Redirection to https://www.linkedin.com/help/linkedin/answer/a1342756/
============ Link after cleaning: https://www.linkedin.com/help/linkedin/answer/a1342756/
========== scraping https://www.linkedin.com/help/linkedin/answer/a1342756/
======== We are on link 13 of 33
========== raw link https://www.linkedin.com/help/linkedin/answer/137374
============ Checking for Redirections: https://www.linkedin.com/help/linkedin/answer/137374
============ Followed Redirection to https://www.linkedin.com/help/linkedin/answer/a1336770/
============ Link after cleaning: https://www.linkedin.com/help/linkedin/answer/a1336770/
========== scraping https://www.linkedin.com/help/linkedin/answer/a1336770/
======== We are on link 14 of 33
========== raw link https://www.linkedin.com/help/linkedin/answer/137373
============ Checking for Redirections: https://www.linkedin.com/help/linkedin/answer/137373
============ Followed Redirection to https://www.linkedin.com/help/linkedin/answer/a1349151/
============ Link after cleaning: https://www.linkedin.com/help/linkedin/answer/a1349151/
========== scraping https://www.linkedin.com/help/linkedin/answer/a1349151/
======== We are on link 15 of 33
========== raw link https://www.linkedin.com/help/linkedin/answer/137375
============ Checking for Redirections: https://www.linkedin.com/help/linkedin/answer/137375
============ Followed Redirection to https://www.linkedin.com/help/linkedin/answer/a1342780/
============ Link after cleaning: https://www.linkedin.com/help/linkedin/answer/a1342780/
========== scraping https://www.linkedin.com/help/linkedin/answer/a1342780/
======== We are on link 16 of 33
========== raw link https://www.linkedin.com/legal/ads-policy
========== dropped link https://www.linkedin.com/legal/ads-policy. Didn't pass first allows/blocks test.
======== We are on link 17 of 33
========== raw link https://www.linkedin.com/help/linkedin/answer/137371
============ Checking for Redirections: https://www.linkedin.com/help/linkedin/answer/137371
============ Followed Redirection to https://www.linkedin.com/help/linkedin/answer/a1340752/
============ Link after cleaning: https://www.linkedin.com/help/linkedin/answer/a1340752/
========== scraping https://www.linkedin.com/help/linkedin/answer/a1340752/
======== We are on link 18 of 33
========== raw link https://www.linkedin.com/help/linkedin/answer/430
============ Checking for Redirections: https://www.linkedin.com/help/linkedin/answer/430
============ Followed Redirection to https://www.linkedin.com/help/linkedin/answer/a1377087/
============ Link after cleaning: https://www.linkedin.com/help/linkedin/answer/a1377087/
========== scraping https://www.linkedin.com/help/linkedin/answer/a1377087/
======== We are on link 19 of 33
========== raw link https://www.linkedin.com/help/linkedin/answer/137377
============ Checking for Redirections: https://www.linkedin.com/help/linkedin/answer/137377
============ Followed Redirection to https://www.linkedin.com/help/linkedin/answer/a1338803/
============ Link after cleaning: https://www.linkedin.com/help/linkedin/answer/a1338803/
========== scraping https://www.linkedin.com/help/linkedin/answer/a1338803/
======== We are on link 20 of 33
========== raw link https://www.linkedin.com/help/linkedin/answer/137378
============ Checking for Redirections: https://www.linkedin.com/help/linkedin/answer/137378
============ Followed Redirection to https://www.linkedin.com/help/linkedin/answer/a1339812/
============ Link after cleaning: https://www.linkedin.com/help/linkedin/answer/a1339812/
========== scraping https://www.linkedin.com/help/linkedin/answer/a1339812/
======== We are on link 21 of 33
========== raw link https://www.linkedin.com/help/linkedin/answer/137370
============ Checking for Redirections: https://www.linkedin.com/help/linkedin/answer/137370
============ Followed Redirection to https://www.linkedin.com/help/linkedin/answer/a1337770/
============ Link after cleaning: https://www.linkedin.com/help/linkedin/answer/a1337770/
========== scraping https://www.linkedin.com/help/linkedin/answer/a1337770/
======== We are on link 22 of 33
========== raw link https://www.linkedin.com/help/linkedin/answer/137374
============ Checking for Redirections: https://www.linkedin.com/help/linkedin/answer/137374
============ Followed Redirection to https://www.linkedin.com/help/linkedin/answer/a1336770/
============ Link after cleaning: https://www.linkedin.com/help/linkedin/answer/a1336770/
========== link already checked
======== We are on link 23 of 33
========== raw link https://www.linkedin.com/help/linkedin/answer/137376
============ Checking for Redirections: https://www.linkedin.com/help/linkedin/answer/137376
============ Followed Redirection to https://www.linkedin.com/help/linkedin/answer/a1338800/
============ Link after cleaning: https://www.linkedin.com/help/linkedin/answer/a1338800/
========== scraping https://www.linkedin.com/help/linkedin/answer/a1338800/
======== We are on link 24 of 33
========== raw link https://www.linkedin.com/help/linkedin/answer/137372
============ Checking for Redirections: https://www.linkedin.com/help/linkedin/answer/137372
============ Followed Redirection to https://www.linkedin.com/help/linkedin/answer/a1338787/
============ Link after cleaning: https://www.linkedin.com/help/linkedin/answer/a1338787/
========== scraping https://www.linkedin.com/help/linkedin/answer/a1338787/
======== We are on link 25 of 33
========== raw link https://about.linkedin.com?trk=content_footer-about
============ Checking for Redirections: https://about.linkedin.com?trk=content_footer-about
============ Followed Redirection to https://about.linkedin.com/?trk=content_footer-about
============ Link after cleaning: https://about.linkedin.com/
========== link already checked
======== We are on link 26 of 33
========== raw link https://www.linkedin.com/accessibility?trk=content_footer-accessibility
============ Checking for Redirections: https://www.linkedin.com/accessibility?trk=content_footer-accessibility
============ Link after cleaning: https://www.linkedin.com/accessibility
========== link already checked
======== We are on link 27 of 33
========== raw link https://www.linkedin.com/legal/user-agreement?trk=content_footer-user-agreement
============ Checking for Redirections: https://www.linkedin.com/legal/user-agreement?trk=content_footer-user-agreement
============ Link after cleaning: https://www.linkedin.com/legal/user-agreement
========== link already checked
======== We are on link 28 of 33
========== raw link https://www.linkedin.com/legal/privacy-policy?trk=content_footer-privacy-policy
============ Checking for Redirections: https://www.linkedin.com/legal/privacy-policy?trk=content_footer-privacy-policy
============ Link after cleaning: https://www.linkedin.com/legal/privacy-policy
========== link already checked
======== We are on link 29 of 33
========== raw link https://www.linkedin.com/legal/cookie-policy?trk=content_footer-cookie-policy
============ Checking for Redirections: https://www.linkedin.com/legal/cookie-policy?trk=content_footer-cookie-policy
============ Link after cleaning: https://www.linkedin.com/legal/cookie-policy
========== link already checked
======== We are on link 30 of 33
========== raw link https://www.linkedin.com/legal/copyright-policy?trk=content_footer-copyright-policy
============ Checking for Redirections: https://www.linkedin.com/legal/copyright-policy?trk=content_footer-copyright-policy
============ Link after cleaning: https://www.linkedin.com/legal/copyright-policy
========== link already checked
======== We are on link 31 of 33
========== raw link https://brand.linkedin.com/policies?trk=content_footer-brand-policy
============ Checking for Redirections: https://brand.linkedin.com/policies?trk=content_footer-brand-policy
============ Followed Redirection to https://brand.linkedin.com/en-us?trk=content_footer-brand-policy
============ Link after cleaning: https://brand.linkedin.com/en-us
========== link already checked
======== We are on link 32 of 33
========== raw link https://www.linkedin.com/psettings/guest-controls?trk=content_footer-guest-controls
============ Checking for Redirections: https://www.linkedin.com/psettings/guest-controls?trk=content_footer-guest-controls
============ Link after cleaning: https://www.linkedin.com/psettings/guest-controls
========== link already checked
======== We are on link 33 of 33
========== raw link https://www.linkedin.com/help/linkedin/answer/34593?trk=content_footer-community-guide
============ Checking for Redirections: https://www.linkedin.com/help/linkedin/answer/34593?trk=content_footer-community-guide
============ Followed Redirection to https://www.linkedin.com/help/linkedin/answer/a403269/?trk=content_footer-community-guide
============ Link after cleaning: https://www.linkedin.com/help/linkedin/answer/a403269/
========== link already checked
====== We are on page 10 of 16: https://www.linkedin.com/legal/l/service-terms
====== Number of Links on this Page: 20
======== We are on link 1 of 20
========== raw link #lithograph-app
========== dropped link (either fragment ("#"), js, mailto, comment, pdf, or empty)
======== We are on link 2 of 20
========== raw link https://www.linkedin.com?trk=nav_header_logo
============ Checking for Redirections: https://www.linkedin.com?trk=nav_header_logo
============ Followed Redirection to https://www.linkedin.com/?trk=nav_header_logo
============ Link after cleaning: https://www.linkedin.com/
========== link already checked
======== We are on link 3 of 20
========== raw link https://www.linkedin.com/signup/cold-join?trk=nav_header_join
============ Checking for Redirections: https://www.linkedin.com/signup/cold-join?trk=nav_header_join
============ Link after cleaning: https://www.linkedin.com/signup/cold-join
========== scraping https://www.linkedin.com/signup/cold-join
======== We are on link 4 of 20
========== raw link https://www.linkedin.com/uas/login?session_redirect=&amp;trk=hb_signin&trk=nav_header_signin
========== dropped link https://www.linkedin.com/uas/login?session_redirect=&amp;trk=hb_signin&trk=nav_header_signin. Didn't pass first allows/blocks test.
======== We are on link 5 of 20
========== raw link https://www.linkedin.com/help/recruiter/answer/a411940?lang=en
============ Checking for Redirections: https://www.linkedin.com/help/recruiter/answer/a411940?lang=en
============ Link after cleaning: https://www.linkedin.com/help/recruiter/answer/a411940
========== scraping https://www.linkedin.com/help/recruiter/answer/a411940
======== We are on link 6 of 20
========== raw link https://www.linkedin.com/help/recruiter/answer/50181/recruiter-inmail-policy?lang=en
============ Checking for Redirections: https://www.linkedin.com/help/recruiter/answer/50181/recruiter-inmail-policy?lang=en
============ Followed Redirection to https://www.linkedin.com/help/recruiter/answer/a413279/recruiter-inmail-policy?lang=en
============ Link after cleaning: https://www.linkedin.com/help/recruiter/answer/a413279/recruiter-inmail-policy
========== scraping https://www.linkedin.com/help/recruiter/answer/a413279/recruiter-inmail-policy
======== We are on link 7 of 20
========== raw link https://www.linkedin.com/legal/l/jobs-policies
============ Checking for Redirections: https://www.linkedin.com/legal/l/jobs-policies
============ Link unchanged
========== scraping https://www.linkedin.com/legal/l/jobs-policies
======== We are on link 8 of 20
========== raw link https://business.linkedin.com/content/dam/business/sales-solutions/global/en_US/site/pdf/ti/services.pdf
========== dropped link (either fragment ("#"), js, mailto, comment, pdf, or empty)
======== We are on link 9 of 20
========== raw link https://brand.linkedin.com/policies
============ Checking for Redirections: https://brand.linkedin.com/policies
============ Followed Redirection to https://brand.linkedin.com/en-us
============ Link after cleaning: https://brand.linkedin.com/en-us
========== link already checked
======== We are on link 10 of 20
========== raw link https://www.linkedin.com/legal/l/lmsprogramterms
============ Checking for Redirections: https://www.linkedin.com/legal/l/lmsprogramterms
============ Link unchanged
========== scraping https://www.linkedin.com/legal/l/lmsprogramterms
======== We are on link 11 of 20
========== raw link https://legal.linkedin.com/customer-subprocessors
============ Checking for Redirections: https://legal.linkedin.com/customer-subprocessors
============ Followed Redirection to https://www.linkedin.com/legal/l/customer-subprocessors
============ Link after cleaning: https://www.linkedin.com/legal/l/customer-subprocessors
========== scraping https://www.linkedin.com/legal/l/customer-subprocessors
======== We are on link 12 of 20
========== raw link https://about.linkedin.com?trk=content_footer-about
============ Checking for Redirections: https://about.linkedin.com?trk=content_footer-about
============ Followed Redirection to https://about.linkedin.com/?trk=content_footer-about
============ Link after cleaning: https://about.linkedin.com/
========== link already checked
======== We are on link 13 of 20
========== raw link https://www.linkedin.com/accessibility?trk=content_footer-accessibility
============ Checking for Redirections: https://www.linkedin.com/accessibility?trk=content_footer-accessibility
============ Link after cleaning: https://www.linkedin.com/accessibility
========== link already checked
======== We are on link 14 of 20
========== raw link https://www.linkedin.com/legal/user-agreement?trk=content_footer-user-agreement
============ Checking for Redirections: https://www.linkedin.com/legal/user-agreement?trk=content_footer-user-agreement
============ Link after cleaning: https://www.linkedin.com/legal/user-agreement
========== link already checked
======== We are on link 15 of 20
========== raw link https://www.linkedin.com/legal/privacy-policy?trk=content_footer-privacy-policy
============ Checking for Redirections: https://www.linkedin.com/legal/privacy-policy?trk=content_footer-privacy-policy
============ Link after cleaning: https://www.linkedin.com/legal/privacy-policy
========== link already checked
======== We are on link 16 of 20
========== raw link https://www.linkedin.com/legal/cookie-policy?trk=content_footer-cookie-policy
============ Checking for Redirections: https://www.linkedin.com/legal/cookie-policy?trk=content_footer-cookie-policy
============ Link after cleaning: https://www.linkedin.com/legal/cookie-policy
========== link already checked
======== We are on link 17 of 20
========== raw link https://www.linkedin.com/legal/copyright-policy?trk=content_footer-copyright-policy
============ Checking for Redirections: https://www.linkedin.com/legal/copyright-policy?trk=content_footer-copyright-policy
============ Link after cleaning: https://www.linkedin.com/legal/copyright-policy
========== link already checked
======== We are on link 18 of 20
========== raw link https://brand.linkedin.com/policies?trk=content_footer-brand-policy
============ Checking for Redirections: https://brand.linkedin.com/policies?trk=content_footer-brand-policy
============ Followed Redirection to https://brand.linkedin.com/en-us?trk=content_footer-brand-policy
============ Link after cleaning: https://brand.linkedin.com/en-us
========== link already checked
======== We are on link 19 of 20
========== raw link https://www.linkedin.com/psettings/guest-controls?trk=content_footer-guest-controls
============ Checking for Redirections: https://www.linkedin.com/psettings/guest-controls?trk=content_footer-guest-controls
============ Link after cleaning: https://www.linkedin.com/psettings/guest-controls
========== link already checked
======== We are on link 20 of 20
========== raw link https://www.linkedin.com/help/linkedin/answer/34593?trk=content_footer-community-guide
============ Checking for Redirections: https://www.linkedin.com/help/linkedin/answer/34593?trk=content_footer-community-guide
============ Followed Redirection to https://www.linkedin.com/help/linkedin/answer/a403269/?trk=content_footer-community-guide
============ Link after cleaning: https://www.linkedin.com/help/linkedin/answer/a403269/
========== link already checked
====== We are on page 11 of 16: https://www.linkedin.com/legal/jobs-terms-conditions
====== Number of Links on this Page: 35
======== We are on link 1 of 35
========== raw link #lithograph-app
========== dropped link (either fragment ("#"), js, mailto, comment, pdf, or empty)
======== We are on link 2 of 35
========== raw link https://linkedin.com/legal/user-agreement
============ Checking for Redirections: https://linkedin.com/legal/user-agreement
============ Followed Redirection to https://www.linkedin.com/legal/user-agreement
============ Link after cleaning: https://www.linkedin.com/legal/user-agreement
========== link already checked
======== We are on link 3 of 35
========== raw link https://linkedin.com/legal/user-agreement-summary
============ Checking for Redirections: https://linkedin.com/legal/user-agreement-summary
============ Followed Redirection to https://www.linkedin.com/legal/user-agreement-summary
============ Link after cleaning: https://www.linkedin.com/legal/user-agreement-summary
========== link already checked
======== We are on link 4 of 35
========== raw link https://linkedin.com/legal/privacy-policy
============ Checking for Redirections: https://linkedin.com/legal/privacy-policy
============ Followed Redirection to https://www.linkedin.com/legal/privacy-policy
============ Link after cleaning: https://www.linkedin.com/legal/privacy-policy
========== link already checked
======== We are on link 5 of 35
========== raw link https://linkedin.com/legal/professional-community-policies
============ Checking for Redirections: https://linkedin.com/legal/professional-community-policies
============ Followed Redirection to https://www.linkedin.com/legal/professional-community-policies
============ Link after cleaning: https://www.linkedin.com/legal/professional-community-policies
========== link already checked
======== We are on link 6 of 35
========== raw link https://linkedin.com/legal/cookie-policy
============ Checking for Redirections: https://linkedin.com/legal/cookie-policy
============ Followed Redirection to https://www.linkedin.com/legal/cookie-policy
============ Link after cleaning: https://www.linkedin.com/legal/cookie-policy
========== link already checked
======== We are on link 7 of 35
========== raw link https://linkedin.com/legal/copyright-policy
============ Checking for Redirections: https://linkedin.com/legal/copyright-policy
============ Followed Redirection to https://www.linkedin.com/legal/copyright-policy
============ Link after cleaning: https://www.linkedin.com/legal/copyright-policy
========== link already checked
======== We are on link 8 of 35
========== raw link https://privacy.linkedin.com/regionalinfo
============ Checking for Redirections: https://privacy.linkedin.com/regionalinfo
============ Link unchanged
========== link already checked
======== We are on link 9 of 35
========== raw link https://linkedin.com/legal/privacy/eu
============ Checking for Redirections: https://linkedin.com/legal/privacy/eu
============ Followed Redirection to https://www.linkedin.com/legal/privacy/eu
============ Link after cleaning: https://www.linkedin.com/legal/privacy/eu
========== link already checked
======== We are on link 10 of 35
========== raw link https://linkedin.com/legal/california-privacy-disclosure
============ Checking for Redirections: https://linkedin.com/legal/california-privacy-disclosure
============ Followed Redirection to https://www.linkedin.com/legal/california-privacy-disclosure
============ Link after cleaning: https://www.linkedin.com/legal/california-privacy-disclosure
========== link already checked
======== We are on link 11 of 35
========== raw link https://www.linkedin.com/legal/privacy/usa
============ Checking for Redirections: https://www.linkedin.com/legal/privacy/usa
============ Link unchanged
========== link already checked
======== We are on link 12 of 35
========== raw link https://linkedin.com/legal/user-agreement
============ Checking for Redirections: https://linkedin.com/legal/user-agreement
============ Followed Redirection to https://www.linkedin.com/legal/user-agreement
============ Link after cleaning: https://www.linkedin.com/legal/user-agreement
========== link already checked
======== We are on link 13 of 35
========== raw link https://linkedin.com/legal/user-agreement-summary
============ Checking for Redirections: https://linkedin.com/legal/user-agreement-summary
============ Followed Redirection to https://www.linkedin.com/legal/user-agreement-summary
============ Link after cleaning: https://www.linkedin.com/legal/user-agreement-summary
========== link already checked
======== We are on link 14 of 35
========== raw link https://linkedin.com/legal/privacy-policy
============ Checking for Redirections: https://linkedin.com/legal/privacy-policy
============ Followed Redirection to https://www.linkedin.com/legal/privacy-policy
============ Link after cleaning: https://www.linkedin.com/legal/privacy-policy
========== link already checked
======== We are on link 15 of 35
========== raw link https://linkedin.com/legal/professional-community-policies
============ Checking for Redirections: https://linkedin.com/legal/professional-community-policies
============ Followed Redirection to https://www.linkedin.com/legal/professional-community-policies
============ Link after cleaning: https://www.linkedin.com/legal/professional-community-policies
========== link already checked
======== We are on link 16 of 35
========== raw link https://linkedin.com/legal/cookie-policy
============ Checking for Redirections: https://linkedin.com/legal/cookie-policy
============ Followed Redirection to https://www.linkedin.com/legal/cookie-policy
============ Link after cleaning: https://www.linkedin.com/legal/cookie-policy
========== link already checked
======== We are on link 17 of 35
========== raw link https://linkedin.com/legal/copyright-policy
============ Checking for Redirections: https://linkedin.com/legal/copyright-policy
============ Followed Redirection to https://www.linkedin.com/legal/copyright-policy
============ Link after cleaning: https://www.linkedin.com/legal/copyright-policy
========== link already checked
======== We are on link 18 of 35
========== raw link https://privacy.linkedin.com/regionalinfo
============ Checking for Redirections: https://privacy.linkedin.com/regionalinfo
============ Link unchanged
========== link already checked
======== We are on link 19 of 35
========== raw link https://linkedin.com/legal/privacy/eu
============ Checking for Redirections: https://linkedin.com/legal/privacy/eu
============ Followed Redirection to https://www.linkedin.com/legal/privacy/eu
============ Link after cleaning: https://www.linkedin.com/legal/privacy/eu
========== link already checked
======== We are on link 20 of 35
========== raw link https://linkedin.com/legal/california-privacy-disclosure
============ Checking for Redirections: https://linkedin.com/legal/california-privacy-disclosure
============ Followed Redirection to https://www.linkedin.com/legal/california-privacy-disclosure
============ Link after cleaning: https://www.linkedin.com/legal/california-privacy-disclosure
========== link already checked
======== We are on link 21 of 35
========== raw link https://www.linkedin.com/legal/privacy/usa
============ Checking for Redirections: https://www.linkedin.com/legal/privacy/usa
============ Link unchanged
========== link already checked
======== We are on link 22 of 35
========== raw link https://www.linkedin.com/legal/user-agreement
============ Checking for Redirections: https://www.linkedin.com/legal/user-agreement
============ Link unchanged
========== link already checked
======== We are on link 23 of 35
========== raw link https://www.linkedin.com/legal/privacy-policy
============ Checking for Redirections: https://www.linkedin.com/legal/privacy-policy
============ Link unchanged
========== link already checked
======== We are on link 24 of 35
========== raw link https://www.linkedin.com/legal/l/refund-policy
============ Checking for Redirections: https://www.linkedin.com/legal/l/refund-policy
============ Link unchanged
========== scraping https://www.linkedin.com/legal/l/refund-policy
======== We are on link 25 of 35
========== raw link https://www.linkedin.com/legal/contracting-entity-terms
============ Checking for Redirections: https://www.linkedin.com/legal/contracting-entity-terms
============ Link unchanged
========== scraping https://www.linkedin.com/legal/contracting-entity-terms
======== We are on link 26 of 35
========== raw link https://www.linkedin.com/legal/contracting-entity-terms
============ Checking for Redirections: https://www.linkedin.com/legal/contracting-entity-terms
============ Link unchanged
========== link already checked
======== We are on link 27 of 35
========== raw link https://about.linkedin.com?trk=content_footer-about
============ Checking for Redirections: https://about.linkedin.com?trk=content_footer-about
============ Followed Redirection to https://about.linkedin.com/?trk=content_footer-about
============ Link after cleaning: https://about.linkedin.com/
========== link already checked
======== We are on link 28 of 35
========== raw link https://www.linkedin.com/accessibility?trk=content_footer-accessibility
============ Checking for Redirections: https://www.linkedin.com/accessibility?trk=content_footer-accessibility
============ Link after cleaning: https://www.linkedin.com/accessibility
========== link already checked
======== We are on link 29 of 35
========== raw link https://www.linkedin.com/legal/user-agreement?trk=content_footer-user-agreement
============ Checking for Redirections: https://www.linkedin.com/legal/user-agreement?trk=content_footer-user-agreement
============ Link after cleaning: https://www.linkedin.com/legal/user-agreement
========== link already checked
======== We are on link 30 of 35
========== raw link https://www.linkedin.com/legal/privacy-policy?trk=content_footer-privacy-policy
============ Checking for Redirections: https://www.linkedin.com/legal/privacy-policy?trk=content_footer-privacy-policy
============ Link after cleaning: https://www.linkedin.com/legal/privacy-policy
========== link already checked
======== We are on link 31 of 35
========== raw link https://www.linkedin.com/legal/cookie-policy?trk=content_footer-cookie-policy
============ Checking for Redirections: https://www.linkedin.com/legal/cookie-policy?trk=content_footer-cookie-policy
============ Link after cleaning: https://www.linkedin.com/legal/cookie-policy
========== link already checked
======== We are on link 32 of 35
========== raw link https://www.linkedin.com/legal/copyright-policy?trk=content_footer-copyright-policy
============ Checking for Redirections: https://www.linkedin.com/legal/copyright-policy?trk=content_footer-copyright-policy
============ Link after cleaning: https://www.linkedin.com/legal/copyright-policy
========== link already checked
======== We are on link 33 of 35
========== raw link https://brand.linkedin.com/policies?trk=content_footer-brand-policy
============ Checking for Redirections: https://brand.linkedin.com/policies?trk=content_footer-brand-policy
============ Followed Redirection to https://brand.linkedin.com/en-us?trk=content_footer-brand-policy
============ Link after cleaning: https://brand.linkedin.com/en-us
========== link already checked
======== We are on link 34 of 35
========== raw link https://www.linkedin.com/psettings/guest-controls?trk=content_footer-guest-controls
============ Checking for Redirections: https://www.linkedin.com/psettings/guest-controls?trk=content_footer-guest-controls
============ Link after cleaning: https://www.linkedin.com/psettings/guest-controls
========== link already checked
======== We are on link 35 of 35
========== raw link https://www.linkedin.com/help/linkedin/answer/34593?trk=content_footer-community-guide
============ Checking for Redirections: https://www.linkedin.com/help/linkedin/answer/34593?trk=content_footer-community-guide
============ Followed Redirection to https://www.linkedin.com/help/linkedin/answer/a403269/?trk=content_footer-community-guide
============ Link after cleaning: https://www.linkedin.com/help/linkedin/answer/a403269/
========== link already checked
====== We are on page 12 of 16: https://www.linkedin.com/legal/user-agreement?trk=content_footer-user-agreement
====== Number of Links on this Page: 84
======== We are on link 1 of 84
========== raw link #lithograph-app
========== dropped link (either fragment ("#"), js, mailto, comment, pdf, or empty)
======== We are on link 2 of 84
========== raw link https://linkedin.com/legal/user-agreement
============ Checking for Redirections: https://linkedin.com/legal/user-agreement
============ Followed Redirection to https://www.linkedin.com/legal/user-agreement
============ Link after cleaning: https://www.linkedin.com/legal/user-agreement
========== link already checked
======== We are on link 3 of 84
========== raw link https://linkedin.com/legal/user-agreement-summary
============ Checking for Redirections: https://linkedin.com/legal/user-agreement-summary
============ Followed Redirection to https://www.linkedin.com/legal/user-agreement-summary
============ Link after cleaning: https://www.linkedin.com/legal/user-agreement-summary
========== link already checked
======== We are on link 4 of 84
========== raw link https://linkedin.com/legal/privacy-policy
============ Checking for Redirections: https://linkedin.com/legal/privacy-policy
============ Followed Redirection to https://www.linkedin.com/legal/privacy-policy
============ Link after cleaning: https://www.linkedin.com/legal/privacy-policy
========== link already checked
======== We are on link 5 of 84
========== raw link https://linkedin.com/legal/professional-community-policies
============ Checking for Redirections: https://linkedin.com/legal/professional-community-policies
============ Followed Redirection to https://www.linkedin.com/legal/professional-community-policies
============ Link after cleaning: https://www.linkedin.com/legal/professional-community-policies
========== link already checked
======== We are on link 6 of 84
========== raw link https://linkedin.com/legal/cookie-policy
============ Checking for Redirections: https://linkedin.com/legal/cookie-policy
============ Followed Redirection to https://www.linkedin.com/legal/cookie-policy
============ Link after cleaning: https://www.linkedin.com/legal/cookie-policy
========== link already checked
======== We are on link 7 of 84
========== raw link https://linkedin.com/legal/copyright-policy
============ Checking for Redirections: https://linkedin.com/legal/copyright-policy
============ Followed Redirection to https://www.linkedin.com/legal/copyright-policy
============ Link after cleaning: https://www.linkedin.com/legal/copyright-policy
========== link already checked
======== We are on link 8 of 84
========== raw link https://privacy.linkedin.com/regionalinfo
============ Checking for Redirections: https://privacy.linkedin.com/regionalinfo
============ Link unchanged
========== link already checked
======== We are on link 9 of 84
========== raw link https://linkedin.com/legal/privacy/eu
============ Checking for Redirections: https://linkedin.com/legal/privacy/eu
============ Followed Redirection to https://www.linkedin.com/legal/privacy/eu
============ Link after cleaning: https://www.linkedin.com/legal/privacy/eu
========== link already checked
======== We are on link 10 of 84
========== raw link https://linkedin.com/legal/california-privacy-disclosure
============ Checking for Redirections: https://linkedin.com/legal/california-privacy-disclosure
============ Followed Redirection to https://www.linkedin.com/legal/california-privacy-disclosure
============ Link after cleaning: https://www.linkedin.com/legal/california-privacy-disclosure
========== link already checked
======== We are on link 11 of 84
========== raw link https://www.linkedin.com/legal/privacy/usa
============ Checking for Redirections: https://www.linkedin.com/legal/privacy/usa
============ Link unchanged
========== link already checked
======== We are on link 12 of 84
========== raw link https://linkedin.com/legal/user-agreement
============ Checking for Redirections: https://linkedin.com/legal/user-agreement
============ Followed Redirection to https://www.linkedin.com/legal/user-agreement
============ Link after cleaning: https://www.linkedin.com/legal/user-agreement
========== link already checked
======== We are on link 13 of 84
========== raw link https://linkedin.com/legal/user-agreement-summary
============ Checking for Redirections: https://linkedin.com/legal/user-agreement-summary
============ Followed Redirection to https://www.linkedin.com/legal/user-agreement-summary
============ Link after cleaning: https://www.linkedin.com/legal/user-agreement-summary
========== link already checked
======== We are on link 14 of 84
========== raw link https://linkedin.com/legal/privacy-policy
============ Checking for Redirections: https://linkedin.com/legal/privacy-policy
============ Followed Redirection to https://www.linkedin.com/legal/privacy-policy
============ Link after cleaning: https://www.linkedin.com/legal/privacy-policy
========== link already checked
======== We are on link 15 of 84
========== raw link https://linkedin.com/legal/professional-community-policies
============ Checking for Redirections: https://linkedin.com/legal/professional-community-policies
============ Followed Redirection to https://www.linkedin.com/legal/professional-community-policies
============ Link after cleaning: https://www.linkedin.com/legal/professional-community-policies
========== link already checked
======== We are on link 16 of 84
========== raw link https://linkedin.com/legal/cookie-policy
============ Checking for Redirections: https://linkedin.com/legal/cookie-policy
============ Followed Redirection to https://www.linkedin.com/legal/cookie-policy
============ Link after cleaning: https://www.linkedin.com/legal/cookie-policy
========== link already checked
======== We are on link 17 of 84
========== raw link https://linkedin.com/legal/copyright-policy
============ Checking for Redirections: https://linkedin.com/legal/copyright-policy
============ Followed Redirection to https://www.linkedin.com/legal/copyright-policy
============ Link after cleaning: https://www.linkedin.com/legal/copyright-policy
========== link already checked
======== We are on link 18 of 84
========== raw link https://privacy.linkedin.com/regionalinfo
============ Checking for Redirections: https://privacy.linkedin.com/regionalinfo
============ Link unchanged
========== link already checked
======== We are on link 19 of 84
========== raw link https://linkedin.com/legal/privacy/eu
============ Checking for Redirections: https://linkedin.com/legal/privacy/eu
============ Followed Redirection to https://www.linkedin.com/legal/privacy/eu
============ Link after cleaning: https://www.linkedin.com/legal/privacy/eu
========== link already checked
======== We are on link 20 of 84
========== raw link https://linkedin.com/legal/california-privacy-disclosure
============ Checking for Redirections: https://linkedin.com/legal/california-privacy-disclosure
============ Followed Redirection to https://www.linkedin.com/legal/california-privacy-disclosure
============ Link after cleaning: https://www.linkedin.com/legal/california-privacy-disclosure
========== link already checked
======== We are on link 21 of 84
========== raw link https://www.linkedin.com/legal/privacy/usa
============ Checking for Redirections: https://www.linkedin.com/legal/privacy/usa
============ Link unchanged
========== link already checked
======== We are on link 22 of 84
========== raw link https://www.linkedin.com/help/linkedin/answer/a1341216/updates-to-user-agreement-and-privacy-policy
============ Checking for Redirections: https://www.linkedin.com/help/linkedin/answer/a1341216/updates-to-user-agreement-and-privacy-policy
============ Link unchanged
========== link already checked
======== We are on link 23 of 84
========== raw link #introduction
========== dropped link (either fragment ("#"), js, mailto, comment, pdf, or empty)
======== We are on link 24 of 84
========== raw link #obligations
========== dropped link (either fragment ("#"), js, mailto, comment, pdf, or empty)
======== We are on link 25 of 84
========== raw link #rights
========== dropped link (either fragment ("#"), js, mailto, comment, pdf, or empty)
======== We are on link 26 of 84
========== raw link #disclaimer
========== dropped link (either fragment ("#"), js, mailto, comment, pdf, or empty)
======== We are on link 27 of 84
========== raw link #termination
========== dropped link (either fragment ("#"), js, mailto, comment, pdf, or empty)
======== We are on link 28 of 84
========== raw link #dispute
========== dropped link (either fragment ("#"), js, mailto, comment, pdf, or empty)
======== We are on link 29 of 84
========== raw link #general
========== dropped link (either fragment ("#"), js, mailto, comment, pdf, or empty)
======== We are on link 30 of 84
========== raw link #dos
========== dropped link (either fragment ("#"), js, mailto, comment, pdf, or empty)
======== We are on link 31 of 84
========== raw link #complaints
========== dropped link (either fragment ("#"), js, mailto, comment, pdf, or empty)
======== We are on link 32 of 84
========== raw link #contact
========== dropped link (either fragment ("#"), js, mailto, comment, pdf, or empty)
======== We are on link 33 of 84
========== raw link https://www.linkedin.com/legal/privacy-policy
============ Checking for Redirections: https://www.linkedin.com/legal/privacy-policy
============ Link unchanged
========== link already checked
======== We are on link 34 of 84
========== raw link https://www.linkedin.com/legal/cookie-policy
============ Checking for Redirections: https://www.linkedin.com/legal/cookie-policy
============ Link unchanged
========== link already checked
======== We are on link 35 of 84
========== raw link https://www.linkedin.com/legal/privacy-policy
============ Checking for Redirections: https://www.linkedin.com/legal/privacy-policy
============ Link unchanged
========== link already checked
======== We are on link 36 of 84
========== raw link https://www.linkedin.com/legal/privacy-policy
============ Checking for Redirections: https://www.linkedin.com/legal/privacy-policy
============ Link unchanged
========== link already checked
======== We are on link 37 of 84
========== raw link https://www.linkedin.com/help/linkedin/answer/63?trk=microsites-frontend_legal_user-agreement&lang=en
============ Checking for Redirections: https://www.linkedin.com/help/linkedin/answer/63?trk=microsites-frontend_legal_user-agreement&lang=en
============ Followed Redirection to https://www.linkedin.com/help/linkedin/answer/a1379064/?trk=microsites-frontend_legal_user-agreement&lang=en
============ Link after cleaning: https://www.linkedin.com/help/linkedin/answer/a1379064/
========== link already checked
======== We are on link 38 of 84
========== raw link #key-terms-2
========== dropped link (either fragment ("#"), js, mailto, comment, pdf, or empty)
======== We are on link 39 of 84
========== raw link https://www.linkedin.com/help/linkedin/answer/a6854067
============ Checking for Redirections: https://www.linkedin.com/help/linkedin/answer/a6854067
============ Link unchanged
========== link already checked
======== We are on link 40 of 84
========== raw link https://www.linkedin.com/legal/professional-community-policies
============ Checking for Redirections: https://www.linkedin.com/legal/professional-community-policies
============ Link unchanged
========== link already checked
======== We are on link 41 of 84
========== raw link https://www.linkedin.com/help/linkedin/answer/89880?trk=microsites-frontend_legal_user-agreement&lang=en
============ Checking for Redirections: https://www.linkedin.com/help/linkedin/answer/89880?trk=microsites-frontend_legal_user-agreement&lang=en
============ Followed Redirection to https://www.linkedin.com/help/linkedin/answer/a403270/?trk=microsites-frontend_legal_user-agreement&lang=en
============ Link after cleaning: https://www.linkedin.com/help/linkedin/answer/a403270/
========== link already checked
======== We are on link 42 of 84
========== raw link https://www.linkedin.com/legal/pop/terms-for-paid-services
============ Checking for Redirections: https://www.linkedin.com/legal/pop/terms-for-paid-services
============ Followed Redirection to https://www.linkedin.com/legal/terms-for-paid-services
============ Link after cleaning: https://www.linkedin.com/legal/terms-for-paid-services
========== link already checked
======== We are on link 43 of 84
========== raw link https://www.linkedin.com/help/linkedin/answer/a1340105
============ Checking for Redirections: https://www.linkedin.com/help/linkedin/answer/a1340105
============ Link unchanged
========== link already checked
======== We are on link 44 of 84
========== raw link https://www.linkedin.com/help/linkedin/answer/50?trk=microsites-frontend_legal_user-agreement&lang=en
============ Checking for Redirections: https://www.linkedin.com/help/linkedin/answer/50?trk=microsites-frontend_legal_user-agreement&lang=en
============ Followed Redirection to https://www.linkedin.com/help/linkedin/answer/a545578/?trk=microsites-frontend_legal_user-agreement&lang=en
============ Link after cleaning: https://www.linkedin.com/help/linkedin/answer/a545578/
========== link already checked
======== We are on link 45 of 84
========== raw link https://www.linkedin.com/help/linkedin/answer/5704?trk=microsites-frontend_legal_user-agreement&lang=en
============ Checking for Redirections: https://www.linkedin.com/help/linkedin/answer/5704?trk=microsites-frontend_legal_user-agreement&lang=en
============ Followed Redirection to https://www.linkedin.com/help/linkedin/answer/a1337140/?trk=microsites-frontend_legal_user-agreement&lang=en
============ Link after cleaning: https://www.linkedin.com/help/linkedin/answer/a1337140/
========== link already checked
======== We are on link 46 of 84
========== raw link https://www.linkedin.com/payments/purchasehistory
============ Checking for Redirections: https://www.linkedin.com/payments/purchasehistory
============ Followed Redirection to https://www.linkedin.com/uas/login?session_redirect=https%3A%2F%2Fwww.linkedin.com%2Fpayments%2Fpurchasehistory
============ Link after cleaning: https://www.linkedin.com/uas/login
============ Excluded based on allow/block list.
======== We are on link 47 of 84
========== raw link https://www.linkedin.com/mypreferences/d/categories/sign-in-and-security
============ Checking for Redirections: https://www.linkedin.com/mypreferences/d/categories/sign-in-and-security
============ Followed Redirection to https://www.linkedin.com/uas/login?session_redirect=https%3A%2F%2Fwww.linkedin.com%2Fmypreferences%2Fd%2Fcategories%2Fsign-in-and-security
============ Link after cleaning: https://www.linkedin.com/uas/login
============ Excluded based on allow/block list.
======== We are on link 48 of 84
========== raw link https://www.linkedin.com/help/linkedin/answer/67?trk=microsites-frontend_legal_user-agreement&lang=en
============ Checking for Redirections: https://www.linkedin.com/help/linkedin/answer/67?trk=microsites-frontend_legal_user-agreement&lang=en
============ Followed Redirection to https://www.linkedin.com/help/linkedin/answer/a517979/?trk=microsites-frontend_legal_user-agreement&lang=en
============ Link after cleaning: https://www.linkedin.com/help/linkedin/answer/a517979/
========== link already checked
======== We are on link 49 of 84
========== raw link https://www.linkedin.com/legal/user-agreement#key-terms-3
============ Checking for Redirections: https://www.linkedin.com/legal/user-agreement#key-terms-3
============ Link after cleaning: https://www.linkedin.com/legal/user-agreement
========== link already checked
======== We are on link 50 of 84
========== raw link https://www.linkedin.com/legal/user-agreement#key-terms-3
============ Checking for Redirections: https://www.linkedin.com/legal/user-agreement#key-terms-3
============ Link after cleaning: https://www.linkedin.com/legal/user-agreement
========== link already checked
======== We are on link 51 of 84
========== raw link https://www.linkedin.com/legal/user-agreement#key-terms-3
============ Checking for Redirections: https://www.linkedin.com/legal/user-agreement#key-terms-3
============ Link after cleaning: https://www.linkedin.com/legal/user-agreement
========== link already checked
======== We are on link 52 of 84
========== raw link https://www.linkedin.com/help/linkedin/answer/86529?trk=microsites-frontend_legal_user-agreement&lang=en
============ Checking for Redirections: https://www.linkedin.com/help/linkedin/answer/86529?trk=microsites-frontend_legal_user-agreement&lang=en
============ Followed Redirection to https://www.linkedin.com/help/linkedin/answer/a529065/?trk=microsites-frontend_legal_user-agreement&lang=en
============ Link after cleaning: https://www.linkedin.com/help/linkedin/answer/a529065/
========== link already checked
======== We are on link 53 of 84
========== raw link https://creativecommons.org/choose/
========== dropped link https://creativecommons.org/choose/. Didn't pass first allows/blocks test.
======== We are on link 54 of 84
========== raw link https://www.linkedin.com/legal/privacy-policy
============ Checking for Redirections: https://www.linkedin.com/legal/privacy-policy
============ Link unchanged
========== link already checked
======== We are on link 55 of 84
========== raw link https://www.linkedin.com/psettings/news-mention-broadcast
============ Checking for Redirections: https://www.linkedin.com/psettings/news-mention-broadcast
============ Followed Redirection to https://www.linkedin.com/uas/login?session_redirect=https%3A%2F%2Fwww.linkedin.com%2Fmypreferences%2Fm%2Fsettings%2Fnotify-network-about-my-mentions
============ Link after cleaning: https://www.linkedin.com/uas/login
============ Excluded based on allow/block list.
======== We are on link 56 of 84
========== raw link https://www.linkedin.com/help/linkedin/answer/50021?trk=microsites-frontend_legal_user-agreement&lang=en
============ Checking for Redirections: https://www.linkedin.com/help/linkedin/answer/50021?trk=microsites-frontend_legal_user-agreement&lang=en
============ Followed Redirection to https://www.linkedin.com/help/linkedin/answer/a1335382/?trk=microsites-frontend_legal_user-agreement&lang=en
============ Link after cleaning: https://www.linkedin.com/help/linkedin/answer/a1335382/
========== link already checked
======== We are on link 57 of 84
========== raw link https://www.linkedin.com/services
============ Checking for Redirections: https://www.linkedin.com/services
============ Link unchanged
========== link already checked
======== We are on link 58 of 84
========== raw link https://www.linkedin.com/services
============ Checking for Redirections: https://www.linkedin.com/services
============ Link unchanged
========== link already checked
======== We are on link 59 of 84
========== raw link https://www.linkedin.com/help/linkedin/answer/89880?trk=microsites-frontend_legal_user-agreement&lang=en
============ Checking for Redirections: https://www.linkedin.com/help/linkedin/answer/89880?trk=microsites-frontend_legal_user-agreement&lang=en
============ Followed Redirection to https://www.linkedin.com/help/linkedin/answer/a403270/?trk=microsites-frontend_legal_user-agreement&lang=en
============ Link after cleaning: https://www.linkedin.com/help/linkedin/answer/a403270/
========== link already checked
======== We are on link 60 of 84
========== raw link https://www.linkedin.com/help/linkedin/answer/89880?trk=microsites-frontend_legal_user-agreement&lang=en
============ Checking for Redirections: https://www.linkedin.com/help/linkedin/answer/89880?trk=microsites-frontend_legal_user-agreement&lang=en
============ Followed Redirection to https://www.linkedin.com/help/linkedin/answer/a403270/?trk=microsites-frontend_legal_user-agreement&lang=en
============ Link after cleaning: https://www.linkedin.com/help/linkedin/answer/a403270/
========== link already checked
======== We are on link 61 of 84
========== raw link https://www.linkedin.com/legal/professional-community-policies
============ Checking for Redirections: https://www.linkedin.com/legal/professional-community-policies
============ Link unchanged
========== link already checked
======== We are on link 62 of 84
========== raw link https://www.linkedin.com/help/linkedin/answer/a1342754
============ Checking for Redirections: https://www.linkedin.com/help/linkedin/answer/a1342754
============ Link unchanged
========== link already checked
======== We are on link 63 of 84
========== raw link https://www.linkedin.com/help/linkedin/answer/a1339724
============ Checking for Redirections: https://www.linkedin.com/help/linkedin/answer/a1339724
============ Link unchanged
========== link already checked
======== We are on link 64 of 84
========== raw link https://www.linkedin.com/legal/professional-community-policies
============ Checking for Redirections: https://www.linkedin.com/legal/professional-community-policies
============ Link unchanged
========== link already checked
======== We are on link 65 of 84
========== raw link https://www.linkedin.com/help/linkedin/answer/63?trk=microsites-frontend_legal_user-agreement&lang=en
============ Checking for Redirections: https://www.linkedin.com/help/linkedin/answer/63?trk=microsites-frontend_legal_user-agreement&lang=en
============ Followed Redirection to https://www.linkedin.com/help/linkedin/answer/a1379064/?trk=microsites-frontend_legal_user-agreement&lang=en
============ Link after cleaning: https://www.linkedin.com/help/linkedin/answer/a1379064/
========== link already checked
======== We are on link 66 of 84
========== raw link https://nam06.safelinks.protection.outlook.com/?url=https%3A%2F%2Fwww.linkedin.com%2Fhelp%2Flinkedin%2Fask%2Fts-adfrf&data=05%7C02%7Cmmills%40linkedin.com%7C48b37c3685a046ad7d8d08dc39876d09%7C72f988bf86f141af91ab2d7cd011db47%7C0%7C0%7C638448501200430881%7CUnknown%7CTWFpbGZsb3d8eyJWIjoiMC4wLjAwMDAiLCJQIjoiV2luMzIiLCJBTiI6Ik1haWwiLCJXVCI6Mn0%3D%7C0%7C%7C%7C&sdata=iSWx0d4TDMTU8%2BzjvQZmuHN1TtGnu0InmBUc3eOgxhs%3D&reserved=0
============ Checking for Redirections: https://nam06.safelinks.protection.outlook.com/?url=https%3A%2F%2Fwww.linkedin.com%2Fhelp%2Flinkedin%2Fask%2Fts-adfrf&data=05%7C02%7Cmmills%40linkedin.com%7C48b37c3685a046ad7d8d08dc39876d09%7C72f988bf86f141af91ab2d7cd011db47%7C0%7C0%7C638448501200430881%7CUnknown%7CTWFpbGZsb3d8eyJWIjoiMC4wLjAwMDAiLCJQIjoiV2luMzIiLCJBTiI6Ik1haWwiLCJXVCI6Mn0%3D%7C0%7C%7C%7C&sdata=iSWx0d4TDMTU8%2BzjvQZmuHN1TtGnu0InmBUc3eOgxhs%3D&reserved=0
============ Followed Redirection to https://www.linkedin.com/help/linkedin/ask/ts-adfrf
============ Link after cleaning: https://www.linkedin.com/help/linkedin/ask/ts-adfrf
========== link already checked
======== We are on link 67 of 84
========== raw link https://www.linkedin.com/legal/professional-community-policies
============ Checking for Redirections: https://www.linkedin.com/legal/professional-community-policies
============ Link unchanged
========== link already checked
======== We are on link 68 of 84
========== raw link https://brand.linkedin.com/policies
============ Checking for Redirections: https://brand.linkedin.com/policies
============ Followed Redirection to https://brand.linkedin.com/en-us
============ Link after cleaning: https://brand.linkedin.com/en-us
========== link already checked
======== We are on link 69 of 84
========== raw link https://www.linkedin.com/legal/professional-community-policies
============ Checking for Redirections: https://www.linkedin.com/legal/professional-community-policies
============ Link unchanged
========== link already checked
======== We are on link 70 of 84
========== raw link https://www.linkedin.com/help/linkedin/answer/a6857122
============ Checking for Redirections: https://www.linkedin.com/help/linkedin/answer/a6857122
============ Link unchanged
========== link already checked
======== We are on link 71 of 84
========== raw link https://www.linkedin.com/legal/professional-community-policies
============ Checking for Redirections: https://www.linkedin.com/legal/professional-community-policies
============ Link unchanged
========== link already checked
======== We are on link 72 of 84
========== raw link https://www.linkedin.com/legal/copyright-policy
============ Checking for Redirections: https://www.linkedin.com/legal/copyright-policy
============ Link unchanged
========== link already checked
======== We are on link 73 of 84
========== raw link https://www.linkedin.com/help/linkedin/answer/a1337296
============ Checking for Redirections: https://www.linkedin.com/help/linkedin/answer/a1337296
============ Link unchanged
========== link already checked
======== We are on link 74 of 84
========== raw link https://www.linkedin.com/help/linkedin?trk=microsites-frontend_legal_user-agreement&lang=en
============ Checking for Redirections: https://www.linkedin.com/help/linkedin?trk=microsites-frontend_legal_user-agreement&lang=en
============ Link after cleaning: https://www.linkedin.com/help/linkedin
========== link already checked
======== We are on link 75 of 84
========== raw link https://www.linkedin.com/help/linkedin/answer/79728?trk=microsites-frontend_legal_user-agreement&lang=en
============ Checking for Redirections: https://www.linkedin.com/help/linkedin/answer/79728?trk=microsites-frontend_legal_user-agreement&lang=en
============ Followed Redirection to https://www.linkedin.com/help/linkedin/answer/a1338533/?trk=microsites-frontend_legal_user-agreement&lang=en
============ Link after cleaning: https://www.linkedin.com/help/linkedin/answer/a1338533/
========== link already checked
======== We are on link 76 of 84
========== raw link https://about.linkedin.com?trk=content_footer-about
============ Checking for Redirections: https://about.linkedin.com?trk=content_footer-about
============ Followed Redirection to https://about.linkedin.com/?trk=content_footer-about
============ Link after cleaning: https://about.linkedin.com/
========== link already checked
======== We are on link 77 of 84
========== raw link https://www.linkedin.com/accessibility?trk=content_footer-accessibility
============ Checking for Redirections: https://www.linkedin.com/accessibility?trk=content_footer-accessibility
============ Link after cleaning: https://www.linkedin.com/accessibility
========== link already checked
======== We are on link 78 of 84
========== raw link https://www.linkedin.com/legal/user-agreement?trk=content_footer-user-agreement
============ Checking for Redirections: https://www.linkedin.com/legal/user-agreement?trk=content_footer-user-agreement
============ Link after cleaning: https://www.linkedin.com/legal/user-agreement
========== link already checked
======== We are on link 79 of 84
========== raw link https://www.linkedin.com/legal/privacy-policy?trk=content_footer-privacy-policy
============ Checking for Redirections: https://www.linkedin.com/legal/privacy-policy?trk=content_footer-privacy-policy
============ Link after cleaning: https://www.linkedin.com/legal/privacy-policy
========== link already checked
======== We are on link 80 of 84
========== raw link https://www.linkedin.com/legal/cookie-policy?trk=content_footer-cookie-policy
============ Checking for Redirections: https://www.linkedin.com/legal/cookie-policy?trk=content_footer-cookie-policy
============ Link after cleaning: https://www.linkedin.com/legal/cookie-policy
========== link already checked
======== We are on link 81 of 84
========== raw link https://www.linkedin.com/legal/copyright-policy?trk=content_footer-copyright-policy
============ Checking for Redirections: https://www.linkedin.com/legal/copyright-policy?trk=content_footer-copyright-policy
============ Link after cleaning: https://www.linkedin.com/legal/copyright-policy
========== link already checked
======== We are on link 82 of 84
========== raw link https://brand.linkedin.com/policies?trk=content_footer-brand-policy
============ Checking for Redirections: https://brand.linkedin.com/policies?trk=content_footer-brand-policy
============ Followed Redirection to https://brand.linkedin.com/en-us?trk=content_footer-brand-policy
============ Link after cleaning: https://brand.linkedin.com/en-us
========== link already checked
======== We are on link 83 of 84
========== raw link https://www.linkedin.com/psettings/guest-controls?trk=content_footer-guest-controls
============ Checking for Redirections: https://www.linkedin.com/psettings/guest-controls?trk=content_footer-guest-controls
============ Link after cleaning: https://www.linkedin.com/psettings/guest-controls
========== link already checked
======== We are on link 84 of 84
========== raw link https://www.linkedin.com/help/linkedin/answer/34593?trk=content_footer-community-guide
============ Checking for Redirections: https://www.linkedin.com/help/linkedin/answer/34593?trk=content_footer-community-guide
============ Followed Redirection to https://www.linkedin.com/help/linkedin/answer/a403269/?trk=content_footer-community-guide
============ Link after cleaning: https://www.linkedin.com/help/linkedin/answer/a403269/
========== link already checked
====== We are on page 13 of 16: https://www.linkedin.com/blog/member/trust-and-safety/responsible-ai-principles
====== Number of Links on this Page: 34
======== We are on link 1 of 34
========== raw link #lithograph-app
========== dropped link (either fragment ("#"), js, mailto, comment, pdf, or empty)
======== We are on link 2 of 34
========== raw link https://www.linkedin.com/blog/member
============ Checking for Redirections: https://www.linkedin.com/blog/member
============ Link unchanged
========== link already checked
======== We are on link 3 of 34
========== raw link https://www.linkedin.com/blog/member/product
============ Checking for Redirections: https://www.linkedin.com/blog/member/product
============ Link unchanged
========== link already checked
======== We are on link 4 of 34
========== raw link https://www.linkedin.com/blog/member/member-stories
============ Checking for Redirections: https://www.linkedin.com/blog/member/member-stories
============ Link unchanged
========== link already checked
======== We are on link 5 of 34
========== raw link https://www.linkedin.com/blog/member/creators
============ Checking for Redirections: https://www.linkedin.com/blog/member/creators
============ Link unchanged
========== link already checked
======== We are on link 6 of 34
========== raw link https://www.linkedin.com/blog/member/trust-and-safety
============ Checking for Redirections: https://www.linkedin.com/blog/member/trust-and-safety
============ Link unchanged
========== link already checked
======== We are on link 7 of 34
========== raw link https://www.linkedin.com/blog/member/product
============ Checking for Redirections: https://www.linkedin.com/blog/member/product
============ Link unchanged
========== link already checked
======== We are on link 8 of 34
========== raw link https://www.linkedin.com/blog/member/member-stories
============ Checking for Redirections: https://www.linkedin.com/blog/member/member-stories
============ Link unchanged
========== link already checked
======== We are on link 9 of 34
========== raw link https://www.linkedin.com/blog/member/creators
============ Checking for Redirections: https://www.linkedin.com/blog/member/creators
============ Link unchanged
========== link already checked
======== We are on link 10 of 34
========== raw link https://www.linkedin.com/blog/member/trust-and-safety
============ Checking for Redirections: https://www.linkedin.com/blog/member/trust-and-safety
============ Link unchanged
========== link already checked
======== We are on link 11 of 34
========== raw link https://www.linkedin.com/blog/member/trust-and-safety
============ Checking for Redirections: https://www.linkedin.com/blog/member/trust-and-safety
============ Link unchanged
========== link already checked
======== We are on link 12 of 34
========== raw link https://www.linkedin.com/in/blakelawit
============ Checking for Redirections: https://www.linkedin.com/in/blakelawit
============ Followed Redirection to https://www.linkedin.com/authwall?trk=bf&trkInfo=AQFFswz-ub5l5gAAAZZpSh04v5N-yicLpdsfTRFtCkXMk3bsgZSyFqibCkLgA1HU9ohUJhpch2KAW5v_7H2lR96sCsf0pBNfsr6iaMRlYn5kNJVsP4ETKuCY8_KJnD7hx0B3lps=&original_referer=&sessionRedirect=https%3A%2F%2Fwww.linkedin.com%2Fin%2Fblakelawit
============ Link after cleaning: https://www.linkedin.com/authwall
========== link already checked
======== We are on link 13 of 34
========== raw link #
========== dropped link (either fragment ("#"), js, mailto, comment, pdf, or empty)
======== We are on link 14 of 34
========== raw link #
========== dropped link (either fragment ("#"), js, mailto, comment, pdf, or empty)
======== We are on link 15 of 34
========== raw link #
========== dropped link (either fragment ("#"), js, mailto, comment, pdf, or empty)
======== We are on link 16 of 34
========== raw link https://www.linkedin.com/in/blakelawit/
============ Checking for Redirections: https://www.linkedin.com/in/blakelawit/
============ Followed Redirection to https://www.linkedin.com/authwall?trk=bf&trkInfo=AQFFswz-ub5l5gAAAZZpSh04v5N-yicLpdsfTRFtCkXMk3bsgZSyFqibCkLgA1HU9ohUJhpch2KAW5v_7H2lR96sCsf0pBNfsr6iaMRlYn5kNJVsP4ETKuCY8_KJnD7hx0B3lps=&original_referer=&sessionRedirect=https%3A%2F%2Fwww.linkedin.com%2Fin%2Fblakelawit%2F
============ Link after cleaning: https://www.linkedin.com/authwall
========== link already checked
======== We are on link 17 of 34
========== raw link https://www.linkedin.com/in/ya-xu/
============ Checking for Redirections: https://www.linkedin.com/in/ya-xu/
============ Followed Redirection to https://www.linkedin.com/authwall?trk=bf&trkInfo=AQFFswz-ub5l5gAAAZZpSh04v5N-yicLpdsfTRFtCkXMk3bsgZSyFqibCkLgA1HU9ohUJhpch2KAW5v_7H2lR96sCsf0pBNfsr6iaMRlYn5kNJVsP4ETKuCY8_KJnD7hx0B3lps=&original_referer=&sessionRedirect=https%3A%2F%2Fwww.linkedin.com%2Fin%2Fya-xu%2F
============ Link after cleaning: https://www.linkedin.com/authwall
========== link already checked
======== We are on link 18 of 34
========== raw link https://engineering.linkedin.com/blog/2018/10/an-introduction-to-ai-at-linkedin
============ Checking for Redirections: https://engineering.linkedin.com/blog/2018/10/an-introduction-to-ai-at-linkedin
============ Followed Redirection to https://www.linkedin.com/blog/engineering/ai/an-introduction-to-ai-at-linkedin
============ Link after cleaning: https://www.linkedin.com/blog/engineering/ai/an-introduction-to-ai-at-linkedin
========== scraping https://www.linkedin.com/blog/engineering/ai/an-introduction-to-ai-at-linkedin
======== We are on link 19 of 34
========== raw link https://blog.linkedin.com/2019/november/1/maintaining-the-trust-of-our-members
============ Checking for Redirections: https://blog.linkedin.com/2019/november/1/maintaining-the-trust-of-our-members
============ Followed Redirection to https://www.linkedin.com/blog/member/trust-and-safety/maintaining-the-trust-of-our-members
============ Link after cleaning: https://www.linkedin.com/blog/member/trust-and-safety/maintaining-the-trust-of-our-members
========== scraping https://www.linkedin.com/blog/member/trust-and-safety/maintaining-the-trust-of-our-members
======== We are on link 20 of 34
========== raw link https://blogs.microsoft.com/on-the-issues/2023/02/02/responsible-ai-chatgpt-artificial-intelligence/
========== dropped link https://blogs.microsoft.com/on-the-issues/2023/02/02/responsible-ai-chatgpt-artificial-intelligence/. Didn't pass first allows/blocks test.
======== We are on link 21 of 34
========== raw link https://www.linkedin.com/blog/member/data/work-change-report-2025
============ Checking for Redirections: https://www.linkedin.com/blog/member/data/work-change-report-2025
============ Link unchanged
========== link already checked
======== We are on link 22 of 34
========== raw link https://www.linkedin.com/blog/member/trust-and-safety
============ Checking for Redirections: https://www.linkedin.com/blog/member/trust-and-safety
============ Link unchanged
========== link already checked
======== We are on link 23 of 34
========== raw link https://www.linkedin.com/blog/member/trust-and-safety/updates-to-our-terms-of-service-2024
============ Checking for Redirections: https://www.linkedin.com/blog/member/trust-and-safety/updates-to-our-terms-of-service-2024
============ Link unchanged
========== link already checked
======== We are on link 24 of 34
========== raw link https://www.linkedin.com/blog/member/trust-and-safety
============ Checking for Redirections: https://www.linkedin.com/blog/member/trust-and-safety
============ Link unchanged
========== link already checked
======== We are on link 25 of 34
========== raw link https://www.linkedin.com/blog/member/trust-and-safety/update-hi-q-legal-proceeding
============ Checking for Redirections: https://www.linkedin.com/blog/member/trust-and-safety/update-hi-q-legal-proceeding
============ Link unchanged
========== link already checked
======== We are on link 26 of 34
========== raw link https://about.linkedin.com?trk=content_footer-about
============ Checking for Redirections: https://about.linkedin.com?trk=content_footer-about
============ Followed Redirection to https://about.linkedin.com/?trk=content_footer-about
============ Link after cleaning: https://about.linkedin.com/
========== link already checked
======== We are on link 27 of 34
========== raw link https://www.linkedin.com/accessibility?trk=content_footer-accessibility
============ Checking for Redirections: https://www.linkedin.com/accessibility?trk=content_footer-accessibility
============ Link after cleaning: https://www.linkedin.com/accessibility
========== link already checked
======== We are on link 28 of 34
========== raw link https://www.linkedin.com/legal/user-agreement?trk=content_footer-user-agreement
============ Checking for Redirections: https://www.linkedin.com/legal/user-agreement?trk=content_footer-user-agreement
============ Link after cleaning: https://www.linkedin.com/legal/user-agreement
========== link already checked
======== We are on link 29 of 34
========== raw link https://www.linkedin.com/legal/privacy-policy?trk=content_footer-privacy-policy
============ Checking for Redirections: https://www.linkedin.com/legal/privacy-policy?trk=content_footer-privacy-policy
============ Link after cleaning: https://www.linkedin.com/legal/privacy-policy
========== link already checked
======== We are on link 30 of 34
========== raw link https://www.linkedin.com/legal/cookie-policy?trk=content_footer-cookie-policy
============ Checking for Redirections: https://www.linkedin.com/legal/cookie-policy?trk=content_footer-cookie-policy
============ Link after cleaning: https://www.linkedin.com/legal/cookie-policy
========== link already checked
======== We are on link 31 of 34
========== raw link https://www.linkedin.com/legal/copyright-policy?trk=content_footer-copyright-policy
============ Checking for Redirections: https://www.linkedin.com/legal/copyright-policy?trk=content_footer-copyright-policy
============ Link after cleaning: https://www.linkedin.com/legal/copyright-policy
========== link already checked
======== We are on link 32 of 34
========== raw link https://brand.linkedin.com/policies?trk=content_footer-brand-policy
============ Checking for Redirections: https://brand.linkedin.com/policies?trk=content_footer-brand-policy
============ Followed Redirection to https://brand.linkedin.com/en-us?trk=content_footer-brand-policy
============ Link after cleaning: https://brand.linkedin.com/en-us
========== link already checked
======== We are on link 33 of 34
========== raw link https://www.linkedin.com/psettings/guest-controls?trk=content_footer-guest-controls
============ Checking for Redirections: https://www.linkedin.com/psettings/guest-controls?trk=content_footer-guest-controls
============ Link after cleaning: https://www.linkedin.com/psettings/guest-controls
========== link already checked
======== We are on link 34 of 34
========== raw link https://www.linkedin.com/help/linkedin/answer/34593?trk=content_footer-community-guide
============ Checking for Redirections: https://www.linkedin.com/help/linkedin/answer/34593?trk=content_footer-community-guide
============ Followed Redirection to https://www.linkedin.com/help/linkedin/answer/a403269/?trk=content_footer-community-guide
============ Link after cleaning: https://www.linkedin.com/help/linkedin/answer/a403269/
========== link already checked
====== We are on page 14 of 16: https://www.linkedin.com/legal/user-agreement-summary
====== Number of Links on this Page: 30
======== We are on link 1 of 30
========== raw link #lithograph-app
========== dropped link (either fragment ("#"), js, mailto, comment, pdf, or empty)
======== We are on link 2 of 30
========== raw link https://linkedin.com/legal/user-agreement
============ Checking for Redirections: https://linkedin.com/legal/user-agreement
============ Followed Redirection to https://www.linkedin.com/legal/user-agreement
============ Link after cleaning: https://www.linkedin.com/legal/user-agreement
========== link already checked
======== We are on link 3 of 30
========== raw link https://linkedin.com/legal/user-agreement-summary
============ Checking for Redirections: https://linkedin.com/legal/user-agreement-summary
============ Followed Redirection to https://www.linkedin.com/legal/user-agreement-summary
============ Link after cleaning: https://www.linkedin.com/legal/user-agreement-summary
========== link already checked
======== We are on link 4 of 30
========== raw link https://linkedin.com/legal/privacy-policy
============ Checking for Redirections: https://linkedin.com/legal/privacy-policy
============ Followed Redirection to https://www.linkedin.com/legal/privacy-policy
============ Link after cleaning: https://www.linkedin.com/legal/privacy-policy
========== link already checked
======== We are on link 5 of 30
========== raw link https://linkedin.com/legal/professional-community-policies
============ Checking for Redirections: https://linkedin.com/legal/professional-community-policies
============ Followed Redirection to https://www.linkedin.com/legal/professional-community-policies
============ Link after cleaning: https://www.linkedin.com/legal/professional-community-policies
========== link already checked
======== We are on link 6 of 30
========== raw link https://linkedin.com/legal/cookie-policy
============ Checking for Redirections: https://linkedin.com/legal/cookie-policy
============ Followed Redirection to https://www.linkedin.com/legal/cookie-policy
============ Link after cleaning: https://www.linkedin.com/legal/cookie-policy
========== link already checked
======== We are on link 7 of 30
========== raw link https://linkedin.com/legal/copyright-policy
============ Checking for Redirections: https://linkedin.com/legal/copyright-policy
============ Followed Redirection to https://www.linkedin.com/legal/copyright-policy
============ Link after cleaning: https://www.linkedin.com/legal/copyright-policy
========== link already checked
======== We are on link 8 of 30
========== raw link https://privacy.linkedin.com/regionalinfo
============ Checking for Redirections: https://privacy.linkedin.com/regionalinfo
============ Link unchanged
========== link already checked
======== We are on link 9 of 30
========== raw link https://linkedin.com/legal/privacy/eu
============ Checking for Redirections: https://linkedin.com/legal/privacy/eu
============ Followed Redirection to https://www.linkedin.com/legal/privacy/eu
============ Link after cleaning: https://www.linkedin.com/legal/privacy/eu
========== link already checked
======== We are on link 10 of 30
========== raw link https://linkedin.com/legal/california-privacy-disclosure
============ Checking for Redirections: https://linkedin.com/legal/california-privacy-disclosure
============ Followed Redirection to https://www.linkedin.com/legal/california-privacy-disclosure
============ Link after cleaning: https://www.linkedin.com/legal/california-privacy-disclosure
========== link already checked
======== We are on link 11 of 30
========== raw link https://www.linkedin.com/legal/privacy/usa
============ Checking for Redirections: https://www.linkedin.com/legal/privacy/usa
============ Link unchanged
========== link already checked
======== We are on link 12 of 30
========== raw link https://linkedin.com/legal/user-agreement
============ Checking for Redirections: https://linkedin.com/legal/user-agreement
============ Followed Redirection to https://www.linkedin.com/legal/user-agreement
============ Link after cleaning: https://www.linkedin.com/legal/user-agreement
========== link already checked
======== We are on link 13 of 30
========== raw link https://linkedin.com/legal/user-agreement-summary
============ Checking for Redirections: https://linkedin.com/legal/user-agreement-summary
============ Followed Redirection to https://www.linkedin.com/legal/user-agreement-summary
============ Link after cleaning: https://www.linkedin.com/legal/user-agreement-summary
========== link already checked
======== We are on link 14 of 30
========== raw link https://linkedin.com/legal/privacy-policy
============ Checking for Redirections: https://linkedin.com/legal/privacy-policy
============ Followed Redirection to https://www.linkedin.com/legal/privacy-policy
============ Link after cleaning: https://www.linkedin.com/legal/privacy-policy
========== link already checked
======== We are on link 15 of 30
========== raw link https://linkedin.com/legal/professional-community-policies
============ Checking for Redirections: https://linkedin.com/legal/professional-community-policies
============ Followed Redirection to https://www.linkedin.com/legal/professional-community-policies
============ Link after cleaning: https://www.linkedin.com/legal/professional-community-policies
========== link already checked
======== We are on link 16 of 30
========== raw link https://linkedin.com/legal/cookie-policy
============ Checking for Redirections: https://linkedin.com/legal/cookie-policy
============ Followed Redirection to https://www.linkedin.com/legal/cookie-policy
============ Link after cleaning: https://www.linkedin.com/legal/cookie-policy
========== link already checked
======== We are on link 17 of 30
========== raw link https://linkedin.com/legal/copyright-policy
============ Checking for Redirections: https://linkedin.com/legal/copyright-policy
============ Followed Redirection to https://www.linkedin.com/legal/copyright-policy
============ Link after cleaning: https://www.linkedin.com/legal/copyright-policy
========== link already checked
======== We are on link 18 of 30
========== raw link https://privacy.linkedin.com/regionalinfo
============ Checking for Redirections: https://privacy.linkedin.com/regionalinfo
============ Link unchanged
========== link already checked
======== We are on link 19 of 30
========== raw link https://linkedin.com/legal/privacy/eu
============ Checking for Redirections: https://linkedin.com/legal/privacy/eu
============ Followed Redirection to https://www.linkedin.com/legal/privacy/eu
============ Link after cleaning: https://www.linkedin.com/legal/privacy/eu
========== link already checked
======== We are on link 20 of 30
========== raw link https://linkedin.com/legal/california-privacy-disclosure
============ Checking for Redirections: https://linkedin.com/legal/california-privacy-disclosure
============ Followed Redirection to https://www.linkedin.com/legal/california-privacy-disclosure
============ Link after cleaning: https://www.linkedin.com/legal/california-privacy-disclosure
========== link already checked
======== We are on link 21 of 30
========== raw link https://www.linkedin.com/legal/privacy/usa
============ Checking for Redirections: https://www.linkedin.com/legal/privacy/usa
============ Link unchanged
========== link already checked
======== We are on link 22 of 30
========== raw link https://about.linkedin.com?trk=content_footer-about
============ Checking for Redirections: https://about.linkedin.com?trk=content_footer-about
============ Followed Redirection to https://about.linkedin.com/?trk=content_footer-about
============ Link after cleaning: https://about.linkedin.com/
========== link already checked
======== We are on link 23 of 30
========== raw link https://www.linkedin.com/accessibility?trk=content_footer-accessibility
============ Checking for Redirections: https://www.linkedin.com/accessibility?trk=content_footer-accessibility
============ Link after cleaning: https://www.linkedin.com/accessibility
========== link already checked
======== We are on link 24 of 30
========== raw link https://www.linkedin.com/legal/user-agreement?trk=content_footer-user-agreement
============ Checking for Redirections: https://www.linkedin.com/legal/user-agreement?trk=content_footer-user-agreement
============ Link after cleaning: https://www.linkedin.com/legal/user-agreement
========== link already checked
======== We are on link 25 of 30
========== raw link https://www.linkedin.com/legal/privacy-policy?trk=content_footer-privacy-policy
============ Checking for Redirections: https://www.linkedin.com/legal/privacy-policy?trk=content_footer-privacy-policy
============ Link after cleaning: https://www.linkedin.com/legal/privacy-policy
========== link already checked
======== We are on link 26 of 30
========== raw link https://www.linkedin.com/legal/cookie-policy?trk=content_footer-cookie-policy
============ Checking for Redirections: https://www.linkedin.com/legal/cookie-policy?trk=content_footer-cookie-policy
============ Link after cleaning: https://www.linkedin.com/legal/cookie-policy
========== link already checked
======== We are on link 27 of 30
========== raw link https://www.linkedin.com/legal/copyright-policy?trk=content_footer-copyright-policy
============ Checking for Redirections: https://www.linkedin.com/legal/copyright-policy?trk=content_footer-copyright-policy
============ Link after cleaning: https://www.linkedin.com/legal/copyright-policy
========== link already checked
======== We are on link 28 of 30
========== raw link https://brand.linkedin.com/policies?trk=content_footer-brand-policy
============ Checking for Redirections: https://brand.linkedin.com/policies?trk=content_footer-brand-policy
============ Followed Redirection to https://brand.linkedin.com/en-us?trk=content_footer-brand-policy
============ Link after cleaning: https://brand.linkedin.com/en-us
========== link already checked
======== We are on link 29 of 30
========== raw link https://www.linkedin.com/psettings/guest-controls?trk=content_footer-guest-controls
============ Checking for Redirections: https://www.linkedin.com/psettings/guest-controls?trk=content_footer-guest-controls
============ Link after cleaning: https://www.linkedin.com/psettings/guest-controls
========== link already checked
======== We are on link 30 of 30
========== raw link https://www.linkedin.com/help/linkedin/answer/34593?trk=content_footer-community-guide
============ Checking for Redirections: https://www.linkedin.com/help/linkedin/answer/34593?trk=content_footer-community-guide
============ Followed Redirection to https://www.linkedin.com/help/linkedin/answer/a403269/?trk=content_footer-community-guide
============ Link after cleaning: https://www.linkedin.com/help/linkedin/answer/a403269/
========== link already checked
====== We are on page 15 of 16: https://www.linkedin.com/pulse/building-member-trust-new-age-ai-daniel-olmedilla-gfodf/
====== Number of Links on this Page: 82
======== We are on link 1 of 82
========== raw link /legal/user-agreement?trk=linkedin-tc_auth-button_user-agreement
============ Found Relative: joining https://www.linkedin.com/pulse/building-member-trust-new-age-ai-daniel-olmedilla-gfodf/ and /legal/user-agreement?trk=linkedin-tc_auth-button_user-agreement
============ Checking for Redirections: https://www.linkedin.com/legal/user-agreement?trk=linkedin-tc_auth-button_user-agreement
============ Link after cleaning: https://www.linkedin.com/legal/user-agreement
========== link already checked
======== We are on link 2 of 82
========== raw link /legal/privacy-policy?trk=linkedin-tc_auth-button_privacy-policy
============ Found Relative: joining https://www.linkedin.com/pulse/building-member-trust-new-age-ai-daniel-olmedilla-gfodf/ and /legal/privacy-policy?trk=linkedin-tc_auth-button_privacy-policy
============ Checking for Redirections: https://www.linkedin.com/legal/privacy-policy?trk=linkedin-tc_auth-button_privacy-policy
============ Link after cleaning: https://www.linkedin.com/legal/privacy-policy
========== link already checked
======== We are on link 3 of 82
========== raw link /legal/cookie-policy?trk=linkedin-tc_auth-button_cookie-policy
============ Found Relative: joining https://www.linkedin.com/pulse/building-member-trust-new-age-ai-daniel-olmedilla-gfodf/ and /legal/cookie-policy?trk=linkedin-tc_auth-button_cookie-policy
============ Checking for Redirections: https://www.linkedin.com/legal/cookie-policy?trk=linkedin-tc_auth-button_cookie-policy
============ Link after cleaning: https://www.linkedin.com/legal/cookie-policy
========== link already checked
======== We are on link 4 of 82
========== raw link #main-content
========== dropped link (either fragment ("#"), js, mailto, comment, pdf, or empty)
======== We are on link 5 of 82
========== raw link /?trk=article-ssr-frontend-pulse_nav-header-logo
============ Found Relative: joining https://www.linkedin.com/pulse/building-member-trust-new-age-ai-daniel-olmedilla-gfodf/ and /?trk=article-ssr-frontend-pulse_nav-header-logo
============ Checking for Redirections: https://www.linkedin.com/?trk=article-ssr-frontend-pulse_nav-header-logo
============ Link after cleaning: https://www.linkedin.com/
========== link already checked
======== We are on link 6 of 82
========== raw link https://www.linkedin.com/signup/cold-join?session_redirect=%2Fpulse%2Fbuilding-member-trust-new-age-ai-daniel-olmedilla-gfodf%2F&trk=article-ssr-frontend-pulse_nav-header-join
============ Checking for Redirections: https://www.linkedin.com/signup/cold-join?session_redirect=%2Fpulse%2Fbuilding-member-trust-new-age-ai-daniel-olmedilla-gfodf%2F&trk=article-ssr-frontend-pulse_nav-header-join
============ Link after cleaning: https://www.linkedin.com/signup/cold-join
========== link already checked
======== We are on link 7 of 82
========== raw link https://www.linkedin.com/uas/login?session_redirect=%2Fpulse%2Fbuilding-member-trust-new-age-ai-daniel-olmedilla-gfodf%2F&fromSignIn=true&trk=article-ssr-frontend-pulse_nav-header-signin
========== dropped link https://www.linkedin.com/uas/login?session_redirect=%2Fpulse%2Fbuilding-member-trust-new-age-ai-daniel-olmedilla-gfodf%2F&fromSignIn=true&trk=article-ssr-frontend-pulse_nav-header-signin. Didn't pass first allows/blocks test.
======== We are on link 8 of 82
========== raw link /uas/login?session_redirect=https%3A%2F%2Fwww.linkedin.com%2Fpulse%2Fbuilding-member-trust-new-age-ai-daniel-olmedilla-gfodf&trk=article-ssr-frontend-pulse_ellipsis-menu-semaphore-sign-in-redirect&guestReportContentType=PONCHO_ARTICLE&_f=guest-reporting
============ Prepended scheme.
========== dropped link https://uas/login?session_redirect=https%3A%2F%2Fwww.linkedin.com%2Fpulse%2Fbuilding-member-trust-new-age-ai-daniel-olmedilla-gfodf&trk=article-ssr-frontend-pulse_ellipsis-menu-semaphore-sign-in-redirect&guestReportContentType=PONCHO_ARTICLE&_f=guest-reporting. Didn't pass first allows/blocks test.
======== We are on link 9 of 82
========== raw link https://www.linkedin.com/in/danielolmedilla
============ Checking for Redirections: https://www.linkedin.com/in/danielolmedilla
============ Followed Redirection to https://www.linkedin.com/authwall?trk=bf&trkInfo=AQHkg0qWrNT93wAAAZZpSyLwRTUaV-QUaiwKpl9_UV9-hlXCP7adC-TqxYa6-fYvqCtgdtkGUHrvYdaJBcCoKCxaSPXwWyCV83G8TeyworPNnhh43TZGNtSaKmGPTq2jhwR0mHs=&original_referer=&sessionRedirect=https%3A%2F%2Fwww.linkedin.com%2Fin%2Fdanielolmedilla
============ Link after cleaning: https://www.linkedin.com/authwall
========== link already checked
======== We are on link 10 of 82
========== raw link https://www.linkedin.com/signup/cold-join?session_redirect=%2Fpulse%2Fbuilding-member-trust-new-age-ai-daniel-olmedilla-gfodf%2F&trk=article-ssr-frontend-pulse_publisher-author-card
============ Checking for Redirections: https://www.linkedin.com/signup/cold-join?session_redirect=%2Fpulse%2Fbuilding-member-trust-new-age-ai-daniel-olmedilla-gfodf%2F&trk=article-ssr-frontend-pulse_publisher-author-card
============ Link after cleaning: https://www.linkedin.com/signup/cold-join
========== link already checked
======== We are on link 11 of 82
========== raw link https://www.linkedin.com/pulse/redefining-work-ryan-roslansky/?trk=article-ssr-frontend-pulse_little-text-block
============ Checking for Redirections: https://www.linkedin.com/pulse/redefining-work-ryan-roslansky/?trk=article-ssr-frontend-pulse_little-text-block
============ Link after cleaning: https://www.linkedin.com/pulse/redefining-work-ryan-roslansky/
========== scraping https://www.linkedin.com/pulse/redefining-work-ryan-roslansky/
======== We are on link 12 of 82
========== raw link https://www.linkedin.com/pulse/reimagining-linkedin-new-era-ai-tomer-cohen-brxve/?trk=article-ssr-frontend-pulse_little-text-block
============ Checking for Redirections: https://www.linkedin.com/pulse/reimagining-linkedin-new-era-ai-tomer-cohen-brxve/?trk=article-ssr-frontend-pulse_little-text-block
============ Link after cleaning: https://www.linkedin.com/pulse/reimagining-linkedin-new-era-ai-tomer-cohen-brxve/
========== scraping https://www.linkedin.com/pulse/reimagining-linkedin-new-era-ai-tomer-cohen-brxve/
======== We are on link 13 of 82
========== raw link https://www.linkedin.com/pulse/ai-1099s-separating-pomp-from-prompts-free-webinar-jory-des-jardins-wkxqc
============ Checking for Redirections: https://www.linkedin.com/pulse/ai-1099s-separating-pomp-from-prompts-free-webinar-jory-des-jardins-wkxqc
============ Link unchanged
========== scraping https://www.linkedin.com/pulse/ai-1099s-separating-pomp-from-prompts-free-webinar-jory-des-jardins-wkxqc
======== We are on link 14 of 82
========== raw link https://www.linkedin.com/pulse/agents-new-apps-comprehensive-look-ai-olivier-gomez--19ksf
============ Checking for Redirections: https://www.linkedin.com/pulse/agents-new-apps-comprehensive-look-ai-olivier-gomez--19ksf
============ Link unchanged
========== scraping https://www.linkedin.com/pulse/agents-new-apps-comprehensive-look-ai-olivier-gomez--19ksf
======== We are on link 15 of 82
========== raw link https://www.linkedin.com/pulse/from-rags-ai-riches-value-retrieval-augmented-jason-renshaw-ogw9c
============ Checking for Redirections: https://www.linkedin.com/pulse/from-rags-ai-riches-value-retrieval-augmented-jason-renshaw-ogw9c
============ Link unchanged
========== scraping https://www.linkedin.com/pulse/from-rags-ai-riches-value-retrieval-augmented-jason-renshaw-ogw9c
======== We are on link 16 of 82
========== raw link https://blog.linkedin.com/2023/february/22/responsible-ai-principles?trk=article-ssr-frontend-pulse_little-text-block
============ Checking for Redirections: https://blog.linkedin.com/2023/february/22/responsible-ai-principles?trk=article-ssr-frontend-pulse_little-text-block
============ Followed Redirection to https://www.linkedin.com/blog/member/trust-and-safety/responsible-ai-principles?trk=article-ssr-frontend-pulse_little-text-block
============ Link after cleaning: https://www.linkedin.com/blog/member/trust-and-safety/responsible-ai-principles
========== link already checked
======== We are on link 17 of 82
========== raw link https://engineering.linkedin.com/blog/2023/our-responsible-ai-principles-in-practice?trk=article-ssr-frontend-pulse_little-text-block
============ Checking for Redirections: https://engineering.linkedin.com/blog/2023/our-responsible-ai-principles-in-practice?trk=article-ssr-frontend-pulse_little-text-block
============ Followed Redirection to https://www.linkedin.com/blog/engineering/responsible-ai/our-responsible-ai-principles-in-practice?trk=article-ssr-frontend-pulse_little-text-block
============ Link after cleaning: https://www.linkedin.com/blog/engineering/responsible-ai/our-responsible-ai-principles-in-practice
========== scraping https://www.linkedin.com/blog/engineering/responsible-ai/our-responsible-ai-principles-in-practice
======== We are on link 18 of 82
========== raw link https://www.linkedin.com/help/linkedin/answer/a1359065?trk=article-ssr-frontend-pulse_little-text-block
============ Checking for Redirections: https://www.linkedin.com/help/linkedin/answer/a1359065?trk=article-ssr-frontend-pulse_little-text-block
============ Link after cleaning: https://www.linkedin.com/help/linkedin/answer/a1359065
========== scraping https://www.linkedin.com/help/linkedin/answer/a1359065
======== We are on link 19 of 82
========== raw link https://www.linkedin.com/help/linkedin/answer/a1381088/turn-two-step-verification-on-and-off?trk=article-ssr-frontend-pulse_little-text-block
============ Checking for Redirections: https://www.linkedin.com/help/linkedin/answer/a1381088/turn-two-step-verification-on-and-off?trk=article-ssr-frontend-pulse_little-text-block
============ Link after cleaning: https://www.linkedin.com/help/linkedin/answer/a1381088/turn-two-step-verification-on-and-off
========== scraping https://www.linkedin.com/help/linkedin/answer/a1381088/turn-two-step-verification-on-and-off
======== We are on link 20 of 82
========== raw link https://www.linkedin.com/pulse/linkedin-verification-update-18-million-verified-plans-rodriguez-6quue%3FtrackingId=3VYZxEbmQluDZ1iaiR3U6g%253D%253D/?trackingId=3VYZxEbmQluDZ1iaiR3U6g%3D%3D&trk=article-ssr-frontend-pulse_little-text-block
============ Checking for Redirections: https://www.linkedin.com/pulse/linkedin-verification-update-18-million-verified-plans-rodriguez-6quue%3FtrackingId=3VYZxEbmQluDZ1iaiR3U6g%253D%253D/?trackingId=3VYZxEbmQluDZ1iaiR3U6g%3D%3D&trk=article-ssr-frontend-pulse_little-text-block
============ Followed Redirection to https://www.linkedin.com/pulse/topics/home/?trk=article_not_found
============ Link after cleaning: https://www.linkedin.com/pulse/topics/home/
========== scraping https://www.linkedin.com/pulse/topics/home/
======== We are on link 21 of 82
========== raw link https://www.linkedin.com/legal/professional-community-policies?trk=article-ssr-frontend-pulse_little-text-block
============ Checking for Redirections: https://www.linkedin.com/legal/professional-community-policies?trk=article-ssr-frontend-pulse_little-text-block
============ Link after cleaning: https://www.linkedin.com/legal/professional-community-policies
========== link already checked
======== We are on link 22 of 82
========== raw link https://www.linkedin.com/signup/cold-join?session_redirect=%2Fpulse%2Fbuilding-member-trust-new-age-ai-daniel-olmedilla-gfodf%2F&trk=article-ssr-frontend-pulse_x-social-details_likes-count_social-actions-reactions
============ Checking for Redirections: https://www.linkedin.com/signup/cold-join?session_redirect=%2Fpulse%2Fbuilding-member-trust-new-age-ai-daniel-olmedilla-gfodf%2F&trk=article-ssr-frontend-pulse_x-social-details_likes-count_social-actions-reactions
============ Link after cleaning: https://www.linkedin.com/signup/cold-join
========== link already checked
======== We are on link 23 of 82
========== raw link https://www.linkedin.com/signup/cold-join?session_redirect=%2Fpulse%2Fbuilding-member-trust-new-age-ai-daniel-olmedilla-gfodf%2F&trk=article-ssr-frontend-pulse_x-social-details_likes-count_social-actions-comments
============ Checking for Redirections: https://www.linkedin.com/signup/cold-join?session_redirect=%2Fpulse%2Fbuilding-member-trust-new-age-ai-daniel-olmedilla-gfodf%2F&trk=article-ssr-frontend-pulse_x-social-details_likes-count_social-actions-comments
============ Link after cleaning: https://www.linkedin.com/signup/cold-join
========== link already checked
======== We are on link 24 of 82
========== raw link https://www.linkedin.com/signup/cold-join?session_redirect=%2Fpulse%2Fbuilding-member-trust-new-age-ai-daniel-olmedilla-gfodf%2F&trk=article-ssr-frontend-pulse_x-social-details_like-toggle_like-cta
============ Checking for Redirections: https://www.linkedin.com/signup/cold-join?session_redirect=%2Fpulse%2Fbuilding-member-trust-new-age-ai-daniel-olmedilla-gfodf%2F&trk=article-ssr-frontend-pulse_x-social-details_like-toggle_like-cta
============ Link after cleaning: https://www.linkedin.com/signup/cold-join
========== link already checked
======== We are on link 25 of 82
========== raw link https://www.linkedin.com/signup/cold-join?session_redirect=%2Fpulse%2Fbuilding-member-trust-new-age-ai-daniel-olmedilla-gfodf%2F&trk=article-ssr-frontend-pulse_comment-cta
============ Checking for Redirections: https://www.linkedin.com/signup/cold-join?session_redirect=%2Fpulse%2Fbuilding-member-trust-new-age-ai-daniel-olmedilla-gfodf%2F&trk=article-ssr-frontend-pulse_comment-cta
============ Link after cleaning: https://www.linkedin.com/signup/cold-join
========== link already checked
======== We are on link 26 of 82
========== raw link https://th.linkedin.com/in/%E0%B8%A0%E0%B8%84%E0%B8%9E%E0%B8%93-%E0%B8%A0%E0%B8%B9%E0%B8%A1%E0%B8%B4%E0%B8%9E%E0%B8%B1%E0%B8%92%E0%B8%99%E0%B9%8C-96b2ab356?trk=article-ssr-frontend-pulse_x-social-details_comments-action_comment_actor-image
============ Checking for Redirections: https://th.linkedin.com/in/%E0%B8%A0%E0%B8%84%E0%B8%9E%E0%B8%93-%E0%B8%A0%E0%B8%B9%E0%B8%A1%E0%B8%B4%E0%B8%9E%E0%B8%B1%E0%B8%92%E0%B8%99%E0%B9%8C-96b2ab356?trk=article-ssr-frontend-pulse_x-social-details_comments-action_comment_actor-image
============ Link after cleaning: https://th.linkedin.com/in/%E0%B8%A0%E0%B8%84%E0%B8%9E%E0%B8%93-%E0%B8%A0%E0%B8%B9%E0%B8%A1%E0%B8%B4%E0%B8%9E%E0%B8%B1%E0%B8%92%E0%B8%99%E0%B9%8C-96b2ab356
========== scraping https://th.linkedin.com/in/%E0%B8%A0%E0%B8%84%E0%B8%9E%E0%B8%93-%E0%B8%A0%E0%B8%B9%E0%B8%A1%E0%B8%B4%E0%B8%9E%E0%B8%B1%E0%B8%92%E0%B8%99%E0%B9%8C-96b2ab356
======== We are on link 27 of 82
========== raw link https://th.linkedin.com/in/%E0%B8%A0%E0%B8%84%E0%B8%9E%E0%B8%93-%E0%B8%A0%E0%B8%B9%E0%B8%A1%E0%B8%B4%E0%B8%9E%E0%B8%B1%E0%B8%92%E0%B8%99%E0%B9%8C-96b2ab356?trk=article-ssr-frontend-pulse_x-social-details_comments-action_comment_actor-name
============ Checking for Redirections: https://th.linkedin.com/in/%E0%B8%A0%E0%B8%84%E0%B8%9E%E0%B8%93-%E0%B8%A0%E0%B8%B9%E0%B8%A1%E0%B8%B4%E0%B8%9E%E0%B8%B1%E0%B8%92%E0%B8%99%E0%B9%8C-96b2ab356?trk=article-ssr-frontend-pulse_x-social-details_comments-action_comment_actor-name
============ Link after cleaning: https://th.linkedin.com/in/%E0%B8%A0%E0%B8%84%E0%B8%9E%E0%B8%93-%E0%B8%A0%E0%B8%B9%E0%B8%A1%E0%B8%B4%E0%B8%9E%E0%B8%B1%E0%B8%92%E0%B8%99%E0%B9%8C-96b2ab356
========== link already checked
======== We are on link 28 of 82
========== raw link /uas/login?session_redirect=https%3A%2F%2Fwww.linkedin.com%2Fpulse%2Fbuilding-member-trust-new-age-ai-daniel-olmedilla-gfodf&trk=article-ssr-frontend-pulse_x-social-details_comments-action_comment_ellipsis-menu-semaphore-sign-in-redirect&guestReportContentType=COMMENT&_f=guest-reporting
============ Prepended scheme.
========== dropped link https://uas/login?session_redirect=https%3A%2F%2Fwww.linkedin.com%2Fpulse%2Fbuilding-member-trust-new-age-ai-daniel-olmedilla-gfodf&trk=article-ssr-frontend-pulse_x-social-details_comments-action_comment_ellipsis-menu-semaphore-sign-in-redirect&guestReportContentType=COMMENT&_f=guest-reporting. Didn't pass first allows/blocks test.
======== We are on link 29 of 82
========== raw link https://www.linkedin.com/signup/cold-join?session_redirect=%2Fpulse%2Fbuilding-member-trust-new-age-ai-daniel-olmedilla-gfodf%2F&trk=article-ssr-frontend-pulse_x-social-details_comments-action_comment_like
============ Checking for Redirections: https://www.linkedin.com/signup/cold-join?session_redirect=%2Fpulse%2Fbuilding-member-trust-new-age-ai-daniel-olmedilla-gfodf%2F&trk=article-ssr-frontend-pulse_x-social-details_comments-action_comment_like
============ Link after cleaning: https://www.linkedin.com/signup/cold-join
========== link already checked
======== We are on link 30 of 82
========== raw link https://www.linkedin.com/signup/cold-join?session_redirect=%2Fpulse%2Fbuilding-member-trust-new-age-ai-daniel-olmedilla-gfodf%2F&trk=article-ssr-frontend-pulse_x-social-details_comments-action_comment_reply
============ Checking for Redirections: https://www.linkedin.com/signup/cold-join?session_redirect=%2Fpulse%2Fbuilding-member-trust-new-age-ai-daniel-olmedilla-gfodf%2F&trk=article-ssr-frontend-pulse_x-social-details_comments-action_comment_reply
============ Link after cleaning: https://www.linkedin.com/signup/cold-join
========== link already checked
======== We are on link 31 of 82
========== raw link https://www.linkedin.com/signup/cold-join?session_redirect=%2Fpulse%2Fbuilding-member-trust-new-age-ai-daniel-olmedilla-gfodf%2F&trk=article-ssr-frontend-pulse_x-social-details_comments_comment-see-more
============ Checking for Redirections: https://www.linkedin.com/signup/cold-join?session_redirect=%2Fpulse%2Fbuilding-member-trust-new-age-ai-daniel-olmedilla-gfodf%2F&trk=article-ssr-frontend-pulse_x-social-details_comments_comment-see-more
============ Link after cleaning: https://www.linkedin.com/signup/cold-join
========== link already checked
======== We are on link 32 of 82
========== raw link https://www.linkedin.com/signup/cold-join?session_redirect=%2Fpulse%2Fbuilding-member-trust-new-age-ai-daniel-olmedilla-gfodf%2F&trk=article-ssr-frontend-pulse_x-social-details_feed-cta-banner-cta
============ Checking for Redirections: https://www.linkedin.com/signup/cold-join?session_redirect=%2Fpulse%2Fbuilding-member-trust-new-age-ai-daniel-olmedilla-gfodf%2F&trk=article-ssr-frontend-pulse_x-social-details_feed-cta-banner-cta
============ Link after cleaning: https://www.linkedin.com/signup/cold-join
========== link already checked
======== We are on link 33 of 82
========== raw link https://www.linkedin.com/pulse/decoding-enforcement-gap-why-moderation-approximation-olmedilla-vdg9c
============ Checking for Redirections: https://www.linkedin.com/pulse/decoding-enforcement-gap-why-moderation-approximation-olmedilla-vdg9c
============ Link unchanged
========== scraping https://www.linkedin.com/pulse/decoding-enforcement-gap-why-moderation-approximation-olmedilla-vdg9c
======== We are on link 34 of 82
========== raw link https://www.linkedin.com/pulse/why-machine-learning-recall-different-trust-daniel-olmedilla-zpxac
============ Checking for Redirections: https://www.linkedin.com/pulse/why-machine-learning-recall-different-trust-daniel-olmedilla-zpxac
============ Link unchanged
========== scraping https://www.linkedin.com/pulse/why-machine-learning-recall-different-trust-daniel-olmedilla-zpxac
======== We are on link 35 of 82
========== raw link https://www.linkedin.com/pulse/what-makes-good-trust-true-north-metric-daniel-olmedilla-ekokc
============ Checking for Redirections: https://www.linkedin.com/pulse/what-makes-good-trust-true-north-metric-daniel-olmedilla-ekokc
============ Link unchanged
========== scraping https://www.linkedin.com/pulse/what-makes-good-trust-true-north-metric-daniel-olmedilla-ekokc
======== We are on link 36 of 82
========== raw link https://www.linkedin.com/pulse/ai-trust-privacy-responsible-tidbits-daniel-olmedilla-ovcqc
============ Checking for Redirections: https://www.linkedin.com/pulse/ai-trust-privacy-responsible-tidbits-daniel-olmedilla-ovcqc
============ Link unchanged
========== scraping https://www.linkedin.com/pulse/ai-trust-privacy-responsible-tidbits-daniel-olmedilla-ovcqc
======== We are on link 37 of 82
========== raw link https://www.linkedin.com/advice/3/how-do-you-use-explainable-ai-your-workflow
============ Checking for Redirections: https://www.linkedin.com/advice/3/how-do-you-use-explainable-ai-your-workflow
============ Link unchanged
========== scraping https://www.linkedin.com/advice/3/how-do-you-use-explainable-ai-your-workflow
======== We are on link 38 of 82
========== raw link https://www.linkedin.com/advice/0/how-can-you-ensure-fair-inclusive-ai-systems
============ Checking for Redirections: https://www.linkedin.com/advice/0/how-can-you-ensure-fair-inclusive-ai-systems
============ Link unchanged
========== scraping https://www.linkedin.com/advice/0/how-can-you-ensure-fair-inclusive-ai-systems
======== We are on link 39 of 82
========== raw link https://www.linkedin.com/advice/0/how-can-you-overcome-challenges-xai-skills-artificial-intelligence
============ Checking for Redirections: https://www.linkedin.com/advice/0/how-can-you-overcome-challenges-xai-skills-artificial-intelligence
============ Link unchanged
========== scraping https://www.linkedin.com/advice/0/how-can-you-overcome-challenges-xai-skills-artificial-intelligence
======== We are on link 40 of 82
========== raw link https://www.linkedin.com/advice/0/your-team-doubtful-ai-generated-insights-gknpc
============ Checking for Redirections: https://www.linkedin.com/advice/0/your-team-doubtful-ai-generated-insights-gknpc
============ Link unchanged
========== scraping https://www.linkedin.com/advice/0/your-team-doubtful-ai-generated-insights-gknpc
======== We are on link 41 of 82
========== raw link https://www.linkedin.com/advice/0/how-can-you-identify-most-promising-ai-solutions-k0ifc
============ Checking for Redirections: https://www.linkedin.com/advice/0/how-can-you-identify-most-promising-ai-solutions-k0ifc
============ Link unchanged
========== scraping https://www.linkedin.com/advice/0/how-can-you-identify-most-promising-ai-solutions-k0ifc
======== We are on link 42 of 82
========== raw link https://www.linkedin.com/advice/0/what-benefits-challenges-using-ai-product-validation
============ Checking for Redirections: https://www.linkedin.com/advice/0/what-benefits-challenges-using-ai-product-validation
============ Link unchanged
========== scraping https://www.linkedin.com/advice/0/what-benefits-challenges-using-ai-product-validation
======== We are on link 43 of 82
========== raw link https://www.linkedin.com/advice/1/how-can-you-create-ai-solutions-work-everyone
============ Checking for Redirections: https://www.linkedin.com/advice/1/how-can-you-create-ai-solutions-work-everyone
============ Link unchanged
========== scraping https://www.linkedin.com/advice/1/how-can-you-create-ai-solutions-work-everyone
======== We are on link 44 of 82
========== raw link https://www.linkedin.com/advice/3/what-do-you-your-ai-clients-have-unique-cyayf
============ Checking for Redirections: https://www.linkedin.com/advice/3/what-do-you-your-ai-clients-have-unique-cyayf
============ Link unchanged
========== scraping https://www.linkedin.com/advice/3/what-do-you-your-ai-clients-have-unique-cyayf
======== We are on link 45 of 82
========== raw link https://www.linkedin.com/advice/0/what-do-you-your-decision-making-processes-pbyic
============ Checking for Redirections: https://www.linkedin.com/advice/0/what-do-you-your-decision-making-processes-pbyic
============ Link unchanged
========== scraping https://www.linkedin.com/advice/0/what-do-you-your-decision-making-processes-pbyic
======== We are on link 46 of 82
========== raw link https://www.linkedin.com/advice/0/how-can-you-measure-ai-interpretability
============ Checking for Redirections: https://www.linkedin.com/advice/0/how-can-you-measure-ai-interpretability
============ Link unchanged
========== scraping https://www.linkedin.com/advice/0/how-can-you-measure-ai-interpretability
======== We are on link 47 of 82
========== raw link https://www.linkedin.com/pulse/ai-unveiled-50-transformative-ways-artificial-intelligence-lau-2hhdc
============ Checking for Redirections: https://www.linkedin.com/pulse/ai-unveiled-50-transformative-ways-artificial-intelligence-lau-2hhdc
============ Link unchanged
========== scraping https://www.linkedin.com/pulse/ai-unveiled-50-transformative-ways-artificial-intelligence-lau-2hhdc
======== We are on link 48 of 82
========== raw link https://www.linkedin.com/pulse/simple-steps-save-time-leverage-ai-marc-fabris-3vssc
============ Checking for Redirections: https://www.linkedin.com/pulse/simple-steps-save-time-leverage-ai-marc-fabris-3vssc
============ Link unchanged
========== scraping https://www.linkedin.com/pulse/simple-steps-save-time-leverage-ai-marc-fabris-3vssc
======== We are on link 49 of 82
========== raw link https://www.linkedin.com/pulse/manus-ai-doesnt-just-adviseit-acts-ready-prime-time-lozovsky-mba-kfglc
============ Checking for Redirections: https://www.linkedin.com/pulse/manus-ai-doesnt-just-adviseit-acts-ready-prime-time-lozovsky-mba-kfglc
============ Link unchanged
========== scraping https://www.linkedin.com/pulse/manus-ai-doesnt-just-adviseit-acts-ready-prime-time-lozovsky-mba-kfglc
======== We are on link 50 of 82
========== raw link https://www.linkedin.com/pulse/three-practical-ways-embrace-generative-ai-now-your-career-mills-py9ef
============ Checking for Redirections: https://www.linkedin.com/pulse/three-practical-ways-embrace-generative-ai-now-your-career-mills-py9ef
============ Link unchanged
========== scraping https://www.linkedin.com/pulse/three-practical-ways-embrace-generative-ai-now-your-career-mills-py9ef
======== We are on link 51 of 82
========== raw link https://www.linkedin.com/pulse/ai-agents-digital-genies-weve-unleashed-nobody-yvette-schmitter-quige
============ Checking for Redirections: https://www.linkedin.com/pulse/ai-agents-digital-genies-weve-unleashed-nobody-yvette-schmitter-quige
============ Link unchanged
========== scraping https://www.linkedin.com/pulse/ai-agents-digital-genies-weve-unleashed-nobody-yvette-schmitter-quige
======== We are on link 52 of 82
========== raw link https://www.linkedin.com/pulse/im-sick-ai-heres-what-doing-2025-wayne-cerullo-xpgoc
============ Checking for Redirections: https://www.linkedin.com/pulse/im-sick-ai-heres-what-doing-2025-wayne-cerullo-xpgoc
============ Link unchanged
========== scraping https://www.linkedin.com/pulse/im-sick-ai-heres-what-doing-2025-wayne-cerullo-xpgoc
======== We are on link 53 of 82
========== raw link https://www.linkedin.com/pulse/how-ai-shapes-our-world-without-us-noticing-stefan-palm-0u40c
============ Checking for Redirections: https://www.linkedin.com/pulse/how-ai-shapes-our-world-without-us-noticing-stefan-palm-0u40c
============ Link unchanged
========== scraping https://www.linkedin.com/pulse/how-ai-shapes-our-world-without-us-noticing-stefan-palm-0u40c
======== We are on link 54 of 82
========== raw link https://www.linkedin.com/pulse/case-companion-ai-matt-stater-dffdc
============ Checking for Redirections: https://www.linkedin.com/pulse/case-companion-ai-matt-stater-dffdc
============ Link unchanged
========== scraping https://www.linkedin.com/pulse/case-companion-ai-matt-stater-dffdc
======== We are on link 55 of 82
========== raw link https://www.linkedin.com/pulse/thriving-ai-era-part-1-four-cornerstones-effective-prompting-brent
============ Checking for Redirections: https://www.linkedin.com/pulse/thriving-ai-era-part-1-four-cornerstones-effective-prompting-brent
============ Link unchanged
========== scraping https://www.linkedin.com/pulse/thriving-ai-era-part-1-four-cornerstones-effective-prompting-brent
======== We are on link 56 of 82
========== raw link https://www.linkedin.com/pulse/topics/sales-s5/
============ Checking for Redirections: https://www.linkedin.com/pulse/topics/sales-s5/
============ Followed Redirection to https://www.linkedin.com/pulse/topics/sales-s5/?_l=en_US
============ Link unchanged
========== scraping https://www.linkedin.com/pulse/topics/sales-s5/
============ Dropping non-English link: https://www.linkedin.com/pulse/topics/sales-s5/
======== We are on link 57 of 82
========== raw link https://www.linkedin.com/pulse/topics/marketing-s2461/
============ Checking for Redirections: https://www.linkedin.com/pulse/topics/marketing-s2461/
============ Link unchanged
========== scraping https://www.linkedin.com/pulse/topics/marketing-s2461/
======== We are on link 58 of 82
========== raw link https://www.linkedin.com/pulse/topics/it-services-s57547/
============ Checking for Redirections: https://www.linkedin.com/pulse/topics/it-services-s57547/
============ Link unchanged
========== scraping https://www.linkedin.com/pulse/topics/it-services-s57547/
======== We are on link 59 of 82
========== raw link https://www.linkedin.com/pulse/topics/business-administration-s50111/
============ Checking for Redirections: https://www.linkedin.com/pulse/topics/business-administration-s50111/
============ Link unchanged
========== scraping https://www.linkedin.com/pulse/topics/business-administration-s50111/
======== We are on link 60 of 82
========== raw link https://www.linkedin.com/pulse/topics/hr-management-s50359/
============ Checking for Redirections: https://www.linkedin.com/pulse/topics/hr-management-s50359/
============ Link unchanged
========== scraping https://www.linkedin.com/pulse/topics/hr-management-s50359/
======== We are on link 61 of 82
========== raw link https://www.linkedin.com/pulse/topics/engineering-s166/
============ Checking for Redirections: https://www.linkedin.com/pulse/topics/engineering-s166/
============ Link unchanged
========== scraping https://www.linkedin.com/pulse/topics/engineering-s166/
======== We are on link 62 of 82
========== raw link https://www.linkedin.com/pulse/topics/soft-skills-s2976/
============ Checking for Redirections: https://www.linkedin.com/pulse/topics/soft-skills-s2976/
============ Link unchanged
========== scraping https://www.linkedin.com/pulse/topics/soft-skills-s2976/
======== We are on link 63 of 82
========== raw link https://www.linkedin.com/pulse/topics/home/
============ Checking for Redirections: https://www.linkedin.com/pulse/topics/home/
============ Link unchanged
========== link already checked
======== We are on link 64 of 82
========== raw link https://about.linkedin.com?trk=d_flagship2_pulse_read_footer-about
============ Checking for Redirections: https://about.linkedin.com?trk=d_flagship2_pulse_read_footer-about
============ Followed Redirection to https://about.linkedin.com/?trk=d_flagship2_pulse_read_footer-about
============ Link after cleaning: https://about.linkedin.com/
========== link already checked
======== We are on link 65 of 82
========== raw link https://www.linkedin.com/accessibility?trk=d_flagship2_pulse_read_footer-accessibility
============ Checking for Redirections: https://www.linkedin.com/accessibility?trk=d_flagship2_pulse_read_footer-accessibility
============ Link after cleaning: https://www.linkedin.com/accessibility
========== link already checked
======== We are on link 66 of 82
========== raw link https://www.linkedin.com/legal/user-agreement?trk=d_flagship2_pulse_read_footer-user-agreement
============ Checking for Redirections: https://www.linkedin.com/legal/user-agreement?trk=d_flagship2_pulse_read_footer-user-agreement
============ Link after cleaning: https://www.linkedin.com/legal/user-agreement
========== link already checked
======== We are on link 67 of 82
========== raw link https://www.linkedin.com/legal/privacy-policy?trk=d_flagship2_pulse_read_footer-privacy-policy
============ Checking for Redirections: https://www.linkedin.com/legal/privacy-policy?trk=d_flagship2_pulse_read_footer-privacy-policy
============ Link after cleaning: https://www.linkedin.com/legal/privacy-policy
========== link already checked
======== We are on link 68 of 82
========== raw link https://www.linkedin.com/legal/california-privacy-disclosure?trk=d_flagship2_pulse_read_footer-california-privacy-rights-act
============ Checking for Redirections: https://www.linkedin.com/legal/california-privacy-disclosure?trk=d_flagship2_pulse_read_footer-california-privacy-rights-act
============ Link after cleaning: https://www.linkedin.com/legal/california-privacy-disclosure
========== link already checked
======== We are on link 69 of 82
========== raw link https://www.linkedin.com/legal/cookie-policy?trk=d_flagship2_pulse_read_footer-cookie-policy
============ Checking for Redirections: https://www.linkedin.com/legal/cookie-policy?trk=d_flagship2_pulse_read_footer-cookie-policy
============ Link after cleaning: https://www.linkedin.com/legal/cookie-policy
========== link already checked
======== We are on link 70 of 82
========== raw link https://www.linkedin.com/legal/copyright-policy?trk=d_flagship2_pulse_read_footer-copyright-policy
============ Checking for Redirections: https://www.linkedin.com/legal/copyright-policy?trk=d_flagship2_pulse_read_footer-copyright-policy
============ Link after cleaning: https://www.linkedin.com/legal/copyright-policy
========== link already checked
======== We are on link 71 of 82
========== raw link https://brand.linkedin.com/policies?trk=d_flagship2_pulse_read_footer-brand-policy
============ Checking for Redirections: https://brand.linkedin.com/policies?trk=d_flagship2_pulse_read_footer-brand-policy
============ Followed Redirection to https://brand.linkedin.com/en-us?trk=d_flagship2_pulse_read_footer-brand-policy
============ Link after cleaning: https://brand.linkedin.com/en-us
========== link already checked
======== We are on link 72 of 82
========== raw link https://www.linkedin.com/psettings/guest-controls?trk=d_flagship2_pulse_read_footer-guest-controls
============ Checking for Redirections: https://www.linkedin.com/psettings/guest-controls?trk=d_flagship2_pulse_read_footer-guest-controls
============ Link after cleaning: https://www.linkedin.com/psettings/guest-controls
========== link already checked
======== We are on link 73 of 82
========== raw link https://www.linkedin.com/legal/professional-community-policies?trk=d_flagship2_pulse_read_footer-community-guide
============ Checking for Redirections: https://www.linkedin.com/legal/professional-community-policies?trk=d_flagship2_pulse_read_footer-community-guide
============ Link after cleaning: https://www.linkedin.com/legal/professional-community-policies
========== link already checked
======== We are on link 74 of 82
========== raw link https://www.linkedin.com/uas/request-password-reset?trk=pulse-article_contextual-sign-in-modal_sign-in-modal_forgot_password
============ Checking for Redirections: https://www.linkedin.com/uas/request-password-reset?trk=pulse-article_contextual-sign-in-modal_sign-in-modal_forgot_password
============ Followed Redirection to https://www.linkedin.com/uas/request-password-reset?trk=pulse-article_contextual-sign-in-modal_sign-in-modal_forgot_password&original_referer=
============ Link after cleaning: https://www.linkedin.com/uas/request-password-reset
========== link already checked
======== We are on link 75 of 82
========== raw link /legal/user-agreement?trk=pulse-article_contextual-sign-in-modal_sign-in-modal_auth-button_user-agreement
============ Found Relative: joining https://www.linkedin.com/pulse/building-member-trust-new-age-ai-daniel-olmedilla-gfodf/ and /legal/user-agreement?trk=pulse-article_contextual-sign-in-modal_sign-in-modal_auth-button_user-agreement
============ Checking for Redirections: https://www.linkedin.com/legal/user-agreement?trk=pulse-article_contextual-sign-in-modal_sign-in-modal_auth-button_user-agreement
============ Link after cleaning: https://www.linkedin.com/legal/user-agreement
========== link already checked
======== We are on link 76 of 82
========== raw link /legal/privacy-policy?trk=pulse-article_contextual-sign-in-modal_sign-in-modal_auth-button_privacy-policy
============ Found Relative: joining https://www.linkedin.com/pulse/building-member-trust-new-age-ai-daniel-olmedilla-gfodf/ and /legal/privacy-policy?trk=pulse-article_contextual-sign-in-modal_sign-in-modal_auth-button_privacy-policy
============ Checking for Redirections: https://www.linkedin.com/legal/privacy-policy?trk=pulse-article_contextual-sign-in-modal_sign-in-modal_auth-button_privacy-policy
============ Link after cleaning: https://www.linkedin.com/legal/privacy-policy
========== link already checked
======== We are on link 77 of 82
========== raw link /legal/cookie-policy?trk=pulse-article_contextual-sign-in-modal_sign-in-modal_auth-button_cookie-policy
============ Found Relative: joining https://www.linkedin.com/pulse/building-member-trust-new-age-ai-daniel-olmedilla-gfodf/ and /legal/cookie-policy?trk=pulse-article_contextual-sign-in-modal_sign-in-modal_auth-button_cookie-policy
============ Checking for Redirections: https://www.linkedin.com/legal/cookie-policy?trk=pulse-article_contextual-sign-in-modal_sign-in-modal_auth-button_cookie-policy
============ Link after cleaning: https://www.linkedin.com/legal/cookie-policy
========== link already checked
======== We are on link 78 of 82
========== raw link https://www.linkedin.com/signup/cold-join?session_redirect=%2Fpulse%2Fbuilding-member-trust-new-age-ai-daniel-olmedilla-gfodf%2F&trk=pulse-article_contextual-sign-in-modal_sign-in-modal_join-link
============ Checking for Redirections: https://www.linkedin.com/signup/cold-join?session_redirect=%2Fpulse%2Fbuilding-member-trust-new-age-ai-daniel-olmedilla-gfodf%2F&trk=pulse-article_contextual-sign-in-modal_sign-in-modal_join-link
============ Link after cleaning: https://www.linkedin.com/signup/cold-join
========== link already checked
======== We are on link 79 of 82
========== raw link https://www.linkedin.com/signup/cold-join?session_redirect=%2Fpulse%2Fbuilding-member-trust-new-age-ai-daniel-olmedilla-gfodf%2F&trk=pulse-article_contextual-sign-in-modal_join-link
============ Checking for Redirections: https://www.linkedin.com/signup/cold-join?session_redirect=%2Fpulse%2Fbuilding-member-trust-new-age-ai-daniel-olmedilla-gfodf%2F&trk=pulse-article_contextual-sign-in-modal_join-link
============ Link after cleaning: https://www.linkedin.com/signup/cold-join
========== link already checked
======== We are on link 80 of 82
========== raw link /legal/user-agreement?trk=linkedin-tc_auth-button_user-agreement
============ Found Relative: joining https://www.linkedin.com/pulse/building-member-trust-new-age-ai-daniel-olmedilla-gfodf/ and /legal/user-agreement?trk=linkedin-tc_auth-button_user-agreement
============ Checking for Redirections: https://www.linkedin.com/legal/user-agreement?trk=linkedin-tc_auth-button_user-agreement
============ Link after cleaning: https://www.linkedin.com/legal/user-agreement
========== link already checked
======== We are on link 81 of 82
========== raw link /legal/privacy-policy?trk=linkedin-tc_auth-button_privacy-policy
============ Found Relative: joining https://www.linkedin.com/pulse/building-member-trust-new-age-ai-daniel-olmedilla-gfodf/ and /legal/privacy-policy?trk=linkedin-tc_auth-button_privacy-policy
============ Checking for Redirections: https://www.linkedin.com/legal/privacy-policy?trk=linkedin-tc_auth-button_privacy-policy
============ Link after cleaning: https://www.linkedin.com/legal/privacy-policy
========== link already checked
======== We are on link 82 of 82
========== raw link /legal/cookie-policy?trk=linkedin-tc_auth-button_cookie-policy
============ Found Relative: joining https://www.linkedin.com/pulse/building-member-trust-new-age-ai-daniel-olmedilla-gfodf/ and /legal/cookie-policy?trk=linkedin-tc_auth-button_cookie-policy
============ Checking for Redirections: https://www.linkedin.com/legal/cookie-policy?trk=linkedin-tc_auth-button_cookie-policy
============ Link after cleaning: https://www.linkedin.com/legal/cookie-policy
========== link already checked
====== We are on page 16 of 16: linkedin.com
====== Number of Links on this Page: 82
======== We are on link 1 of 82
========== raw link /legal/user-agreement?trk=linkedin-tc_auth-button_user-agreement
============ Found Relative: joining linkedin.com and /legal/user-agreement?trk=linkedin-tc_auth-button_user-agreement
========== dropped link /legal/user-agreement?trk=linkedin-tc_auth-button_user-agreement. Didn't pass first allows/blocks test.
======== We are on link 2 of 82
========== raw link /legal/privacy-policy?trk=linkedin-tc_auth-button_privacy-policy
============ Found Relative: joining linkedin.com and /legal/privacy-policy?trk=linkedin-tc_auth-button_privacy-policy
========== dropped link /legal/privacy-policy?trk=linkedin-tc_auth-button_privacy-policy. Didn't pass first allows/blocks test.
======== We are on link 3 of 82
========== raw link /legal/cookie-policy?trk=linkedin-tc_auth-button_cookie-policy
============ Found Relative: joining linkedin.com and /legal/cookie-policy?trk=linkedin-tc_auth-button_cookie-policy
========== dropped link /legal/cookie-policy?trk=linkedin-tc_auth-button_cookie-policy. Didn't pass first allows/blocks test.
======== We are on link 4 of 82
========== raw link #main-content
========== dropped link (either fragment ("#"), js, mailto, comment, pdf, or empty)
======== We are on link 5 of 82
========== raw link /?trk=article-ssr-frontend-pulse_nav-header-logo
============ Found Relative: joining linkedin.com and /?trk=article-ssr-frontend-pulse_nav-header-logo
========== dropped link /?trk=article-ssr-frontend-pulse_nav-header-logo. Didn't pass first allows/blocks test.
======== We are on link 6 of 82
========== raw link https://www.linkedin.com/signup/cold-join?session_redirect=%2Fpulse%2Fbuilding-member-trust-new-age-ai-daniel-olmedilla-gfodf%2F&trk=article-ssr-frontend-pulse_nav-header-join
============ Checking for Redirections: https://www.linkedin.com/signup/cold-join?session_redirect=%2Fpulse%2Fbuilding-member-trust-new-age-ai-daniel-olmedilla-gfodf%2F&trk=article-ssr-frontend-pulse_nav-header-join
============ Link after cleaning: https://www.linkedin.com/signup/cold-join
========== link already checked
======== We are on link 7 of 82
========== raw link https://www.linkedin.com/uas/login?session_redirect=%2Fpulse%2Fbuilding-member-trust-new-age-ai-daniel-olmedilla-gfodf%2F&fromSignIn=true&trk=article-ssr-frontend-pulse_nav-header-signin
========== dropped link https://www.linkedin.com/uas/login?session_redirect=%2Fpulse%2Fbuilding-member-trust-new-age-ai-daniel-olmedilla-gfodf%2F&fromSignIn=true&trk=article-ssr-frontend-pulse_nav-header-signin. Didn't pass first allows/blocks test.
======== We are on link 8 of 82
========== raw link /uas/login?session_redirect=https%3A%2F%2Fwww.linkedin.com%2Fpulse%2Fbuilding-member-trust-new-age-ai-daniel-olmedilla-gfodf&trk=article-ssr-frontend-pulse_ellipsis-menu-semaphore-sign-in-redirect&guestReportContentType=PONCHO_ARTICLE&_f=guest-reporting
============ Prepended scheme.
========== dropped link ://uas/login?session_redirect=https%3A%2F%2Fwww.linkedin.com%2Fpulse%2Fbuilding-member-trust-new-age-ai-daniel-olmedilla-gfodf&trk=article-ssr-frontend-pulse_ellipsis-menu-semaphore-sign-in-redirect&guestReportContentType=PONCHO_ARTICLE&_f=guest-reporting. Didn't pass first allows/blocks test.
======== We are on link 9 of 82
========== raw link https://www.linkedin.com/in/danielolmedilla
============ Checking for Redirections: https://www.linkedin.com/in/danielolmedilla
============ Link unchanged
========== scraping https://www.linkedin.com/in/danielolmedilla
======== We are on link 10 of 82
========== raw link https://www.linkedin.com/signup/cold-join?session_redirect=%2Fpulse%2Fbuilding-member-trust-new-age-ai-daniel-olmedilla-gfodf%2F&trk=article-ssr-frontend-pulse_publisher-author-card
============ Checking for Redirections: https://www.linkedin.com/signup/cold-join?session_redirect=%2Fpulse%2Fbuilding-member-trust-new-age-ai-daniel-olmedilla-gfodf%2F&trk=article-ssr-frontend-pulse_publisher-author-card
============ Link after cleaning: https://www.linkedin.com/signup/cold-join
========== link already checked
======== We are on link 11 of 82
========== raw link https://www.linkedin.com/pulse/redefining-work-ryan-roslansky/?trk=article-ssr-frontend-pulse_little-text-block
============ Checking for Redirections: https://www.linkedin.com/pulse/redefining-work-ryan-roslansky/?trk=article-ssr-frontend-pulse_little-text-block
============ Link after cleaning: https://www.linkedin.com/pulse/redefining-work-ryan-roslansky/
========== link already checked
======== We are on link 12 of 82
========== raw link https://www.linkedin.com/pulse/reimagining-linkedin-new-era-ai-tomer-cohen-brxve/?trk=article-ssr-frontend-pulse_little-text-block
============ Checking for Redirections: https://www.linkedin.com/pulse/reimagining-linkedin-new-era-ai-tomer-cohen-brxve/?trk=article-ssr-frontend-pulse_little-text-block
============ Link after cleaning: https://www.linkedin.com/pulse/reimagining-linkedin-new-era-ai-tomer-cohen-brxve/
========== link already checked
======== We are on link 13 of 82
========== raw link https://www.linkedin.com/pulse/ai-1099s-separating-pomp-from-prompts-free-webinar-jory-des-jardins-wkxqc
============ Checking for Redirections: https://www.linkedin.com/pulse/ai-1099s-separating-pomp-from-prompts-free-webinar-jory-des-jardins-wkxqc
============ Link unchanged
========== link already checked
======== We are on link 14 of 82
========== raw link https://www.linkedin.com/pulse/agents-new-apps-comprehensive-look-ai-olivier-gomez--19ksf
============ Checking for Redirections: https://www.linkedin.com/pulse/agents-new-apps-comprehensive-look-ai-olivier-gomez--19ksf
============ Link unchanged
========== link already checked
======== We are on link 15 of 82
========== raw link https://www.linkedin.com/pulse/from-rags-ai-riches-value-retrieval-augmented-jason-renshaw-ogw9c
============ Checking for Redirections: https://www.linkedin.com/pulse/from-rags-ai-riches-value-retrieval-augmented-jason-renshaw-ogw9c
============ Link unchanged
========== link already checked
======== We are on link 16 of 82
========== raw link https://blog.linkedin.com/2023/february/22/responsible-ai-principles?trk=article-ssr-frontend-pulse_little-text-block
============ Checking for Redirections: https://blog.linkedin.com/2023/february/22/responsible-ai-principles?trk=article-ssr-frontend-pulse_little-text-block
============ Followed Redirection to https://www.linkedin.com/blog/member/trust-and-safety/responsible-ai-principles?trk=article-ssr-frontend-pulse_little-text-block
============ Link after cleaning: https://www.linkedin.com/blog/member/trust-and-safety/responsible-ai-principles
========== link already checked
======== We are on link 17 of 82
========== raw link https://engineering.linkedin.com/blog/2023/our-responsible-ai-principles-in-practice?trk=article-ssr-frontend-pulse_little-text-block
============ Checking for Redirections: https://engineering.linkedin.com/blog/2023/our-responsible-ai-principles-in-practice?trk=article-ssr-frontend-pulse_little-text-block
============ Followed Redirection to https://www.linkedin.com/blog/engineering/responsible-ai/our-responsible-ai-principles-in-practice?trk=article-ssr-frontend-pulse_little-text-block
============ Link after cleaning: https://www.linkedin.com/blog/engineering/responsible-ai/our-responsible-ai-principles-in-practice
========== link already checked
======== We are on link 18 of 82
========== raw link https://www.linkedin.com/help/linkedin/answer/a1359065?trk=article-ssr-frontend-pulse_little-text-block
============ Checking for Redirections: https://www.linkedin.com/help/linkedin/answer/a1359065?trk=article-ssr-frontend-pulse_little-text-block
============ Link after cleaning: https://www.linkedin.com/help/linkedin/answer/a1359065
========== link already checked
======== We are on link 19 of 82
========== raw link https://www.linkedin.com/help/linkedin/answer/a1381088/turn-two-step-verification-on-and-off?trk=article-ssr-frontend-pulse_little-text-block
============ Checking for Redirections: https://www.linkedin.com/help/linkedin/answer/a1381088/turn-two-step-verification-on-and-off?trk=article-ssr-frontend-pulse_little-text-block
============ Link after cleaning: https://www.linkedin.com/help/linkedin/answer/a1381088/turn-two-step-verification-on-and-off
========== link already checked
======== We are on link 20 of 82
========== raw link https://www.linkedin.com/pulse/linkedin-verification-update-18-million-verified-plans-rodriguez-6quue%3FtrackingId=3VYZxEbmQluDZ1iaiR3U6g%253D%253D/?trackingId=3VYZxEbmQluDZ1iaiR3U6g%3D%3D&trk=article-ssr-frontend-pulse_little-text-block
============ Checking for Redirections: https://www.linkedin.com/pulse/linkedin-verification-update-18-million-verified-plans-rodriguez-6quue%3FtrackingId=3VYZxEbmQluDZ1iaiR3U6g%253D%253D/?trackingId=3VYZxEbmQluDZ1iaiR3U6g%3D%3D&trk=article-ssr-frontend-pulse_little-text-block
============ Followed Redirection to https://www.linkedin.com/pulse/topics/home/?trk=article_not_found
============ Link after cleaning: https://www.linkedin.com/pulse/topics/home/
========== link already checked
======== We are on link 21 of 82
========== raw link https://www.linkedin.com/legal/professional-community-policies?trk=article-ssr-frontend-pulse_little-text-block
============ Checking for Redirections: https://www.linkedin.com/legal/professional-community-policies?trk=article-ssr-frontend-pulse_little-text-block
============ Link after cleaning: https://www.linkedin.com/legal/professional-community-policies
========== link already checked
======== We are on link 22 of 82
========== raw link https://www.linkedin.com/signup/cold-join?session_redirect=%2Fpulse%2Fbuilding-member-trust-new-age-ai-daniel-olmedilla-gfodf%2F&trk=article-ssr-frontend-pulse_x-social-details_likes-count_social-actions-reactions
============ Checking for Redirections: https://www.linkedin.com/signup/cold-join?session_redirect=%2Fpulse%2Fbuilding-member-trust-new-age-ai-daniel-olmedilla-gfodf%2F&trk=article-ssr-frontend-pulse_x-social-details_likes-count_social-actions-reactions
============ Link after cleaning: https://www.linkedin.com/signup/cold-join
========== link already checked
======== We are on link 23 of 82
========== raw link https://www.linkedin.com/signup/cold-join?session_redirect=%2Fpulse%2Fbuilding-member-trust-new-age-ai-daniel-olmedilla-gfodf%2F&trk=article-ssr-frontend-pulse_x-social-details_likes-count_social-actions-comments
============ Checking for Redirections: https://www.linkedin.com/signup/cold-join?session_redirect=%2Fpulse%2Fbuilding-member-trust-new-age-ai-daniel-olmedilla-gfodf%2F&trk=article-ssr-frontend-pulse_x-social-details_likes-count_social-actions-comments
============ Link after cleaning: https://www.linkedin.com/signup/cold-join
========== link already checked
======== We are on link 24 of 82
========== raw link https://www.linkedin.com/signup/cold-join?session_redirect=%2Fpulse%2Fbuilding-member-trust-new-age-ai-daniel-olmedilla-gfodf%2F&trk=article-ssr-frontend-pulse_x-social-details_like-toggle_like-cta
============ Checking for Redirections: https://www.linkedin.com/signup/cold-join?session_redirect=%2Fpulse%2Fbuilding-member-trust-new-age-ai-daniel-olmedilla-gfodf%2F&trk=article-ssr-frontend-pulse_x-social-details_like-toggle_like-cta
============ Link after cleaning: https://www.linkedin.com/signup/cold-join
========== link already checked
======== We are on link 25 of 82
========== raw link https://www.linkedin.com/signup/cold-join?session_redirect=%2Fpulse%2Fbuilding-member-trust-new-age-ai-daniel-olmedilla-gfodf%2F&trk=article-ssr-frontend-pulse_comment-cta
============ Checking for Redirections: https://www.linkedin.com/signup/cold-join?session_redirect=%2Fpulse%2Fbuilding-member-trust-new-age-ai-daniel-olmedilla-gfodf%2F&trk=article-ssr-frontend-pulse_comment-cta
============ Link after cleaning: https://www.linkedin.com/signup/cold-join
========== link already checked
======== We are on link 26 of 82
========== raw link https://th.linkedin.com/in/%E0%B8%A0%E0%B8%84%E0%B8%9E%E0%B8%93-%E0%B8%A0%E0%B8%B9%E0%B8%A1%E0%B8%B4%E0%B8%9E%E0%B8%B1%E0%B8%92%E0%B8%99%E0%B9%8C-96b2ab356?trk=article-ssr-frontend-pulse_x-social-details_comments-action_comment_actor-image
============ Checking for Redirections: https://th.linkedin.com/in/%E0%B8%A0%E0%B8%84%E0%B8%9E%E0%B8%93-%E0%B8%A0%E0%B8%B9%E0%B8%A1%E0%B8%B4%E0%B8%9E%E0%B8%B1%E0%B8%92%E0%B8%99%E0%B9%8C-96b2ab356?trk=article-ssr-frontend-pulse_x-social-details_comments-action_comment_actor-image
============ Followed Redirection to https://www.linkedin.com/authwall?trk=bf&trkInfo=AQEZtnJowXWNjAAAAZZpTeIQsjMtRv_uz_iCRteOQ0ef6syyLVK6AVuSh2M2q9U6BnVVRaapjob952CA-RhzVcwURi0_cZ3KkSNYRXfcMe-ucADi4KKrVVMo8Ssh84OAxkp9sQE=&original_referer=&sessionRedirect=https%3A%2F%2Fth.linkedin.com%2Fin%2F%25E0%25B8%25A0%25E0%25B8%2584%25E0%25B8%259E%25E0%25B8%2593-%25E0%25B8%25A0%25E0%25B8%25B9%25E0%25B8%25A1%25E0%25B8%25B4%25E0%25B8%259E%25E0%25B8%25B1%25E0%25B8%2592%25E0%25B8%2599%25E0%25B9%258C-96b2ab356%3Ftrk%3Darticle-ssr-frontend-pulse_x-social-details_comments-action_comment_actor-image
============ Link after cleaning: https://www.linkedin.com/authwall
========== link already checked
======== We are on link 27 of 82
========== raw link https://th.linkedin.com/in/%E0%B8%A0%E0%B8%84%E0%B8%9E%E0%B8%93-%E0%B8%A0%E0%B8%B9%E0%B8%A1%E0%B8%B4%E0%B8%9E%E0%B8%B1%E0%B8%92%E0%B8%99%E0%B9%8C-96b2ab356?trk=article-ssr-frontend-pulse_x-social-details_comments-action_comment_actor-name
============ Checking for Redirections: https://th.linkedin.com/in/%E0%B8%A0%E0%B8%84%E0%B8%9E%E0%B8%93-%E0%B8%A0%E0%B8%B9%E0%B8%A1%E0%B8%B4%E0%B8%9E%E0%B8%B1%E0%B8%92%E0%B8%99%E0%B9%8C-96b2ab356?trk=article-ssr-frontend-pulse_x-social-details_comments-action_comment_actor-name
============ Followed Redirection to https://www.linkedin.com/authwall?trk=bf&trkInfo=AQFVw4OE2l7RrAAAAZZpTengfJpCeUf40EuYtyCBte3I-AER_rvU5CSNtSwBDkuifNZB2KymNf9mktVrEicthAb8aA0AUUggER4wn6Rw2V5W0eO-vNpjCDm3ooXLT0-fVaw9MUw=&original_referer=&sessionRedirect=https%3A%2F%2Fth.linkedin.com%2Fin%2F%25E0%25B8%25A0%25E0%25B8%2584%25E0%25B8%259E%25E0%25B8%2593-%25E0%25B8%25A0%25E0%25B8%25B9%25E0%25B8%25A1%25E0%25B8%25B4%25E0%25B8%259E%25E0%25B8%25B1%25E0%25B8%2592%25E0%25B8%2599%25E0%25B9%258C-96b2ab356%3Ftrk%3Darticle-ssr-frontend-pulse_x-social-details_comments-action_comment_actor-name
============ Link after cleaning: https://www.linkedin.com/authwall
========== link already checked
======== We are on link 28 of 82
========== raw link /uas/login?session_redirect=https%3A%2F%2Fwww.linkedin.com%2Fpulse%2Fbuilding-member-trust-new-age-ai-daniel-olmedilla-gfodf&trk=article-ssr-frontend-pulse_x-social-details_comments-action_comment_ellipsis-menu-semaphore-sign-in-redirect&guestReportContentType=COMMENT&_f=guest-reporting
============ Prepended scheme.
========== dropped link ://uas/login?session_redirect=https%3A%2F%2Fwww.linkedin.com%2Fpulse%2Fbuilding-member-trust-new-age-ai-daniel-olmedilla-gfodf&trk=article-ssr-frontend-pulse_x-social-details_comments-action_comment_ellipsis-menu-semaphore-sign-in-redirect&guestReportContentType=COMMENT&_f=guest-reporting. Didn't pass first allows/blocks test.
======== We are on link 29 of 82
========== raw link https://www.linkedin.com/signup/cold-join?session_redirect=%2Fpulse%2Fbuilding-member-trust-new-age-ai-daniel-olmedilla-gfodf%2F&trk=article-ssr-frontend-pulse_x-social-details_comments-action_comment_like
============ Checking for Redirections: https://www.linkedin.com/signup/cold-join?session_redirect=%2Fpulse%2Fbuilding-member-trust-new-age-ai-daniel-olmedilla-gfodf%2F&trk=article-ssr-frontend-pulse_x-social-details_comments-action_comment_like
============ Link after cleaning: https://www.linkedin.com/signup/cold-join
========== link already checked
======== We are on link 30 of 82
========== raw link https://www.linkedin.com/signup/cold-join?session_redirect=%2Fpulse%2Fbuilding-member-trust-new-age-ai-daniel-olmedilla-gfodf%2F&trk=article-ssr-frontend-pulse_x-social-details_comments-action_comment_reply
============ Checking for Redirections: https://www.linkedin.com/signup/cold-join?session_redirect=%2Fpulse%2Fbuilding-member-trust-new-age-ai-daniel-olmedilla-gfodf%2F&trk=article-ssr-frontend-pulse_x-social-details_comments-action_comment_reply
============ Link after cleaning: https://www.linkedin.com/signup/cold-join
========== link already checked
======== We are on link 31 of 82
========== raw link https://www.linkedin.com/signup/cold-join?session_redirect=%2Fpulse%2Fbuilding-member-trust-new-age-ai-daniel-olmedilla-gfodf%2F&trk=article-ssr-frontend-pulse_x-social-details_comments_comment-see-more
============ Checking for Redirections: https://www.linkedin.com/signup/cold-join?session_redirect=%2Fpulse%2Fbuilding-member-trust-new-age-ai-daniel-olmedilla-gfodf%2F&trk=article-ssr-frontend-pulse_x-social-details_comments_comment-see-more
============ Link after cleaning: https://www.linkedin.com/signup/cold-join
========== link already checked
======== We are on link 32 of 82
========== raw link https://www.linkedin.com/signup/cold-join?session_redirect=%2Fpulse%2Fbuilding-member-trust-new-age-ai-daniel-olmedilla-gfodf%2F&trk=article-ssr-frontend-pulse_x-social-details_feed-cta-banner-cta
============ Checking for Redirections: https://www.linkedin.com/signup/cold-join?session_redirect=%2Fpulse%2Fbuilding-member-trust-new-age-ai-daniel-olmedilla-gfodf%2F&trk=article-ssr-frontend-pulse_x-social-details_feed-cta-banner-cta
============ Link after cleaning: https://www.linkedin.com/signup/cold-join
========== link already checked
======== We are on link 33 of 82
========== raw link https://www.linkedin.com/pulse/decoding-enforcement-gap-why-moderation-approximation-olmedilla-vdg9c
============ Checking for Redirections: https://www.linkedin.com/pulse/decoding-enforcement-gap-why-moderation-approximation-olmedilla-vdg9c
============ Link unchanged
========== link already checked
======== We are on link 34 of 82
========== raw link https://www.linkedin.com/pulse/why-machine-learning-recall-different-trust-daniel-olmedilla-zpxac
============ Checking for Redirections: https://www.linkedin.com/pulse/why-machine-learning-recall-different-trust-daniel-olmedilla-zpxac
============ Link unchanged
========== link already checked
======== We are on link 35 of 82
========== raw link https://www.linkedin.com/pulse/what-makes-good-trust-true-north-metric-daniel-olmedilla-ekokc
============ Checking for Redirections: https://www.linkedin.com/pulse/what-makes-good-trust-true-north-metric-daniel-olmedilla-ekokc
============ Link unchanged
========== link already checked
======== We are on link 36 of 82
========== raw link https://www.linkedin.com/pulse/ai-trust-privacy-responsible-tidbits-daniel-olmedilla-ovcqc
============ Checking for Redirections: https://www.linkedin.com/pulse/ai-trust-privacy-responsible-tidbits-daniel-olmedilla-ovcqc
============ Link unchanged
========== link already checked
======== We are on link 37 of 82
========== raw link https://www.linkedin.com/advice/3/how-do-you-use-explainable-ai-your-workflow
============ Checking for Redirections: https://www.linkedin.com/advice/3/how-do-you-use-explainable-ai-your-workflow
============ Link unchanged
========== link already checked
======== We are on link 38 of 82
========== raw link https://www.linkedin.com/advice/0/how-can-you-ensure-fair-inclusive-ai-systems
============ Checking for Redirections: https://www.linkedin.com/advice/0/how-can-you-ensure-fair-inclusive-ai-systems
============ Link unchanged
========== link already checked
======== We are on link 39 of 82
========== raw link https://www.linkedin.com/advice/0/how-can-you-overcome-challenges-xai-skills-artificial-intelligence
============ Checking for Redirections: https://www.linkedin.com/advice/0/how-can-you-overcome-challenges-xai-skills-artificial-intelligence
============ Link unchanged
========== link already checked
======== We are on link 40 of 82
========== raw link https://www.linkedin.com/advice/0/your-team-doubtful-ai-generated-insights-gknpc
============ Checking for Redirections: https://www.linkedin.com/advice/0/your-team-doubtful-ai-generated-insights-gknpc
============ Link unchanged
========== link already checked
======== We are on link 41 of 82
========== raw link https://www.linkedin.com/advice/0/how-can-you-identify-most-promising-ai-solutions-k0ifc
============ Checking for Redirections: https://www.linkedin.com/advice/0/how-can-you-identify-most-promising-ai-solutions-k0ifc
============ Link unchanged
========== link already checked
======== We are on link 42 of 82
========== raw link https://www.linkedin.com/advice/0/what-benefits-challenges-using-ai-product-validation
============ Checking for Redirections: https://www.linkedin.com/advice/0/what-benefits-challenges-using-ai-product-validation
============ Link unchanged
========== link already checked
======== We are on link 43 of 82
========== raw link https://www.linkedin.com/advice/1/how-can-you-create-ai-solutions-work-everyone
============ Checking for Redirections: https://www.linkedin.com/advice/1/how-can-you-create-ai-solutions-work-everyone
============ Link unchanged
========== link already checked
======== We are on link 44 of 82
========== raw link https://www.linkedin.com/advice/3/what-do-you-your-ai-clients-have-unique-cyayf
============ Checking for Redirections: https://www.linkedin.com/advice/3/what-do-you-your-ai-clients-have-unique-cyayf
============ Link unchanged
========== link already checked
======== We are on link 45 of 82
========== raw link https://www.linkedin.com/advice/0/what-do-you-your-decision-making-processes-pbyic
============ Checking for Redirections: https://www.linkedin.com/advice/0/what-do-you-your-decision-making-processes-pbyic
============ Link unchanged
========== link already checked
======== We are on link 46 of 82
========== raw link https://www.linkedin.com/advice/0/how-can-you-measure-ai-interpretability
============ Checking for Redirections: https://www.linkedin.com/advice/0/how-can-you-measure-ai-interpretability
============ Link unchanged
========== link already checked
======== We are on link 47 of 82
========== raw link https://www.linkedin.com/pulse/ai-unveiled-50-transformative-ways-artificial-intelligence-lau-2hhdc
============ Checking for Redirections: https://www.linkedin.com/pulse/ai-unveiled-50-transformative-ways-artificial-intelligence-lau-2hhdc
============ Link unchanged
========== link already checked
======== We are on link 48 of 82
========== raw link https://www.linkedin.com/pulse/simple-steps-save-time-leverage-ai-marc-fabris-3vssc
============ Checking for Redirections: https://www.linkedin.com/pulse/simple-steps-save-time-leverage-ai-marc-fabris-3vssc
============ Link unchanged
========== link already checked
======== We are on link 49 of 82
========== raw link https://www.linkedin.com/pulse/manus-ai-doesnt-just-adviseit-acts-ready-prime-time-lozovsky-mba-kfglc
============ Checking for Redirections: https://www.linkedin.com/pulse/manus-ai-doesnt-just-adviseit-acts-ready-prime-time-lozovsky-mba-kfglc
============ Link unchanged
========== link already checked
======== We are on link 50 of 82
========== raw link https://www.linkedin.com/pulse/three-practical-ways-embrace-generative-ai-now-your-career-mills-py9ef
============ Checking for Redirections: https://www.linkedin.com/pulse/three-practical-ways-embrace-generative-ai-now-your-career-mills-py9ef
============ Link unchanged
========== link already checked
======== We are on link 51 of 82
========== raw link https://www.linkedin.com/pulse/ai-agents-digital-genies-weve-unleashed-nobody-yvette-schmitter-quige
============ Checking for Redirections: https://www.linkedin.com/pulse/ai-agents-digital-genies-weve-unleashed-nobody-yvette-schmitter-quige
============ Link unchanged
========== link already checked
======== We are on link 52 of 82
========== raw link https://www.linkedin.com/pulse/im-sick-ai-heres-what-doing-2025-wayne-cerullo-xpgoc
============ Checking for Redirections: https://www.linkedin.com/pulse/im-sick-ai-heres-what-doing-2025-wayne-cerullo-xpgoc
============ Link unchanged
========== link already checked
======== We are on link 53 of 82
========== raw link https://www.linkedin.com/pulse/how-ai-shapes-our-world-without-us-noticing-stefan-palm-0u40c
============ Checking for Redirections: https://www.linkedin.com/pulse/how-ai-shapes-our-world-without-us-noticing-stefan-palm-0u40c
============ Link unchanged
========== link already checked
======== We are on link 54 of 82
========== raw link https://www.linkedin.com/pulse/case-companion-ai-matt-stater-dffdc
============ Checking for Redirections: https://www.linkedin.com/pulse/case-companion-ai-matt-stater-dffdc
============ Link unchanged
========== link already checked
======== We are on link 55 of 82
========== raw link https://www.linkedin.com/pulse/thriving-ai-era-part-1-four-cornerstones-effective-prompting-brent
============ Checking for Redirections: https://www.linkedin.com/pulse/thriving-ai-era-part-1-four-cornerstones-effective-prompting-brent
============ Link unchanged
========== link already checked
======== We are on link 56 of 82
========== raw link https://www.linkedin.com/pulse/topics/sales-s5/
============ Checking for Redirections: https://www.linkedin.com/pulse/topics/sales-s5/
============ Link unchanged
========== scraping https://www.linkedin.com/pulse/topics/sales-s5/
======== We are on link 57 of 82
========== raw link https://www.linkedin.com/pulse/topics/marketing-s2461/
============ Checking for Redirections: https://www.linkedin.com/pulse/topics/marketing-s2461/
============ Link unchanged
========== link already checked
======== We are on link 58 of 82
========== raw link https://www.linkedin.com/pulse/topics/it-services-s57547/
============ Checking for Redirections: https://www.linkedin.com/pulse/topics/it-services-s57547/
============ Link unchanged
========== link already checked
======== We are on link 59 of 82
========== raw link https://www.linkedin.com/pulse/topics/business-administration-s50111/
============ Checking for Redirections: https://www.linkedin.com/pulse/topics/business-administration-s50111/
============ Link unchanged
========== link already checked
======== We are on link 60 of 82
========== raw link https://www.linkedin.com/pulse/topics/hr-management-s50359/
============ Checking for Redirections: https://www.linkedin.com/pulse/topics/hr-management-s50359/
============ Link unchanged
========== link already checked
======== We are on link 61 of 82
========== raw link https://www.linkedin.com/pulse/topics/engineering-s166/
============ Checking for Redirections: https://www.linkedin.com/pulse/topics/engineering-s166/
============ Link unchanged
========== link already checked
======== We are on link 62 of 82
========== raw link https://www.linkedin.com/pulse/topics/soft-skills-s2976/
============ Checking for Redirections: https://www.linkedin.com/pulse/topics/soft-skills-s2976/
============ Link unchanged
========== link already checked
======== We are on link 63 of 82
========== raw link https://www.linkedin.com/pulse/topics/home/
============ Checking for Redirections: https://www.linkedin.com/pulse/topics/home/
============ Link unchanged
========== link already checked
======== We are on link 64 of 82
========== raw link https://about.linkedin.com?trk=d_flagship2_pulse_read_footer-about
============ Checking for Redirections: https://about.linkedin.com?trk=d_flagship2_pulse_read_footer-about
============ Followed Redirection to https://about.linkedin.com/?trk=d_flagship2_pulse_read_footer-about
============ Link after cleaning: https://about.linkedin.com/
========== link already checked
======== We are on link 65 of 82
========== raw link https://www.linkedin.com/accessibility?trk=d_flagship2_pulse_read_footer-accessibility
============ Checking for Redirections: https://www.linkedin.com/accessibility?trk=d_flagship2_pulse_read_footer-accessibility
============ Link after cleaning: https://www.linkedin.com/accessibility
========== link already checked
======== We are on link 66 of 82
========== raw link https://www.linkedin.com/legal/user-agreement?trk=d_flagship2_pulse_read_footer-user-agreement
============ Checking for Redirections: https://www.linkedin.com/legal/user-agreement?trk=d_flagship2_pulse_read_footer-user-agreement
============ Link after cleaning: https://www.linkedin.com/legal/user-agreement
========== link already checked
======== We are on link 67 of 82
========== raw link https://www.linkedin.com/legal/privacy-policy?trk=d_flagship2_pulse_read_footer-privacy-policy
============ Checking for Redirections: https://www.linkedin.com/legal/privacy-policy?trk=d_flagship2_pulse_read_footer-privacy-policy
============ Link after cleaning: https://www.linkedin.com/legal/privacy-policy
========== link already checked
======== We are on link 68 of 82
========== raw link https://www.linkedin.com/legal/california-privacy-disclosure?trk=d_flagship2_pulse_read_footer-california-privacy-rights-act
============ Checking for Redirections: https://www.linkedin.com/legal/california-privacy-disclosure?trk=d_flagship2_pulse_read_footer-california-privacy-rights-act
============ Link after cleaning: https://www.linkedin.com/legal/california-privacy-disclosure
========== link already checked
======== We are on link 69 of 82
========== raw link https://www.linkedin.com/legal/cookie-policy?trk=d_flagship2_pulse_read_footer-cookie-policy
============ Checking for Redirections: https://www.linkedin.com/legal/cookie-policy?trk=d_flagship2_pulse_read_footer-cookie-policy
============ Link after cleaning: https://www.linkedin.com/legal/cookie-policy
========== link already checked
======== We are on link 70 of 82
========== raw link https://www.linkedin.com/legal/copyright-policy?trk=d_flagship2_pulse_read_footer-copyright-policy
============ Checking for Redirections: https://www.linkedin.com/legal/copyright-policy?trk=d_flagship2_pulse_read_footer-copyright-policy
============ Link after cleaning: https://www.linkedin.com/legal/copyright-policy
========== link already checked
======== We are on link 71 of 82
========== raw link https://brand.linkedin.com/policies?trk=d_flagship2_pulse_read_footer-brand-policy
============ Checking for Redirections: https://brand.linkedin.com/policies?trk=d_flagship2_pulse_read_footer-brand-policy
============ Followed Redirection to https://brand.linkedin.com/en-us?trk=d_flagship2_pulse_read_footer-brand-policy
============ Link after cleaning: https://brand.linkedin.com/en-us
========== link already checked
======== We are on link 72 of 82
========== raw link https://www.linkedin.com/psettings/guest-controls?trk=d_flagship2_pulse_read_footer-guest-controls
============ Checking for Redirections: https://www.linkedin.com/psettings/guest-controls?trk=d_flagship2_pulse_read_footer-guest-controls
============ Link after cleaning: https://www.linkedin.com/psettings/guest-controls
========== link already checked
======== We are on link 73 of 82
========== raw link https://www.linkedin.com/legal/professional-community-policies?trk=d_flagship2_pulse_read_footer-community-guide
============ Checking for Redirections: https://www.linkedin.com/legal/professional-community-policies?trk=d_flagship2_pulse_read_footer-community-guide
============ Link after cleaning: https://www.linkedin.com/legal/professional-community-policies
========== link already checked
======== We are on link 74 of 82
========== raw link https://www.linkedin.com/uas/request-password-reset?trk=pulse-article_contextual-sign-in-modal_sign-in-modal_forgot_password
============ Checking for Redirections: https://www.linkedin.com/uas/request-password-reset?trk=pulse-article_contextual-sign-in-modal_sign-in-modal_forgot_password
============ Followed Redirection to https://www.linkedin.com/uas/request-password-reset?trk=pulse-article_contextual-sign-in-modal_sign-in-modal_forgot_password&original_referer=
============ Link after cleaning: https://www.linkedin.com/uas/request-password-reset
========== link already checked
======== We are on link 75 of 82
========== raw link /legal/user-agreement?trk=pulse-article_contextual-sign-in-modal_sign-in-modal_auth-button_user-agreement
============ Found Relative: joining linkedin.com and /legal/user-agreement?trk=pulse-article_contextual-sign-in-modal_sign-in-modal_auth-button_user-agreement
========== dropped link /legal/user-agreement?trk=pulse-article_contextual-sign-in-modal_sign-in-modal_auth-button_user-agreement. Didn't pass first allows/blocks test.
======== We are on link 76 of 82
========== raw link /legal/privacy-policy?trk=pulse-article_contextual-sign-in-modal_sign-in-modal_auth-button_privacy-policy
============ Found Relative: joining linkedin.com and /legal/privacy-policy?trk=pulse-article_contextual-sign-in-modal_sign-in-modal_auth-button_privacy-policy
========== dropped link /legal/privacy-policy?trk=pulse-article_contextual-sign-in-modal_sign-in-modal_auth-button_privacy-policy. Didn't pass first allows/blocks test.
======== We are on link 77 of 82
========== raw link /legal/cookie-policy?trk=pulse-article_contextual-sign-in-modal_sign-in-modal_auth-button_cookie-policy
============ Found Relative: joining linkedin.com and /legal/cookie-policy?trk=pulse-article_contextual-sign-in-modal_sign-in-modal_auth-button_cookie-policy
========== dropped link /legal/cookie-policy?trk=pulse-article_contextual-sign-in-modal_sign-in-modal_auth-button_cookie-policy. Didn't pass first allows/blocks test.
======== We are on link 78 of 82
========== raw link https://www.linkedin.com/signup/cold-join?session_redirect=%2Fpulse%2Fbuilding-member-trust-new-age-ai-daniel-olmedilla-gfodf%2F&trk=pulse-article_contextual-sign-in-modal_sign-in-modal_join-link
============ Checking for Redirections: https://www.linkedin.com/signup/cold-join?session_redirect=%2Fpulse%2Fbuilding-member-trust-new-age-ai-daniel-olmedilla-gfodf%2F&trk=pulse-article_contextual-sign-in-modal_sign-in-modal_join-link
============ Link after cleaning: https://www.linkedin.com/signup/cold-join
========== link already checked
======== We are on link 79 of 82
========== raw link https://www.linkedin.com/signup/cold-join?session_redirect=%2Fpulse%2Fbuilding-member-trust-new-age-ai-daniel-olmedilla-gfodf%2F&trk=pulse-article_contextual-sign-in-modal_join-link
============ Checking for Redirections: https://www.linkedin.com/signup/cold-join?session_redirect=%2Fpulse%2Fbuilding-member-trust-new-age-ai-daniel-olmedilla-gfodf%2F&trk=pulse-article_contextual-sign-in-modal_join-link
============ Link after cleaning: https://www.linkedin.com/signup/cold-join
========== link already checked
======== We are on link 80 of 82
========== raw link /legal/user-agreement?trk=linkedin-tc_auth-button_user-agreement
============ Found Relative: joining linkedin.com and /legal/user-agreement?trk=linkedin-tc_auth-button_user-agreement
========== dropped link /legal/user-agreement?trk=linkedin-tc_auth-button_user-agreement. Didn't pass first allows/blocks test.
======== We are on link 81 of 82
========== raw link /legal/privacy-policy?trk=linkedin-tc_auth-button_privacy-policy
============ Found Relative: joining linkedin.com and /legal/privacy-policy?trk=linkedin-tc_auth-button_privacy-policy
========== dropped link /legal/privacy-policy?trk=linkedin-tc_auth-button_privacy-policy. Didn't pass first allows/blocks test.
======== We are on link 82 of 82
========== raw link /legal/cookie-policy?trk=linkedin-tc_auth-button_cookie-policy
============ Found Relative: joining linkedin.com and /legal/cookie-policy?trk=linkedin-tc_auth-button_cookie-policy
========== dropped link /legal/cookie-policy?trk=linkedin-tc_auth-button_cookie-policy. Didn't pass first allows/blocks test.
==== Number of new pages added: 0
==== We are at iteration 2 (tree depth).
==== Number of new pages added: 0
== Finished scraping linkedin-AI_Moderation in 1110.8472 seconds.
== Writing to db file
== Done (/home/oscarc/Desktop/dev/ContentModerationWebScraper/data/04_24_25_14_19/all_htmls/AI_Moderation_linkedin_04_24_25_14_19.json)
