== Conducting scraping for AI_Moderation on tiktok.com
== Getting initial 9 pages in sheet
==== We are at iteration 1 (tree depth).
====== We are on page 1 of 9: https://support.tiktok.com/en/
====== Number of Links on this Page: 75
======== We are on link 1 of 75
========== raw link https://support.tiktok.com?lang=en
============ Checking for Redirections: https://support.tiktok.com?lang=en
========== dropped link https://support.tiktok.com?lang=en. Could not follow redirection (or it was a meaninglessly small page or bot blocked by sessionID).
======== We are on link 2 of 75
========== raw link /en
============ Found Relative: joining https://support.tiktok.com/en/ and /en
============ Checking for Redirections: https://support.tiktok.com/en
============ Link after cleaning: https://support.tiktok.com/en
========== scraping https://support.tiktok.com/en
======== We are on link 3 of 75
========== raw link /en/getting-started
============ Found Relative: joining https://support.tiktok.com/en/ and /en/getting-started
============ Checking for Redirections: https://support.tiktok.com/en/getting-started
============ Link after cleaning: https://support.tiktok.com/en/getting-started
========== scraping https://support.tiktok.com/en/getting-started
======== We are on link 4 of 75
========== raw link /en/getting-started/creating-an-account
============ Found Relative: joining https://support.tiktok.com/en/ and /en/getting-started/creating-an-account
============ Checking for Redirections: https://support.tiktok.com/en/getting-started/creating-an-account
========== dropped link https://support.tiktok.com/en/getting-started/creating-an-account. Could not follow redirection (or it was a meaninglessly small page or bot blocked by sessionID).
======== We are on link 5 of 75
========== raw link /en/getting-started/creating-an-account
============ Found Relative: joining https://support.tiktok.com/en/ and /en/getting-started/creating-an-account
============ Checking for Redirections: https://support.tiktok.com/en/getting-started/creating-an-account
========== dropped link https://support.tiktok.com/en/getting-started/creating-an-account. Could not follow redirection (or it was a meaninglessly small page or bot blocked by sessionID).
======== We are on link 6 of 75
========== raw link /en/getting-started
============ Found Relative: joining https://support.tiktok.com/en/ and /en/getting-started
============ Checking for Redirections: https://support.tiktok.com/en/getting-started
========== dropped link https://support.tiktok.com/en/getting-started. Could not follow redirection (or it was a meaninglessly small page or bot blocked by sessionID).
======== We are on link 7 of 75
========== raw link /en/getting-started/for-you
============ Found Relative: joining https://support.tiktok.com/en/ and /en/getting-started/for-you
============ Checking for Redirections: https://support.tiktok.com/en/getting-started/for-you
============ Link after cleaning: https://support.tiktok.com/en/getting-started/for-you
========== scraping https://support.tiktok.com/en/getting-started/for-you
======== We are on link 8 of 75
========== raw link /en/getting-started/for-you
============ Found Relative: joining https://support.tiktok.com/en/ and /en/getting-started/for-you
============ Checking for Redirections: https://support.tiktok.com/en/getting-started/for-you
============ Link after cleaning: https://support.tiktok.com/en/getting-started/for-you
========== link already checked
======== We are on link 9 of 75
========== raw link /en/getting-started
============ Found Relative: joining https://support.tiktok.com/en/ and /en/getting-started
============ Checking for Redirections: https://support.tiktok.com/en/getting-started
========== dropped link https://support.tiktok.com/en/getting-started. Could not follow redirection (or it was a meaninglessly small page or bot blocked by sessionID).
======== We are on link 10 of 75
========== raw link /en/getting-started/setting-up-your-profile
============ Found Relative: joining https://support.tiktok.com/en/ and /en/getting-started/setting-up-your-profile
============ Checking for Redirections: https://support.tiktok.com/en/getting-started/setting-up-your-profile
========== dropped link https://support.tiktok.com/en/getting-started/setting-up-your-profile. Could not follow redirection (or it was a meaninglessly small page or bot blocked by sessionID).
======== We are on link 11 of 75
========== raw link /en/getting-started/setting-up-your-profile
============ Found Relative: joining https://support.tiktok.com/en/ and /en/getting-started/setting-up-your-profile
============ Checking for Redirections: https://support.tiktok.com/en/getting-started/setting-up-your-profile
========== dropped link https://support.tiktok.com/en/getting-started/setting-up-your-profile. Could not follow redirection (or it was a meaninglessly small page or bot blocked by sessionID).
======== We are on link 12 of 75
========== raw link /en/log-in-troubleshoot
============ Found Relative: joining https://support.tiktok.com/en/ and /en/log-in-troubleshoot
============ Checking for Redirections: https://support.tiktok.com/en/log-in-troubleshoot
========== dropped link https://support.tiktok.com/en/log-in-troubleshoot. Could not follow redirection (or it was a meaninglessly small page or bot blocked by sessionID).
======== We are on link 13 of 75
========== raw link /en/log-in-troubleshoot/log-in
============ Found Relative: joining https://support.tiktok.com/en/ and /en/log-in-troubleshoot/log-in
============ Checking for Redirections: https://support.tiktok.com/en/log-in-troubleshoot/log-in
========== dropped link https://support.tiktok.com/en/log-in-troubleshoot/log-in. Could not follow redirection (or it was a meaninglessly small page or bot blocked by sessionID).
======== We are on link 14 of 75
========== raw link /en/log-in-troubleshoot/log-in/reset-password
============ Found Relative: joining https://support.tiktok.com/en/ and /en/log-in-troubleshoot/log-in/reset-password
============ Checking for Redirections: https://support.tiktok.com/en/log-in-troubleshoot/log-in/reset-password
============ Link after cleaning: https://support.tiktok.com/en/log-in-troubleshoot/log-in/reset-password
========== scraping https://support.tiktok.com/en/log-in-troubleshoot/log-in/reset-password
======== We are on link 15 of 75
========== raw link /en/getting-started
============ Found Relative: joining https://support.tiktok.com/en/ and /en/getting-started
============ Checking for Redirections: https://support.tiktok.com/en/getting-started
========== dropped link https://support.tiktok.com/en/getting-started. Could not follow redirection (or it was a meaninglessly small page or bot blocked by sessionID).
======== We are on link 16 of 75
========== raw link /en/getting-started/setting-up-your-profile
============ Found Relative: joining https://support.tiktok.com/en/ and /en/getting-started/setting-up-your-profile
============ Checking for Redirections: https://support.tiktok.com/en/getting-started/setting-up-your-profile
========== dropped link https://support.tiktok.com/en/getting-started/setting-up-your-profile. Could not follow redirection (or it was a meaninglessly small page or bot blocked by sessionID).
======== We are on link 17 of 75
========== raw link /en/getting-started/for-you
============ Found Relative: joining https://support.tiktok.com/en/ and /en/getting-started/for-you
============ Checking for Redirections: https://support.tiktok.com/en/getting-started/for-you
============ Link after cleaning: https://support.tiktok.com/en/getting-started/for-you
========== link already checked
======== We are on link 18 of 75
========== raw link /en/getting-started/creating-an-account
============ Found Relative: joining https://support.tiktok.com/en/ and /en/getting-started/creating-an-account
============ Checking for Redirections: https://support.tiktok.com/en/getting-started/creating-an-account
========== dropped link https://support.tiktok.com/en/getting-started/creating-an-account. Could not follow redirection (or it was a meaninglessly small page or bot blocked by sessionID).
======== We are on link 19 of 75
========== raw link /en/using-tiktok
============ Found Relative: joining https://support.tiktok.com/en/ and /en/using-tiktok
============ Checking for Redirections: https://support.tiktok.com/en/using-tiktok
========== dropped link https://support.tiktok.com/en/using-tiktok. Could not follow redirection (or it was a meaninglessly small page or bot blocked by sessionID).
======== We are on link 20 of 75
========== raw link /en/using-tiktok/creating-videos
============ Found Relative: joining https://support.tiktok.com/en/ and /en/using-tiktok/creating-videos
============ Checking for Redirections: https://support.tiktok.com/en/using-tiktok/creating-videos
============ Link after cleaning: https://support.tiktok.com/en/using-tiktok/creating-videos
========== scraping https://support.tiktok.com/en/using-tiktok/creating-videos
============ New link added. Search term (AI-) found on https://support.tiktok.com/en/using-tiktok/creating-videos.
======== We are on link 21 of 75
========== raw link /en/using-tiktok/exploring-videos
============ Found Relative: joining https://support.tiktok.com/en/ and /en/using-tiktok/exploring-videos
============ Checking for Redirections: https://support.tiktok.com/en/using-tiktok/exploring-videos
============ Link after cleaning: https://support.tiktok.com/en/using-tiktok/exploring-videos
========== scraping https://support.tiktok.com/en/using-tiktok/exploring-videos
======== We are on link 22 of 75
========== raw link /en/using-tiktok/messaging-and-notifications
============ Found Relative: joining https://support.tiktok.com/en/ and /en/using-tiktok/messaging-and-notifications
============ Checking for Redirections: https://support.tiktok.com/en/using-tiktok/messaging-and-notifications
========== dropped link https://support.tiktok.com/en/using-tiktok/messaging-and-notifications. Could not follow redirection (or it was a meaninglessly small page or bot blocked by sessionID).
======== We are on link 23 of 75
========== raw link /en/using-tiktok/followers-and-following
============ Found Relative: joining https://support.tiktok.com/en/ and /en/using-tiktok/followers-and-following
============ Checking for Redirections: https://support.tiktok.com/en/using-tiktok/followers-and-following
========== dropped link https://support.tiktok.com/en/using-tiktok/followers-and-following. Could not follow redirection (or it was a meaninglessly small page or bot blocked by sessionID).
======== We are on link 24 of 75
========== raw link /en/using-tiktok/growing-your-audience
============ Found Relative: joining https://support.tiktok.com/en/ and /en/using-tiktok/growing-your-audience
============ Checking for Redirections: https://support.tiktok.com/en/using-tiktok/growing-your-audience
============ Link after cleaning: https://support.tiktok.com/en/using-tiktok/growing-your-audience
========== scraping https://support.tiktok.com/en/using-tiktok/growing-your-audience
======== We are on link 25 of 75
========== raw link /en/using-tiktok/report-problem
============ Found Relative: joining https://support.tiktok.com/en/ and /en/using-tiktok/report-problem
============ Checking for Redirections: https://support.tiktok.com/en/using-tiktok/report-problem
========== dropped link https://support.tiktok.com/en/using-tiktok/report-problem. Could not follow redirection (or it was a meaninglessly small page or bot blocked by sessionID).
======== We are on link 26 of 75
========== raw link /en/account-and-privacy
============ Found Relative: joining https://support.tiktok.com/en/ and /en/account-and-privacy
============ Checking for Redirections: https://support.tiktok.com/en/account-and-privacy
========== dropped link https://support.tiktok.com/en/account-and-privacy. Could not follow redirection (or it was a meaninglessly small page or bot blocked by sessionID).
======== We are on link 27 of 75
========== raw link /en/account-and-privacy/account-information
============ Found Relative: joining https://support.tiktok.com/en/ and /en/account-and-privacy/account-information
============ Checking for Redirections: https://support.tiktok.com/en/account-and-privacy/account-information
========== dropped link https://support.tiktok.com/en/account-and-privacy/account-information. Could not follow redirection (or it was a meaninglessly small page or bot blocked by sessionID).
======== We are on link 28 of 75
========== raw link /en/account-and-privacy/account-privacy-settings
============ Found Relative: joining https://support.tiktok.com/en/ and /en/account-and-privacy/account-privacy-settings
============ Checking for Redirections: https://support.tiktok.com/en/account-and-privacy/account-privacy-settings
============ Link after cleaning: https://support.tiktok.com/en/account-and-privacy/account-privacy-settings
========== scraping https://support.tiktok.com/en/account-and-privacy/account-privacy-settings
======== We are on link 29 of 75
========== raw link /en/account-and-privacy/personalized-ads-and-data
============ Found Relative: joining https://support.tiktok.com/en/ and /en/account-and-privacy/personalized-ads-and-data
============ Checking for Redirections: https://support.tiktok.com/en/account-and-privacy/personalized-ads-and-data
============ Link after cleaning: https://support.tiktok.com/en/account-and-privacy/personalized-ads-and-data
========== scraping https://support.tiktok.com/en/account-and-privacy/personalized-ads-and-data
======== We are on link 30 of 75
========== raw link /en/account-and-privacy/deleting-an-account
============ Found Relative: joining https://support.tiktok.com/en/ and /en/account-and-privacy/deleting-an-account
============ Checking for Redirections: https://support.tiktok.com/en/account-and-privacy/deleting-an-account
========== dropped link https://support.tiktok.com/en/account-and-privacy/deleting-an-account. Could not follow redirection (or it was a meaninglessly small page or bot blocked by sessionID).
======== We are on link 31 of 75
========== raw link /en/safety-hc
============ Found Relative: joining https://support.tiktok.com/en/ and /en/safety-hc
============ Checking for Redirections: https://support.tiktok.com/en/safety-hc
========== dropped link https://support.tiktok.com/en/safety-hc. Could not follow redirection (or it was a meaninglessly small page or bot blocked by sessionID).
======== We are on link 32 of 75
========== raw link /en/safety-hc/report-a-problem
============ Found Relative: joining https://support.tiktok.com/en/ and /en/safety-hc/report-a-problem
============ Checking for Redirections: https://support.tiktok.com/en/safety-hc/report-a-problem
============ Link after cleaning: https://support.tiktok.com/en/safety-hc/report-a-problem
========== scraping https://support.tiktok.com/en/safety-hc/report-a-problem
======== We are on link 33 of 75
========== raw link /en/safety-hc/account-and-user-safety
============ Found Relative: joining https://support.tiktok.com/en/ and /en/safety-hc/account-and-user-safety
============ Checking for Redirections: https://support.tiktok.com/en/safety-hc/account-and-user-safety
============ Link after cleaning: https://support.tiktok.com/en/safety-hc/account-and-user-safety
========== scraping https://support.tiktok.com/en/safety-hc/account-and-user-safety
======== We are on link 34 of 75
========== raw link /en/safety-hc/reporting-security-vulnerabilities
============ Found Relative: joining https://support.tiktok.com/en/ and /en/safety-hc/reporting-security-vulnerabilities
============ Checking for Redirections: https://support.tiktok.com/en/safety-hc/reporting-security-vulnerabilities
============ Link after cleaning: https://support.tiktok.com/en/safety-hc/reporting-security-vulnerabilities
========== scraping https://support.tiktok.com/en/safety-hc/reporting-security-vulnerabilities
======== We are on link 35 of 75
========== raw link /en/log-in-troubleshoot
============ Found Relative: joining https://support.tiktok.com/en/ and /en/log-in-troubleshoot
============ Checking for Redirections: https://support.tiktok.com/en/log-in-troubleshoot
========== dropped link https://support.tiktok.com/en/log-in-troubleshoot. Could not follow redirection (or it was a meaninglessly small page or bot blocked by sessionID).
======== We are on link 36 of 75
========== raw link /en/log-in-troubleshoot/log-in
============ Found Relative: joining https://support.tiktok.com/en/ and /en/log-in-troubleshoot/log-in
============ Checking for Redirections: https://support.tiktok.com/en/log-in-troubleshoot/log-in
========== dropped link https://support.tiktok.com/en/log-in-troubleshoot/log-in. Could not follow redirection (or it was a meaninglessly small page or bot blocked by sessionID).
======== We are on link 37 of 75
========== raw link /en/log-in-troubleshoot/troubleshooting
============ Found Relative: joining https://support.tiktok.com/en/ and /en/log-in-troubleshoot/troubleshooting
============ Checking for Redirections: https://support.tiktok.com/en/log-in-troubleshoot/troubleshooting
========== dropped link https://support.tiktok.com/en/log-in-troubleshoot/troubleshooting. Could not follow redirection (or it was a meaninglessly small page or bot blocked by sessionID).
======== We are on link 38 of 75
========== raw link /en/live-gifts-wallet
============ Found Relative: joining https://support.tiktok.com/en/ and /en/live-gifts-wallet
============ Checking for Redirections: https://support.tiktok.com/en/live-gifts-wallet
========== dropped link https://support.tiktok.com/en/live-gifts-wallet. Could not follow redirection (or it was a meaninglessly small page or bot blocked by sessionID).
======== We are on link 39 of 75
========== raw link /en/live-gifts-wallet/tiktok-live
============ Found Relative: joining https://support.tiktok.com/en/ and /en/live-gifts-wallet/tiktok-live
============ Checking for Redirections: https://support.tiktok.com/en/live-gifts-wallet/tiktok-live
========== dropped link https://support.tiktok.com/en/live-gifts-wallet/tiktok-live. Could not follow redirection (or it was a meaninglessly small page or bot blocked by sessionID).
======== We are on link 40 of 75
========== raw link /en/live-gifts-wallet/gifts
============ Found Relative: joining https://support.tiktok.com/en/ and /en/live-gifts-wallet/gifts
============ Checking for Redirections: https://support.tiktok.com/en/live-gifts-wallet/gifts
========== dropped link https://support.tiktok.com/en/live-gifts-wallet/gifts. Could not follow redirection (or it was a meaninglessly small page or bot blocked by sessionID).
======== We are on link 41 of 75
========== raw link /en/business-and-creator
============ Found Relative: joining https://support.tiktok.com/en/ and /en/business-and-creator
============ Checking for Redirections: https://support.tiktok.com/en/business-and-creator
========== dropped link https://support.tiktok.com/en/business-and-creator. Could not follow redirection (or it was a meaninglessly small page or bot blocked by sessionID).
======== We are on link 42 of 75
========== raw link /en/business-and-creator/tiktok-for-business
============ Found Relative: joining https://support.tiktok.com/en/ and /en/business-and-creator/tiktok-for-business
============ Checking for Redirections: https://support.tiktok.com/en/business-and-creator/tiktok-for-business
========== dropped link https://support.tiktok.com/en/business-and-creator/tiktok-for-business. Could not follow redirection (or it was a meaninglessly small page or bot blocked by sessionID).
======== We are on link 43 of 75
========== raw link /en/business-and-creator/creator-and-business-accounts
============ Found Relative: joining https://support.tiktok.com/en/ and /en/business-and-creator/creator-and-business-accounts
============ Checking for Redirections: https://support.tiktok.com/en/business-and-creator/creator-and-business-accounts
============ Link after cleaning: https://support.tiktok.com/en/business-and-creator/creator-and-business-accounts
========== scraping https://support.tiktok.com/en/business-and-creator/creator-and-business-accounts
======== We are on link 44 of 75
========== raw link /en/business-and-creator/tiktok-series
============ Found Relative: joining https://support.tiktok.com/en/ and /en/business-and-creator/tiktok-series
============ Checking for Redirections: https://support.tiktok.com/en/business-and-creator/tiktok-series
========== dropped link https://support.tiktok.com/en/business-and-creator/tiktok-series. Could not follow redirection (or it was a meaninglessly small page or bot blocked by sessionID).
======== We are on link 45 of 75
========== raw link /en/business-and-creator/tiktok-creator-marketplace
============ Found Relative: joining https://support.tiktok.com/en/ and /en/business-and-creator/tiktok-creator-marketplace
============ Checking for Redirections: https://support.tiktok.com/en/business-and-creator/tiktok-creator-marketplace
============ Link after cleaning: https://support.tiktok.com/en/business-and-creator/tiktok-creator-marketplace
========== scraping https://support.tiktok.com/en/business-and-creator/tiktok-creator-marketplace
======== We are on link 46 of 75
========== raw link /en/business-and-creator/tiktok-creator-fund
============ Found Relative: joining https://support.tiktok.com/en/ and /en/business-and-creator/tiktok-creator-fund
============ Checking for Redirections: https://support.tiktok.com/en/business-and-creator/tiktok-creator-fund
========== dropped link https://support.tiktok.com/en/business-and-creator/tiktok-creator-fund. Could not follow redirection (or it was a meaninglessly small page or bot blocked by sessionID).
======== We are on link 47 of 75
========== raw link /en/business-and-creator/tiktok-creator-fund-us
============ Found Relative: joining https://support.tiktok.com/en/ and /en/business-and-creator/tiktok-creator-fund-us
============ Checking for Redirections: https://support.tiktok.com/en/business-and-creator/tiktok-creator-fund-us
============ Link after cleaning: https://support.tiktok.com/en/business-and-creator/tiktok-creator-fund-us
========== scraping https://support.tiktok.com/en/business-and-creator/tiktok-creator-fund-us
======== We are on link 48 of 75
========== raw link /en/business-and-creator/creator-rewards-program
============ Found Relative: joining https://support.tiktok.com/en/ and /en/business-and-creator/creator-rewards-program
============ Checking for Redirections: https://support.tiktok.com/en/business-and-creator/creator-rewards-program
========== dropped link https://support.tiktok.com/en/business-and-creator/creator-rewards-program. Could not follow redirection (or it was a meaninglessly small page or bot blocked by sessionID).
======== We are on link 49 of 75
========== raw link /en/business-and-creator/video-gifts-on-tiktok
============ Found Relative: joining https://support.tiktok.com/en/ and /en/business-and-creator/video-gifts-on-tiktok
============ Checking for Redirections: https://support.tiktok.com/en/business-and-creator/video-gifts-on-tiktok
========== dropped link https://support.tiktok.com/en/business-and-creator/video-gifts-on-tiktok. Could not follow redirection (or it was a meaninglessly small page or bot blocked by sessionID).
======== We are on link 50 of 75
========== raw link https://www.tiktok.com/download-link/af/id835599320
============ Checking for Redirections: https://www.tiktok.com/download-link/af/id835599320
============ Followed Redirection to https://apps.apple.com/us/app/tiktok/id835599320?mt=8
============ Link after cleaning: https://apps.apple.com/us/app/tiktok/id835599320
============ Excluded based on allow/block list.
======== We are on link 51 of 75
========== raw link https://www.tiktok.com/download-link/af/com.zhiliaoapp.musically
============ Checking for Redirections: https://www.tiktok.com/download-link/af/com.zhiliaoapp.musically
============ Followed Redirection to https://play.google.com/store/apps/details?id=com.zhiliaoapp.musically&referrer=af_tranid%3DzNAfQf1WBeWdOA-SxAb_Sg
============ Link after cleaning: https://play.google.com/store/apps/details
============ Excluded based on allow/block list.
======== We are on link 52 of 75
========== raw link https://www.amazon.com/dp/B0117U0G3M/
========== dropped link https://www.amazon.com/dp/B0117U0G3M/. Didn't pass first allows/blocks test.
======== We are on link 53 of 75
========== raw link https://www.microsoft.com/store/apps/9NH2GPH4JZS4
========== dropped link https://www.microsoft.com/store/apps/9NH2GPH4JZS4. Didn't pass first allows/blocks test.
======== We are on link 54 of 75
========== raw link https://www.tiktok.com/about
============ Checking for Redirections: https://www.tiktok.com/about
============ Link unchanged
========== scraping https://www.tiktok.com/about
======== We are on link 55 of 75
========== raw link https://newsroom.tiktok.com
============ Checking for Redirections: https://newsroom.tiktok.com
============ Followed Redirection to https://newsroom.tiktok.com/en-us/
============ Link after cleaning: https://newsroom.tiktok.com/en-us/
========== link already checked
======== We are on link 56 of 75
========== raw link https://www.tiktok.com/about/contact
============ Checking for Redirections: https://www.tiktok.com/about/contact
============ Followed Redirection to https://www.tiktok.com/contact
============ Link after cleaning: https://www.tiktok.com/contact
========== scraping https://www.tiktok.com/contact
======== We are on link 57 of 75
========== raw link https://careers.tiktok.com
============ Checking for Redirections: https://careers.tiktok.com
============ Followed Redirection to https://lifeattiktok.com/
============ Link after cleaning: https://lifeattiktok.com/
========== scraping https://lifeattiktok.com/
======== We are on link 58 of 75
========== raw link /forgood?lang=en
============ Found Relative: joining https://support.tiktok.com/en/ and /forgood?lang=en
============ Checking for Redirections: https://support.tiktok.com/forgood?lang=en
============ Followed Redirection to https://support.tiktok.com/en?invalid_lang=forgood
============ Link after cleaning: https://support.tiktok.com/en
========== link already checked
======== We are on link 59 of 75
========== raw link https://developers.tiktok.com/?refer=tiktok_web
============ Checking for Redirections: https://developers.tiktok.com/?refer=tiktok_web
============ Link after cleaning: https://developers.tiktok.com/
========== scraping https://developers.tiktok.com/
============ New link added. Search term (AI ) found on https://developers.tiktok.com/.
======== We are on link 60 of 75
========== raw link https://effecthouse.tiktok.com/?utm_source=tiktok_web_article
============ Checking for Redirections: https://effecthouse.tiktok.com/?utm_source=tiktok_web_article
============ Link after cleaning: https://effecthouse.tiktok.com/
========== scraping https://effecthouse.tiktok.com/
======== We are on link 61 of 75
========== raw link https://www.tiktok.com/business/&attr_source=tt_official_site&attr_medium=tt_official_site_guidance
============ Checking for Redirections: https://www.tiktok.com/business/&attr_source=tt_official_site&attr_medium=tt_official_site_guidance
============ Followed Redirection to https://ads.tiktok.com/business/en-US?tt4b_lang_redirect=1&acq_banner_version=73412988
============ Link after cleaning: https://ads.tiktok.com/business/en-US
========== scraping https://ads.tiktok.com/business/en-US
======== We are on link 62 of 75
========== raw link https://www.tiktok.com/tiktok-rewards
============ Checking for Redirections: https://www.tiktok.com/tiktok-rewards
============ Followed Redirection to https://www.tiktok.com/tiktok-rewards/eligibility/
============ Link after cleaning: https://www.tiktok.com/tiktok-rewards/eligibility/
========== scraping https://www.tiktok.com/tiktok-rewards/eligibility/
======== We are on link 63 of 75
========== raw link https://www.tiktok.com/browse
============ Checking for Redirections: https://www.tiktok.com/browse
========== dropped link https://www.tiktok.com/browse. Could not follow redirection (or it was a meaninglessly small page or bot blocked by sessionID).
======== We are on link 64 of 75
========== raw link https://www.tiktok.com/embed
============ Checking for Redirections: https://www.tiktok.com/embed
============ Link unchanged
========== scraping https://www.tiktok.com/embed
======== We are on link 65 of 75
========== raw link https://support.tiktok.com/en
============ Checking for Redirections: https://support.tiktok.com/en
============ Link unchanged
========== link already checked
======== We are on link 66 of 75
========== raw link /article/safety?lang=en
============ Found Relative: joining https://support.tiktok.com/en/ and /article/safety?lang=en
============ Checking for Redirections: https://support.tiktok.com/article/safety?lang=en
========== dropped link https://support.tiktok.com/article/safety?lang=en. Could not follow redirection (or it was a meaninglessly small page or bot blocked by sessionID).
======== We are on link 67 of 75
========== raw link https://www.tiktok.com/creators/creator-portal/
============ Checking for Redirections: https://www.tiktok.com/creators/creator-portal/
========== dropped link https://www.tiktok.com/creators/creator-portal/. Could not follow redirection (or it was a meaninglessly small page or bot blocked by sessionID).
======== We are on link 68 of 75
========== raw link https://www.tiktok.com/community-guidelines?lang=en
============ Checking for Redirections: https://www.tiktok.com/community-guidelines?lang=en
============ Followed Redirection to https://www.tiktok.com/community-guidelines/en?lang=en
============ Link after cleaning: https://www.tiktok.com/community-guidelines/en
========== scraping https://www.tiktok.com/community-guidelines/en
============ New link added. Search term (AI-) found on https://www.tiktok.com/community-guidelines/en.
======== We are on link 69 of 75
========== raw link https://www.tiktok.com/transparency?lang=en
============ Checking for Redirections: https://www.tiktok.com/transparency?lang=en
============ Followed Redirection to https://www.tiktok.com/transparency/en
============ Link after cleaning: https://www.tiktok.com/transparency/en
========== scraping https://www.tiktok.com/transparency/en
======== We are on link 70 of 75
========== raw link https://www.tiktok.com/accessibility
============ Checking for Redirections: https://www.tiktok.com/accessibility
============ Followed Redirection to https://www.tiktok.com/accessibility/en
============ Link after cleaning: https://www.tiktok.com/accessibility/en
========== scraping https://www.tiktok.com/accessibility/en
======== We are on link 71 of 75
========== raw link https://www.tiktok.com/legal/terms-of-service?lang=en
============ Checking for Redirections: https://www.tiktok.com/legal/terms-of-service?lang=en
============ Followed Redirection to https://www.tiktok.com/legal/page/us/terms-of-service/en
============ Link after cleaning: https://www.tiktok.com/legal/page/us/terms-of-service/en
========== link already checked
======== We are on link 72 of 75
========== raw link https://www.tiktok.com/legal/privacy-policy-row?lang=en
============ Checking for Redirections: https://www.tiktok.com/legal/privacy-policy-row?lang=en
============ Followed Redirection to https://www.tiktok.com/legal/page/us/privacy-policy/en
============ Link after cleaning: https://www.tiktok.com/legal/page/us/privacy-policy/en
========== scraping https://www.tiktok.com/legal/page/us/privacy-policy/en
======== We are on link 73 of 75
========== raw link https://www.tiktok.com/legal/copyright-policy?lang=en
============ Checking for Redirections: https://www.tiktok.com/legal/copyright-policy?lang=en
============ Followed Redirection to https://www.tiktok.com/legal/page/global/copyright-policy/en
============ Link after cleaning: https://www.tiktok.com/legal/page/global/copyright-policy/en
========== scraping https://www.tiktok.com/legal/page/global/copyright-policy/en
======== We are on link 74 of 75
========== raw link https://www.tiktok.com/legal/law-enforcement?lang=en
============ Checking for Redirections: https://www.tiktok.com/legal/law-enforcement?lang=en
============ Followed Redirection to https://www.tiktok.com/legal/page/global/law-enforcement/en
============ Link after cleaning: https://www.tiktok.com/legal/page/global/law-enforcement/en
========== scraping https://www.tiktok.com/legal/page/global/law-enforcement/en
======== We are on link 75 of 75
========== raw link https://www.tiktok.com/legal/tiktok-website-cookies-policy?lang=en
============ Checking for Redirections: https://www.tiktok.com/legal/tiktok-website-cookies-policy?lang=en
============ Followed Redirection to https://www.tiktok.com/legal/page/global/tiktok-website-cookies-policy/en
============ Link after cleaning: https://www.tiktok.com/legal/page/global/tiktok-website-cookies-policy/en
========== scraping https://www.tiktok.com/legal/page/global/tiktok-website-cookies-policy/en
====== We are on page 2 of 9: https://newsroom.tiktok.com/en-us/
====== Number of Links on this Page: 113
======== We are on link 1 of 113
========== raw link /
========== dropped link (either fragment ("#"), js, mailto, comment, pdf, or empty)
======== We are on link 2 of 113
========== raw link /trending/?lang=en
============ Found Relative: joining https://newsroom.tiktok.com/en-us/ and /trending/?lang=en
============ Checking for Redirections: https://newsroom.tiktok.com/trending/?lang=en
============ Followed Redirection to https://newsroom.tiktok.com/en-us
============ Link after cleaning: https://newsroom.tiktok.com/en-us
========== scraping https://newsroom.tiktok.com/en-us
======== We are on link 3 of 113
========== raw link /en-us/community
============ Found Relative: joining https://newsroom.tiktok.com/en-us/ and /en-us/community
============ Checking for Redirections: https://newsroom.tiktok.com/en-us/community
============ Link after cleaning: https://newsroom.tiktok.com/en-us/community
========== scraping https://newsroom.tiktok.com/en-us/community
======== We are on link 4 of 113
========== raw link /en-us/apitiktok-voices-to-watch-celebrating-asian-american-native-hawaiian-and-pacific-islander-heritage-month-2025
============ Found Relative: joining https://newsroom.tiktok.com/en-us/ and /en-us/apitiktok-voices-to-watch-celebrating-asian-american-native-hawaiian-and-pacific-islander-heritage-month-2025
============ Checking for Redirections: https://newsroom.tiktok.com/en-us/apitiktok-voices-to-watch-celebrating-asian-american-native-hawaiian-and-pacific-islander-heritage-month-2025
============ Link after cleaning: https://newsroom.tiktok.com/en-us/apitiktok-voices-to-watch-celebrating-asian-american-native-hawaiian-and-pacific-islander-heritage-month-2025
========== scraping https://newsroom.tiktok.com/en-us/apitiktok-voices-to-watch-celebrating-asian-american-native-hawaiian-and-pacific-islander-heritage-month-2025
======== We are on link 5 of 113
========== raw link /en-us/apitiktok-voices-to-watch-celebrating-asian-american-native-hawaiian-and-pacific-islander-heritage-month-2025
============ Found Relative: joining https://newsroom.tiktok.com/en-us/ and /en-us/apitiktok-voices-to-watch-celebrating-asian-american-native-hawaiian-and-pacific-islander-heritage-month-2025
============ Checking for Redirections: https://newsroom.tiktok.com/en-us/apitiktok-voices-to-watch-celebrating-asian-american-native-hawaiian-and-pacific-islander-heritage-month-2025
============ Link after cleaning: https://newsroom.tiktok.com/en-us/apitiktok-voices-to-watch-celebrating-asian-american-native-hawaiian-and-pacific-islander-heritage-month-2025
========== link already checked
======== We are on link 6 of 113
========== raw link /en-us/apitiktok-voices-to-watch-celebrating-asian-american-native-hawaiian-and-pacific-islander-heritage-month-2025
============ Found Relative: joining https://newsroom.tiktok.com/en-us/ and /en-us/apitiktok-voices-to-watch-celebrating-asian-american-native-hawaiian-and-pacific-islander-heritage-month-2025
============ Checking for Redirections: https://newsroom.tiktok.com/en-us/apitiktok-voices-to-watch-celebrating-asian-american-native-hawaiian-and-pacific-islander-heritage-month-2025
============ Link after cleaning: https://newsroom.tiktok.com/en-us/apitiktok-voices-to-watch-celebrating-asian-american-native-hawaiian-and-pacific-islander-heritage-month-2025
========== link already checked
======== We are on link 7 of 113
========== raw link /en-us
============ Found Relative: joining https://newsroom.tiktok.com/en-us/ and /en-us
============ Checking for Redirections: https://newsroom.tiktok.com/en-us
============ Link after cleaning: https://newsroom.tiktok.com/en-us
========== link already checked
======== We are on link 8 of 113
========== raw link /en-us/news
============ Found Relative: joining https://newsroom.tiktok.com/en-us/ and /en-us/news
============ Checking for Redirections: https://newsroom.tiktok.com/en-us/news
============ Link after cleaning: https://newsroom.tiktok.com/en-us/news
========== scraping https://newsroom.tiktok.com/en-us/news
======== We are on link 9 of 113
========== raw link /en-us/product
============ Found Relative: joining https://newsroom.tiktok.com/en-us/ and /en-us/product
============ Checking for Redirections: https://newsroom.tiktok.com/en-us/product
============ Link after cleaning: https://newsroom.tiktok.com/en-us/product
========== scraping https://newsroom.tiktok.com/en-us/product
============ New link added. Search term (AI ) found on https://newsroom.tiktok.com/en-us/product.
======== We are on link 10 of 113
========== raw link /en-us/community
============ Found Relative: joining https://newsroom.tiktok.com/en-us/ and /en-us/community
============ Checking for Redirections: https://newsroom.tiktok.com/en-us/community
============ Link after cleaning: https://newsroom.tiktok.com/en-us/community
========== link already checked
======== We are on link 11 of 113
========== raw link /en-us/safety
============ Found Relative: joining https://newsroom.tiktok.com/en-us/ and /en-us/safety
============ Checking for Redirections: https://newsroom.tiktok.com/en-us/safety
============ Link after cleaning: https://newsroom.tiktok.com/en-us/safety
========== scraping https://newsroom.tiktok.com/en-us/safety
============ New link added. Search term (AI ) found on https://newsroom.tiktok.com/en-us/safety.
======== We are on link 12 of 113
========== raw link /en-us/company
============ Found Relative: joining https://newsroom.tiktok.com/en-us/ and /en-us/company
============ Checking for Redirections: https://newsroom.tiktok.com/en-us/company
============ Link after cleaning: https://newsroom.tiktok.com/en-us/company
========== scraping https://newsroom.tiktok.com/en-us/company
======== We are on link 13 of 113
========== raw link /en-us/community
============ Found Relative: joining https://newsroom.tiktok.com/en-us/ and /en-us/community
============ Checking for Redirections: https://newsroom.tiktok.com/en-us/community
============ Link after cleaning: https://newsroom.tiktok.com/en-us/community
========== link already checked
======== We are on link 14 of 113
========== raw link /en-us/celebrating-world-book-day-with-booktok
============ Found Relative: joining https://newsroom.tiktok.com/en-us/ and /en-us/celebrating-world-book-day-with-booktok
============ Checking for Redirections: https://newsroom.tiktok.com/en-us/celebrating-world-book-day-with-booktok
============ Link after cleaning: https://newsroom.tiktok.com/en-us/celebrating-world-book-day-with-booktok
========== scraping https://newsroom.tiktok.com/en-us/celebrating-world-book-day-with-booktok
======== We are on link 15 of 113
========== raw link /en-us/celebrating-world-book-day-with-booktok
============ Found Relative: joining https://newsroom.tiktok.com/en-us/ and /en-us/celebrating-world-book-day-with-booktok
============ Checking for Redirections: https://newsroom.tiktok.com/en-us/celebrating-world-book-day-with-booktok
============ Link after cleaning: https://newsroom.tiktok.com/en-us/celebrating-world-book-day-with-booktok
========== link already checked
======== We are on link 16 of 113
========== raw link /en-us/celebrating-world-book-day-with-booktok
============ Found Relative: joining https://newsroom.tiktok.com/en-us/ and /en-us/celebrating-world-book-day-with-booktok
============ Checking for Redirections: https://newsroom.tiktok.com/en-us/celebrating-world-book-day-with-booktok
============ Link after cleaning: https://newsroom.tiktok.com/en-us/celebrating-world-book-day-with-booktok
========== link already checked
======== We are on link 17 of 113
========== raw link /en-us/community
============ Found Relative: joining https://newsroom.tiktok.com/en-us/ and /en-us/community
============ Checking for Redirections: https://newsroom.tiktok.com/en-us/community
============ Link after cleaning: https://newsroom.tiktok.com/en-us/community
========== link already checked
======== We are on link 18 of 113
========== raw link /en-us/tiktok-and-major-league-soccer-sign-multiyear-partnership-renewal
============ Found Relative: joining https://newsroom.tiktok.com/en-us/ and /en-us/tiktok-and-major-league-soccer-sign-multiyear-partnership-renewal
============ Checking for Redirections: https://newsroom.tiktok.com/en-us/tiktok-and-major-league-soccer-sign-multiyear-partnership-renewal
============ Link after cleaning: https://newsroom.tiktok.com/en-us/tiktok-and-major-league-soccer-sign-multiyear-partnership-renewal
========== scraping https://newsroom.tiktok.com/en-us/tiktok-and-major-league-soccer-sign-multiyear-partnership-renewal
======== We are on link 19 of 113
========== raw link /en-us/tiktok-and-major-league-soccer-sign-multiyear-partnership-renewal
============ Found Relative: joining https://newsroom.tiktok.com/en-us/ and /en-us/tiktok-and-major-league-soccer-sign-multiyear-partnership-renewal
============ Checking for Redirections: https://newsroom.tiktok.com/en-us/tiktok-and-major-league-soccer-sign-multiyear-partnership-renewal
============ Link after cleaning: https://newsroom.tiktok.com/en-us/tiktok-and-major-league-soccer-sign-multiyear-partnership-renewal
========== link already checked
======== We are on link 20 of 113
========== raw link /en-us/tiktok-and-major-league-soccer-sign-multiyear-partnership-renewal
============ Found Relative: joining https://newsroom.tiktok.com/en-us/ and /en-us/tiktok-and-major-league-soccer-sign-multiyear-partnership-renewal
============ Checking for Redirections: https://newsroom.tiktok.com/en-us/tiktok-and-major-league-soccer-sign-multiyear-partnership-renewal
============ Link after cleaning: https://newsroom.tiktok.com/en-us/tiktok-and-major-league-soccer-sign-multiyear-partnership-renewal
========== link already checked
======== We are on link 21 of 113
========== raw link /en-us/news
============ Found Relative: joining https://newsroom.tiktok.com/en-us/ and /en-us/news
============ Checking for Redirections: https://newsroom.tiktok.com/en-us/news
============ Link after cleaning: https://newsroom.tiktok.com/en-us/news
========== link already checked
======== We are on link 22 of 113
========== raw link /en-us/footnotes
============ Found Relative: joining https://newsroom.tiktok.com/en-us/ and /en-us/footnotes
============ Checking for Redirections: https://newsroom.tiktok.com/en-us/footnotes
============ Link after cleaning: https://newsroom.tiktok.com/en-us/footnotes
========== scraping https://newsroom.tiktok.com/en-us/footnotes
======== We are on link 23 of 113
========== raw link /en-us/footnotes
============ Found Relative: joining https://newsroom.tiktok.com/en-us/ and /en-us/footnotes
============ Checking for Redirections: https://newsroom.tiktok.com/en-us/footnotes
============ Link after cleaning: https://newsroom.tiktok.com/en-us/footnotes
========== link already checked
======== We are on link 24 of 113
========== raw link /en-us/footnotes
============ Found Relative: joining https://newsroom.tiktok.com/en-us/ and /en-us/footnotes
============ Checking for Redirections: https://newsroom.tiktok.com/en-us/footnotes
============ Link after cleaning: https://newsroom.tiktok.com/en-us/footnotes
========== link already checked
======== We are on link 25 of 113
========== raw link /en-us/news
============ Found Relative: joining https://newsroom.tiktok.com/en-us/ and /en-us/news
============ Checking for Redirections: https://newsroom.tiktok.com/en-us/news
============ Link after cleaning: https://newsroom.tiktok.com/en-us/news
========== link already checked
======== We are on link 26 of 113
========== raw link /en-us/statement-from-bytedance
============ Found Relative: joining https://newsroom.tiktok.com/en-us/ and /en-us/statement-from-bytedance
============ Checking for Redirections: https://newsroom.tiktok.com/en-us/statement-from-bytedance
============ Link after cleaning: https://newsroom.tiktok.com/en-us/statement-from-bytedance
========== scraping https://newsroom.tiktok.com/en-us/statement-from-bytedance
======== We are on link 27 of 113
========== raw link /en-us/statement-from-bytedance
============ Found Relative: joining https://newsroom.tiktok.com/en-us/ and /en-us/statement-from-bytedance
============ Checking for Redirections: https://newsroom.tiktok.com/en-us/statement-from-bytedance
============ Link after cleaning: https://newsroom.tiktok.com/en-us/statement-from-bytedance
========== link already checked
======== We are on link 28 of 113
========== raw link /en-us/statement-from-bytedance
============ Found Relative: joining https://newsroom.tiktok.com/en-us/ and /en-us/statement-from-bytedance
============ Checking for Redirections: https://newsroom.tiktok.com/en-us/statement-from-bytedance
============ Link after cleaning: https://newsroom.tiktok.com/en-us/statement-from-bytedance
========== link already checked
======== We are on link 29 of 113
========== raw link /en-us/community
============ Found Relative: joining https://newsroom.tiktok.com/en-us/ and /en-us/community
============ Checking for Redirections: https://newsroom.tiktok.com/en-us/community
============ Link after cleaning: https://newsroom.tiktok.com/en-us/community
========== link already checked
======== We are on link 30 of 113
========== raw link /en-us/tiktok-unveils-in-app-experience-with-selena-gomez-and-benny-blanco
============ Found Relative: joining https://newsroom.tiktok.com/en-us/ and /en-us/tiktok-unveils-in-app-experience-with-selena-gomez-and-benny-blanco
============ Checking for Redirections: https://newsroom.tiktok.com/en-us/tiktok-unveils-in-app-experience-with-selena-gomez-and-benny-blanco
============ Link after cleaning: https://newsroom.tiktok.com/en-us/tiktok-unveils-in-app-experience-with-selena-gomez-and-benny-blanco
========== scraping https://newsroom.tiktok.com/en-us/tiktok-unveils-in-app-experience-with-selena-gomez-and-benny-blanco
======== We are on link 31 of 113
========== raw link /en-us/tiktok-unveils-in-app-experience-with-selena-gomez-and-benny-blanco
============ Found Relative: joining https://newsroom.tiktok.com/en-us/ and /en-us/tiktok-unveils-in-app-experience-with-selena-gomez-and-benny-blanco
============ Checking for Redirections: https://newsroom.tiktok.com/en-us/tiktok-unveils-in-app-experience-with-selena-gomez-and-benny-blanco
============ Link after cleaning: https://newsroom.tiktok.com/en-us/tiktok-unveils-in-app-experience-with-selena-gomez-and-benny-blanco
========== link already checked
======== We are on link 32 of 113
========== raw link /en-us/tiktok-unveils-in-app-experience-with-selena-gomez-and-benny-blanco
============ Found Relative: joining https://newsroom.tiktok.com/en-us/ and /en-us/tiktok-unveils-in-app-experience-with-selena-gomez-and-benny-blanco
============ Checking for Redirections: https://newsroom.tiktok.com/en-us/tiktok-unveils-in-app-experience-with-selena-gomez-and-benny-blanco
============ Link after cleaning: https://newsroom.tiktok.com/en-us/tiktok-unveils-in-app-experience-with-selena-gomez-and-benny-blanco
========== link already checked
======== We are on link 33 of 113
========== raw link /en-us/community
============ Found Relative: joining https://newsroom.tiktok.com/en-us/ and /en-us/community
============ Checking for Redirections: https://newsroom.tiktok.com/en-us/community
============ Link after cleaning: https://newsroom.tiktok.com/en-us/community
========== link already checked
======== We are on link 34 of 113
========== raw link /en-us/launching-amber-alerts-to-americans-on-tiktok
============ Found Relative: joining https://newsroom.tiktok.com/en-us/ and /en-us/launching-amber-alerts-to-americans-on-tiktok
============ Checking for Redirections: https://newsroom.tiktok.com/en-us/launching-amber-alerts-to-americans-on-tiktok
============ Link after cleaning: https://newsroom.tiktok.com/en-us/launching-amber-alerts-to-americans-on-tiktok
========== scraping https://newsroom.tiktok.com/en-us/launching-amber-alerts-to-americans-on-tiktok
======== We are on link 35 of 113
========== raw link /en-us/launching-amber-alerts-to-americans-on-tiktok
============ Found Relative: joining https://newsroom.tiktok.com/en-us/ and /en-us/launching-amber-alerts-to-americans-on-tiktok
============ Checking for Redirections: https://newsroom.tiktok.com/en-us/launching-amber-alerts-to-americans-on-tiktok
============ Link after cleaning: https://newsroom.tiktok.com/en-us/launching-amber-alerts-to-americans-on-tiktok
========== link already checked
======== We are on link 36 of 113
========== raw link /en-us/launching-amber-alerts-to-americans-on-tiktok
============ Found Relative: joining https://newsroom.tiktok.com/en-us/ and /en-us/launching-amber-alerts-to-americans-on-tiktok
============ Checking for Redirections: https://newsroom.tiktok.com/en-us/launching-amber-alerts-to-americans-on-tiktok
============ Link after cleaning: https://newsroom.tiktok.com/en-us/launching-amber-alerts-to-americans-on-tiktok
========== link already checked
======== We are on link 37 of 113
========== raw link /en-us/safety
============ Found Relative: joining https://newsroom.tiktok.com/en-us/ and /en-us/safety
============ Checking for Redirections: https://newsroom.tiktok.com/en-us/safety
============ Link after cleaning: https://newsroom.tiktok.com/en-us/safety
========== link already checked
======== We are on link 38 of 113
========== raw link /en-us/introducing-tiktok-security-checkup
============ Found Relative: joining https://newsroom.tiktok.com/en-us/ and /en-us/introducing-tiktok-security-checkup
============ Checking for Redirections: https://newsroom.tiktok.com/en-us/introducing-tiktok-security-checkup
============ Link after cleaning: https://newsroom.tiktok.com/en-us/introducing-tiktok-security-checkup
========== scraping https://newsroom.tiktok.com/en-us/introducing-tiktok-security-checkup
======== We are on link 39 of 113
========== raw link /en-us/introducing-tiktok-security-checkup
============ Found Relative: joining https://newsroom.tiktok.com/en-us/ and /en-us/introducing-tiktok-security-checkup
============ Checking for Redirections: https://newsroom.tiktok.com/en-us/introducing-tiktok-security-checkup
============ Link after cleaning: https://newsroom.tiktok.com/en-us/introducing-tiktok-security-checkup
========== link already checked
======== We are on link 40 of 113
========== raw link /en-us/introducing-tiktok-security-checkup
============ Found Relative: joining https://newsroom.tiktok.com/en-us/ and /en-us/introducing-tiktok-security-checkup
============ Checking for Redirections: https://newsroom.tiktok.com/en-us/introducing-tiktok-security-checkup
============ Link after cleaning: https://newsroom.tiktok.com/en-us/introducing-tiktok-security-checkup
========== link already checked
======== We are on link 41 of 113
========== raw link /en-us/community
============ Found Relative: joining https://newsroom.tiktok.com/en-us/ and /en-us/community
============ Checking for Redirections: https://newsroom.tiktok.com/en-us/community
============ Link after cleaning: https://newsroom.tiktok.com/en-us/community
========== link already checked
======== We are on link 42 of 113
========== raw link /en-us/pi-day-2025
============ Found Relative: joining https://newsroom.tiktok.com/en-us/ and /en-us/pi-day-2025
============ Checking for Redirections: https://newsroom.tiktok.com/en-us/pi-day-2025
============ Link after cleaning: https://newsroom.tiktok.com/en-us/pi-day-2025
========== scraping https://newsroom.tiktok.com/en-us/pi-day-2025
======== We are on link 43 of 113
========== raw link /en-us/pi-day-2025
============ Found Relative: joining https://newsroom.tiktok.com/en-us/ and /en-us/pi-day-2025
============ Checking for Redirections: https://newsroom.tiktok.com/en-us/pi-day-2025
============ Link after cleaning: https://newsroom.tiktok.com/en-us/pi-day-2025
========== link already checked
======== We are on link 44 of 113
========== raw link /en-us/pi-day-2025
============ Found Relative: joining https://newsroom.tiktok.com/en-us/ and /en-us/pi-day-2025
============ Checking for Redirections: https://newsroom.tiktok.com/en-us/pi-day-2025
============ Link after cleaning: https://newsroom.tiktok.com/en-us/pi-day-2025
========== link already checked
======== We are on link 45 of 113
========== raw link /en-us/safety
============ Found Relative: joining https://newsroom.tiktok.com/en-us/ and /en-us/safety
============ Checking for Redirections: https://newsroom.tiktok.com/en-us/safety
============ Link after cleaning: https://newsroom.tiktok.com/en-us/safety
========== link already checked
======== We are on link 46 of 113
========== raw link /en-us/new-ways-we-are-supporting-parents-and-helping-teens-build-balanced-digital-habits
============ Found Relative: joining https://newsroom.tiktok.com/en-us/ and /en-us/new-ways-we-are-supporting-parents-and-helping-teens-build-balanced-digital-habits
============ Checking for Redirections: https://newsroom.tiktok.com/en-us/new-ways-we-are-supporting-parents-and-helping-teens-build-balanced-digital-habits
============ Link after cleaning: https://newsroom.tiktok.com/en-us/new-ways-we-are-supporting-parents-and-helping-teens-build-balanced-digital-habits
========== scraping https://newsroom.tiktok.com/en-us/new-ways-we-are-supporting-parents-and-helping-teens-build-balanced-digital-habits
======== We are on link 47 of 113
========== raw link /en-us/new-ways-we-are-supporting-parents-and-helping-teens-build-balanced-digital-habits
============ Found Relative: joining https://newsroom.tiktok.com/en-us/ and /en-us/new-ways-we-are-supporting-parents-and-helping-teens-build-balanced-digital-habits
============ Checking for Redirections: https://newsroom.tiktok.com/en-us/new-ways-we-are-supporting-parents-and-helping-teens-build-balanced-digital-habits
============ Link after cleaning: https://newsroom.tiktok.com/en-us/new-ways-we-are-supporting-parents-and-helping-teens-build-balanced-digital-habits
========== link already checked
======== We are on link 48 of 113
========== raw link /en-us/new-ways-we-are-supporting-parents-and-helping-teens-build-balanced-digital-habits
============ Found Relative: joining https://newsroom.tiktok.com/en-us/ and /en-us/new-ways-we-are-supporting-parents-and-helping-teens-build-balanced-digital-habits
============ Checking for Redirections: https://newsroom.tiktok.com/en-us/new-ways-we-are-supporting-parents-and-helping-teens-build-balanced-digital-habits
============ Link after cleaning: https://newsroom.tiktok.com/en-us/new-ways-we-are-supporting-parents-and-helping-teens-build-balanced-digital-habits
========== link already checked
======== We are on link 49 of 113
========== raw link /en-us/company
============ Found Relative: joining https://newsroom.tiktok.com/en-us/ and /en-us/company
============ Checking for Redirections: https://newsroom.tiktok.com/en-us/company
============ Link after cleaning: https://newsroom.tiktok.com/en-us/company
========== link already checked
======== We are on link 50 of 113
========== raw link /en-us/oxford-economics-us-jobs-impact-report
============ Found Relative: joining https://newsroom.tiktok.com/en-us/ and /en-us/oxford-economics-us-jobs-impact-report
============ Checking for Redirections: https://newsroom.tiktok.com/en-us/oxford-economics-us-jobs-impact-report
============ Link after cleaning: https://newsroom.tiktok.com/en-us/oxford-economics-us-jobs-impact-report
========== scraping https://newsroom.tiktok.com/en-us/oxford-economics-us-jobs-impact-report
======== We are on link 51 of 113
========== raw link /en-us/oxford-economics-us-jobs-impact-report
============ Found Relative: joining https://newsroom.tiktok.com/en-us/ and /en-us/oxford-economics-us-jobs-impact-report
============ Checking for Redirections: https://newsroom.tiktok.com/en-us/oxford-economics-us-jobs-impact-report
============ Link after cleaning: https://newsroom.tiktok.com/en-us/oxford-economics-us-jobs-impact-report
========== link already checked
======== We are on link 52 of 113
========== raw link /en-us/oxford-economics-us-jobs-impact-report
============ Found Relative: joining https://newsroom.tiktok.com/en-us/ and /en-us/oxford-economics-us-jobs-impact-report
============ Checking for Redirections: https://newsroom.tiktok.com/en-us/oxford-economics-us-jobs-impact-report
============ Link after cleaning: https://newsroom.tiktok.com/en-us/oxford-economics-us-jobs-impact-report
========== link already checked
======== We are on link 53 of 113
========== raw link /en-us/community
============ Found Relative: joining https://newsroom.tiktok.com/en-us/ and /en-us/community
============ Checking for Redirections: https://newsroom.tiktok.com/en-us/community
============ Link after cleaning: https://newsroom.tiktok.com/en-us/community
========== link already checked
======== We are on link 54 of 113
========== raw link /en-us/women-of-tiktok-celebrating-extraordinary-women-driving-real-world-change
============ Found Relative: joining https://newsroom.tiktok.com/en-us/ and /en-us/women-of-tiktok-celebrating-extraordinary-women-driving-real-world-change
============ Checking for Redirections: https://newsroom.tiktok.com/en-us/women-of-tiktok-celebrating-extraordinary-women-driving-real-world-change
============ Link after cleaning: https://newsroom.tiktok.com/en-us/women-of-tiktok-celebrating-extraordinary-women-driving-real-world-change
========== scraping https://newsroom.tiktok.com/en-us/women-of-tiktok-celebrating-extraordinary-women-driving-real-world-change
======== We are on link 55 of 113
========== raw link /en-us/women-of-tiktok-celebrating-extraordinary-women-driving-real-world-change
============ Found Relative: joining https://newsroom.tiktok.com/en-us/ and /en-us/women-of-tiktok-celebrating-extraordinary-women-driving-real-world-change
============ Checking for Redirections: https://newsroom.tiktok.com/en-us/women-of-tiktok-celebrating-extraordinary-women-driving-real-world-change
============ Link after cleaning: https://newsroom.tiktok.com/en-us/women-of-tiktok-celebrating-extraordinary-women-driving-real-world-change
========== link already checked
======== We are on link 56 of 113
========== raw link /en-us/women-of-tiktok-celebrating-extraordinary-women-driving-real-world-change
============ Found Relative: joining https://newsroom.tiktok.com/en-us/ and /en-us/women-of-tiktok-celebrating-extraordinary-women-driving-real-world-change
============ Checking for Redirections: https://newsroom.tiktok.com/en-us/women-of-tiktok-celebrating-extraordinary-women-driving-real-world-change
============ Link after cleaning: https://newsroom.tiktok.com/en-us/women-of-tiktok-celebrating-extraordinary-women-driving-real-world-change
========== link already checked
======== We are on link 57 of 113
========== raw link /en-us/community
============ Found Relative: joining https://newsroom.tiktok.com/en-us/ and /en-us/community
============ Checking for Redirections: https://newsroom.tiktok.com/en-us/community
============ Link after cleaning: https://newsroom.tiktok.com/en-us/community
========== link already checked
======== We are on link 58 of 113
========== raw link /en-us/tiktok-and-lady-gaga-unleash-mayhem-with-an-exclusive-in-app-experience
============ Found Relative: joining https://newsroom.tiktok.com/en-us/ and /en-us/tiktok-and-lady-gaga-unleash-mayhem-with-an-exclusive-in-app-experience
============ Checking for Redirections: https://newsroom.tiktok.com/en-us/tiktok-and-lady-gaga-unleash-mayhem-with-an-exclusive-in-app-experience
============ Link after cleaning: https://newsroom.tiktok.com/en-us/tiktok-and-lady-gaga-unleash-mayhem-with-an-exclusive-in-app-experience
========== scraping https://newsroom.tiktok.com/en-us/tiktok-and-lady-gaga-unleash-mayhem-with-an-exclusive-in-app-experience
======== We are on link 59 of 113
========== raw link /en-us/tiktok-and-lady-gaga-unleash-mayhem-with-an-exclusive-in-app-experience
============ Found Relative: joining https://newsroom.tiktok.com/en-us/ and /en-us/tiktok-and-lady-gaga-unleash-mayhem-with-an-exclusive-in-app-experience
============ Checking for Redirections: https://newsroom.tiktok.com/en-us/tiktok-and-lady-gaga-unleash-mayhem-with-an-exclusive-in-app-experience
============ Link after cleaning: https://newsroom.tiktok.com/en-us/tiktok-and-lady-gaga-unleash-mayhem-with-an-exclusive-in-app-experience
========== link already checked
======== We are on link 60 of 113
========== raw link /en-us/tiktok-and-lady-gaga-unleash-mayhem-with-an-exclusive-in-app-experience
============ Found Relative: joining https://newsroom.tiktok.com/en-us/ and /en-us/tiktok-and-lady-gaga-unleash-mayhem-with-an-exclusive-in-app-experience
============ Checking for Redirections: https://newsroom.tiktok.com/en-us/tiktok-and-lady-gaga-unleash-mayhem-with-an-exclusive-in-app-experience
============ Link after cleaning: https://newsroom.tiktok.com/en-us/tiktok-and-lady-gaga-unleash-mayhem-with-an-exclusive-in-app-experience
========== link already checked
======== We are on link 61 of 113
========== raw link /en-us/product
============ Found Relative: joining https://newsroom.tiktok.com/en-us/ and /en-us/product
============ Checking for Redirections: https://newsroom.tiktok.com/en-us/product
============ Link after cleaning: https://newsroom.tiktok.com/en-us/product
========== link already checked
======== We are on link 62 of 113
========== raw link /en-us/new-features-bring-tiktok-magic-to-desktop
============ Found Relative: joining https://newsroom.tiktok.com/en-us/ and /en-us/new-features-bring-tiktok-magic-to-desktop
============ Checking for Redirections: https://newsroom.tiktok.com/en-us/new-features-bring-tiktok-magic-to-desktop
============ Link after cleaning: https://newsroom.tiktok.com/en-us/new-features-bring-tiktok-magic-to-desktop
========== scraping https://newsroom.tiktok.com/en-us/new-features-bring-tiktok-magic-to-desktop
======== We are on link 63 of 113
========== raw link /en-us/new-features-bring-tiktok-magic-to-desktop
============ Found Relative: joining https://newsroom.tiktok.com/en-us/ and /en-us/new-features-bring-tiktok-magic-to-desktop
============ Checking for Redirections: https://newsroom.tiktok.com/en-us/new-features-bring-tiktok-magic-to-desktop
============ Link after cleaning: https://newsroom.tiktok.com/en-us/new-features-bring-tiktok-magic-to-desktop
========== link already checked
======== We are on link 64 of 113
========== raw link /en-us/new-features-bring-tiktok-magic-to-desktop
============ Found Relative: joining https://newsroom.tiktok.com/en-us/ and /en-us/new-features-bring-tiktok-magic-to-desktop
============ Checking for Redirections: https://newsroom.tiktok.com/en-us/new-features-bring-tiktok-magic-to-desktop
============ Link after cleaning: https://newsroom.tiktok.com/en-us/new-features-bring-tiktok-magic-to-desktop
========== link already checked
======== We are on link 65 of 113
========== raw link /en-us/community
============ Found Relative: joining https://newsroom.tiktok.com/en-us/ and /en-us/community
============ Checking for Redirections: https://newsroom.tiktok.com/en-us/community
============ Link after cleaning: https://newsroom.tiktok.com/en-us/community
========== link already checked
======== We are on link 66 of 113
========== raw link /en-us/filmtok-97th-oscars
============ Found Relative: joining https://newsroom.tiktok.com/en-us/ and /en-us/filmtok-97th-oscars
============ Checking for Redirections: https://newsroom.tiktok.com/en-us/filmtok-97th-oscars
============ Link after cleaning: https://newsroom.tiktok.com/en-us/filmtok-97th-oscars
========== scraping https://newsroom.tiktok.com/en-us/filmtok-97th-oscars
======== We are on link 67 of 113
========== raw link /en-us/filmtok-97th-oscars
============ Found Relative: joining https://newsroom.tiktok.com/en-us/ and /en-us/filmtok-97th-oscars
============ Checking for Redirections: https://newsroom.tiktok.com/en-us/filmtok-97th-oscars
============ Link after cleaning: https://newsroom.tiktok.com/en-us/filmtok-97th-oscars
========== link already checked
======== We are on link 68 of 113
========== raw link /en-us/filmtok-97th-oscars
============ Found Relative: joining https://newsroom.tiktok.com/en-us/ and /en-us/filmtok-97th-oscars
============ Checking for Redirections: https://newsroom.tiktok.com/en-us/filmtok-97th-oscars
============ Link after cleaning: https://newsroom.tiktok.com/en-us/filmtok-97th-oscars
========== link already checked
======== We are on link 69 of 113
========== raw link /en-us/community
============ Found Relative: joining https://newsroom.tiktok.com/en-us/ and /en-us/community
============ Checking for Redirections: https://newsroom.tiktok.com/en-us/community
============ Link after cleaning: https://newsroom.tiktok.com/en-us/community
========== link already checked
======== We are on link 70 of 113
========== raw link /en-us/tate-mcrae-experience-and-shoppable-global-livestream
============ Found Relative: joining https://newsroom.tiktok.com/en-us/ and /en-us/tate-mcrae-experience-and-shoppable-global-livestream
============ Checking for Redirections: https://newsroom.tiktok.com/en-us/tate-mcrae-experience-and-shoppable-global-livestream
============ Link after cleaning: https://newsroom.tiktok.com/en-us/tate-mcrae-experience-and-shoppable-global-livestream
========== scraping https://newsroom.tiktok.com/en-us/tate-mcrae-experience-and-shoppable-global-livestream
======== We are on link 71 of 113
========== raw link /en-us/tate-mcrae-experience-and-shoppable-global-livestream
============ Found Relative: joining https://newsroom.tiktok.com/en-us/ and /en-us/tate-mcrae-experience-and-shoppable-global-livestream
============ Checking for Redirections: https://newsroom.tiktok.com/en-us/tate-mcrae-experience-and-shoppable-global-livestream
============ Link after cleaning: https://newsroom.tiktok.com/en-us/tate-mcrae-experience-and-shoppable-global-livestream
========== link already checked
======== We are on link 72 of 113
========== raw link /en-us/tate-mcrae-experience-and-shoppable-global-livestream
============ Found Relative: joining https://newsroom.tiktok.com/en-us/ and /en-us/tate-mcrae-experience-and-shoppable-global-livestream
============ Checking for Redirections: https://newsroom.tiktok.com/en-us/tate-mcrae-experience-and-shoppable-global-livestream
============ Link after cleaning: https://newsroom.tiktok.com/en-us/tate-mcrae-experience-and-shoppable-global-livestream
========== link already checked
======== We are on link 73 of 113
========== raw link /en-us/community
============ Found Relative: joining https://newsroom.tiktok.com/en-us/ and /en-us/community
============ Checking for Redirections: https://newsroom.tiktok.com/en-us/community
============ Link after cleaning: https://newsroom.tiktok.com/en-us/community
========== link already checked
======== We are on link 74 of 113
========== raw link /en-us/celebrating-the-power-of-community-and-creativity-on-tiktok-live-in-2024
============ Found Relative: joining https://newsroom.tiktok.com/en-us/ and /en-us/celebrating-the-power-of-community-and-creativity-on-tiktok-live-in-2024
============ Checking for Redirections: https://newsroom.tiktok.com/en-us/celebrating-the-power-of-community-and-creativity-on-tiktok-live-in-2024
============ Link after cleaning: https://newsroom.tiktok.com/en-us/celebrating-the-power-of-community-and-creativity-on-tiktok-live-in-2024
========== scraping https://newsroom.tiktok.com/en-us/celebrating-the-power-of-community-and-creativity-on-tiktok-live-in-2024
======== We are on link 75 of 113
========== raw link /en-us/celebrating-the-power-of-community-and-creativity-on-tiktok-live-in-2024
============ Found Relative: joining https://newsroom.tiktok.com/en-us/ and /en-us/celebrating-the-power-of-community-and-creativity-on-tiktok-live-in-2024
============ Checking for Redirections: https://newsroom.tiktok.com/en-us/celebrating-the-power-of-community-and-creativity-on-tiktok-live-in-2024
============ Link after cleaning: https://newsroom.tiktok.com/en-us/celebrating-the-power-of-community-and-creativity-on-tiktok-live-in-2024
========== link already checked
======== We are on link 76 of 113
========== raw link /en-us/celebrating-the-power-of-community-and-creativity-on-tiktok-live-in-2024
============ Found Relative: joining https://newsroom.tiktok.com/en-us/ and /en-us/celebrating-the-power-of-community-and-creativity-on-tiktok-live-in-2024
============ Checking for Redirections: https://newsroom.tiktok.com/en-us/celebrating-the-power-of-community-and-creativity-on-tiktok-live-in-2024
============ Link after cleaning: https://newsroom.tiktok.com/en-us/celebrating-the-power-of-community-and-creativity-on-tiktok-live-in-2024
========== link already checked
======== We are on link 77 of 113
========== raw link /en-us/product
============ Found Relative: joining https://newsroom.tiktok.com/en-us/ and /en-us/product
============ Checking for Redirections: https://newsroom.tiktok.com/en-us/product
============ Link after cleaning: https://newsroom.tiktok.com/en-us/product
========== link already checked
======== We are on link 78 of 113
========== raw link /en-us/tiktok-partners-with-american-heart-association-for-2nd-annual-live-event
============ Found Relative: joining https://newsroom.tiktok.com/en-us/ and /en-us/tiktok-partners-with-american-heart-association-for-2nd-annual-live-event
============ Checking for Redirections: https://newsroom.tiktok.com/en-us/tiktok-partners-with-american-heart-association-for-2nd-annual-live-event
============ Link after cleaning: https://newsroom.tiktok.com/en-us/tiktok-partners-with-american-heart-association-for-2nd-annual-live-event
========== scraping https://newsroom.tiktok.com/en-us/tiktok-partners-with-american-heart-association-for-2nd-annual-live-event
======== We are on link 79 of 113
========== raw link /en-us/tiktok-partners-with-american-heart-association-for-2nd-annual-live-event
============ Found Relative: joining https://newsroom.tiktok.com/en-us/ and /en-us/tiktok-partners-with-american-heart-association-for-2nd-annual-live-event
============ Checking for Redirections: https://newsroom.tiktok.com/en-us/tiktok-partners-with-american-heart-association-for-2nd-annual-live-event
============ Link after cleaning: https://newsroom.tiktok.com/en-us/tiktok-partners-with-american-heart-association-for-2nd-annual-live-event
========== link already checked
======== We are on link 80 of 113
========== raw link /en-us/tiktok-partners-with-american-heart-association-for-2nd-annual-live-event
============ Found Relative: joining https://newsroom.tiktok.com/en-us/ and /en-us/tiktok-partners-with-american-heart-association-for-2nd-annual-live-event
============ Checking for Redirections: https://newsroom.tiktok.com/en-us/tiktok-partners-with-american-heart-association-for-2nd-annual-live-event
============ Link after cleaning: https://newsroom.tiktok.com/en-us/tiktok-partners-with-american-heart-association-for-2nd-annual-live-event
========== link already checked
======== We are on link 81 of 113
========== raw link /en-us/news
============ Found Relative: joining https://newsroom.tiktok.com/en-us/ and /en-us/news
============ Checking for Redirections: https://newsroom.tiktok.com/en-us/news
============ Link after cleaning: https://newsroom.tiktok.com/en-us/news
========== link already checked
======== We are on link 82 of 113
========== raw link /en-us/tiktok-is-now-available-on-the-app-store-and-play-store
============ Found Relative: joining https://newsroom.tiktok.com/en-us/ and /en-us/tiktok-is-now-available-on-the-app-store-and-play-store
============ Checking for Redirections: https://newsroom.tiktok.com/en-us/tiktok-is-now-available-on-the-app-store-and-play-store
============ Link after cleaning: https://newsroom.tiktok.com/en-us/tiktok-is-now-available-on-the-app-store-and-play-store
========== scraping https://newsroom.tiktok.com/en-us/tiktok-is-now-available-on-the-app-store-and-play-store
======== We are on link 83 of 113
========== raw link /en-us/tiktok-is-now-available-on-the-app-store-and-play-store
============ Found Relative: joining https://newsroom.tiktok.com/en-us/ and /en-us/tiktok-is-now-available-on-the-app-store-and-play-store
============ Checking for Redirections: https://newsroom.tiktok.com/en-us/tiktok-is-now-available-on-the-app-store-and-play-store
============ Link after cleaning: https://newsroom.tiktok.com/en-us/tiktok-is-now-available-on-the-app-store-and-play-store
========== link already checked
======== We are on link 84 of 113
========== raw link /en-us/tiktok-is-now-available-on-the-app-store-and-play-store
============ Found Relative: joining https://newsroom.tiktok.com/en-us/ and /en-us/tiktok-is-now-available-on-the-app-store-and-play-store
============ Checking for Redirections: https://newsroom.tiktok.com/en-us/tiktok-is-now-available-on-the-app-store-and-play-store
============ Link after cleaning: https://newsroom.tiktok.com/en-us/tiktok-is-now-available-on-the-app-store-and-play-store
========== link already checked
======== We are on link 85 of 113
========== raw link /en-us/news
============ Found Relative: joining https://newsroom.tiktok.com/en-us/ and /en-us/news
============ Checking for Redirections: https://newsroom.tiktok.com/en-us/news
============ Link after cleaning: https://newsroom.tiktok.com/en-us/news
========== link already checked
======== We are on link 86 of 113
========== raw link /en-us/tiktok-and-luminate-release-latest-music-impact-report
============ Found Relative: joining https://newsroom.tiktok.com/en-us/ and /en-us/tiktok-and-luminate-release-latest-music-impact-report
============ Checking for Redirections: https://newsroom.tiktok.com/en-us/tiktok-and-luminate-release-latest-music-impact-report
============ Link after cleaning: https://newsroom.tiktok.com/en-us/tiktok-and-luminate-release-latest-music-impact-report
========== scraping https://newsroom.tiktok.com/en-us/tiktok-and-luminate-release-latest-music-impact-report
======== We are on link 87 of 113
========== raw link /en-us/tiktok-and-luminate-release-latest-music-impact-report
============ Found Relative: joining https://newsroom.tiktok.com/en-us/ and /en-us/tiktok-and-luminate-release-latest-music-impact-report
============ Checking for Redirections: https://newsroom.tiktok.com/en-us/tiktok-and-luminate-release-latest-music-impact-report
============ Link after cleaning: https://newsroom.tiktok.com/en-us/tiktok-and-luminate-release-latest-music-impact-report
========== link already checked
======== We are on link 88 of 113
========== raw link /en-us/tiktok-and-luminate-release-latest-music-impact-report
============ Found Relative: joining https://newsroom.tiktok.com/en-us/ and /en-us/tiktok-and-luminate-release-latest-music-impact-report
============ Checking for Redirections: https://newsroom.tiktok.com/en-us/tiktok-and-luminate-release-latest-music-impact-report
============ Link after cleaning: https://newsroom.tiktok.com/en-us/tiktok-and-luminate-release-latest-music-impact-report
========== link already checked
======== We are on link 89 of 113
========== raw link https://www.tiktok.com
============ Checking for Redirections: https://www.tiktok.com
========== dropped link https://www.tiktok.com. Could not follow redirection (or it was a meaninglessly small page or bot blocked by sessionID).
======== We are on link 90 of 113
========== raw link https://www.tiktok.com/about?lang=en
============ Checking for Redirections: https://www.tiktok.com/about?lang=en
============ Link after cleaning: https://www.tiktok.com/about
========== link already checked
======== We are on link 91 of 113
========== raw link https://newsroom.tiktok.com?lang=en
============ Checking for Redirections: https://newsroom.tiktok.com?lang=en
============ Followed Redirection to https://newsroom.tiktok.com/en-us/
============ Link after cleaning: https://newsroom.tiktok.com/en-us/
========== link already checked
======== We are on link 92 of 113
========== raw link https://www.tiktok.com/about/contact?lang=en
============ Checking for Redirections: https://www.tiktok.com/about/contact?lang=en
============ Followed Redirection to https://www.tiktok.com/contact?lang=en
============ Link after cleaning: https://www.tiktok.com/contact
========== link already checked
======== We are on link 93 of 113
========== raw link https://careers.tiktok.com?lang=en
============ Checking for Redirections: https://careers.tiktok.com?lang=en
============ Followed Redirection to https://lifeattiktok.com/?lang=en
============ Link after cleaning: https://lifeattiktok.com/
========== link already checked
======== We are on link 94 of 113
========== raw link https://www.bytedance.com?lang=en
========== dropped link https://www.bytedance.com?lang=en. Didn't pass first allows/blocks test.
======== We are on link 95 of 113
========== raw link https://www.tiktok.com/for-good?lang=en
============ Checking for Redirections: https://www.tiktok.com/for-good?lang=en
========== dropped link https://www.tiktok.com/for-good?lang=en. Could not follow redirection (or it was a meaninglessly small page or bot blocked by sessionID).
======== We are on link 96 of 113
========== raw link https://developers.tiktok.com?lang=en
============ Checking for Redirections: https://developers.tiktok.com?lang=en
============ Followed Redirection to https://developers.tiktok.com/?lang=en
============ Link after cleaning: https://developers.tiktok.com/
========== link already checked
======== We are on link 97 of 113
========== raw link https://effecthouse.tiktok.com?lang=en
============ Checking for Redirections: https://effecthouse.tiktok.com?lang=en
============ Followed Redirection to https://effecthouse.tiktok.com/?lang=en
============ Link after cleaning: https://effecthouse.tiktok.com/
========== link already checked
======== We are on link 98 of 113
========== raw link https://www.tiktok.com/business?lang=en
============ Checking for Redirections: https://www.tiktok.com/business?lang=en
============ Followed Redirection to https://ads.tiktok.com/business/en?lang=en&tt4b_lang_redirect=1&acq_banner_version=73412988
============ Link after cleaning: https://ads.tiktok.com/business/en
========== scraping https://ads.tiktok.com/business/en
======== We are on link 99 of 113
========== raw link https://www.tiktok.com/browse?lang=en
============ Checking for Redirections: https://www.tiktok.com/browse?lang=en
========== dropped link https://www.tiktok.com/browse?lang=en. Could not follow redirection (or it was a meaninglessly small page or bot blocked by sessionID).
======== We are on link 100 of 113
========== raw link https://www.tiktok.com/embed?lang=en
============ Checking for Redirections: https://www.tiktok.com/embed?lang=en
========== dropped link https://www.tiktok.com/embed?lang=en. Could not follow redirection (or it was a meaninglessly small page or bot blocked by sessionID).
======== We are on link 101 of 113
========== raw link https://www.tiktok.com/tiktok-rewards?lang=en
============ Checking for Redirections: https://www.tiktok.com/tiktok-rewards?lang=en
========== dropped link https://www.tiktok.com/tiktok-rewards?lang=en. Could not follow redirection (or it was a meaninglessly small page or bot blocked by sessionID).
======== We are on link 102 of 113
========== raw link https://www.tiktok.com/download/en
============ Checking for Redirections: https://www.tiktok.com/download/en
========== dropped link https://www.tiktok.com/download/en. Could not follow redirection (or it was a meaninglessly small page or bot blocked by sessionID).
======== We are on link 103 of 113
========== raw link https://support.tiktok.com?lang=en
============ Checking for Redirections: https://support.tiktok.com?lang=en
========== dropped link https://support.tiktok.com?lang=en. Could not follow redirection (or it was a meaninglessly small page or bot blocked by sessionID).
======== We are on link 104 of 113
========== raw link https://www.tiktok.com/safety?lang=en
============ Checking for Redirections: https://www.tiktok.com/safety?lang=en
========== dropped link https://www.tiktok.com/safety?lang=en. Could not follow redirection (or it was a meaninglessly small page or bot blocked by sessionID).
======== We are on link 105 of 113
========== raw link https://www.tiktok.com/privacy/overview?lang=en
============ Checking for Redirections: https://www.tiktok.com/privacy/overview?lang=en
========== dropped link https://www.tiktok.com/privacy/overview?lang=en. Could not follow redirection (or it was a meaninglessly small page or bot blocked by sessionID).
======== We are on link 106 of 113
========== raw link https://www.tiktok.com/creator-academy?lang=en
============ Checking for Redirections: https://www.tiktok.com/creator-academy?lang=en
========== dropped link https://www.tiktok.com/creator-academy?lang=en. Could not follow redirection (or it was a meaninglessly small page or bot blocked by sessionID).
======== We are on link 107 of 113
========== raw link https://www.tiktok.com/community-guidelines?lang=en
============ Checking for Redirections: https://www.tiktok.com/community-guidelines?lang=en
========== dropped link https://www.tiktok.com/community-guidelines?lang=en. Could not follow redirection (or it was a meaninglessly small page or bot blocked by sessionID).
======== We are on link 108 of 113
========== raw link https://www.tiktok.com/transparency?lang=en
============ Checking for Redirections: https://www.tiktok.com/transparency?lang=en
========== dropped link https://www.tiktok.com/transparency?lang=en. Could not follow redirection (or it was a meaninglessly small page or bot blocked by sessionID).
======== We are on link 109 of 113
========== raw link https://www.tiktok.com/accessibility?lang=en
============ Checking for Redirections: https://www.tiktok.com/accessibility?lang=en
========== dropped link https://www.tiktok.com/accessibility?lang=en. Could not follow redirection (or it was a meaninglessly small page or bot blocked by sessionID).
======== We are on link 110 of 113
========== raw link https://www.tiktok.com/legal/terms-of-service?lang=en
============ Checking for Redirections: https://www.tiktok.com/legal/terms-of-service?lang=en
========== dropped link https://www.tiktok.com/legal/terms-of-service?lang=en. Could not follow redirection (or it was a meaninglessly small page or bot blocked by sessionID).
======== We are on link 111 of 113
========== raw link https://www.tiktok.com/legal/privacy-policy?lang=en
============ Checking for Redirections: https://www.tiktok.com/legal/privacy-policy?lang=en
========== dropped link https://www.tiktok.com/legal/privacy-policy?lang=en. Could not follow redirection (or it was a meaninglessly small page or bot blocked by sessionID).
======== We are on link 112 of 113
========== raw link https://www.tiktok.com/legal/copyright-policy?lang=en
============ Checking for Redirections: https://www.tiktok.com/legal/copyright-policy?lang=en
========== dropped link https://www.tiktok.com/legal/copyright-policy?lang=en. Could not follow redirection (or it was a meaninglessly small page or bot blocked by sessionID).
======== We are on link 113 of 113
========== raw link https://www.tiktok.com/legal/law-enforcement?lang=en
============ Checking for Redirections: https://www.tiktok.com/legal/law-enforcement?lang=en
========== dropped link https://www.tiktok.com/legal/law-enforcement?lang=en. Could not follow redirection (or it was a meaninglessly small page or bot blocked by sessionID).
====== We are on page 3 of 9: https://www.tiktok.com/community-guidelines/en?lang=en
====== Number of Links on this Page: 82
======== We are on link 1 of 82
========== raw link /community-guidelines/en/overview
============ Found Relative: joining https://www.tiktok.com/community-guidelines/en?lang=en and /community-guidelines/en/overview
============ Checking for Redirections: https://www.tiktok.com/community-guidelines/en/overview
========== dropped link https://www.tiktok.com/community-guidelines/en/overview. Could not follow redirection (or it was a meaninglessly small page or bot blocked by sessionID).
======== We are on link 2 of 82
========== raw link /community-guidelines/en/community-principles
============ Found Relative: joining https://www.tiktok.com/community-guidelines/en?lang=en and /community-guidelines/en/community-principles
============ Checking for Redirections: https://www.tiktok.com/community-guidelines/en/community-principles
========== dropped link https://www.tiktok.com/community-guidelines/en/community-principles. Could not follow redirection (or it was a meaninglessly small page or bot blocked by sessionID).
======== We are on link 3 of 82
========== raw link /community-guidelines/en/youth-safety
============ Found Relative: joining https://www.tiktok.com/community-guidelines/en?lang=en and /community-guidelines/en/youth-safety
============ Checking for Redirections: https://www.tiktok.com/community-guidelines/en/youth-safety
========== dropped link https://www.tiktok.com/community-guidelines/en/youth-safety. Could not follow redirection (or it was a meaninglessly small page or bot blocked by sessionID).
======== We are on link 4 of 82
========== raw link /community-guidelines/en/safety-civility
============ Found Relative: joining https://www.tiktok.com/community-guidelines/en?lang=en and /community-guidelines/en/safety-civility
============ Checking for Redirections: https://www.tiktok.com/community-guidelines/en/safety-civility
========== dropped link https://www.tiktok.com/community-guidelines/en/safety-civility. Could not follow redirection (or it was a meaninglessly small page or bot blocked by sessionID).
======== We are on link 5 of 82
========== raw link /community-guidelines/en/safety-civility#1
============ Found Relative: joining https://www.tiktok.com/community-guidelines/en?lang=en and /community-guidelines/en/safety-civility#1
============ Checking for Redirections: https://www.tiktok.com/community-guidelines/en/safety-civility#1
========== dropped link https://www.tiktok.com/community-guidelines/en/safety-civility#1. Could not follow redirection (or it was a meaninglessly small page or bot blocked by sessionID).
======== We are on link 6 of 82
========== raw link /community-guidelines/en/safety-civility#2
============ Found Relative: joining https://www.tiktok.com/community-guidelines/en?lang=en and /community-guidelines/en/safety-civility#2
============ Checking for Redirections: https://www.tiktok.com/community-guidelines/en/safety-civility#2
========== dropped link https://www.tiktok.com/community-guidelines/en/safety-civility#2. Could not follow redirection (or it was a meaninglessly small page or bot blocked by sessionID).
======== We are on link 7 of 82
========== raw link /community-guidelines/en/safety-civility#3
============ Found Relative: joining https://www.tiktok.com/community-guidelines/en?lang=en and /community-guidelines/en/safety-civility#3
============ Checking for Redirections: https://www.tiktok.com/community-guidelines/en/safety-civility#3
========== dropped link https://www.tiktok.com/community-guidelines/en/safety-civility#3. Could not follow redirection (or it was a meaninglessly small page or bot blocked by sessionID).
======== We are on link 8 of 82
========== raw link /community-guidelines/en/safety-civility#4
============ Found Relative: joining https://www.tiktok.com/community-guidelines/en?lang=en and /community-guidelines/en/safety-civility#4
============ Checking for Redirections: https://www.tiktok.com/community-guidelines/en/safety-civility#4
========== dropped link https://www.tiktok.com/community-guidelines/en/safety-civility#4. Could not follow redirection (or it was a meaninglessly small page or bot blocked by sessionID).
======== We are on link 9 of 82
========== raw link /community-guidelines/en/safety-civility#5
============ Found Relative: joining https://www.tiktok.com/community-guidelines/en?lang=en and /community-guidelines/en/safety-civility#5
============ Checking for Redirections: https://www.tiktok.com/community-guidelines/en/safety-civility#5
========== dropped link https://www.tiktok.com/community-guidelines/en/safety-civility#5. Could not follow redirection (or it was a meaninglessly small page or bot blocked by sessionID).
======== We are on link 10 of 82
========== raw link /community-guidelines/en/safety-civility#6
============ Found Relative: joining https://www.tiktok.com/community-guidelines/en?lang=en and /community-guidelines/en/safety-civility#6
============ Checking for Redirections: https://www.tiktok.com/community-guidelines/en/safety-civility#6
========== dropped link https://www.tiktok.com/community-guidelines/en/safety-civility#6. Could not follow redirection (or it was a meaninglessly small page or bot blocked by sessionID).
======== We are on link 11 of 82
========== raw link /community-guidelines/en/safety-civility#7
============ Found Relative: joining https://www.tiktok.com/community-guidelines/en?lang=en and /community-guidelines/en/safety-civility#7
============ Checking for Redirections: https://www.tiktok.com/community-guidelines/en/safety-civility#7
========== dropped link https://www.tiktok.com/community-guidelines/en/safety-civility#7. Could not follow redirection (or it was a meaninglessly small page or bot blocked by sessionID).
======== We are on link 12 of 82
========== raw link /community-guidelines/en/mental-behavioral-health
============ Found Relative: joining https://www.tiktok.com/community-guidelines/en?lang=en and /community-guidelines/en/mental-behavioral-health
============ Checking for Redirections: https://www.tiktok.com/community-guidelines/en/mental-behavioral-health
========== dropped link https://www.tiktok.com/community-guidelines/en/mental-behavioral-health. Could not follow redirection (or it was a meaninglessly small page or bot blocked by sessionID).
======== We are on link 13 of 82
========== raw link /community-guidelines/en/mental-behavioral-health#1
============ Found Relative: joining https://www.tiktok.com/community-guidelines/en?lang=en and /community-guidelines/en/mental-behavioral-health#1
============ Checking for Redirections: https://www.tiktok.com/community-guidelines/en/mental-behavioral-health#1
========== dropped link https://www.tiktok.com/community-guidelines/en/mental-behavioral-health#1. Could not follow redirection (or it was a meaninglessly small page or bot blocked by sessionID).
======== We are on link 14 of 82
========== raw link /community-guidelines/en/mental-behavioral-health#2
============ Found Relative: joining https://www.tiktok.com/community-guidelines/en?lang=en and /community-guidelines/en/mental-behavioral-health#2
============ Checking for Redirections: https://www.tiktok.com/community-guidelines/en/mental-behavioral-health#2
========== dropped link https://www.tiktok.com/community-guidelines/en/mental-behavioral-health#2. Could not follow redirection (or it was a meaninglessly small page or bot blocked by sessionID).
======== We are on link 15 of 82
========== raw link /community-guidelines/en/mental-behavioral-health#3
============ Found Relative: joining https://www.tiktok.com/community-guidelines/en?lang=en and /community-guidelines/en/mental-behavioral-health#3
============ Checking for Redirections: https://www.tiktok.com/community-guidelines/en/mental-behavioral-health#3
========== dropped link https://www.tiktok.com/community-guidelines/en/mental-behavioral-health#3. Could not follow redirection (or it was a meaninglessly small page or bot blocked by sessionID).
======== We are on link 16 of 82
========== raw link /community-guidelines/en/sensitive-mature-themes
============ Found Relative: joining https://www.tiktok.com/community-guidelines/en?lang=en and /community-guidelines/en/sensitive-mature-themes
============ Checking for Redirections: https://www.tiktok.com/community-guidelines/en/sensitive-mature-themes
========== dropped link https://www.tiktok.com/community-guidelines/en/sensitive-mature-themes. Could not follow redirection (or it was a meaninglessly small page or bot blocked by sessionID).
======== We are on link 17 of 82
========== raw link /community-guidelines/en/sensitive-mature-themes#1
============ Found Relative: joining https://www.tiktok.com/community-guidelines/en?lang=en and /community-guidelines/en/sensitive-mature-themes#1
============ Checking for Redirections: https://www.tiktok.com/community-guidelines/en/sensitive-mature-themes#1
========== dropped link https://www.tiktok.com/community-guidelines/en/sensitive-mature-themes#1. Could not follow redirection (or it was a meaninglessly small page or bot blocked by sessionID).
======== We are on link 18 of 82
========== raw link /community-guidelines/en/sensitive-mature-themes#2
============ Found Relative: joining https://www.tiktok.com/community-guidelines/en?lang=en and /community-guidelines/en/sensitive-mature-themes#2
============ Checking for Redirections: https://www.tiktok.com/community-guidelines/en/sensitive-mature-themes#2
========== dropped link https://www.tiktok.com/community-guidelines/en/sensitive-mature-themes#2. Could not follow redirection (or it was a meaninglessly small page or bot blocked by sessionID).
======== We are on link 19 of 82
========== raw link /community-guidelines/en/sensitive-mature-themes#3
============ Found Relative: joining https://www.tiktok.com/community-guidelines/en?lang=en and /community-guidelines/en/sensitive-mature-themes#3
============ Checking for Redirections: https://www.tiktok.com/community-guidelines/en/sensitive-mature-themes#3
========== dropped link https://www.tiktok.com/community-guidelines/en/sensitive-mature-themes#3. Could not follow redirection (or it was a meaninglessly small page or bot blocked by sessionID).
======== We are on link 20 of 82
========== raw link /community-guidelines/en/sensitive-mature-themes#4
============ Found Relative: joining https://www.tiktok.com/community-guidelines/en?lang=en and /community-guidelines/en/sensitive-mature-themes#4
============ Checking for Redirections: https://www.tiktok.com/community-guidelines/en/sensitive-mature-themes#4
========== dropped link https://www.tiktok.com/community-guidelines/en/sensitive-mature-themes#4. Could not follow redirection (or it was a meaninglessly small page or bot blocked by sessionID).
======== We are on link 21 of 82
========== raw link /community-guidelines/en/sensitive-mature-themes#5
============ Found Relative: joining https://www.tiktok.com/community-guidelines/en?lang=en and /community-guidelines/en/sensitive-mature-themes#5
============ Checking for Redirections: https://www.tiktok.com/community-guidelines/en/sensitive-mature-themes#5
========== dropped link https://www.tiktok.com/community-guidelines/en/sensitive-mature-themes#5. Could not follow redirection (or it was a meaninglessly small page or bot blocked by sessionID).
======== We are on link 22 of 82
========== raw link /community-guidelines/en/integrity-authenticity
============ Found Relative: joining https://www.tiktok.com/community-guidelines/en?lang=en and /community-guidelines/en/integrity-authenticity
============ Checking for Redirections: https://www.tiktok.com/community-guidelines/en/integrity-authenticity
========== dropped link https://www.tiktok.com/community-guidelines/en/integrity-authenticity. Could not follow redirection (or it was a meaninglessly small page or bot blocked by sessionID).
======== We are on link 23 of 82
========== raw link /community-guidelines/en/integrity-authenticity#1
============ Found Relative: joining https://www.tiktok.com/community-guidelines/en?lang=en and /community-guidelines/en/integrity-authenticity#1
============ Checking for Redirections: https://www.tiktok.com/community-guidelines/en/integrity-authenticity#1
========== dropped link https://www.tiktok.com/community-guidelines/en/integrity-authenticity#1. Could not follow redirection (or it was a meaninglessly small page or bot blocked by sessionID).
======== We are on link 24 of 82
========== raw link /community-guidelines/en/integrity-authenticity#2
============ Found Relative: joining https://www.tiktok.com/community-guidelines/en?lang=en and /community-guidelines/en/integrity-authenticity#2
============ Checking for Redirections: https://www.tiktok.com/community-guidelines/en/integrity-authenticity#2
========== dropped link https://www.tiktok.com/community-guidelines/en/integrity-authenticity#2. Could not follow redirection (or it was a meaninglessly small page or bot blocked by sessionID).
======== We are on link 25 of 82
========== raw link /community-guidelines/en/integrity-authenticity#3
============ Found Relative: joining https://www.tiktok.com/community-guidelines/en?lang=en and /community-guidelines/en/integrity-authenticity#3
============ Checking for Redirections: https://www.tiktok.com/community-guidelines/en/integrity-authenticity#3
========== dropped link https://www.tiktok.com/community-guidelines/en/integrity-authenticity#3. Could not follow redirection (or it was a meaninglessly small page or bot blocked by sessionID).
======== We are on link 26 of 82
========== raw link /community-guidelines/en/integrity-authenticity#4
============ Found Relative: joining https://www.tiktok.com/community-guidelines/en?lang=en and /community-guidelines/en/integrity-authenticity#4
============ Checking for Redirections: https://www.tiktok.com/community-guidelines/en/integrity-authenticity#4
========== dropped link https://www.tiktok.com/community-guidelines/en/integrity-authenticity#4. Could not follow redirection (or it was a meaninglessly small page or bot blocked by sessionID).
======== We are on link 27 of 82
========== raw link /community-guidelines/en/integrity-authenticity#5
============ Found Relative: joining https://www.tiktok.com/community-guidelines/en?lang=en and /community-guidelines/en/integrity-authenticity#5
============ Checking for Redirections: https://www.tiktok.com/community-guidelines/en/integrity-authenticity#5
========== dropped link https://www.tiktok.com/community-guidelines/en/integrity-authenticity#5. Could not follow redirection (or it was a meaninglessly small page or bot blocked by sessionID).
======== We are on link 28 of 82
========== raw link /community-guidelines/en/integrity-authenticity#6
============ Found Relative: joining https://www.tiktok.com/community-guidelines/en?lang=en and /community-guidelines/en/integrity-authenticity#6
============ Checking for Redirections: https://www.tiktok.com/community-guidelines/en/integrity-authenticity#6
========== dropped link https://www.tiktok.com/community-guidelines/en/integrity-authenticity#6. Could not follow redirection (or it was a meaninglessly small page or bot blocked by sessionID).
======== We are on link 29 of 82
========== raw link /community-guidelines/en/regulated-commercial-activities
============ Found Relative: joining https://www.tiktok.com/community-guidelines/en?lang=en and /community-guidelines/en/regulated-commercial-activities
============ Checking for Redirections: https://www.tiktok.com/community-guidelines/en/regulated-commercial-activities
========== dropped link https://www.tiktok.com/community-guidelines/en/regulated-commercial-activities. Could not follow redirection (or it was a meaninglessly small page or bot blocked by sessionID).
======== We are on link 30 of 82
========== raw link /community-guidelines/en/regulated-commercial-activities#1
============ Found Relative: joining https://www.tiktok.com/community-guidelines/en?lang=en and /community-guidelines/en/regulated-commercial-activities#1
============ Checking for Redirections: https://www.tiktok.com/community-guidelines/en/regulated-commercial-activities#1
========== dropped link https://www.tiktok.com/community-guidelines/en/regulated-commercial-activities#1. Could not follow redirection (or it was a meaninglessly small page or bot blocked by sessionID).
======== We are on link 31 of 82
========== raw link /community-guidelines/en/regulated-commercial-activities#2
============ Found Relative: joining https://www.tiktok.com/community-guidelines/en?lang=en and /community-guidelines/en/regulated-commercial-activities#2
============ Checking for Redirections: https://www.tiktok.com/community-guidelines/en/regulated-commercial-activities#2
========== dropped link https://www.tiktok.com/community-guidelines/en/regulated-commercial-activities#2. Could not follow redirection (or it was a meaninglessly small page or bot blocked by sessionID).
======== We are on link 32 of 82
========== raw link /community-guidelines/en/regulated-commercial-activities#3
============ Found Relative: joining https://www.tiktok.com/community-guidelines/en?lang=en and /community-guidelines/en/regulated-commercial-activities#3
============ Checking for Redirections: https://www.tiktok.com/community-guidelines/en/regulated-commercial-activities#3
========== dropped link https://www.tiktok.com/community-guidelines/en/regulated-commercial-activities#3. Could not follow redirection (or it was a meaninglessly small page or bot blocked by sessionID).
======== We are on link 33 of 82
========== raw link /community-guidelines/en/regulated-commercial-activities#4
============ Found Relative: joining https://www.tiktok.com/community-guidelines/en?lang=en and /community-guidelines/en/regulated-commercial-activities#4
============ Checking for Redirections: https://www.tiktok.com/community-guidelines/en/regulated-commercial-activities#4
========== dropped link https://www.tiktok.com/community-guidelines/en/regulated-commercial-activities#4. Could not follow redirection (or it was a meaninglessly small page or bot blocked by sessionID).
======== We are on link 34 of 82
========== raw link /community-guidelines/en/regulated-commercial-activities#5
============ Found Relative: joining https://www.tiktok.com/community-guidelines/en?lang=en and /community-guidelines/en/regulated-commercial-activities#5
============ Checking for Redirections: https://www.tiktok.com/community-guidelines/en/regulated-commercial-activities#5
========== dropped link https://www.tiktok.com/community-guidelines/en/regulated-commercial-activities#5. Could not follow redirection (or it was a meaninglessly small page or bot blocked by sessionID).
======== We are on link 35 of 82
========== raw link /community-guidelines/en/regulated-commercial-activities#6
============ Found Relative: joining https://www.tiktok.com/community-guidelines/en?lang=en and /community-guidelines/en/regulated-commercial-activities#6
============ Checking for Redirections: https://www.tiktok.com/community-guidelines/en/regulated-commercial-activities#6
========== dropped link https://www.tiktok.com/community-guidelines/en/regulated-commercial-activities#6. Could not follow redirection (or it was a meaninglessly small page or bot blocked by sessionID).
======== We are on link 36 of 82
========== raw link /community-guidelines/en/privacy-security
============ Found Relative: joining https://www.tiktok.com/community-guidelines/en?lang=en and /community-guidelines/en/privacy-security
============ Checking for Redirections: https://www.tiktok.com/community-guidelines/en/privacy-security
========== dropped link https://www.tiktok.com/community-guidelines/en/privacy-security. Could not follow redirection (or it was a meaninglessly small page or bot blocked by sessionID).
======== We are on link 37 of 82
========== raw link /community-guidelines/en/privacy-security#1
============ Found Relative: joining https://www.tiktok.com/community-guidelines/en?lang=en and /community-guidelines/en/privacy-security#1
============ Checking for Redirections: https://www.tiktok.com/community-guidelines/en/privacy-security#1
========== dropped link https://www.tiktok.com/community-guidelines/en/privacy-security#1. Could not follow redirection (or it was a meaninglessly small page or bot blocked by sessionID).
======== We are on link 38 of 82
========== raw link /community-guidelines/en/privacy-security#2
============ Found Relative: joining https://www.tiktok.com/community-guidelines/en?lang=en and /community-guidelines/en/privacy-security#2
============ Checking for Redirections: https://www.tiktok.com/community-guidelines/en/privacy-security#2
========== dropped link https://www.tiktok.com/community-guidelines/en/privacy-security#2. Could not follow redirection (or it was a meaninglessly small page or bot blocked by sessionID).
======== We are on link 39 of 82
========== raw link /community-guidelines/en/fyf-standards
============ Found Relative: joining https://www.tiktok.com/community-guidelines/en?lang=en and /community-guidelines/en/fyf-standards
============ Checking for Redirections: https://www.tiktok.com/community-guidelines/en/fyf-standards
========== dropped link https://www.tiktok.com/community-guidelines/en/fyf-standards. Could not follow redirection (or it was a meaninglessly small page or bot blocked by sessionID).
======== We are on link 40 of 82
========== raw link /community-guidelines/en/accounts-features
============ Found Relative: joining https://www.tiktok.com/community-guidelines/en?lang=en and /community-guidelines/en/accounts-features
============ Checking for Redirections: https://www.tiktok.com/community-guidelines/en/accounts-features
========== dropped link https://www.tiktok.com/community-guidelines/en/accounts-features. Could not follow redirection (or it was a meaninglessly small page or bot blocked by sessionID).
======== We are on link 41 of 82
========== raw link /community-guidelines/en/accounts-features#1
============ Found Relative: joining https://www.tiktok.com/community-guidelines/en?lang=en and /community-guidelines/en/accounts-features#1
============ Checking for Redirections: https://www.tiktok.com/community-guidelines/en/accounts-features#1
========== dropped link https://www.tiktok.com/community-guidelines/en/accounts-features#1. Could not follow redirection (or it was a meaninglessly small page or bot blocked by sessionID).
======== We are on link 42 of 82
========== raw link /community-guidelines/en/accounts-features#2
============ Found Relative: joining https://www.tiktok.com/community-guidelines/en?lang=en and /community-guidelines/en/accounts-features#2
============ Checking for Redirections: https://www.tiktok.com/community-guidelines/en/accounts-features#2
========== dropped link https://www.tiktok.com/community-guidelines/en/accounts-features#2. Could not follow redirection (or it was a meaninglessly small page or bot blocked by sessionID).
======== We are on link 43 of 82
========== raw link /community-guidelines/en/accounts-features#3
============ Found Relative: joining https://www.tiktok.com/community-guidelines/en?lang=en and /community-guidelines/en/accounts-features#3
============ Checking for Redirections: https://www.tiktok.com/community-guidelines/en/accounts-features#3
========== dropped link https://www.tiktok.com/community-guidelines/en/accounts-features#3. Could not follow redirection (or it was a meaninglessly small page or bot blocked by sessionID).
======== We are on link 44 of 82
========== raw link /community-guidelines/en/accounts-features#4
============ Found Relative: joining https://www.tiktok.com/community-guidelines/en?lang=en and /community-guidelines/en/accounts-features#4
============ Checking for Redirections: https://www.tiktok.com/community-guidelines/en/accounts-features#4
========== dropped link https://www.tiktok.com/community-guidelines/en/accounts-features#4. Could not follow redirection (or it was a meaninglessly small page or bot blocked by sessionID).
======== We are on link 45 of 82
========== raw link /community-guidelines/en/accounts-features#5
============ Found Relative: joining https://www.tiktok.com/community-guidelines/en?lang=en and /community-guidelines/en/accounts-features#5
============ Checking for Redirections: https://www.tiktok.com/community-guidelines/en/accounts-features#5
========== dropped link https://www.tiktok.com/community-guidelines/en/accounts-features#5. Could not follow redirection (or it was a meaninglessly small page or bot blocked by sessionID).
======== We are on link 46 of 82
========== raw link /community-guidelines/en/accounts-features#6
============ Found Relative: joining https://www.tiktok.com/community-guidelines/en?lang=en and /community-guidelines/en/accounts-features#6
============ Checking for Redirections: https://www.tiktok.com/community-guidelines/en/accounts-features#6
========== dropped link https://www.tiktok.com/community-guidelines/en/accounts-features#6. Could not follow redirection (or it was a meaninglessly small page or bot blocked by sessionID).
======== We are on link 47 of 82
========== raw link /community-guidelines/en/enforcement
============ Found Relative: joining https://www.tiktok.com/community-guidelines/en?lang=en and /community-guidelines/en/enforcement
============ Checking for Redirections: https://www.tiktok.com/community-guidelines/en/enforcement
========== dropped link https://www.tiktok.com/community-guidelines/en/enforcement. Could not follow redirection (or it was a meaninglessly small page or bot blocked by sessionID).
======== We are on link 48 of 82
========== raw link /community-guidelines/en/enforcement#1
============ Found Relative: joining https://www.tiktok.com/community-guidelines/en?lang=en and /community-guidelines/en/enforcement#1
============ Checking for Redirections: https://www.tiktok.com/community-guidelines/en/enforcement#1
========== dropped link https://www.tiktok.com/community-guidelines/en/enforcement#1. Could not follow redirection (or it was a meaninglessly small page or bot blocked by sessionID).
======== We are on link 49 of 82
========== raw link /community-guidelines/en/enforcement#2
============ Found Relative: joining https://www.tiktok.com/community-guidelines/en?lang=en and /community-guidelines/en/enforcement#2
============ Checking for Redirections: https://www.tiktok.com/community-guidelines/en/enforcement#2
========== dropped link https://www.tiktok.com/community-guidelines/en/enforcement#2. Could not follow redirection (or it was a meaninglessly small page or bot blocked by sessionID).
======== We are on link 50 of 82
========== raw link /community-guidelines/en/enforcement#3
============ Found Relative: joining https://www.tiktok.com/community-guidelines/en?lang=en and /community-guidelines/en/enforcement#3
============ Checking for Redirections: https://www.tiktok.com/community-guidelines/en/enforcement#3
========== dropped link https://www.tiktok.com/community-guidelines/en/enforcement#3. Could not follow redirection (or it was a meaninglessly small page or bot blocked by sessionID).
======== We are on link 51 of 82
========== raw link /community-guidelines/en/youth-safety/?cgversion=2024H1update&lang=en
============ Found Relative: joining https://www.tiktok.com/community-guidelines/en?lang=en and /community-guidelines/en/youth-safety/?cgversion=2024H1update&lang=en
============ Checking for Redirections: https://www.tiktok.com/community-guidelines/en/youth-safety/?cgversion=2024H1update&lang=en
========== dropped link https://www.tiktok.com/community-guidelines/en/youth-safety/?cgversion=2024H1update&lang=en. Could not follow redirection (or it was a meaninglessly small page or bot blocked by sessionID).
======== We are on link 52 of 82
========== raw link /community-guidelines/en/fyf-standards/?cgversion=2024H1update&lang=en
============ Found Relative: joining https://www.tiktok.com/community-guidelines/en?lang=en and /community-guidelines/en/fyf-standards/?cgversion=2024H1update&lang=en
============ Checking for Redirections: https://www.tiktok.com/community-guidelines/en/fyf-standards/?cgversion=2024H1update&lang=en
========== dropped link https://www.tiktok.com/community-guidelines/en/fyf-standards/?cgversion=2024H1update&lang=en. Could not follow redirection (or it was a meaninglessly small page or bot blocked by sessionID).
======== We are on link 53 of 82
========== raw link https://www.tiktok.com/safety/community-controls/?lang=en
============ Checking for Redirections: https://www.tiktok.com/safety/community-controls/?lang=en
========== dropped link https://www.tiktok.com/safety/community-controls/?lang=en. Could not follow redirection (or it was a meaninglessly small page or bot blocked by sessionID).
======== We are on link 54 of 82
========== raw link https://support.tiktok.com/en/account-and-privacy
============ Checking for Redirections: https://support.tiktok.com/en/account-and-privacy
========== dropped link https://support.tiktok.com/en/account-and-privacy. Could not follow redirection (or it was a meaninglessly small page or bot blocked by sessionID).
======== We are on link 55 of 82
========== raw link https://www.tiktok.com/safety?lang=en
============ Checking for Redirections: https://www.tiktok.com/safety?lang=en
========== dropped link https://www.tiktok.com/safety?lang=en. Could not follow redirection (or it was a meaninglessly small page or bot blocked by sessionID).
======== We are on link 56 of 82
========== raw link /community-guidelines/en/community-principles
============ Found Relative: joining https://www.tiktok.com/community-guidelines/en?lang=en and /community-guidelines/en/community-principles
============ Checking for Redirections: https://www.tiktok.com/community-guidelines/en/community-principles
========== dropped link https://www.tiktok.com/community-guidelines/en/community-principles. Could not follow redirection (or it was a meaninglessly small page or bot blocked by sessionID).
======== We are on link 57 of 82
========== raw link https://www.tiktok.com
============ Checking for Redirections: https://www.tiktok.com
========== dropped link https://www.tiktok.com. Could not follow redirection (or it was a meaninglessly small page or bot blocked by sessionID).
======== We are on link 58 of 82
========== raw link https://www.tiktok.com/about?lang=en
============ Checking for Redirections: https://www.tiktok.com/about?lang=en
========== dropped link https://www.tiktok.com/about?lang=en. Could not follow redirection (or it was a meaninglessly small page or bot blocked by sessionID).
======== We are on link 59 of 82
========== raw link https://newsroom.tiktok.com?lang=en
============ Checking for Redirections: https://newsroom.tiktok.com?lang=en
============ Followed Redirection to https://newsroom.tiktok.com/en-us/
============ Link after cleaning: https://newsroom.tiktok.com/en-us/
========== link already checked
======== We are on link 60 of 82
========== raw link https://www.tiktok.com/about/contact?lang=en
============ Checking for Redirections: https://www.tiktok.com/about/contact?lang=en
========== dropped link https://www.tiktok.com/about/contact?lang=en. Could not follow redirection (or it was a meaninglessly small page or bot blocked by sessionID).
======== We are on link 61 of 82
========== raw link https://careers.tiktok.com?lang=en
============ Checking for Redirections: https://careers.tiktok.com?lang=en
============ Followed Redirection to https://lifeattiktok.com/?lang=en
============ Link after cleaning: https://lifeattiktok.com/
========== link already checked
======== We are on link 62 of 82
========== raw link https://www.bytedance.com?lang=en
========== dropped link https://www.bytedance.com?lang=en. Didn't pass first allows/blocks test.
======== We are on link 63 of 82
========== raw link https://www.tiktok.com/for-good?lang=en
============ Checking for Redirections: https://www.tiktok.com/for-good?lang=en
========== dropped link https://www.tiktok.com/for-good?lang=en. Could not follow redirection (or it was a meaninglessly small page or bot blocked by sessionID).
======== We are on link 64 of 82
========== raw link https://developers.tiktok.com?lang=en
============ Checking for Redirections: https://developers.tiktok.com?lang=en
============ Followed Redirection to https://developers.tiktok.com/?lang=en
============ Link after cleaning: https://developers.tiktok.com/
========== link already checked
======== We are on link 65 of 82
========== raw link https://effecthouse.tiktok.com?lang=en
============ Checking for Redirections: https://effecthouse.tiktok.com?lang=en
============ Followed Redirection to https://effecthouse.tiktok.com/?lang=en
============ Link after cleaning: https://effecthouse.tiktok.com/
========== link already checked
======== We are on link 66 of 82
========== raw link https://www.tiktok.com/business?lang=en
============ Checking for Redirections: https://www.tiktok.com/business?lang=en
========== dropped link https://www.tiktok.com/business?lang=en. Could not follow redirection (or it was a meaninglessly small page or bot blocked by sessionID).
======== We are on link 67 of 82
========== raw link https://www.tiktok.com/browse?lang=en
============ Checking for Redirections: https://www.tiktok.com/browse?lang=en
========== dropped link https://www.tiktok.com/browse?lang=en. Could not follow redirection (or it was a meaninglessly small page or bot blocked by sessionID).
======== We are on link 68 of 82
========== raw link https://www.tiktok.com/embed?lang=en
============ Checking for Redirections: https://www.tiktok.com/embed?lang=en
========== dropped link https://www.tiktok.com/embed?lang=en. Could not follow redirection (or it was a meaninglessly small page or bot blocked by sessionID).
======== We are on link 69 of 82
========== raw link https://www.tiktok.com/tiktok-rewards?lang=en
============ Checking for Redirections: https://www.tiktok.com/tiktok-rewards?lang=en
========== dropped link https://www.tiktok.com/tiktok-rewards?lang=en. Could not follow redirection (or it was a meaninglessly small page or bot blocked by sessionID).
======== We are on link 70 of 82
========== raw link https://www.tiktok.com/download/en
============ Checking for Redirections: https://www.tiktok.com/download/en
========== dropped link https://www.tiktok.com/download/en. Could not follow redirection (or it was a meaninglessly small page or bot blocked by sessionID).
======== We are on link 71 of 82
========== raw link https://support.tiktok.com?lang=en
============ Checking for Redirections: https://support.tiktok.com?lang=en
========== dropped link https://support.tiktok.com?lang=en. Could not follow redirection (or it was a meaninglessly small page or bot blocked by sessionID).
======== We are on link 72 of 82
========== raw link https://www.tiktok.com/safety?lang=en
============ Checking for Redirections: https://www.tiktok.com/safety?lang=en
========== dropped link https://www.tiktok.com/safety?lang=en. Could not follow redirection (or it was a meaninglessly small page or bot blocked by sessionID).
======== We are on link 73 of 82
========== raw link https://www.tiktok.com/privacy/overview?lang=en
============ Checking for Redirections: https://www.tiktok.com/privacy/overview?lang=en
========== dropped link https://www.tiktok.com/privacy/overview?lang=en. Could not follow redirection (or it was a meaninglessly small page or bot blocked by sessionID).
======== We are on link 74 of 82
========== raw link https://www.tiktok.com/creator-academy?lang=en
============ Checking for Redirections: https://www.tiktok.com/creator-academy?lang=en
========== dropped link https://www.tiktok.com/creator-academy?lang=en. Could not follow redirection (or it was a meaninglessly small page or bot blocked by sessionID).
======== We are on link 75 of 82
========== raw link https://www.tiktok.com/community-guidelines?lang=en
============ Checking for Redirections: https://www.tiktok.com/community-guidelines?lang=en
========== dropped link https://www.tiktok.com/community-guidelines?lang=en. Could not follow redirection (or it was a meaninglessly small page or bot blocked by sessionID).
======== We are on link 76 of 82
========== raw link https://www.tiktok.com/transparency?lang=en
============ Checking for Redirections: https://www.tiktok.com/transparency?lang=en
========== dropped link https://www.tiktok.com/transparency?lang=en. Could not follow redirection (or it was a meaninglessly small page or bot blocked by sessionID).
======== We are on link 77 of 82
========== raw link https://www.tiktok.com/accessibility?lang=en
============ Checking for Redirections: https://www.tiktok.com/accessibility?lang=en
========== dropped link https://www.tiktok.com/accessibility?lang=en. Could not follow redirection (or it was a meaninglessly small page or bot blocked by sessionID).
======== We are on link 78 of 82
========== raw link https://www.tiktok.com/legal/terms-of-service?lang=en
============ Checking for Redirections: https://www.tiktok.com/legal/terms-of-service?lang=en
========== dropped link https://www.tiktok.com/legal/terms-of-service?lang=en. Could not follow redirection (or it was a meaninglessly small page or bot blocked by sessionID).
======== We are on link 79 of 82
========== raw link https://www.tiktok.com/legal/privacy-policy?lang=en
============ Checking for Redirections: https://www.tiktok.com/legal/privacy-policy?lang=en
========== dropped link https://www.tiktok.com/legal/privacy-policy?lang=en. Could not follow redirection (or it was a meaninglessly small page or bot blocked by sessionID).
======== We are on link 80 of 82
========== raw link https://www.tiktok.com/legal/copyright-policy?lang=en
============ Checking for Redirections: https://www.tiktok.com/legal/copyright-policy?lang=en
========== dropped link https://www.tiktok.com/legal/copyright-policy?lang=en. Could not follow redirection (or it was a meaninglessly small page or bot blocked by sessionID).
======== We are on link 81 of 82
========== raw link https://www.tiktok.com/legal/law-enforcement?lang=en
============ Checking for Redirections: https://www.tiktok.com/legal/law-enforcement?lang=en
========== dropped link https://www.tiktok.com/legal/law-enforcement?lang=en. Could not follow redirection (or it was a meaninglessly small page or bot blocked by sessionID).
======== We are on link 82 of 82
========== raw link https://www.tiktok.com/legal/privacy-policy-for-younger-users?lang=en
============ Checking for Redirections: https://www.tiktok.com/legal/privacy-policy-for-younger-users?lang=en
========== dropped link https://www.tiktok.com/legal/privacy-policy-for-younger-users?lang=en. Could not follow redirection (or it was a meaninglessly small page or bot blocked by sessionID).
====== We are on page 4 of 9: https://support.tiktok.com/en/using-tiktok/creating-videos/ai-generated-content
====== Number of Links on this Page: 43
======== We are on link 1 of 43
========== raw link https://support.tiktok.com?lang=en
============ Checking for Redirections: https://support.tiktok.com?lang=en
========== dropped link https://support.tiktok.com?lang=en. Could not follow redirection (or it was a meaninglessly small page or bot blocked by sessionID).
======== We are on link 2 of 43
========== raw link /en
============ Found Relative: joining https://support.tiktok.com/en/using-tiktok/creating-videos/ai-generated-content and /en
============ Checking for Redirections: https://support.tiktok.com/en
============ Link after cleaning: https://support.tiktok.com/en
========== link already checked
======== We are on link 3 of 43
========== raw link #1
========== dropped link (either fragment ("#"), js, mailto, comment, pdf, or empty)
======== We are on link 4 of 43
========== raw link #2
========== dropped link (either fragment ("#"), js, mailto, comment, pdf, or empty)
======== We are on link 5 of 43
========== raw link #3
========== dropped link (either fragment ("#"), js, mailto, comment, pdf, or empty)
======== We are on link 6 of 43
========== raw link #4
========== dropped link (either fragment ("#"), js, mailto, comment, pdf, or empty)
======== We are on link 7 of 43
========== raw link #5
========== dropped link (either fragment ("#"), js, mailto, comment, pdf, or empty)
======== We are on link 8 of 43
========== raw link #6
========== dropped link (either fragment ("#"), js, mailto, comment, pdf, or empty)
======== We are on link 9 of 43
========== raw link #7
========== dropped link (either fragment ("#"), js, mailto, comment, pdf, or empty)
======== We are on link 10 of 43
========== raw link https://www.tiktok.com/community-guidelines/en/overview?cgversion=2024H1update
============ Checking for Redirections: https://www.tiktok.com/community-guidelines/en/overview?cgversion=2024H1update
========== dropped link https://www.tiktok.com/community-guidelines/en/overview?cgversion=2024H1update. Could not follow redirection (or it was a meaninglessly small page or bot blocked by sessionID).
======== We are on link 11 of 43
========== raw link https://support.tiktok.com/en/using-tiktok/creating-videos/ai-generated-content#6
============ Checking for Redirections: https://support.tiktok.com/en/using-tiktok/creating-videos/ai-generated-content#6
============ Link after cleaning: https://support.tiktok.com/en/using-tiktok/creating-videos/ai-generated-content
========== link already checked
======== We are on link 12 of 43
========== raw link https://www.tiktok.com/legal/page/us/terms-of-service/en
============ Checking for Redirections: https://www.tiktok.com/legal/page/us/terms-of-service/en
========== dropped link https://www.tiktok.com/legal/page/us/terms-of-service/en. Could not follow redirection (or it was a meaninglessly small page or bot blocked by sessionID).
======== We are on link 13 of 43
========== raw link #8
========== dropped link (either fragment ("#"), js, mailto, comment, pdf, or empty)
======== We are on link 14 of 43
========== raw link https://newsroom.tiktok.com/en-us/partnering-with-our-industry-to-advance-ai-transparency-and-literacy
============ Checking for Redirections: https://newsroom.tiktok.com/en-us/partnering-with-our-industry-to-advance-ai-transparency-and-literacy
============ Link unchanged
========== link already checked
======== We are on link 15 of 43
========== raw link https://www.tiktok.com/community-guidelines/en/integrity-authenticity?cgversion=2024H1update#3
============ Checking for Redirections: https://www.tiktok.com/community-guidelines/en/integrity-authenticity?cgversion=2024H1update#3
============ Link after cleaning: https://www.tiktok.com/community-guidelines/en/integrity-authenticity
========== scraping https://www.tiktok.com/community-guidelines/en/integrity-authenticity
============ New link added. Search term (AI ) found on https://www.tiktok.com/community-guidelines/en/integrity-authenticity.
======== We are on link 16 of 43
========== raw link https://support.tiktok.com/en/safety-hc/report-a-problem/report-a-video
============ Checking for Redirections: https://support.tiktok.com/en/safety-hc/report-a-problem/report-a-video
============ Link unchanged
========== scraping https://support.tiktok.com/en/safety-hc/report-a-problem/report-a-video
======== We are on link 17 of 43
========== raw link https://www.tiktok.com/community-guidelines/en/integrity-authenticity?cgversion=2024H1update
============ Checking for Redirections: https://www.tiktok.com/community-guidelines/en/integrity-authenticity?cgversion=2024H1update
============ Link after cleaning: https://www.tiktok.com/community-guidelines/en/integrity-authenticity
========== link already checked
======== We are on link 18 of 43
========== raw link https://www.tiktok.com/community-guidelines/en/integrity-authenticity?cgversion=2024H1update#3
============ Checking for Redirections: https://www.tiktok.com/community-guidelines/en/integrity-authenticity?cgversion=2024H1update#3
============ Link after cleaning: https://www.tiktok.com/community-guidelines/en/integrity-authenticity
========== link already checked
======== We are on link 19 of 43
========== raw link https://www.tiktok.com/community-guidelines/en/
============ Checking for Redirections: https://www.tiktok.com/community-guidelines/en/
========== dropped link https://www.tiktok.com/community-guidelines/en/. Could not follow redirection (or it was a meaninglessly small page or bot blocked by sessionID).
======== We are on link 20 of 43
========== raw link /en/getting-started/creating-an-account/creating-an-account
============ Found Relative: joining https://support.tiktok.com/en/using-tiktok/creating-videos/ai-generated-content and /en/getting-started/creating-an-account/creating-an-account
============ Checking for Redirections: https://support.tiktok.com/en/getting-started/creating-an-account/creating-an-account
============ Link after cleaning: https://support.tiktok.com/en/getting-started/creating-an-account/creating-an-account
========== scraping https://support.tiktok.com/en/getting-started/creating-an-account/creating-an-account
======== We are on link 21 of 43
========== raw link /en/getting-started/setting-up-your-profile
============ Found Relative: joining https://support.tiktok.com/en/using-tiktok/creating-videos/ai-generated-content and /en/getting-started/setting-up-your-profile
============ Checking for Redirections: https://support.tiktok.com/en/getting-started/setting-up-your-profile
========== dropped link https://support.tiktok.com/en/getting-started/setting-up-your-profile. Could not follow redirection (or it was a meaninglessly small page or bot blocked by sessionID).
======== We are on link 22 of 43
========== raw link https://www.tiktok.com/about
============ Checking for Redirections: https://www.tiktok.com/about
========== dropped link https://www.tiktok.com/about. Could not follow redirection (or it was a meaninglessly small page or bot blocked by sessionID).
======== We are on link 23 of 43
========== raw link https://newsroom.tiktok.com
============ Checking for Redirections: https://newsroom.tiktok.com
============ Followed Redirection to https://newsroom.tiktok.com/en-us/
============ Link after cleaning: https://newsroom.tiktok.com/en-us/
========== link already checked
======== We are on link 24 of 43
========== raw link https://www.tiktok.com/about/contact
============ Checking for Redirections: https://www.tiktok.com/about/contact
========== dropped link https://www.tiktok.com/about/contact. Could not follow redirection (or it was a meaninglessly small page or bot blocked by sessionID).
======== We are on link 25 of 43
========== raw link https://careers.tiktok.com
============ Checking for Redirections: https://careers.tiktok.com
============ Followed Redirection to https://lifeattiktok.com/
============ Link after cleaning: https://lifeattiktok.com/
========== link already checked
======== We are on link 26 of 43
========== raw link /forgood?lang=en
============ Found Relative: joining https://support.tiktok.com/en/using-tiktok/creating-videos/ai-generated-content and /forgood?lang=en
============ Checking for Redirections: https://support.tiktok.com/forgood?lang=en
============ Followed Redirection to https://support.tiktok.com/en?invalid_lang=forgood
============ Link after cleaning: https://support.tiktok.com/en
========== link already checked
======== We are on link 27 of 43
========== raw link https://developers.tiktok.com/?refer=tiktok_web
============ Checking for Redirections: https://developers.tiktok.com/?refer=tiktok_web
============ Link after cleaning: https://developers.tiktok.com/
========== link already checked
======== We are on link 28 of 43
========== raw link https://effecthouse.tiktok.com/?utm_source=tiktok_web_article
============ Checking for Redirections: https://effecthouse.tiktok.com/?utm_source=tiktok_web_article
============ Link after cleaning: https://effecthouse.tiktok.com/
========== link already checked
======== We are on link 29 of 43
========== raw link https://www.tiktok.com/business/&attr_source=tt_official_site&attr_medium=tt_official_site_guidance
============ Checking for Redirections: https://www.tiktok.com/business/&attr_source=tt_official_site&attr_medium=tt_official_site_guidance
========== dropped link https://www.tiktok.com/business/&attr_source=tt_official_site&attr_medium=tt_official_site_guidance. Could not follow redirection (or it was a meaninglessly small page or bot blocked by sessionID).
======== We are on link 30 of 43
========== raw link https://www.tiktok.com/tiktok-rewards
============ Checking for Redirections: https://www.tiktok.com/tiktok-rewards
========== dropped link https://www.tiktok.com/tiktok-rewards. Could not follow redirection (or it was a meaninglessly small page or bot blocked by sessionID).
======== We are on link 31 of 43
========== raw link https://www.tiktok.com/browse
============ Checking for Redirections: https://www.tiktok.com/browse
========== dropped link https://www.tiktok.com/browse. Could not follow redirection (or it was a meaninglessly small page or bot blocked by sessionID).
======== We are on link 32 of 43
========== raw link https://www.tiktok.com/embed
============ Checking for Redirections: https://www.tiktok.com/embed
========== dropped link https://www.tiktok.com/embed. Could not follow redirection (or it was a meaninglessly small page or bot blocked by sessionID).
======== We are on link 33 of 43
========== raw link https://support.tiktok.com/en
============ Checking for Redirections: https://support.tiktok.com/en
============ Link unchanged
========== link already checked
======== We are on link 34 of 43
========== raw link /article/safety?lang=en
============ Found Relative: joining https://support.tiktok.com/en/using-tiktok/creating-videos/ai-generated-content and /article/safety?lang=en
============ Checking for Redirections: https://support.tiktok.com/article/safety?lang=en
========== dropped link https://support.tiktok.com/article/safety?lang=en. Could not follow redirection (or it was a meaninglessly small page or bot blocked by sessionID).
======== We are on link 35 of 43
========== raw link https://www.tiktok.com/creators/creator-portal/
============ Checking for Redirections: https://www.tiktok.com/creators/creator-portal/
========== dropped link https://www.tiktok.com/creators/creator-portal/. Could not follow redirection (or it was a meaninglessly small page or bot blocked by sessionID).
======== We are on link 36 of 43
========== raw link https://www.tiktok.com/community-guidelines?lang=en
============ Checking for Redirections: https://www.tiktok.com/community-guidelines?lang=en
========== dropped link https://www.tiktok.com/community-guidelines?lang=en. Could not follow redirection (or it was a meaninglessly small page or bot blocked by sessionID).
======== We are on link 37 of 43
========== raw link https://www.tiktok.com/transparency?lang=en
============ Checking for Redirections: https://www.tiktok.com/transparency?lang=en
========== dropped link https://www.tiktok.com/transparency?lang=en. Could not follow redirection (or it was a meaninglessly small page or bot blocked by sessionID).
======== We are on link 38 of 43
========== raw link https://www.tiktok.com/accessibility
============ Checking for Redirections: https://www.tiktok.com/accessibility
========== dropped link https://www.tiktok.com/accessibility. Could not follow redirection (or it was a meaninglessly small page or bot blocked by sessionID).
======== We are on link 39 of 43
========== raw link https://www.tiktok.com/legal/terms-of-service?lang=en
============ Checking for Redirections: https://www.tiktok.com/legal/terms-of-service?lang=en
========== dropped link https://www.tiktok.com/legal/terms-of-service?lang=en. Could not follow redirection (or it was a meaninglessly small page or bot blocked by sessionID).
======== We are on link 40 of 43
========== raw link https://www.tiktok.com/legal/privacy-policy-row?lang=en
============ Checking for Redirections: https://www.tiktok.com/legal/privacy-policy-row?lang=en
========== dropped link https://www.tiktok.com/legal/privacy-policy-row?lang=en. Could not follow redirection (or it was a meaninglessly small page or bot blocked by sessionID).
======== We are on link 41 of 43
========== raw link https://www.tiktok.com/legal/copyright-policy?lang=en
============ Checking for Redirections: https://www.tiktok.com/legal/copyright-policy?lang=en
========== dropped link https://www.tiktok.com/legal/copyright-policy?lang=en. Could not follow redirection (or it was a meaninglessly small page or bot blocked by sessionID).
======== We are on link 42 of 43
========== raw link https://www.tiktok.com/legal/law-enforcement?lang=en
============ Checking for Redirections: https://www.tiktok.com/legal/law-enforcement?lang=en
========== dropped link https://www.tiktok.com/legal/law-enforcement?lang=en. Could not follow redirection (or it was a meaninglessly small page or bot blocked by sessionID).
======== We are on link 43 of 43
========== raw link https://www.tiktok.com/legal/tiktok-website-cookies-policy?lang=en
============ Checking for Redirections: https://www.tiktok.com/legal/tiktok-website-cookies-policy?lang=en
========== dropped link https://www.tiktok.com/legal/tiktok-website-cookies-policy?lang=en. Could not follow redirection (or it was a meaninglessly small page or bot blocked by sessionID).
====== We are on page 5 of 9: https://www.tiktok.com/community-guidelines/en/integrity-authenticity?cgversion=2024H1update#3
====== Number of Links on this Page: 91
======== We are on link 1 of 91
========== raw link /community-guidelines/en/overview?cgversion=2024H1update
============ Found Relative: joining https://www.tiktok.com/community-guidelines/en/integrity-authenticity?cgversion=2024H1update#3 and /community-guidelines/en/overview?cgversion=2024H1update
============ Checking for Redirections: https://www.tiktok.com/community-guidelines/en/overview?cgversion=2024H1update
========== dropped link https://www.tiktok.com/community-guidelines/en/overview?cgversion=2024H1update. Could not follow redirection (or it was a meaninglessly small page or bot blocked by sessionID).
======== We are on link 2 of 91
========== raw link /community-guidelines/en/community-principles?cgversion=2024H1update
============ Found Relative: joining https://www.tiktok.com/community-guidelines/en/integrity-authenticity?cgversion=2024H1update#3 and /community-guidelines/en/community-principles?cgversion=2024H1update
============ Checking for Redirections: https://www.tiktok.com/community-guidelines/en/community-principles?cgversion=2024H1update
========== dropped link https://www.tiktok.com/community-guidelines/en/community-principles?cgversion=2024H1update. Could not follow redirection (or it was a meaninglessly small page or bot blocked by sessionID).
======== We are on link 3 of 91
========== raw link /community-guidelines/en/youth-safety?cgversion=2024H1update
============ Found Relative: joining https://www.tiktok.com/community-guidelines/en/integrity-authenticity?cgversion=2024H1update#3 and /community-guidelines/en/youth-safety?cgversion=2024H1update
============ Checking for Redirections: https://www.tiktok.com/community-guidelines/en/youth-safety?cgversion=2024H1update
========== dropped link https://www.tiktok.com/community-guidelines/en/youth-safety?cgversion=2024H1update. Could not follow redirection (or it was a meaninglessly small page or bot blocked by sessionID).
======== We are on link 4 of 91
========== raw link /community-guidelines/en/safety-civility?cgversion=2024H1update
============ Found Relative: joining https://www.tiktok.com/community-guidelines/en/integrity-authenticity?cgversion=2024H1update#3 and /community-guidelines/en/safety-civility?cgversion=2024H1update
============ Checking for Redirections: https://www.tiktok.com/community-guidelines/en/safety-civility?cgversion=2024H1update
========== dropped link https://www.tiktok.com/community-guidelines/en/safety-civility?cgversion=2024H1update. Could not follow redirection (or it was a meaninglessly small page or bot blocked by sessionID).
======== We are on link 5 of 91
========== raw link /community-guidelines/en/safety-civility?cgversion=2024H1update#1
============ Found Relative: joining https://www.tiktok.com/community-guidelines/en/integrity-authenticity?cgversion=2024H1update#3 and /community-guidelines/en/safety-civility?cgversion=2024H1update#1
============ Checking for Redirections: https://www.tiktok.com/community-guidelines/en/safety-civility?cgversion=2024H1update#1
========== dropped link https://www.tiktok.com/community-guidelines/en/safety-civility?cgversion=2024H1update#1. Could not follow redirection (or it was a meaninglessly small page or bot blocked by sessionID).
======== We are on link 6 of 91
========== raw link /community-guidelines/en/safety-civility?cgversion=2024H1update#2
============ Found Relative: joining https://www.tiktok.com/community-guidelines/en/integrity-authenticity?cgversion=2024H1update#3 and /community-guidelines/en/safety-civility?cgversion=2024H1update#2
============ Checking for Redirections: https://www.tiktok.com/community-guidelines/en/safety-civility?cgversion=2024H1update#2
========== dropped link https://www.tiktok.com/community-guidelines/en/safety-civility?cgversion=2024H1update#2. Could not follow redirection (or it was a meaninglessly small page or bot blocked by sessionID).
======== We are on link 7 of 91
========== raw link /community-guidelines/en/safety-civility?cgversion=2024H1update#3
============ Found Relative: joining https://www.tiktok.com/community-guidelines/en/integrity-authenticity?cgversion=2024H1update#3 and /community-guidelines/en/safety-civility?cgversion=2024H1update#3
============ Checking for Redirections: https://www.tiktok.com/community-guidelines/en/safety-civility?cgversion=2024H1update#3
========== dropped link https://www.tiktok.com/community-guidelines/en/safety-civility?cgversion=2024H1update#3. Could not follow redirection (or it was a meaninglessly small page or bot blocked by sessionID).
======== We are on link 8 of 91
========== raw link /community-guidelines/en/safety-civility?cgversion=2024H1update#4
============ Found Relative: joining https://www.tiktok.com/community-guidelines/en/integrity-authenticity?cgversion=2024H1update#3 and /community-guidelines/en/safety-civility?cgversion=2024H1update#4
============ Checking for Redirections: https://www.tiktok.com/community-guidelines/en/safety-civility?cgversion=2024H1update#4
========== dropped link https://www.tiktok.com/community-guidelines/en/safety-civility?cgversion=2024H1update#4. Could not follow redirection (or it was a meaninglessly small page or bot blocked by sessionID).
======== We are on link 9 of 91
========== raw link /community-guidelines/en/safety-civility?cgversion=2024H1update#5
============ Found Relative: joining https://www.tiktok.com/community-guidelines/en/integrity-authenticity?cgversion=2024H1update#3 and /community-guidelines/en/safety-civility?cgversion=2024H1update#5
============ Checking for Redirections: https://www.tiktok.com/community-guidelines/en/safety-civility?cgversion=2024H1update#5
========== dropped link https://www.tiktok.com/community-guidelines/en/safety-civility?cgversion=2024H1update#5. Could not follow redirection (or it was a meaninglessly small page or bot blocked by sessionID).
======== We are on link 10 of 91
========== raw link /community-guidelines/en/safety-civility?cgversion=2024H1update#6
============ Found Relative: joining https://www.tiktok.com/community-guidelines/en/integrity-authenticity?cgversion=2024H1update#3 and /community-guidelines/en/safety-civility?cgversion=2024H1update#6
============ Checking for Redirections: https://www.tiktok.com/community-guidelines/en/safety-civility?cgversion=2024H1update#6
========== dropped link https://www.tiktok.com/community-guidelines/en/safety-civility?cgversion=2024H1update#6. Could not follow redirection (or it was a meaninglessly small page or bot blocked by sessionID).
======== We are on link 11 of 91
========== raw link /community-guidelines/en/safety-civility?cgversion=2024H1update#7
============ Found Relative: joining https://www.tiktok.com/community-guidelines/en/integrity-authenticity?cgversion=2024H1update#3 and /community-guidelines/en/safety-civility?cgversion=2024H1update#7
============ Checking for Redirections: https://www.tiktok.com/community-guidelines/en/safety-civility?cgversion=2024H1update#7
========== dropped link https://www.tiktok.com/community-guidelines/en/safety-civility?cgversion=2024H1update#7. Could not follow redirection (or it was a meaninglessly small page or bot blocked by sessionID).
======== We are on link 12 of 91
========== raw link /community-guidelines/en/mental-behavioral-health?cgversion=2024H1update
============ Found Relative: joining https://www.tiktok.com/community-guidelines/en/integrity-authenticity?cgversion=2024H1update#3 and /community-guidelines/en/mental-behavioral-health?cgversion=2024H1update
============ Checking for Redirections: https://www.tiktok.com/community-guidelines/en/mental-behavioral-health?cgversion=2024H1update
========== dropped link https://www.tiktok.com/community-guidelines/en/mental-behavioral-health?cgversion=2024H1update. Could not follow redirection (or it was a meaninglessly small page or bot blocked by sessionID).
======== We are on link 13 of 91
========== raw link /community-guidelines/en/mental-behavioral-health?cgversion=2024H1update#1
============ Found Relative: joining https://www.tiktok.com/community-guidelines/en/integrity-authenticity?cgversion=2024H1update#3 and /community-guidelines/en/mental-behavioral-health?cgversion=2024H1update#1
============ Checking for Redirections: https://www.tiktok.com/community-guidelines/en/mental-behavioral-health?cgversion=2024H1update#1
========== dropped link https://www.tiktok.com/community-guidelines/en/mental-behavioral-health?cgversion=2024H1update#1. Could not follow redirection (or it was a meaninglessly small page or bot blocked by sessionID).
======== We are on link 14 of 91
========== raw link /community-guidelines/en/mental-behavioral-health?cgversion=2024H1update#2
============ Found Relative: joining https://www.tiktok.com/community-guidelines/en/integrity-authenticity?cgversion=2024H1update#3 and /community-guidelines/en/mental-behavioral-health?cgversion=2024H1update#2
============ Checking for Redirections: https://www.tiktok.com/community-guidelines/en/mental-behavioral-health?cgversion=2024H1update#2
========== dropped link https://www.tiktok.com/community-guidelines/en/mental-behavioral-health?cgversion=2024H1update#2. Could not follow redirection (or it was a meaninglessly small page or bot blocked by sessionID).
======== We are on link 15 of 91
========== raw link /community-guidelines/en/mental-behavioral-health?cgversion=2024H1update#3
============ Found Relative: joining https://www.tiktok.com/community-guidelines/en/integrity-authenticity?cgversion=2024H1update#3 and /community-guidelines/en/mental-behavioral-health?cgversion=2024H1update#3
============ Checking for Redirections: https://www.tiktok.com/community-guidelines/en/mental-behavioral-health?cgversion=2024H1update#3
========== dropped link https://www.tiktok.com/community-guidelines/en/mental-behavioral-health?cgversion=2024H1update#3. Could not follow redirection (or it was a meaninglessly small page or bot blocked by sessionID).
======== We are on link 16 of 91
========== raw link /community-guidelines/en/sensitive-mature-themes?cgversion=2024H1update
============ Found Relative: joining https://www.tiktok.com/community-guidelines/en/integrity-authenticity?cgversion=2024H1update#3 and /community-guidelines/en/sensitive-mature-themes?cgversion=2024H1update
============ Checking for Redirections: https://www.tiktok.com/community-guidelines/en/sensitive-mature-themes?cgversion=2024H1update
========== dropped link https://www.tiktok.com/community-guidelines/en/sensitive-mature-themes?cgversion=2024H1update. Could not follow redirection (or it was a meaninglessly small page or bot blocked by sessionID).
======== We are on link 17 of 91
========== raw link /community-guidelines/en/sensitive-mature-themes?cgversion=2024H1update#1
============ Found Relative: joining https://www.tiktok.com/community-guidelines/en/integrity-authenticity?cgversion=2024H1update#3 and /community-guidelines/en/sensitive-mature-themes?cgversion=2024H1update#1
============ Checking for Redirections: https://www.tiktok.com/community-guidelines/en/sensitive-mature-themes?cgversion=2024H1update#1
========== dropped link https://www.tiktok.com/community-guidelines/en/sensitive-mature-themes?cgversion=2024H1update#1. Could not follow redirection (or it was a meaninglessly small page or bot blocked by sessionID).
======== We are on link 18 of 91
========== raw link /community-guidelines/en/sensitive-mature-themes?cgversion=2024H1update#2
============ Found Relative: joining https://www.tiktok.com/community-guidelines/en/integrity-authenticity?cgversion=2024H1update#3 and /community-guidelines/en/sensitive-mature-themes?cgversion=2024H1update#2
============ Checking for Redirections: https://www.tiktok.com/community-guidelines/en/sensitive-mature-themes?cgversion=2024H1update#2
========== dropped link https://www.tiktok.com/community-guidelines/en/sensitive-mature-themes?cgversion=2024H1update#2. Could not follow redirection (or it was a meaninglessly small page or bot blocked by sessionID).
======== We are on link 19 of 91
========== raw link /community-guidelines/en/sensitive-mature-themes?cgversion=2024H1update#3
============ Found Relative: joining https://www.tiktok.com/community-guidelines/en/integrity-authenticity?cgversion=2024H1update#3 and /community-guidelines/en/sensitive-mature-themes?cgversion=2024H1update#3
============ Checking for Redirections: https://www.tiktok.com/community-guidelines/en/sensitive-mature-themes?cgversion=2024H1update#3
========== dropped link https://www.tiktok.com/community-guidelines/en/sensitive-mature-themes?cgversion=2024H1update#3. Could not follow redirection (or it was a meaninglessly small page or bot blocked by sessionID).
======== We are on link 20 of 91
========== raw link /community-guidelines/en/sensitive-mature-themes?cgversion=2024H1update#4
============ Found Relative: joining https://www.tiktok.com/community-guidelines/en/integrity-authenticity?cgversion=2024H1update#3 and /community-guidelines/en/sensitive-mature-themes?cgversion=2024H1update#4
============ Checking for Redirections: https://www.tiktok.com/community-guidelines/en/sensitive-mature-themes?cgversion=2024H1update#4
========== dropped link https://www.tiktok.com/community-guidelines/en/sensitive-mature-themes?cgversion=2024H1update#4. Could not follow redirection (or it was a meaninglessly small page or bot blocked by sessionID).
======== We are on link 21 of 91
========== raw link /community-guidelines/en/sensitive-mature-themes?cgversion=2024H1update#5
============ Found Relative: joining https://www.tiktok.com/community-guidelines/en/integrity-authenticity?cgversion=2024H1update#3 and /community-guidelines/en/sensitive-mature-themes?cgversion=2024H1update#5
============ Checking for Redirections: https://www.tiktok.com/community-guidelines/en/sensitive-mature-themes?cgversion=2024H1update#5
========== dropped link https://www.tiktok.com/community-guidelines/en/sensitive-mature-themes?cgversion=2024H1update#5. Could not follow redirection (or it was a meaninglessly small page or bot blocked by sessionID).
======== We are on link 22 of 91
========== raw link /community-guidelines/en/integrity-authenticity?cgversion=2024H1update
============ Found Relative: joining https://www.tiktok.com/community-guidelines/en/integrity-authenticity?cgversion=2024H1update#3 and /community-guidelines/en/integrity-authenticity?cgversion=2024H1update
============ Checking for Redirections: https://www.tiktok.com/community-guidelines/en/integrity-authenticity?cgversion=2024H1update
============ Link after cleaning: https://www.tiktok.com/community-guidelines/en/integrity-authenticity
========== link already checked
======== We are on link 23 of 91
========== raw link /community-guidelines/en/integrity-authenticity?cgversion=2024H1update#1
============ Found Relative: joining https://www.tiktok.com/community-guidelines/en/integrity-authenticity?cgversion=2024H1update#3 and /community-guidelines/en/integrity-authenticity?cgversion=2024H1update#1
============ Checking for Redirections: https://www.tiktok.com/community-guidelines/en/integrity-authenticity?cgversion=2024H1update#1
============ Link after cleaning: https://www.tiktok.com/community-guidelines/en/integrity-authenticity
========== link already checked
======== We are on link 24 of 91
========== raw link /community-guidelines/en/integrity-authenticity?cgversion=2024H1update#2
============ Found Relative: joining https://www.tiktok.com/community-guidelines/en/integrity-authenticity?cgversion=2024H1update#3 and /community-guidelines/en/integrity-authenticity?cgversion=2024H1update#2
============ Checking for Redirections: https://www.tiktok.com/community-guidelines/en/integrity-authenticity?cgversion=2024H1update#2
============ Link after cleaning: https://www.tiktok.com/community-guidelines/en/integrity-authenticity
========== link already checked
======== We are on link 25 of 91
========== raw link /community-guidelines/en/integrity-authenticity?cgversion=2024H1update#3
============ Found Relative: joining https://www.tiktok.com/community-guidelines/en/integrity-authenticity?cgversion=2024H1update#3 and /community-guidelines/en/integrity-authenticity?cgversion=2024H1update#3
============ Checking for Redirections: https://www.tiktok.com/community-guidelines/en/integrity-authenticity?cgversion=2024H1update#3
============ Link after cleaning: https://www.tiktok.com/community-guidelines/en/integrity-authenticity
========== link already checked
======== We are on link 26 of 91
========== raw link /community-guidelines/en/integrity-authenticity?cgversion=2024H1update#4
============ Found Relative: joining https://www.tiktok.com/community-guidelines/en/integrity-authenticity?cgversion=2024H1update#3 and /community-guidelines/en/integrity-authenticity?cgversion=2024H1update#4
============ Checking for Redirections: https://www.tiktok.com/community-guidelines/en/integrity-authenticity?cgversion=2024H1update#4
============ Link after cleaning: https://www.tiktok.com/community-guidelines/en/integrity-authenticity
========== link already checked
======== We are on link 27 of 91
========== raw link /community-guidelines/en/integrity-authenticity?cgversion=2024H1update#5
============ Found Relative: joining https://www.tiktok.com/community-guidelines/en/integrity-authenticity?cgversion=2024H1update#3 and /community-guidelines/en/integrity-authenticity?cgversion=2024H1update#5
============ Checking for Redirections: https://www.tiktok.com/community-guidelines/en/integrity-authenticity?cgversion=2024H1update#5
============ Link after cleaning: https://www.tiktok.com/community-guidelines/en/integrity-authenticity
========== link already checked
======== We are on link 28 of 91
========== raw link /community-guidelines/en/integrity-authenticity?cgversion=2024H1update#6
============ Found Relative: joining https://www.tiktok.com/community-guidelines/en/integrity-authenticity?cgversion=2024H1update#3 and /community-guidelines/en/integrity-authenticity?cgversion=2024H1update#6
============ Checking for Redirections: https://www.tiktok.com/community-guidelines/en/integrity-authenticity?cgversion=2024H1update#6
============ Link after cleaning: https://www.tiktok.com/community-guidelines/en/integrity-authenticity
========== link already checked
======== We are on link 29 of 91
========== raw link /community-guidelines/en/regulated-commercial-activities?cgversion=2024H1update
============ Found Relative: joining https://www.tiktok.com/community-guidelines/en/integrity-authenticity?cgversion=2024H1update#3 and /community-guidelines/en/regulated-commercial-activities?cgversion=2024H1update
============ Checking for Redirections: https://www.tiktok.com/community-guidelines/en/regulated-commercial-activities?cgversion=2024H1update
========== dropped link https://www.tiktok.com/community-guidelines/en/regulated-commercial-activities?cgversion=2024H1update. Could not follow redirection (or it was a meaninglessly small page or bot blocked by sessionID).
======== We are on link 30 of 91
========== raw link /community-guidelines/en/regulated-commercial-activities?cgversion=2024H1update#1
============ Found Relative: joining https://www.tiktok.com/community-guidelines/en/integrity-authenticity?cgversion=2024H1update#3 and /community-guidelines/en/regulated-commercial-activities?cgversion=2024H1update#1
============ Checking for Redirections: https://www.tiktok.com/community-guidelines/en/regulated-commercial-activities?cgversion=2024H1update#1
========== dropped link https://www.tiktok.com/community-guidelines/en/regulated-commercial-activities?cgversion=2024H1update#1. Could not follow redirection (or it was a meaninglessly small page or bot blocked by sessionID).
======== We are on link 31 of 91
========== raw link /community-guidelines/en/regulated-commercial-activities?cgversion=2024H1update#2
============ Found Relative: joining https://www.tiktok.com/community-guidelines/en/integrity-authenticity?cgversion=2024H1update#3 and /community-guidelines/en/regulated-commercial-activities?cgversion=2024H1update#2
============ Checking for Redirections: https://www.tiktok.com/community-guidelines/en/regulated-commercial-activities?cgversion=2024H1update#2
========== dropped link https://www.tiktok.com/community-guidelines/en/regulated-commercial-activities?cgversion=2024H1update#2. Could not follow redirection (or it was a meaninglessly small page or bot blocked by sessionID).
======== We are on link 32 of 91
========== raw link /community-guidelines/en/regulated-commercial-activities?cgversion=2024H1update#3
============ Found Relative: joining https://www.tiktok.com/community-guidelines/en/integrity-authenticity?cgversion=2024H1update#3 and /community-guidelines/en/regulated-commercial-activities?cgversion=2024H1update#3
============ Checking for Redirections: https://www.tiktok.com/community-guidelines/en/regulated-commercial-activities?cgversion=2024H1update#3
========== dropped link https://www.tiktok.com/community-guidelines/en/regulated-commercial-activities?cgversion=2024H1update#3. Could not follow redirection (or it was a meaninglessly small page or bot blocked by sessionID).
======== We are on link 33 of 91
========== raw link /community-guidelines/en/regulated-commercial-activities?cgversion=2024H1update#4
============ Found Relative: joining https://www.tiktok.com/community-guidelines/en/integrity-authenticity?cgversion=2024H1update#3 and /community-guidelines/en/regulated-commercial-activities?cgversion=2024H1update#4
============ Checking for Redirections: https://www.tiktok.com/community-guidelines/en/regulated-commercial-activities?cgversion=2024H1update#4
========== dropped link https://www.tiktok.com/community-guidelines/en/regulated-commercial-activities?cgversion=2024H1update#4. Could not follow redirection (or it was a meaninglessly small page or bot blocked by sessionID).
======== We are on link 34 of 91
========== raw link /community-guidelines/en/regulated-commercial-activities?cgversion=2024H1update#5
============ Found Relative: joining https://www.tiktok.com/community-guidelines/en/integrity-authenticity?cgversion=2024H1update#3 and /community-guidelines/en/regulated-commercial-activities?cgversion=2024H1update#5
============ Checking for Redirections: https://www.tiktok.com/community-guidelines/en/regulated-commercial-activities?cgversion=2024H1update#5
========== dropped link https://www.tiktok.com/community-guidelines/en/regulated-commercial-activities?cgversion=2024H1update#5. Could not follow redirection (or it was a meaninglessly small page or bot blocked by sessionID).
======== We are on link 35 of 91
========== raw link /community-guidelines/en/regulated-commercial-activities?cgversion=2024H1update#6
============ Found Relative: joining https://www.tiktok.com/community-guidelines/en/integrity-authenticity?cgversion=2024H1update#3 and /community-guidelines/en/regulated-commercial-activities?cgversion=2024H1update#6
============ Checking for Redirections: https://www.tiktok.com/community-guidelines/en/regulated-commercial-activities?cgversion=2024H1update#6
========== dropped link https://www.tiktok.com/community-guidelines/en/regulated-commercial-activities?cgversion=2024H1update#6. Could not follow redirection (or it was a meaninglessly small page or bot blocked by sessionID).
======== We are on link 36 of 91
========== raw link /community-guidelines/en/privacy-security?cgversion=2024H1update
============ Found Relative: joining https://www.tiktok.com/community-guidelines/en/integrity-authenticity?cgversion=2024H1update#3 and /community-guidelines/en/privacy-security?cgversion=2024H1update
============ Checking for Redirections: https://www.tiktok.com/community-guidelines/en/privacy-security?cgversion=2024H1update
========== dropped link https://www.tiktok.com/community-guidelines/en/privacy-security?cgversion=2024H1update. Could not follow redirection (or it was a meaninglessly small page or bot blocked by sessionID).
======== We are on link 37 of 91
========== raw link /community-guidelines/en/privacy-security?cgversion=2024H1update#1
============ Found Relative: joining https://www.tiktok.com/community-guidelines/en/integrity-authenticity?cgversion=2024H1update#3 and /community-guidelines/en/privacy-security?cgversion=2024H1update#1
============ Checking for Redirections: https://www.tiktok.com/community-guidelines/en/privacy-security?cgversion=2024H1update#1
========== dropped link https://www.tiktok.com/community-guidelines/en/privacy-security?cgversion=2024H1update#1. Could not follow redirection (or it was a meaninglessly small page or bot blocked by sessionID).
======== We are on link 38 of 91
========== raw link /community-guidelines/en/privacy-security?cgversion=2024H1update#2
============ Found Relative: joining https://www.tiktok.com/community-guidelines/en/integrity-authenticity?cgversion=2024H1update#3 and /community-guidelines/en/privacy-security?cgversion=2024H1update#2
============ Checking for Redirections: https://www.tiktok.com/community-guidelines/en/privacy-security?cgversion=2024H1update#2
========== dropped link https://www.tiktok.com/community-guidelines/en/privacy-security?cgversion=2024H1update#2. Could not follow redirection (or it was a meaninglessly small page or bot blocked by sessionID).
======== We are on link 39 of 91
========== raw link /community-guidelines/en/fyf-standards?cgversion=2024H1update
============ Found Relative: joining https://www.tiktok.com/community-guidelines/en/integrity-authenticity?cgversion=2024H1update#3 and /community-guidelines/en/fyf-standards?cgversion=2024H1update
============ Checking for Redirections: https://www.tiktok.com/community-guidelines/en/fyf-standards?cgversion=2024H1update
========== dropped link https://www.tiktok.com/community-guidelines/en/fyf-standards?cgversion=2024H1update. Could not follow redirection (or it was a meaninglessly small page or bot blocked by sessionID).
======== We are on link 40 of 91
========== raw link /community-guidelines/en/accounts-features?cgversion=2024H1update
============ Found Relative: joining https://www.tiktok.com/community-guidelines/en/integrity-authenticity?cgversion=2024H1update#3 and /community-guidelines/en/accounts-features?cgversion=2024H1update
============ Checking for Redirections: https://www.tiktok.com/community-guidelines/en/accounts-features?cgversion=2024H1update
========== dropped link https://www.tiktok.com/community-guidelines/en/accounts-features?cgversion=2024H1update. Could not follow redirection (or it was a meaninglessly small page or bot blocked by sessionID).
======== We are on link 41 of 91
========== raw link /community-guidelines/en/accounts-features?cgversion=2024H1update#1
============ Found Relative: joining https://www.tiktok.com/community-guidelines/en/integrity-authenticity?cgversion=2024H1update#3 and /community-guidelines/en/accounts-features?cgversion=2024H1update#1
============ Checking for Redirections: https://www.tiktok.com/community-guidelines/en/accounts-features?cgversion=2024H1update#1
========== dropped link https://www.tiktok.com/community-guidelines/en/accounts-features?cgversion=2024H1update#1. Could not follow redirection (or it was a meaninglessly small page or bot blocked by sessionID).
======== We are on link 42 of 91
========== raw link /community-guidelines/en/accounts-features?cgversion=2024H1update#2
============ Found Relative: joining https://www.tiktok.com/community-guidelines/en/integrity-authenticity?cgversion=2024H1update#3 and /community-guidelines/en/accounts-features?cgversion=2024H1update#2
============ Checking for Redirections: https://www.tiktok.com/community-guidelines/en/accounts-features?cgversion=2024H1update#2
========== dropped link https://www.tiktok.com/community-guidelines/en/accounts-features?cgversion=2024H1update#2. Could not follow redirection (or it was a meaninglessly small page or bot blocked by sessionID).
======== We are on link 43 of 91
========== raw link /community-guidelines/en/accounts-features?cgversion=2024H1update#3
============ Found Relative: joining https://www.tiktok.com/community-guidelines/en/integrity-authenticity?cgversion=2024H1update#3 and /community-guidelines/en/accounts-features?cgversion=2024H1update#3
============ Checking for Redirections: https://www.tiktok.com/community-guidelines/en/accounts-features?cgversion=2024H1update#3
========== dropped link https://www.tiktok.com/community-guidelines/en/accounts-features?cgversion=2024H1update#3. Could not follow redirection (or it was a meaninglessly small page or bot blocked by sessionID).
======== We are on link 44 of 91
========== raw link /community-guidelines/en/accounts-features?cgversion=2024H1update#4
============ Found Relative: joining https://www.tiktok.com/community-guidelines/en/integrity-authenticity?cgversion=2024H1update#3 and /community-guidelines/en/accounts-features?cgversion=2024H1update#4
============ Checking for Redirections: https://www.tiktok.com/community-guidelines/en/accounts-features?cgversion=2024H1update#4
========== dropped link https://www.tiktok.com/community-guidelines/en/accounts-features?cgversion=2024H1update#4. Could not follow redirection (or it was a meaninglessly small page or bot blocked by sessionID).
======== We are on link 45 of 91
========== raw link /community-guidelines/en/accounts-features?cgversion=2024H1update#5
============ Found Relative: joining https://www.tiktok.com/community-guidelines/en/integrity-authenticity?cgversion=2024H1update#3 and /community-guidelines/en/accounts-features?cgversion=2024H1update#5
============ Checking for Redirections: https://www.tiktok.com/community-guidelines/en/accounts-features?cgversion=2024H1update#5
========== dropped link https://www.tiktok.com/community-guidelines/en/accounts-features?cgversion=2024H1update#5. Could not follow redirection (or it was a meaninglessly small page or bot blocked by sessionID).
======== We are on link 46 of 91
========== raw link /community-guidelines/en/accounts-features?cgversion=2024H1update#6
============ Found Relative: joining https://www.tiktok.com/community-guidelines/en/integrity-authenticity?cgversion=2024H1update#3 and /community-guidelines/en/accounts-features?cgversion=2024H1update#6
============ Checking for Redirections: https://www.tiktok.com/community-guidelines/en/accounts-features?cgversion=2024H1update#6
========== dropped link https://www.tiktok.com/community-guidelines/en/accounts-features?cgversion=2024H1update#6. Could not follow redirection (or it was a meaninglessly small page or bot blocked by sessionID).
======== We are on link 47 of 91
========== raw link /community-guidelines/en/enforcement?cgversion=2024H1update
============ Found Relative: joining https://www.tiktok.com/community-guidelines/en/integrity-authenticity?cgversion=2024H1update#3 and /community-guidelines/en/enforcement?cgversion=2024H1update
============ Checking for Redirections: https://www.tiktok.com/community-guidelines/en/enforcement?cgversion=2024H1update
========== dropped link https://www.tiktok.com/community-guidelines/en/enforcement?cgversion=2024H1update. Could not follow redirection (or it was a meaninglessly small page or bot blocked by sessionID).
======== We are on link 48 of 91
========== raw link /community-guidelines/en/enforcement?cgversion=2024H1update#1
============ Found Relative: joining https://www.tiktok.com/community-guidelines/en/integrity-authenticity?cgversion=2024H1update#3 and /community-guidelines/en/enforcement?cgversion=2024H1update#1
============ Checking for Redirections: https://www.tiktok.com/community-guidelines/en/enforcement?cgversion=2024H1update#1
========== dropped link https://www.tiktok.com/community-guidelines/en/enforcement?cgversion=2024H1update#1. Could not follow redirection (or it was a meaninglessly small page or bot blocked by sessionID).
======== We are on link 49 of 91
========== raw link /community-guidelines/en/enforcement?cgversion=2024H1update#2
============ Found Relative: joining https://www.tiktok.com/community-guidelines/en/integrity-authenticity?cgversion=2024H1update#3 and /community-guidelines/en/enforcement?cgversion=2024H1update#2
============ Checking for Redirections: https://www.tiktok.com/community-guidelines/en/enforcement?cgversion=2024H1update#2
========== dropped link https://www.tiktok.com/community-guidelines/en/enforcement?cgversion=2024H1update#2. Could not follow redirection (or it was a meaninglessly small page or bot blocked by sessionID).
======== We are on link 50 of 91
========== raw link /community-guidelines/en/enforcement?cgversion=2024H1update#3
============ Found Relative: joining https://www.tiktok.com/community-guidelines/en/integrity-authenticity?cgversion=2024H1update#3 and /community-guidelines/en/enforcement?cgversion=2024H1update#3
============ Checking for Redirections: https://www.tiktok.com/community-guidelines/en/enforcement?cgversion=2024H1update#3
========== dropped link https://www.tiktok.com/community-guidelines/en/enforcement?cgversion=2024H1update#3. Could not follow redirection (or it was a meaninglessly small page or bot blocked by sessionID).
======== We are on link 51 of 91
========== raw link https://www.tiktok.com/safety/safety-partners/?lang=en
============ Checking for Redirections: https://www.tiktok.com/safety/safety-partners/?lang=en
========== dropped link https://www.tiktok.com/safety/safety-partners/?lang=en. Could not follow redirection (or it was a meaninglessly small page or bot blocked by sessionID).
======== We are on link 52 of 91
========== raw link https://newsroom.tiktok.com/en-us/new-prompts-to-help-people-consider-before-they-share
============ Checking for Redirections: https://newsroom.tiktok.com/en-us/new-prompts-to-help-people-consider-before-they-share
============ Link unchanged
========== scraping https://newsroom.tiktok.com/en-us/new-prompts-to-help-people-consider-before-they-share
======== We are on link 53 of 91
========== raw link https://support.tiktok.com/en/using-tiktok/growing-your-audience/government-politician-and-political-party-accounts
============ Checking for Redirections: https://support.tiktok.com/en/using-tiktok/growing-your-audience/government-politician-and-political-party-accounts
============ Link unchanged
========== scraping https://support.tiktok.com/en/using-tiktok/growing-your-audience/government-politician-and-political-party-accounts
======== We are on link 54 of 91
========== raw link https://ads.tiktok.com/help/article/tiktok-ads-policy-politics-religion-and-culture/?lang=en
============ Checking for Redirections: https://ads.tiktok.com/help/article/tiktok-ads-policy-politics-religion-and-culture/?lang=en
============ Link after cleaning: https://ads.tiktok.com/help/article/tiktok-ads-policy-politics-religion-and-culture/
========== scraping https://ads.tiktok.com/help/article/tiktok-ads-policy-politics-religion-and-culture/
======== We are on link 55 of 91
========== raw link https://www.tiktok.com/transparency/protecting-elections/?lang=en
============ Checking for Redirections: https://www.tiktok.com/transparency/protecting-elections/?lang=en
========== dropped link https://www.tiktok.com/transparency/protecting-elections/?lang=en. Could not follow redirection (or it was a meaninglessly small page or bot blocked by sessionID).
======== We are on link 56 of 91
========== raw link https://support.tiktok.com/en/using-tiktok/growing-your-audience/government-politician-and-political-party-accounts
============ Checking for Redirections: https://support.tiktok.com/en/using-tiktok/growing-your-audience/government-politician-and-political-party-accounts
============ Link unchanged
========== link already checked
======== We are on link 57 of 91
========== raw link https://support.tiktok.com/en/using-tiktok/creating-videos/ai-generated-content
============ Checking for Redirections: https://support.tiktok.com/en/using-tiktok/creating-videos/ai-generated-content
============ Link unchanged
========== link already checked
======== We are on link 58 of 91
========== raw link https://support.tiktok.com/en/using-tiktok/creating-videos/ai-generated-content
============ Checking for Redirections: https://support.tiktok.com/en/using-tiktok/creating-videos/ai-generated-content
============ Link unchanged
========== link already checked
======== We are on link 59 of 91
========== raw link https://www.tiktok.com/legal/page/global/copyright-policy/en
============ Checking for Redirections: https://www.tiktok.com/legal/page/global/copyright-policy/en
========== dropped link https://www.tiktok.com/legal/page/global/copyright-policy/en. Could not follow redirection (or it was a meaninglessly small page or bot blocked by sessionID).
======== We are on link 60 of 91
========== raw link https://www.tiktok.com/legal/report/Copyright
============ Checking for Redirections: https://www.tiktok.com/legal/report/Copyright
========== dropped link https://www.tiktok.com/legal/report/Copyright. Could not follow redirection (or it was a meaninglessly small page or bot blocked by sessionID).
======== We are on link 61 of 91
========== raw link https://www.tiktok.com/legal/report/Trademark
============ Checking for Redirections: https://www.tiktok.com/legal/report/Trademark
========== dropped link https://www.tiktok.com/legal/report/Trademark. Could not follow redirection (or it was a meaninglessly small page or bot blocked by sessionID).
======== We are on link 62 of 91
========== raw link /community-guidelines/en/accounts-features?cgversion=2024H1update&lang=en
============ Found Relative: joining https://www.tiktok.com/community-guidelines/en/integrity-authenticity?cgversion=2024H1update#3 and /community-guidelines/en/accounts-features?cgversion=2024H1update&lang=en
============ Checking for Redirections: https://www.tiktok.com/community-guidelines/en/accounts-features?cgversion=2024H1update&lang=en
========== dropped link https://www.tiktok.com/community-guidelines/en/accounts-features?cgversion=2024H1update&lang=en. Could not follow redirection (or it was a meaninglessly small page or bot blocked by sessionID).
======== We are on link 63 of 91
========== raw link https://www.tiktok.com/transparency/countering-influence-operations/?lang=en
============ Checking for Redirections: https://www.tiktok.com/transparency/countering-influence-operations/?lang=en
========== dropped link https://www.tiktok.com/transparency/countering-influence-operations/?lang=en. Could not follow redirection (or it was a meaninglessly small page or bot blocked by sessionID).
======== We are on link 64 of 91
========== raw link /community-guidelines/en/accounts-features?cgversion=2024H1update&lang=en#1
============ Found Relative: joining https://www.tiktok.com/community-guidelines/en/integrity-authenticity?cgversion=2024H1update#3 and /community-guidelines/en/accounts-features?cgversion=2024H1update&lang=en#1
============ Checking for Redirections: https://www.tiktok.com/community-guidelines/en/accounts-features?cgversion=2024H1update&lang=en#1
========== dropped link https://www.tiktok.com/community-guidelines/en/accounts-features?cgversion=2024H1update&lang=en#1. Could not follow redirection (or it was a meaninglessly small page or bot blocked by sessionID).
======== We are on link 65 of 91
========== raw link /community-guidelines/en/regulated-commercial-activities?cgversion=2024H1update
============ Found Relative: joining https://www.tiktok.com/community-guidelines/en/integrity-authenticity?cgversion=2024H1update#3 and /community-guidelines/en/regulated-commercial-activities?cgversion=2024H1update
============ Checking for Redirections: https://www.tiktok.com/community-guidelines/en/regulated-commercial-activities?cgversion=2024H1update
========== dropped link https://www.tiktok.com/community-guidelines/en/regulated-commercial-activities?cgversion=2024H1update. Could not follow redirection (or it was a meaninglessly small page or bot blocked by sessionID).
======== We are on link 66 of 91
========== raw link https://www.tiktok.com
============ Checking for Redirections: https://www.tiktok.com
========== dropped link https://www.tiktok.com. Could not follow redirection (or it was a meaninglessly small page or bot blocked by sessionID).
======== We are on link 67 of 91
========== raw link https://www.tiktok.com/about?lang=en
============ Checking for Redirections: https://www.tiktok.com/about?lang=en
========== dropped link https://www.tiktok.com/about?lang=en. Could not follow redirection (or it was a meaninglessly small page or bot blocked by sessionID).
======== We are on link 68 of 91
========== raw link https://newsroom.tiktok.com?lang=en
============ Checking for Redirections: https://newsroom.tiktok.com?lang=en
============ Followed Redirection to https://newsroom.tiktok.com/en-us/
============ Link after cleaning: https://newsroom.tiktok.com/en-us/
========== link already checked
======== We are on link 69 of 91
========== raw link https://www.tiktok.com/about/contact?lang=en
============ Checking for Redirections: https://www.tiktok.com/about/contact?lang=en
========== dropped link https://www.tiktok.com/about/contact?lang=en. Could not follow redirection (or it was a meaninglessly small page or bot blocked by sessionID).
======== We are on link 70 of 91
========== raw link https://careers.tiktok.com?lang=en
============ Checking for Redirections: https://careers.tiktok.com?lang=en
============ Followed Redirection to https://lifeattiktok.com/?lang=en
============ Link after cleaning: https://lifeattiktok.com/
========== link already checked
======== We are on link 71 of 91
========== raw link https://www.bytedance.com?lang=en
========== dropped link https://www.bytedance.com?lang=en. Didn't pass first allows/blocks test.
======== We are on link 72 of 91
========== raw link https://www.tiktok.com/for-good?lang=en
============ Checking for Redirections: https://www.tiktok.com/for-good?lang=en
========== dropped link https://www.tiktok.com/for-good?lang=en. Could not follow redirection (or it was a meaninglessly small page or bot blocked by sessionID).
======== We are on link 73 of 91
========== raw link https://developers.tiktok.com?lang=en
============ Checking for Redirections: https://developers.tiktok.com?lang=en
============ Followed Redirection to https://developers.tiktok.com/?lang=en
============ Link after cleaning: https://developers.tiktok.com/
========== link already checked
======== We are on link 74 of 91
========== raw link https://effecthouse.tiktok.com?lang=en
============ Checking for Redirections: https://effecthouse.tiktok.com?lang=en
============ Followed Redirection to https://effecthouse.tiktok.com/?lang=en
============ Link after cleaning: https://effecthouse.tiktok.com/
========== link already checked
======== We are on link 75 of 91
========== raw link https://www.tiktok.com/business?lang=en
============ Checking for Redirections: https://www.tiktok.com/business?lang=en
========== dropped link https://www.tiktok.com/business?lang=en. Could not follow redirection (or it was a meaninglessly small page or bot blocked by sessionID).
======== We are on link 76 of 91
========== raw link https://www.tiktok.com/browse?lang=en
============ Checking for Redirections: https://www.tiktok.com/browse?lang=en
========== dropped link https://www.tiktok.com/browse?lang=en. Could not follow redirection (or it was a meaninglessly small page or bot blocked by sessionID).
======== We are on link 77 of 91
========== raw link https://www.tiktok.com/embed?lang=en
============ Checking for Redirections: https://www.tiktok.com/embed?lang=en
========== dropped link https://www.tiktok.com/embed?lang=en. Could not follow redirection (or it was a meaninglessly small page or bot blocked by sessionID).
======== We are on link 78 of 91
========== raw link https://www.tiktok.com/tiktok-rewards?lang=en
============ Checking for Redirections: https://www.tiktok.com/tiktok-rewards?lang=en
========== dropped link https://www.tiktok.com/tiktok-rewards?lang=en. Could not follow redirection (or it was a meaninglessly small page or bot blocked by sessionID).
======== We are on link 79 of 91
========== raw link https://www.tiktok.com/download/en
============ Checking for Redirections: https://www.tiktok.com/download/en
========== dropped link https://www.tiktok.com/download/en. Could not follow redirection (or it was a meaninglessly small page or bot blocked by sessionID).
======== We are on link 80 of 91
========== raw link https://support.tiktok.com?lang=en
============ Checking for Redirections: https://support.tiktok.com?lang=en
========== dropped link https://support.tiktok.com?lang=en. Could not follow redirection (or it was a meaninglessly small page or bot blocked by sessionID).
======== We are on link 81 of 91
========== raw link https://www.tiktok.com/safety?lang=en
============ Checking for Redirections: https://www.tiktok.com/safety?lang=en
========== dropped link https://www.tiktok.com/safety?lang=en. Could not follow redirection (or it was a meaninglessly small page or bot blocked by sessionID).
======== We are on link 82 of 91
========== raw link https://www.tiktok.com/privacy/overview?lang=en
============ Checking for Redirections: https://www.tiktok.com/privacy/overview?lang=en
========== dropped link https://www.tiktok.com/privacy/overview?lang=en. Could not follow redirection (or it was a meaninglessly small page or bot blocked by sessionID).
======== We are on link 83 of 91
========== raw link https://www.tiktok.com/creator-academy?lang=en
============ Checking for Redirections: https://www.tiktok.com/creator-academy?lang=en
========== dropped link https://www.tiktok.com/creator-academy?lang=en. Could not follow redirection (or it was a meaninglessly small page or bot blocked by sessionID).
======== We are on link 84 of 91
========== raw link https://www.tiktok.com/community-guidelines?lang=en
============ Checking for Redirections: https://www.tiktok.com/community-guidelines?lang=en
========== dropped link https://www.tiktok.com/community-guidelines?lang=en. Could not follow redirection (or it was a meaninglessly small page or bot blocked by sessionID).
======== We are on link 85 of 91
========== raw link https://www.tiktok.com/transparency?lang=en
============ Checking for Redirections: https://www.tiktok.com/transparency?lang=en
========== dropped link https://www.tiktok.com/transparency?lang=en. Could not follow redirection (or it was a meaninglessly small page or bot blocked by sessionID).
======== We are on link 86 of 91
========== raw link https://www.tiktok.com/accessibility?lang=en
============ Checking for Redirections: https://www.tiktok.com/accessibility?lang=en
========== dropped link https://www.tiktok.com/accessibility?lang=en. Could not follow redirection (or it was a meaninglessly small page or bot blocked by sessionID).
======== We are on link 87 of 91
========== raw link https://www.tiktok.com/legal/terms-of-service?lang=en
============ Checking for Redirections: https://www.tiktok.com/legal/terms-of-service?lang=en
========== dropped link https://www.tiktok.com/legal/terms-of-service?lang=en. Could not follow redirection (or it was a meaninglessly small page or bot blocked by sessionID).
======== We are on link 88 of 91
========== raw link https://www.tiktok.com/legal/privacy-policy?lang=en
============ Checking for Redirections: https://www.tiktok.com/legal/privacy-policy?lang=en
========== dropped link https://www.tiktok.com/legal/privacy-policy?lang=en. Could not follow redirection (or it was a meaninglessly small page or bot blocked by sessionID).
======== We are on link 89 of 91
========== raw link https://www.tiktok.com/legal/copyright-policy?lang=en
============ Checking for Redirections: https://www.tiktok.com/legal/copyright-policy?lang=en
========== dropped link https://www.tiktok.com/legal/copyright-policy?lang=en. Could not follow redirection (or it was a meaninglessly small page or bot blocked by sessionID).
======== We are on link 90 of 91
========== raw link https://www.tiktok.com/legal/law-enforcement?lang=en
============ Checking for Redirections: https://www.tiktok.com/legal/law-enforcement?lang=en
========== dropped link https://www.tiktok.com/legal/law-enforcement?lang=en. Could not follow redirection (or it was a meaninglessly small page or bot blocked by sessionID).
======== We are on link 91 of 91
========== raw link https://www.tiktok.com/legal/privacy-policy-for-younger-users?lang=en
============ Checking for Redirections: https://www.tiktok.com/legal/privacy-policy-for-younger-users?lang=en
========== dropped link https://www.tiktok.com/legal/privacy-policy-for-younger-users?lang=en. Could not follow redirection (or it was a meaninglessly small page or bot blocked by sessionID).
====== We are on page 6 of 9: https://newsroom.tiktok.com/en-us/new-labels-for-disclosing-ai-generated-content
====== Number of Links on this Page: 59
======== We are on link 1 of 59
========== raw link /
========== dropped link (either fragment ("#"), js, mailto, comment, pdf, or empty)
======== We are on link 2 of 59
========== raw link /trending/?lang=en
============ Found Relative: joining https://newsroom.tiktok.com/en-us/new-labels-for-disclosing-ai-generated-content and /trending/?lang=en
============ Checking for Redirections: https://newsroom.tiktok.com/trending/?lang=en
============ Followed Redirection to https://newsroom.tiktok.com/en-us
============ Link after cleaning: https://newsroom.tiktok.com/en-us
========== link already checked
======== We are on link 3 of 59
========== raw link /en-us
============ Found Relative: joining https://newsroom.tiktok.com/en-us/new-labels-for-disclosing-ai-generated-content and /en-us
============ Checking for Redirections: https://newsroom.tiktok.com/en-us
============ Link after cleaning: https://newsroom.tiktok.com/en-us
========== link already checked
======== We are on link 4 of 59
========== raw link /en-us/news
============ Found Relative: joining https://newsroom.tiktok.com/en-us/new-labels-for-disclosing-ai-generated-content and /en-us/news
============ Checking for Redirections: https://newsroom.tiktok.com/en-us/news
============ Link after cleaning: https://newsroom.tiktok.com/en-us/news
========== link already checked
======== We are on link 5 of 59
========== raw link /en-us/product
============ Found Relative: joining https://newsroom.tiktok.com/en-us/new-labels-for-disclosing-ai-generated-content and /en-us/product
============ Checking for Redirections: https://newsroom.tiktok.com/en-us/product
============ Link after cleaning: https://newsroom.tiktok.com/en-us/product
========== link already checked
======== We are on link 6 of 59
========== raw link /en-us/community
============ Found Relative: joining https://newsroom.tiktok.com/en-us/new-labels-for-disclosing-ai-generated-content and /en-us/community
============ Checking for Redirections: https://newsroom.tiktok.com/en-us/community
============ Link after cleaning: https://newsroom.tiktok.com/en-us/community
========== link already checked
======== We are on link 7 of 59
========== raw link /en-us/safety
============ Found Relative: joining https://newsroom.tiktok.com/en-us/new-labels-for-disclosing-ai-generated-content and /en-us/safety
============ Checking for Redirections: https://newsroom.tiktok.com/en-us/safety
============ Link after cleaning: https://newsroom.tiktok.com/en-us/safety
========== link already checked
======== We are on link 8 of 59
========== raw link /en-us/company
============ Found Relative: joining https://newsroom.tiktok.com/en-us/new-labels-for-disclosing-ai-generated-content and /en-us/company
============ Checking for Redirections: https://newsroom.tiktok.com/en-us/company
============ Link after cleaning: https://newsroom.tiktok.com/en-us/company
========== link already checked
======== We are on link 9 of 59
========== raw link /en-us/news
============ Found Relative: joining https://newsroom.tiktok.com/en-us/new-labels-for-disclosing-ai-generated-content and /en-us/news
============ Checking for Redirections: https://newsroom.tiktok.com/en-us/news
============ Link after cleaning: https://newsroom.tiktok.com/en-us/news
========== link already checked
======== We are on link 10 of 59
========== raw link https://twitter.com/share?text=New%20labels%20for%20disclosing%20AI-generated%20content&url=https%3A%2F%2Fnewsroom.tiktok.com%2Fen-us%2Fnew-labels-for-disclosing-ai-generated-content
============ Checking for Redirections: https://twitter.com/share?text=New%20labels%20for%20disclosing%20AI-generated%20content&url=https%3A%2F%2Fnewsroom.tiktok.com%2Fen-us%2Fnew-labels-for-disclosing-ai-generated-content
========== dropped link https://twitter.com/share?text=New%20labels%20for%20disclosing%20AI-generated%20content&url=https%3A%2F%2Fnewsroom.tiktok.com%2Fen-us%2Fnew-labels-for-disclosing-ai-generated-content. Could not follow redirection (or it was a meaninglessly small page or bot blocked by sessionID).
======== We are on link 11 of 59
========== raw link https://www.facebook.com/sharer.php?u=https%3A%2F%2Fnewsroom.tiktok.com%2Fen-us%2Fnew-labels-for-disclosing-ai-generated-content
========== dropped link https://www.facebook.com/sharer.php?u=https%3A%2F%2Fnewsroom.tiktok.com%2Fen-us%2Fnew-labels-for-disclosing-ai-generated-content. Didn't pass first allows/blocks test.
======== We are on link 12 of 59
========== raw link https://www.tiktok.com/community-guidelines/en/integrity-authenticity/#3
============ Checking for Redirections: https://www.tiktok.com/community-guidelines/en/integrity-authenticity/#3
========== dropped link https://www.tiktok.com/community-guidelines/en/integrity-authenticity/#3. Could not follow redirection (or it was a meaninglessly small page or bot blocked by sessionID).
======== We are on link 13 of 59
========== raw link https://effecthouse.tiktok.com/effect-platform/latest/news/public-launch/
============ Checking for Redirections: https://effecthouse.tiktok.com/effect-platform/latest/news/public-launch/
============ Link unchanged
========== scraping https://effecthouse.tiktok.com/effect-platform/latest/news/public-launch/
============ New link added. Search term (AI ) found on https://effecthouse.tiktok.com/effect-platform/latest/news/public-launch/.
======== We are on link 14 of 59
========== raw link https://psyarxiv.com/v4mfz
========== dropped link https://psyarxiv.com/v4mfz. Didn't pass first allows/blocks test.
======== We are on link 15 of 59
========== raw link https://syntheticmedia.partnershiponai.org/
========== dropped link https://syntheticmedia.partnershiponai.org/. Didn't pass first allows/blocks test.
======== We are on link 16 of 59
========== raw link https://digitalmoment.org/#anchor_our_experiences
========== dropped link https://digitalmoment.org/#anchor_our_experiences. Didn't pass first allows/blocks test.
======== We are on link 17 of 59
========== raw link /en-us/news
============ Found Relative: joining https://newsroom.tiktok.com/en-us/new-labels-for-disclosing-ai-generated-content and /en-us/news
============ Checking for Redirections: https://newsroom.tiktok.com/en-us/news
============ Link after cleaning: https://newsroom.tiktok.com/en-us/news
========== link already checked
======== We are on link 18 of 59
========== raw link https://twitter.com/share?text=New%20labels%20for%20disclosing%20AI-generated%20content&url=https%3A%2F%2Fnewsroom.tiktok.com%2Fen-us%2Fnew-labels-for-disclosing-ai-generated-content
============ Checking for Redirections: https://twitter.com/share?text=New%20labels%20for%20disclosing%20AI-generated%20content&url=https%3A%2F%2Fnewsroom.tiktok.com%2Fen-us%2Fnew-labels-for-disclosing-ai-generated-content
========== dropped link https://twitter.com/share?text=New%20labels%20for%20disclosing%20AI-generated%20content&url=https%3A%2F%2Fnewsroom.tiktok.com%2Fen-us%2Fnew-labels-for-disclosing-ai-generated-content. Could not follow redirection (or it was a meaninglessly small page or bot blocked by sessionID).
======== We are on link 19 of 59
========== raw link https://www.facebook.com/sharer.php?u=https%3A%2F%2Fnewsroom.tiktok.com%2Fen-us%2Fnew-labels-for-disclosing-ai-generated-content
========== dropped link https://www.facebook.com/sharer.php?u=https%3A%2F%2Fnewsroom.tiktok.com%2Fen-us%2Fnew-labels-for-disclosing-ai-generated-content. Didn't pass first allows/blocks test.
======== We are on link 20 of 59
========== raw link /en-us/community
============ Found Relative: joining https://newsroom.tiktok.com/en-us/new-labels-for-disclosing-ai-generated-content and /en-us/community
============ Checking for Redirections: https://newsroom.tiktok.com/en-us/community
============ Link after cleaning: https://newsroom.tiktok.com/en-us/community
========== link already checked
======== We are on link 21 of 59
========== raw link /en-us/apitiktok-voices-to-watch-celebrating-asian-american-native-hawaiian-and-pacific-islander-heritage-month-2025
============ Found Relative: joining https://newsroom.tiktok.com/en-us/new-labels-for-disclosing-ai-generated-content and /en-us/apitiktok-voices-to-watch-celebrating-asian-american-native-hawaiian-and-pacific-islander-heritage-month-2025
============ Checking for Redirections: https://newsroom.tiktok.com/en-us/apitiktok-voices-to-watch-celebrating-asian-american-native-hawaiian-and-pacific-islander-heritage-month-2025
============ Link after cleaning: https://newsroom.tiktok.com/en-us/apitiktok-voices-to-watch-celebrating-asian-american-native-hawaiian-and-pacific-islander-heritage-month-2025
========== link already checked
======== We are on link 22 of 59
========== raw link /en-us/apitiktok-voices-to-watch-celebrating-asian-american-native-hawaiian-and-pacific-islander-heritage-month-2025
============ Found Relative: joining https://newsroom.tiktok.com/en-us/new-labels-for-disclosing-ai-generated-content and /en-us/apitiktok-voices-to-watch-celebrating-asian-american-native-hawaiian-and-pacific-islander-heritage-month-2025
============ Checking for Redirections: https://newsroom.tiktok.com/en-us/apitiktok-voices-to-watch-celebrating-asian-american-native-hawaiian-and-pacific-islander-heritage-month-2025
============ Link after cleaning: https://newsroom.tiktok.com/en-us/apitiktok-voices-to-watch-celebrating-asian-american-native-hawaiian-and-pacific-islander-heritage-month-2025
========== link already checked
======== We are on link 23 of 59
========== raw link /en-us/apitiktok-voices-to-watch-celebrating-asian-american-native-hawaiian-and-pacific-islander-heritage-month-2025
============ Found Relative: joining https://newsroom.tiktok.com/en-us/new-labels-for-disclosing-ai-generated-content and /en-us/apitiktok-voices-to-watch-celebrating-asian-american-native-hawaiian-and-pacific-islander-heritage-month-2025
============ Checking for Redirections: https://newsroom.tiktok.com/en-us/apitiktok-voices-to-watch-celebrating-asian-american-native-hawaiian-and-pacific-islander-heritage-month-2025
============ Link after cleaning: https://newsroom.tiktok.com/en-us/apitiktok-voices-to-watch-celebrating-asian-american-native-hawaiian-and-pacific-islander-heritage-month-2025
========== link already checked
======== We are on link 24 of 59
========== raw link /en-us/community
============ Found Relative: joining https://newsroom.tiktok.com/en-us/new-labels-for-disclosing-ai-generated-content and /en-us/community
============ Checking for Redirections: https://newsroom.tiktok.com/en-us/community
============ Link after cleaning: https://newsroom.tiktok.com/en-us/community
========== link already checked
======== We are on link 25 of 59
========== raw link /en-us/celebrating-world-book-day-with-booktok
============ Found Relative: joining https://newsroom.tiktok.com/en-us/new-labels-for-disclosing-ai-generated-content and /en-us/celebrating-world-book-day-with-booktok
============ Checking for Redirections: https://newsroom.tiktok.com/en-us/celebrating-world-book-day-with-booktok
============ Link after cleaning: https://newsroom.tiktok.com/en-us/celebrating-world-book-day-with-booktok
========== link already checked
======== We are on link 26 of 59
========== raw link /en-us/celebrating-world-book-day-with-booktok
============ Found Relative: joining https://newsroom.tiktok.com/en-us/new-labels-for-disclosing-ai-generated-content and /en-us/celebrating-world-book-day-with-booktok
============ Checking for Redirections: https://newsroom.tiktok.com/en-us/celebrating-world-book-day-with-booktok
============ Link after cleaning: https://newsroom.tiktok.com/en-us/celebrating-world-book-day-with-booktok
========== link already checked
======== We are on link 27 of 59
========== raw link /en-us/celebrating-world-book-day-with-booktok
============ Found Relative: joining https://newsroom.tiktok.com/en-us/new-labels-for-disclosing-ai-generated-content and /en-us/celebrating-world-book-day-with-booktok
============ Checking for Redirections: https://newsroom.tiktok.com/en-us/celebrating-world-book-day-with-booktok
============ Link after cleaning: https://newsroom.tiktok.com/en-us/celebrating-world-book-day-with-booktok
========== link already checked
======== We are on link 28 of 59
========== raw link /en-us/community
============ Found Relative: joining https://newsroom.tiktok.com/en-us/new-labels-for-disclosing-ai-generated-content and /en-us/community
============ Checking for Redirections: https://newsroom.tiktok.com/en-us/community
============ Link after cleaning: https://newsroom.tiktok.com/en-us/community
========== link already checked
======== We are on link 29 of 59
========== raw link /en-us/tiktok-and-major-league-soccer-sign-multiyear-partnership-renewal
============ Found Relative: joining https://newsroom.tiktok.com/en-us/new-labels-for-disclosing-ai-generated-content and /en-us/tiktok-and-major-league-soccer-sign-multiyear-partnership-renewal
============ Checking for Redirections: https://newsroom.tiktok.com/en-us/tiktok-and-major-league-soccer-sign-multiyear-partnership-renewal
============ Link after cleaning: https://newsroom.tiktok.com/en-us/tiktok-and-major-league-soccer-sign-multiyear-partnership-renewal
========== link already checked
======== We are on link 30 of 59
========== raw link /en-us/tiktok-and-major-league-soccer-sign-multiyear-partnership-renewal
============ Found Relative: joining https://newsroom.tiktok.com/en-us/new-labels-for-disclosing-ai-generated-content and /en-us/tiktok-and-major-league-soccer-sign-multiyear-partnership-renewal
============ Checking for Redirections: https://newsroom.tiktok.com/en-us/tiktok-and-major-league-soccer-sign-multiyear-partnership-renewal
============ Link after cleaning: https://newsroom.tiktok.com/en-us/tiktok-and-major-league-soccer-sign-multiyear-partnership-renewal
========== link already checked
======== We are on link 31 of 59
========== raw link /en-us/tiktok-and-major-league-soccer-sign-multiyear-partnership-renewal
============ Found Relative: joining https://newsroom.tiktok.com/en-us/new-labels-for-disclosing-ai-generated-content and /en-us/tiktok-and-major-league-soccer-sign-multiyear-partnership-renewal
============ Checking for Redirections: https://newsroom.tiktok.com/en-us/tiktok-and-major-league-soccer-sign-multiyear-partnership-renewal
============ Link after cleaning: https://newsroom.tiktok.com/en-us/tiktok-and-major-league-soccer-sign-multiyear-partnership-renewal
========== link already checked
======== We are on link 32 of 59
========== raw link https://www.tiktok.com/download-link/af/id1235601864
============ Checking for Redirections: https://www.tiktok.com/download-link/af/id1235601864
========== dropped link https://www.tiktok.com/download-link/af/id1235601864. Could not follow redirection (or it was a meaninglessly small page or bot blocked by sessionID).
======== We are on link 33 of 59
========== raw link https://www.tiktok.com/download-link/af/com.ss.android.ugc.trill
============ Checking for Redirections: https://www.tiktok.com/download-link/af/com.ss.android.ugc.trill
========== dropped link https://www.tiktok.com/download-link/af/com.ss.android.ugc.trill. Could not follow redirection (or it was a meaninglessly small page or bot blocked by sessionID).
======== We are on link 34 of 59
========== raw link https://www.amazon.com/dp/B07KR1RJL2/
========== dropped link https://www.amazon.com/dp/B07KR1RJL2/. Didn't pass first allows/blocks test.
======== We are on link 35 of 59
========== raw link https://www.tiktok.com
============ Checking for Redirections: https://www.tiktok.com
========== dropped link https://www.tiktok.com. Could not follow redirection (or it was a meaninglessly small page or bot blocked by sessionID).
======== We are on link 36 of 59
========== raw link https://www.tiktok.com/about?lang=en
============ Checking for Redirections: https://www.tiktok.com/about?lang=en
========== dropped link https://www.tiktok.com/about?lang=en. Could not follow redirection (or it was a meaninglessly small page or bot blocked by sessionID).
======== We are on link 37 of 59
========== raw link https://newsroom.tiktok.com?lang=en
============ Checking for Redirections: https://newsroom.tiktok.com?lang=en
============ Followed Redirection to https://newsroom.tiktok.com/en-us/
============ Link after cleaning: https://newsroom.tiktok.com/en-us/
========== link already checked
======== We are on link 38 of 59
========== raw link https://www.tiktok.com/about/contact?lang=en
============ Checking for Redirections: https://www.tiktok.com/about/contact?lang=en
========== dropped link https://www.tiktok.com/about/contact?lang=en. Could not follow redirection (or it was a meaninglessly small page or bot blocked by sessionID).
======== We are on link 39 of 59
========== raw link https://careers.tiktok.com?lang=en
============ Checking for Redirections: https://careers.tiktok.com?lang=en
============ Followed Redirection to https://lifeattiktok.com/?lang=en
============ Link after cleaning: https://lifeattiktok.com/
========== link already checked
======== We are on link 40 of 59
========== raw link https://www.bytedance.com?lang=en
========== dropped link https://www.bytedance.com?lang=en. Didn't pass first allows/blocks test.
======== We are on link 41 of 59
========== raw link https://www.tiktok.com/for-good?lang=en
============ Checking for Redirections: https://www.tiktok.com/for-good?lang=en
========== dropped link https://www.tiktok.com/for-good?lang=en. Could not follow redirection (or it was a meaninglessly small page or bot blocked by sessionID).
======== We are on link 42 of 59
========== raw link https://developers.tiktok.com?lang=en
============ Checking for Redirections: https://developers.tiktok.com?lang=en
============ Followed Redirection to https://developers.tiktok.com/?lang=en
============ Link after cleaning: https://developers.tiktok.com/
========== link already checked
======== We are on link 43 of 59
========== raw link https://effecthouse.tiktok.com?lang=en
============ Checking for Redirections: https://effecthouse.tiktok.com?lang=en
============ Followed Redirection to https://effecthouse.tiktok.com/?lang=en
============ Link after cleaning: https://effecthouse.tiktok.com/
========== link already checked
======== We are on link 44 of 59
========== raw link https://www.tiktok.com/business?lang=en
============ Checking for Redirections: https://www.tiktok.com/business?lang=en
========== dropped link https://www.tiktok.com/business?lang=en. Could not follow redirection (or it was a meaninglessly small page or bot blocked by sessionID).
======== We are on link 45 of 59
========== raw link https://www.tiktok.com/browse?lang=en
============ Checking for Redirections: https://www.tiktok.com/browse?lang=en
========== dropped link https://www.tiktok.com/browse?lang=en. Could not follow redirection (or it was a meaninglessly small page or bot blocked by sessionID).
======== We are on link 46 of 59
========== raw link https://www.tiktok.com/embed?lang=en
============ Checking for Redirections: https://www.tiktok.com/embed?lang=en
========== dropped link https://www.tiktok.com/embed?lang=en. Could not follow redirection (or it was a meaninglessly small page or bot blocked by sessionID).
======== We are on link 47 of 59
========== raw link https://www.tiktok.com/tiktok-rewards?lang=en
============ Checking for Redirections: https://www.tiktok.com/tiktok-rewards?lang=en
========== dropped link https://www.tiktok.com/tiktok-rewards?lang=en. Could not follow redirection (or it was a meaninglessly small page or bot blocked by sessionID).
======== We are on link 48 of 59
========== raw link https://www.tiktok.com/download/en
============ Checking for Redirections: https://www.tiktok.com/download/en
========== dropped link https://www.tiktok.com/download/en. Could not follow redirection (or it was a meaninglessly small page or bot blocked by sessionID).
======== We are on link 49 of 59
========== raw link https://support.tiktok.com?lang=en
============ Checking for Redirections: https://support.tiktok.com?lang=en
========== dropped link https://support.tiktok.com?lang=en. Could not follow redirection (or it was a meaninglessly small page or bot blocked by sessionID).
======== We are on link 50 of 59
========== raw link https://www.tiktok.com/safety?lang=en
============ Checking for Redirections: https://www.tiktok.com/safety?lang=en
========== dropped link https://www.tiktok.com/safety?lang=en. Could not follow redirection (or it was a meaninglessly small page or bot blocked by sessionID).
======== We are on link 51 of 59
========== raw link https://www.tiktok.com/privacy/overview?lang=en
============ Checking for Redirections: https://www.tiktok.com/privacy/overview?lang=en
========== dropped link https://www.tiktok.com/privacy/overview?lang=en. Could not follow redirection (or it was a meaninglessly small page or bot blocked by sessionID).
======== We are on link 52 of 59
========== raw link https://www.tiktok.com/creator-academy?lang=en
============ Checking for Redirections: https://www.tiktok.com/creator-academy?lang=en
========== dropped link https://www.tiktok.com/creator-academy?lang=en. Could not follow redirection (or it was a meaninglessly small page or bot blocked by sessionID).
======== We are on link 53 of 59
========== raw link https://www.tiktok.com/community-guidelines?lang=en
============ Checking for Redirections: https://www.tiktok.com/community-guidelines?lang=en
========== dropped link https://www.tiktok.com/community-guidelines?lang=en. Could not follow redirection (or it was a meaninglessly small page or bot blocked by sessionID).
======== We are on link 54 of 59
========== raw link https://www.tiktok.com/transparency?lang=en
============ Checking for Redirections: https://www.tiktok.com/transparency?lang=en
========== dropped link https://www.tiktok.com/transparency?lang=en. Could not follow redirection (or it was a meaninglessly small page or bot blocked by sessionID).
======== We are on link 55 of 59
========== raw link https://www.tiktok.com/accessibility?lang=en
============ Checking for Redirections: https://www.tiktok.com/accessibility?lang=en
========== dropped link https://www.tiktok.com/accessibility?lang=en. Could not follow redirection (or it was a meaninglessly small page or bot blocked by sessionID).
======== We are on link 56 of 59
========== raw link https://www.tiktok.com/legal/terms-of-service?lang=en
============ Checking for Redirections: https://www.tiktok.com/legal/terms-of-service?lang=en
========== dropped link https://www.tiktok.com/legal/terms-of-service?lang=en. Could not follow redirection (or it was a meaninglessly small page or bot blocked by sessionID).
======== We are on link 57 of 59
========== raw link https://www.tiktok.com/legal/privacy-policy?lang=en
============ Checking for Redirections: https://www.tiktok.com/legal/privacy-policy?lang=en
========== dropped link https://www.tiktok.com/legal/privacy-policy?lang=en. Could not follow redirection (or it was a meaninglessly small page or bot blocked by sessionID).
======== We are on link 58 of 59
========== raw link https://www.tiktok.com/legal/copyright-policy?lang=en
============ Checking for Redirections: https://www.tiktok.com/legal/copyright-policy?lang=en
========== dropped link https://www.tiktok.com/legal/copyright-policy?lang=en. Could not follow redirection (or it was a meaninglessly small page or bot blocked by sessionID).
======== We are on link 59 of 59
========== raw link https://www.tiktok.com/legal/law-enforcement?lang=en
============ Checking for Redirections: https://www.tiktok.com/legal/law-enforcement?lang=en
========== dropped link https://www.tiktok.com/legal/law-enforcement?lang=en. Could not follow redirection (or it was a meaninglessly small page or bot blocked by sessionID).
====== We are on page 7 of 9: https://newsroom.tiktok.com/en-us/partnering-with-our-industry-to-advance-ai-transparency-and-literacy
====== Number of Links on this Page: 66
======== We are on link 1 of 66
========== raw link /
========== dropped link (either fragment ("#"), js, mailto, comment, pdf, or empty)
======== We are on link 2 of 66
========== raw link /trending/?lang=en
============ Found Relative: joining https://newsroom.tiktok.com/en-us/partnering-with-our-industry-to-advance-ai-transparency-and-literacy and /trending/?lang=en
============ Checking for Redirections: https://newsroom.tiktok.com/trending/?lang=en
============ Followed Redirection to https://newsroom.tiktok.com/en-us
============ Link after cleaning: https://newsroom.tiktok.com/en-us
========== link already checked
======== We are on link 3 of 66
========== raw link /en-us
============ Found Relative: joining https://newsroom.tiktok.com/en-us/partnering-with-our-industry-to-advance-ai-transparency-and-literacy and /en-us
============ Checking for Redirections: https://newsroom.tiktok.com/en-us
============ Link after cleaning: https://newsroom.tiktok.com/en-us
========== link already checked
======== We are on link 4 of 66
========== raw link /en-us/news
============ Found Relative: joining https://newsroom.tiktok.com/en-us/partnering-with-our-industry-to-advance-ai-transparency-and-literacy and /en-us/news
============ Checking for Redirections: https://newsroom.tiktok.com/en-us/news
============ Link after cleaning: https://newsroom.tiktok.com/en-us/news
========== link already checked
======== We are on link 5 of 66
========== raw link /en-us/product
============ Found Relative: joining https://newsroom.tiktok.com/en-us/partnering-with-our-industry-to-advance-ai-transparency-and-literacy and /en-us/product
============ Checking for Redirections: https://newsroom.tiktok.com/en-us/product
============ Link after cleaning: https://newsroom.tiktok.com/en-us/product
========== link already checked
======== We are on link 6 of 66
========== raw link /en-us/community
============ Found Relative: joining https://newsroom.tiktok.com/en-us/partnering-with-our-industry-to-advance-ai-transparency-and-literacy and /en-us/community
============ Checking for Redirections: https://newsroom.tiktok.com/en-us/community
============ Link after cleaning: https://newsroom.tiktok.com/en-us/community
========== link already checked
======== We are on link 7 of 66
========== raw link /en-us/safety
============ Found Relative: joining https://newsroom.tiktok.com/en-us/partnering-with-our-industry-to-advance-ai-transparency-and-literacy and /en-us/safety
============ Checking for Redirections: https://newsroom.tiktok.com/en-us/safety
============ Link after cleaning: https://newsroom.tiktok.com/en-us/safety
========== link already checked
======== We are on link 8 of 66
========== raw link /en-us/company
============ Found Relative: joining https://newsroom.tiktok.com/en-us/partnering-with-our-industry-to-advance-ai-transparency-and-literacy and /en-us/company
============ Checking for Redirections: https://newsroom.tiktok.com/en-us/company
============ Link after cleaning: https://newsroom.tiktok.com/en-us/company
========== link already checked
======== We are on link 9 of 66
========== raw link /en-us/safety
============ Found Relative: joining https://newsroom.tiktok.com/en-us/partnering-with-our-industry-to-advance-ai-transparency-and-literacy and /en-us/safety
============ Checking for Redirections: https://newsroom.tiktok.com/en-us/safety
============ Link after cleaning: https://newsroom.tiktok.com/en-us/safety
========== link already checked
======== We are on link 10 of 66
========== raw link https://twitter.com/share?text=Partnering%20with%20our%20industry%20to%20advance%20AI%20transparency%20and%20literacy&url=https%3A%2F%2Fnewsroom.tiktok.com%2Fen-us%2Fpartnering-with-our-industry-to-advance-ai-transparency-and-literacy
============ Checking for Redirections: https://twitter.com/share?text=Partnering%20with%20our%20industry%20to%20advance%20AI%20transparency%20and%20literacy&url=https%3A%2F%2Fnewsroom.tiktok.com%2Fen-us%2Fpartnering-with-our-industry-to-advance-ai-transparency-and-literacy
========== dropped link https://twitter.com/share?text=Partnering%20with%20our%20industry%20to%20advance%20AI%20transparency%20and%20literacy&url=https%3A%2F%2Fnewsroom.tiktok.com%2Fen-us%2Fpartnering-with-our-industry-to-advance-ai-transparency-and-literacy. Could not follow redirection (or it was a meaninglessly small page or bot blocked by sessionID).
======== We are on link 11 of 66
========== raw link https://www.facebook.com/sharer.php?u=https%3A%2F%2Fnewsroom.tiktok.com%2Fen-us%2Fpartnering-with-our-industry-to-advance-ai-transparency-and-literacy
========== dropped link https://www.facebook.com/sharer.php?u=https%3A%2F%2Fnewsroom.tiktok.com%2Fen-us%2Fpartnering-with-our-industry-to-advance-ai-transparency-and-literacy. Didn't pass first allows/blocks test.
======== We are on link 12 of 66
========== raw link https://c2pa.org/
========== dropped link https://c2pa.org/. Didn't pass first allows/blocks test.
======== We are on link 13 of 66
========== raw link https://www.tiktok.com/@mediawise?lang=en#:~:text=MediaWise%20(%40mediawise)%20Official%20%7C%20TikTok
============ Checking for Redirections: https://www.tiktok.com/@mediawise?lang=en#:~:text=MediaWise%20(%40mediawise)%20Official%20%7C%20TikTok
========== dropped link https://www.tiktok.com/@mediawise?lang=en#:~:text=MediaWise%20(%40mediawise)%20Official%20%7C%20TikTok. Could not follow redirection (or it was a meaninglessly small page or bot blocked by sessionID).
======== We are on link 14 of 66
========== raw link https://www.witness.org/
========== dropped link https://www.witness.org/. Didn't pass first allows/blocks test.
======== We are on link 15 of 66
========== raw link https://newsroom.tiktok.com/en-us/new-labels-for-disclosing-ai-generated-content
============ Checking for Redirections: https://newsroom.tiktok.com/en-us/new-labels-for-disclosing-ai-generated-content
============ Link unchanged
========== link already checked
======== We are on link 16 of 66
========== raw link https://c2pa.org/
========== dropped link https://c2pa.org/. Didn't pass first allows/blocks test.
======== We are on link 17 of 66
========== raw link https://contentcredentials.org/verify
========== dropped link https://contentcredentials.org/verify. Didn't pass first allows/blocks test.
======== We are on link 18 of 66
========== raw link https://contentauthenticity.org/
========== dropped link https://contentauthenticity.org/. Didn't pass first allows/blocks test.
======== We are on link 19 of 66
========== raw link https://blog.adobe.com/en/publish/2024/05/09/advancing-trust-transparency-online-with-tiktok
========== dropped link https://blog.adobe.com/en/publish/2024/05/09/advancing-trust-transparency-online-with-tiktok. Didn't pass first allows/blocks test.
======== We are on link 20 of 66
========== raw link https://www.tiktok.com/@mediawise?lang=en#:~:text=MediaWise%20(%40mediawise)%20Official%20%7C%20TikTok
============ Checking for Redirections: https://www.tiktok.com/@mediawise?lang=en#:~:text=MediaWise%20(%40mediawise)%20Official%20%7C%20TikTok
========== dropped link https://www.tiktok.com/@mediawise?lang=en#:~:text=MediaWise%20(%40mediawise)%20Official%20%7C%20TikTok. Could not follow redirection (or it was a meaninglessly small page or bot blocked by sessionID).
======== We are on link 21 of 66
========== raw link https://www.witness.org/
========== dropped link https://www.witness.org/. Didn't pass first allows/blocks test.
======== We are on link 22 of 66
========== raw link https://www.aielectionsaccord.com/
========== dropped link https://www.aielectionsaccord.com/. Didn't pass first allows/blocks test.
======== We are on link 23 of 66
========== raw link https://www.tiktok.com/transparency/en/supporting-responsible-transparent-ai-generated-content/
============ Checking for Redirections: https://www.tiktok.com/transparency/en/supporting-responsible-transparent-ai-generated-content/
========== dropped link https://www.tiktok.com/transparency/en/supporting-responsible-transparent-ai-generated-content/. Could not follow redirection (or it was a meaninglessly small page or bot blocked by sessionID).
======== We are on link 24 of 66
========== raw link /en-us/safety
============ Found Relative: joining https://newsroom.tiktok.com/en-us/partnering-with-our-industry-to-advance-ai-transparency-and-literacy and /en-us/safety
============ Checking for Redirections: https://newsroom.tiktok.com/en-us/safety
============ Link after cleaning: https://newsroom.tiktok.com/en-us/safety
========== link already checked
======== We are on link 25 of 66
========== raw link https://twitter.com/share?text=Partnering%20with%20our%20industry%20to%20advance%20AI%20transparency%20and%20literacy&url=https%3A%2F%2Fnewsroom.tiktok.com%2Fen-us%2Fpartnering-with-our-industry-to-advance-ai-transparency-and-literacy
============ Checking for Redirections: https://twitter.com/share?text=Partnering%20with%20our%20industry%20to%20advance%20AI%20transparency%20and%20literacy&url=https%3A%2F%2Fnewsroom.tiktok.com%2Fen-us%2Fpartnering-with-our-industry-to-advance-ai-transparency-and-literacy
========== dropped link https://twitter.com/share?text=Partnering%20with%20our%20industry%20to%20advance%20AI%20transparency%20and%20literacy&url=https%3A%2F%2Fnewsroom.tiktok.com%2Fen-us%2Fpartnering-with-our-industry-to-advance-ai-transparency-and-literacy. Could not follow redirection (or it was a meaninglessly small page or bot blocked by sessionID).
======== We are on link 26 of 66
========== raw link https://www.facebook.com/sharer.php?u=https%3A%2F%2Fnewsroom.tiktok.com%2Fen-us%2Fpartnering-with-our-industry-to-advance-ai-transparency-and-literacy
========== dropped link https://www.facebook.com/sharer.php?u=https%3A%2F%2Fnewsroom.tiktok.com%2Fen-us%2Fpartnering-with-our-industry-to-advance-ai-transparency-and-literacy. Didn't pass first allows/blocks test.
======== We are on link 27 of 66
========== raw link /en-us/community
============ Found Relative: joining https://newsroom.tiktok.com/en-us/partnering-with-our-industry-to-advance-ai-transparency-and-literacy and /en-us/community
============ Checking for Redirections: https://newsroom.tiktok.com/en-us/community
============ Link after cleaning: https://newsroom.tiktok.com/en-us/community
========== link already checked
======== We are on link 28 of 66
========== raw link /en-us/apitiktok-voices-to-watch-celebrating-asian-american-native-hawaiian-and-pacific-islander-heritage-month-2025
============ Found Relative: joining https://newsroom.tiktok.com/en-us/partnering-with-our-industry-to-advance-ai-transparency-and-literacy and /en-us/apitiktok-voices-to-watch-celebrating-asian-american-native-hawaiian-and-pacific-islander-heritage-month-2025
============ Checking for Redirections: https://newsroom.tiktok.com/en-us/apitiktok-voices-to-watch-celebrating-asian-american-native-hawaiian-and-pacific-islander-heritage-month-2025
============ Link after cleaning: https://newsroom.tiktok.com/en-us/apitiktok-voices-to-watch-celebrating-asian-american-native-hawaiian-and-pacific-islander-heritage-month-2025
========== link already checked
======== We are on link 29 of 66
========== raw link /en-us/apitiktok-voices-to-watch-celebrating-asian-american-native-hawaiian-and-pacific-islander-heritage-month-2025
============ Found Relative: joining https://newsroom.tiktok.com/en-us/partnering-with-our-industry-to-advance-ai-transparency-and-literacy and /en-us/apitiktok-voices-to-watch-celebrating-asian-american-native-hawaiian-and-pacific-islander-heritage-month-2025
============ Checking for Redirections: https://newsroom.tiktok.com/en-us/apitiktok-voices-to-watch-celebrating-asian-american-native-hawaiian-and-pacific-islander-heritage-month-2025
============ Link after cleaning: https://newsroom.tiktok.com/en-us/apitiktok-voices-to-watch-celebrating-asian-american-native-hawaiian-and-pacific-islander-heritage-month-2025
========== link already checked
======== We are on link 30 of 66
========== raw link /en-us/apitiktok-voices-to-watch-celebrating-asian-american-native-hawaiian-and-pacific-islander-heritage-month-2025
============ Found Relative: joining https://newsroom.tiktok.com/en-us/partnering-with-our-industry-to-advance-ai-transparency-and-literacy and /en-us/apitiktok-voices-to-watch-celebrating-asian-american-native-hawaiian-and-pacific-islander-heritage-month-2025
============ Checking for Redirections: https://newsroom.tiktok.com/en-us/apitiktok-voices-to-watch-celebrating-asian-american-native-hawaiian-and-pacific-islander-heritage-month-2025
============ Link after cleaning: https://newsroom.tiktok.com/en-us/apitiktok-voices-to-watch-celebrating-asian-american-native-hawaiian-and-pacific-islander-heritage-month-2025
========== link already checked
======== We are on link 31 of 66
========== raw link /en-us/community
============ Found Relative: joining https://newsroom.tiktok.com/en-us/partnering-with-our-industry-to-advance-ai-transparency-and-literacy and /en-us/community
============ Checking for Redirections: https://newsroom.tiktok.com/en-us/community
============ Link after cleaning: https://newsroom.tiktok.com/en-us/community
========== link already checked
======== We are on link 32 of 66
========== raw link /en-us/celebrating-world-book-day-with-booktok
============ Found Relative: joining https://newsroom.tiktok.com/en-us/partnering-with-our-industry-to-advance-ai-transparency-and-literacy and /en-us/celebrating-world-book-day-with-booktok
============ Checking for Redirections: https://newsroom.tiktok.com/en-us/celebrating-world-book-day-with-booktok
============ Link after cleaning: https://newsroom.tiktok.com/en-us/celebrating-world-book-day-with-booktok
========== link already checked
======== We are on link 33 of 66
========== raw link /en-us/celebrating-world-book-day-with-booktok
============ Found Relative: joining https://newsroom.tiktok.com/en-us/partnering-with-our-industry-to-advance-ai-transparency-and-literacy and /en-us/celebrating-world-book-day-with-booktok
============ Checking for Redirections: https://newsroom.tiktok.com/en-us/celebrating-world-book-day-with-booktok
============ Link after cleaning: https://newsroom.tiktok.com/en-us/celebrating-world-book-day-with-booktok
========== link already checked
======== We are on link 34 of 66
========== raw link /en-us/celebrating-world-book-day-with-booktok
============ Found Relative: joining https://newsroom.tiktok.com/en-us/partnering-with-our-industry-to-advance-ai-transparency-and-literacy and /en-us/celebrating-world-book-day-with-booktok
============ Checking for Redirections: https://newsroom.tiktok.com/en-us/celebrating-world-book-day-with-booktok
============ Link after cleaning: https://newsroom.tiktok.com/en-us/celebrating-world-book-day-with-booktok
========== link already checked
======== We are on link 35 of 66
========== raw link /en-us/community
============ Found Relative: joining https://newsroom.tiktok.com/en-us/partnering-with-our-industry-to-advance-ai-transparency-and-literacy and /en-us/community
============ Checking for Redirections: https://newsroom.tiktok.com/en-us/community
============ Link after cleaning: https://newsroom.tiktok.com/en-us/community
========== link already checked
======== We are on link 36 of 66
========== raw link /en-us/tiktok-and-major-league-soccer-sign-multiyear-partnership-renewal
============ Found Relative: joining https://newsroom.tiktok.com/en-us/partnering-with-our-industry-to-advance-ai-transparency-and-literacy and /en-us/tiktok-and-major-league-soccer-sign-multiyear-partnership-renewal
============ Checking for Redirections: https://newsroom.tiktok.com/en-us/tiktok-and-major-league-soccer-sign-multiyear-partnership-renewal
============ Link after cleaning: https://newsroom.tiktok.com/en-us/tiktok-and-major-league-soccer-sign-multiyear-partnership-renewal
========== link already checked
======== We are on link 37 of 66
========== raw link /en-us/tiktok-and-major-league-soccer-sign-multiyear-partnership-renewal
============ Found Relative: joining https://newsroom.tiktok.com/en-us/partnering-with-our-industry-to-advance-ai-transparency-and-literacy and /en-us/tiktok-and-major-league-soccer-sign-multiyear-partnership-renewal
============ Checking for Redirections: https://newsroom.tiktok.com/en-us/tiktok-and-major-league-soccer-sign-multiyear-partnership-renewal
============ Link after cleaning: https://newsroom.tiktok.com/en-us/tiktok-and-major-league-soccer-sign-multiyear-partnership-renewal
========== link already checked
======== We are on link 38 of 66
========== raw link /en-us/tiktok-and-major-league-soccer-sign-multiyear-partnership-renewal
============ Found Relative: joining https://newsroom.tiktok.com/en-us/partnering-with-our-industry-to-advance-ai-transparency-and-literacy and /en-us/tiktok-and-major-league-soccer-sign-multiyear-partnership-renewal
============ Checking for Redirections: https://newsroom.tiktok.com/en-us/tiktok-and-major-league-soccer-sign-multiyear-partnership-renewal
============ Link after cleaning: https://newsroom.tiktok.com/en-us/tiktok-and-major-league-soccer-sign-multiyear-partnership-renewal
========== link already checked
======== We are on link 39 of 66
========== raw link https://www.tiktok.com/download-link/af/id1235601864
============ Checking for Redirections: https://www.tiktok.com/download-link/af/id1235601864
========== dropped link https://www.tiktok.com/download-link/af/id1235601864. Could not follow redirection (or it was a meaninglessly small page or bot blocked by sessionID).
======== We are on link 40 of 66
========== raw link https://www.tiktok.com/download-link/af/com.ss.android.ugc.trill
============ Checking for Redirections: https://www.tiktok.com/download-link/af/com.ss.android.ugc.trill
========== dropped link https://www.tiktok.com/download-link/af/com.ss.android.ugc.trill. Could not follow redirection (or it was a meaninglessly small page or bot blocked by sessionID).
======== We are on link 41 of 66
========== raw link https://www.amazon.com/dp/B07KR1RJL2/
========== dropped link https://www.amazon.com/dp/B07KR1RJL2/. Didn't pass first allows/blocks test.
======== We are on link 42 of 66
========== raw link https://www.tiktok.com
============ Checking for Redirections: https://www.tiktok.com
========== dropped link https://www.tiktok.com. Could not follow redirection (or it was a meaninglessly small page or bot blocked by sessionID).
======== We are on link 43 of 66
========== raw link https://www.tiktok.com/about?lang=en
============ Checking for Redirections: https://www.tiktok.com/about?lang=en
========== dropped link https://www.tiktok.com/about?lang=en. Could not follow redirection (or it was a meaninglessly small page or bot blocked by sessionID).
======== We are on link 44 of 66
========== raw link https://newsroom.tiktok.com?lang=en
============ Checking for Redirections: https://newsroom.tiktok.com?lang=en
============ Followed Redirection to https://newsroom.tiktok.com/en-us/
============ Link after cleaning: https://newsroom.tiktok.com/en-us/
========== link already checked
======== We are on link 45 of 66
========== raw link https://www.tiktok.com/about/contact?lang=en
============ Checking for Redirections: https://www.tiktok.com/about/contact?lang=en
========== dropped link https://www.tiktok.com/about/contact?lang=en. Could not follow redirection (or it was a meaninglessly small page or bot blocked by sessionID).
======== We are on link 46 of 66
========== raw link https://careers.tiktok.com?lang=en
============ Checking for Redirections: https://careers.tiktok.com?lang=en
============ Followed Redirection to https://lifeattiktok.com/?lang=en
============ Link after cleaning: https://lifeattiktok.com/
========== link already checked
======== We are on link 47 of 66
========== raw link https://www.bytedance.com?lang=en
========== dropped link https://www.bytedance.com?lang=en. Didn't pass first allows/blocks test.
======== We are on link 48 of 66
========== raw link https://www.tiktok.com/for-good?lang=en
============ Checking for Redirections: https://www.tiktok.com/for-good?lang=en
========== dropped link https://www.tiktok.com/for-good?lang=en. Could not follow redirection (or it was a meaninglessly small page or bot blocked by sessionID).
======== We are on link 49 of 66
========== raw link https://developers.tiktok.com?lang=en
============ Checking for Redirections: https://developers.tiktok.com?lang=en
============ Followed Redirection to https://developers.tiktok.com/?lang=en
============ Link after cleaning: https://developers.tiktok.com/
========== link already checked
======== We are on link 50 of 66
========== raw link https://effecthouse.tiktok.com?lang=en
============ Checking for Redirections: https://effecthouse.tiktok.com?lang=en
============ Followed Redirection to https://effecthouse.tiktok.com/?lang=en
============ Link after cleaning: https://effecthouse.tiktok.com/
========== link already checked
======== We are on link 51 of 66
========== raw link https://www.tiktok.com/business?lang=en
============ Checking for Redirections: https://www.tiktok.com/business?lang=en
========== dropped link https://www.tiktok.com/business?lang=en. Could not follow redirection (or it was a meaninglessly small page or bot blocked by sessionID).
======== We are on link 52 of 66
========== raw link https://www.tiktok.com/browse?lang=en
============ Checking for Redirections: https://www.tiktok.com/browse?lang=en
========== dropped link https://www.tiktok.com/browse?lang=en. Could not follow redirection (or it was a meaninglessly small page or bot blocked by sessionID).
======== We are on link 53 of 66
========== raw link https://www.tiktok.com/embed?lang=en
============ Checking for Redirections: https://www.tiktok.com/embed?lang=en
========== dropped link https://www.tiktok.com/embed?lang=en. Could not follow redirection (or it was a meaninglessly small page or bot blocked by sessionID).
======== We are on link 54 of 66
========== raw link https://www.tiktok.com/tiktok-rewards?lang=en
============ Checking for Redirections: https://www.tiktok.com/tiktok-rewards?lang=en
========== dropped link https://www.tiktok.com/tiktok-rewards?lang=en. Could not follow redirection (or it was a meaninglessly small page or bot blocked by sessionID).
======== We are on link 55 of 66
========== raw link https://www.tiktok.com/download/en
============ Checking for Redirections: https://www.tiktok.com/download/en
========== dropped link https://www.tiktok.com/download/en. Could not follow redirection (or it was a meaninglessly small page or bot blocked by sessionID).
======== We are on link 56 of 66
========== raw link https://support.tiktok.com?lang=en
============ Checking for Redirections: https://support.tiktok.com?lang=en
========== dropped link https://support.tiktok.com?lang=en. Could not follow redirection (or it was a meaninglessly small page or bot blocked by sessionID).
======== We are on link 57 of 66
========== raw link https://www.tiktok.com/safety?lang=en
============ Checking for Redirections: https://www.tiktok.com/safety?lang=en
========== dropped link https://www.tiktok.com/safety?lang=en. Could not follow redirection (or it was a meaninglessly small page or bot blocked by sessionID).
======== We are on link 58 of 66
========== raw link https://www.tiktok.com/privacy/overview?lang=en
============ Checking for Redirections: https://www.tiktok.com/privacy/overview?lang=en
========== dropped link https://www.tiktok.com/privacy/overview?lang=en. Could not follow redirection (or it was a meaninglessly small page or bot blocked by sessionID).
======== We are on link 59 of 66
========== raw link https://www.tiktok.com/creator-academy?lang=en
============ Checking for Redirections: https://www.tiktok.com/creator-academy?lang=en
========== dropped link https://www.tiktok.com/creator-academy?lang=en. Could not follow redirection (or it was a meaninglessly small page or bot blocked by sessionID).
======== We are on link 60 of 66
========== raw link https://www.tiktok.com/community-guidelines?lang=en
============ Checking for Redirections: https://www.tiktok.com/community-guidelines?lang=en
========== dropped link https://www.tiktok.com/community-guidelines?lang=en. Could not follow redirection (or it was a meaninglessly small page or bot blocked by sessionID).
======== We are on link 61 of 66
========== raw link https://www.tiktok.com/transparency?lang=en
============ Checking for Redirections: https://www.tiktok.com/transparency?lang=en
========== dropped link https://www.tiktok.com/transparency?lang=en. Could not follow redirection (or it was a meaninglessly small page or bot blocked by sessionID).
======== We are on link 62 of 66
========== raw link https://www.tiktok.com/accessibility?lang=en
============ Checking for Redirections: https://www.tiktok.com/accessibility?lang=en
========== dropped link https://www.tiktok.com/accessibility?lang=en. Could not follow redirection (or it was a meaninglessly small page or bot blocked by sessionID).
======== We are on link 63 of 66
========== raw link https://www.tiktok.com/legal/terms-of-service?lang=en
============ Checking for Redirections: https://www.tiktok.com/legal/terms-of-service?lang=en
========== dropped link https://www.tiktok.com/legal/terms-of-service?lang=en. Could not follow redirection (or it was a meaninglessly small page or bot blocked by sessionID).
======== We are on link 64 of 66
========== raw link https://www.tiktok.com/legal/privacy-policy?lang=en
============ Checking for Redirections: https://www.tiktok.com/legal/privacy-policy?lang=en
========== dropped link https://www.tiktok.com/legal/privacy-policy?lang=en. Could not follow redirection (or it was a meaninglessly small page or bot blocked by sessionID).
======== We are on link 65 of 66
========== raw link https://www.tiktok.com/legal/copyright-policy?lang=en
============ Checking for Redirections: https://www.tiktok.com/legal/copyright-policy?lang=en
========== dropped link https://www.tiktok.com/legal/copyright-policy?lang=en. Could not follow redirection (or it was a meaninglessly small page or bot blocked by sessionID).
======== We are on link 66 of 66
========== raw link https://www.tiktok.com/legal/law-enforcement?lang=en
============ Checking for Redirections: https://www.tiktok.com/legal/law-enforcement?lang=en
========== dropped link https://www.tiktok.com/legal/law-enforcement?lang=en. Could not follow redirection (or it was a meaninglessly small page or bot blocked by sessionID).
====== We are on page 8 of 9: https://ads.tiktok.com/i18n/official/article?aid=10021580
ERROR: Somehow this page has no links... 
====== Number of Links on this Page: 0
====== We are on page 9 of 9: https://www.tiktok.com/legal/page/us/terms-of-service/en
====== Number of Links on this Page: 66
======== We are on link 1 of 66
========== raw link /
========== dropped link (either fragment ("#"), js, mailto, comment, pdf, or empty)
======== We are on link 2 of 66
========== raw link /trending/?lang=en
============ Found Relative: joining https://www.tiktok.com/legal/page/us/terms-of-service/en and /trending/?lang=en
============ Checking for Redirections: https://www.tiktok.com/trending/?lang=en
========== dropped link https://www.tiktok.com/trending/?lang=en. Could not follow redirection (or it was a meaninglessly small page or bot blocked by sessionID).
======== We are on link 3 of 66
========== raw link /en-us
============ Found Relative: joining https://www.tiktok.com/legal/page/us/terms-of-service/en and /en-us
============ Checking for Redirections: https://www.tiktok.com/en-us
========== dropped link https://www.tiktok.com/en-us. Could not follow redirection (or it was a meaninglessly small page or bot blocked by sessionID).
======== We are on link 4 of 66
========== raw link /en-us/news
============ Found Relative: joining https://www.tiktok.com/legal/page/us/terms-of-service/en and /en-us/news
============ Checking for Redirections: https://www.tiktok.com/en-us/news
========== dropped link https://www.tiktok.com/en-us/news. Could not follow redirection (or it was a meaninglessly small page or bot blocked by sessionID).
======== We are on link 5 of 66
========== raw link /en-us/product
============ Found Relative: joining https://www.tiktok.com/legal/page/us/terms-of-service/en and /en-us/product
============ Checking for Redirections: https://www.tiktok.com/en-us/product
========== dropped link https://www.tiktok.com/en-us/product. Could not follow redirection (or it was a meaninglessly small page or bot blocked by sessionID).
======== We are on link 6 of 66
========== raw link /en-us/community
============ Found Relative: joining https://www.tiktok.com/legal/page/us/terms-of-service/en and /en-us/community
============ Checking for Redirections: https://www.tiktok.com/en-us/community
========== dropped link https://www.tiktok.com/en-us/community. Could not follow redirection (or it was a meaninglessly small page or bot blocked by sessionID).
======== We are on link 7 of 66
========== raw link /en-us/safety
============ Found Relative: joining https://www.tiktok.com/legal/page/us/terms-of-service/en and /en-us/safety
============ Checking for Redirections: https://www.tiktok.com/en-us/safety
========== dropped link https://www.tiktok.com/en-us/safety. Could not follow redirection (or it was a meaninglessly small page or bot blocked by sessionID).
======== We are on link 8 of 66
========== raw link /en-us/company
============ Found Relative: joining https://www.tiktok.com/legal/page/us/terms-of-service/en and /en-us/company
============ Checking for Redirections: https://www.tiktok.com/en-us/company
========== dropped link https://www.tiktok.com/en-us/company. Could not follow redirection (or it was a meaninglessly small page or bot blocked by sessionID).
======== We are on link 9 of 66
========== raw link /en-us/safety
============ Found Relative: joining https://www.tiktok.com/legal/page/us/terms-of-service/en and /en-us/safety
============ Checking for Redirections: https://www.tiktok.com/en-us/safety
========== dropped link https://www.tiktok.com/en-us/safety. Could not follow redirection (or it was a meaninglessly small page or bot blocked by sessionID).
======== We are on link 10 of 66
========== raw link https://twitter.com/share?text=Partnering%20with%20our%20industry%20to%20advance%20AI%20transparency%20and%20literacy&url=https%3A%2F%2Fnewsroom.tiktok.com%2Fen-us%2Fpartnering-with-our-industry-to-advance-ai-transparency-and-literacy
============ Checking for Redirections: https://twitter.com/share?text=Partnering%20with%20our%20industry%20to%20advance%20AI%20transparency%20and%20literacy&url=https%3A%2F%2Fnewsroom.tiktok.com%2Fen-us%2Fpartnering-with-our-industry-to-advance-ai-transparency-and-literacy
========== dropped link https://twitter.com/share?text=Partnering%20with%20our%20industry%20to%20advance%20AI%20transparency%20and%20literacy&url=https%3A%2F%2Fnewsroom.tiktok.com%2Fen-us%2Fpartnering-with-our-industry-to-advance-ai-transparency-and-literacy. Could not follow redirection (or it was a meaninglessly small page or bot blocked by sessionID).
======== We are on link 11 of 66
========== raw link https://www.facebook.com/sharer.php?u=https%3A%2F%2Fnewsroom.tiktok.com%2Fen-us%2Fpartnering-with-our-industry-to-advance-ai-transparency-and-literacy
========== dropped link https://www.facebook.com/sharer.php?u=https%3A%2F%2Fnewsroom.tiktok.com%2Fen-us%2Fpartnering-with-our-industry-to-advance-ai-transparency-and-literacy. Didn't pass first allows/blocks test.
======== We are on link 12 of 66
========== raw link https://c2pa.org/
========== dropped link https://c2pa.org/. Didn't pass first allows/blocks test.
======== We are on link 13 of 66
========== raw link https://www.tiktok.com/@mediawise?lang=en#:~:text=MediaWise%20(%40mediawise)%20Official%20%7C%20TikTok
============ Checking for Redirections: https://www.tiktok.com/@mediawise?lang=en#:~:text=MediaWise%20(%40mediawise)%20Official%20%7C%20TikTok
========== dropped link https://www.tiktok.com/@mediawise?lang=en#:~:text=MediaWise%20(%40mediawise)%20Official%20%7C%20TikTok. Could not follow redirection (or it was a meaninglessly small page or bot blocked by sessionID).
======== We are on link 14 of 66
========== raw link https://www.witness.org/
========== dropped link https://www.witness.org/. Didn't pass first allows/blocks test.
======== We are on link 15 of 66
========== raw link https://newsroom.tiktok.com/en-us/new-labels-for-disclosing-ai-generated-content
============ Checking for Redirections: https://newsroom.tiktok.com/en-us/new-labels-for-disclosing-ai-generated-content
============ Link unchanged
========== link already checked
======== We are on link 16 of 66
========== raw link https://c2pa.org/
========== dropped link https://c2pa.org/. Didn't pass first allows/blocks test.
======== We are on link 17 of 66
========== raw link https://contentcredentials.org/verify
========== dropped link https://contentcredentials.org/verify. Didn't pass first allows/blocks test.
======== We are on link 18 of 66
========== raw link https://contentauthenticity.org/
========== dropped link https://contentauthenticity.org/. Didn't pass first allows/blocks test.
======== We are on link 19 of 66
========== raw link https://blog.adobe.com/en/publish/2024/05/09/advancing-trust-transparency-online-with-tiktok
========== dropped link https://blog.adobe.com/en/publish/2024/05/09/advancing-trust-transparency-online-with-tiktok. Didn't pass first allows/blocks test.
======== We are on link 20 of 66
========== raw link https://www.tiktok.com/@mediawise?lang=en#:~:text=MediaWise%20(%40mediawise)%20Official%20%7C%20TikTok
============ Checking for Redirections: https://www.tiktok.com/@mediawise?lang=en#:~:text=MediaWise%20(%40mediawise)%20Official%20%7C%20TikTok
========== dropped link https://www.tiktok.com/@mediawise?lang=en#:~:text=MediaWise%20(%40mediawise)%20Official%20%7C%20TikTok. Could not follow redirection (or it was a meaninglessly small page or bot blocked by sessionID).
======== We are on link 21 of 66
========== raw link https://www.witness.org/
========== dropped link https://www.witness.org/. Didn't pass first allows/blocks test.
======== We are on link 22 of 66
========== raw link https://www.aielectionsaccord.com/
========== dropped link https://www.aielectionsaccord.com/. Didn't pass first allows/blocks test.
======== We are on link 23 of 66
========== raw link https://www.tiktok.com/transparency/en/supporting-responsible-transparent-ai-generated-content/
============ Checking for Redirections: https://www.tiktok.com/transparency/en/supporting-responsible-transparent-ai-generated-content/
========== dropped link https://www.tiktok.com/transparency/en/supporting-responsible-transparent-ai-generated-content/. Could not follow redirection (or it was a meaninglessly small page or bot blocked by sessionID).
======== We are on link 24 of 66
========== raw link /en-us/safety
============ Found Relative: joining https://www.tiktok.com/legal/page/us/terms-of-service/en and /en-us/safety
============ Checking for Redirections: https://www.tiktok.com/en-us/safety
========== dropped link https://www.tiktok.com/en-us/safety. Could not follow redirection (or it was a meaninglessly small page or bot blocked by sessionID).
======== We are on link 25 of 66
========== raw link https://twitter.com/share?text=Partnering%20with%20our%20industry%20to%20advance%20AI%20transparency%20and%20literacy&url=https%3A%2F%2Fnewsroom.tiktok.com%2Fen-us%2Fpartnering-with-our-industry-to-advance-ai-transparency-and-literacy
============ Checking for Redirections: https://twitter.com/share?text=Partnering%20with%20our%20industry%20to%20advance%20AI%20transparency%20and%20literacy&url=https%3A%2F%2Fnewsroom.tiktok.com%2Fen-us%2Fpartnering-with-our-industry-to-advance-ai-transparency-and-literacy
========== dropped link https://twitter.com/share?text=Partnering%20with%20our%20industry%20to%20advance%20AI%20transparency%20and%20literacy&url=https%3A%2F%2Fnewsroom.tiktok.com%2Fen-us%2Fpartnering-with-our-industry-to-advance-ai-transparency-and-literacy. Could not follow redirection (or it was a meaninglessly small page or bot blocked by sessionID).
======== We are on link 26 of 66
========== raw link https://www.facebook.com/sharer.php?u=https%3A%2F%2Fnewsroom.tiktok.com%2Fen-us%2Fpartnering-with-our-industry-to-advance-ai-transparency-and-literacy
========== dropped link https://www.facebook.com/sharer.php?u=https%3A%2F%2Fnewsroom.tiktok.com%2Fen-us%2Fpartnering-with-our-industry-to-advance-ai-transparency-and-literacy. Didn't pass first allows/blocks test.
======== We are on link 27 of 66
========== raw link /en-us/community
============ Found Relative: joining https://www.tiktok.com/legal/page/us/terms-of-service/en and /en-us/community
============ Checking for Redirections: https://www.tiktok.com/en-us/community
========== dropped link https://www.tiktok.com/en-us/community. Could not follow redirection (or it was a meaninglessly small page or bot blocked by sessionID).
======== We are on link 28 of 66
========== raw link /en-us/apitiktok-voices-to-watch-celebrating-asian-american-native-hawaiian-and-pacific-islander-heritage-month-2025
============ Found Relative: joining https://www.tiktok.com/legal/page/us/terms-of-service/en and /en-us/apitiktok-voices-to-watch-celebrating-asian-american-native-hawaiian-and-pacific-islander-heritage-month-2025
============ Checking for Redirections: https://www.tiktok.com/en-us/apitiktok-voices-to-watch-celebrating-asian-american-native-hawaiian-and-pacific-islander-heritage-month-2025
========== dropped link https://www.tiktok.com/en-us/apitiktok-voices-to-watch-celebrating-asian-american-native-hawaiian-and-pacific-islander-heritage-month-2025. Could not follow redirection (or it was a meaninglessly small page or bot blocked by sessionID).
======== We are on link 29 of 66
========== raw link /en-us/apitiktok-voices-to-watch-celebrating-asian-american-native-hawaiian-and-pacific-islander-heritage-month-2025
============ Found Relative: joining https://www.tiktok.com/legal/page/us/terms-of-service/en and /en-us/apitiktok-voices-to-watch-celebrating-asian-american-native-hawaiian-and-pacific-islander-heritage-month-2025
============ Checking for Redirections: https://www.tiktok.com/en-us/apitiktok-voices-to-watch-celebrating-asian-american-native-hawaiian-and-pacific-islander-heritage-month-2025
========== dropped link https://www.tiktok.com/en-us/apitiktok-voices-to-watch-celebrating-asian-american-native-hawaiian-and-pacific-islander-heritage-month-2025. Could not follow redirection (or it was a meaninglessly small page or bot blocked by sessionID).
======== We are on link 30 of 66
========== raw link /en-us/apitiktok-voices-to-watch-celebrating-asian-american-native-hawaiian-and-pacific-islander-heritage-month-2025
============ Found Relative: joining https://www.tiktok.com/legal/page/us/terms-of-service/en and /en-us/apitiktok-voices-to-watch-celebrating-asian-american-native-hawaiian-and-pacific-islander-heritage-month-2025
============ Checking for Redirections: https://www.tiktok.com/en-us/apitiktok-voices-to-watch-celebrating-asian-american-native-hawaiian-and-pacific-islander-heritage-month-2025
========== dropped link https://www.tiktok.com/en-us/apitiktok-voices-to-watch-celebrating-asian-american-native-hawaiian-and-pacific-islander-heritage-month-2025. Could not follow redirection (or it was a meaninglessly small page or bot blocked by sessionID).
======== We are on link 31 of 66
========== raw link /en-us/community
============ Found Relative: joining https://www.tiktok.com/legal/page/us/terms-of-service/en and /en-us/community
============ Checking for Redirections: https://www.tiktok.com/en-us/community
========== dropped link https://www.tiktok.com/en-us/community. Could not follow redirection (or it was a meaninglessly small page or bot blocked by sessionID).
======== We are on link 32 of 66
========== raw link /en-us/celebrating-world-book-day-with-booktok
============ Found Relative: joining https://www.tiktok.com/legal/page/us/terms-of-service/en and /en-us/celebrating-world-book-day-with-booktok
============ Checking for Redirections: https://www.tiktok.com/en-us/celebrating-world-book-day-with-booktok
========== dropped link https://www.tiktok.com/en-us/celebrating-world-book-day-with-booktok. Could not follow redirection (or it was a meaninglessly small page or bot blocked by sessionID).
======== We are on link 33 of 66
========== raw link /en-us/celebrating-world-book-day-with-booktok
============ Found Relative: joining https://www.tiktok.com/legal/page/us/terms-of-service/en and /en-us/celebrating-world-book-day-with-booktok
============ Checking for Redirections: https://www.tiktok.com/en-us/celebrating-world-book-day-with-booktok
========== dropped link https://www.tiktok.com/en-us/celebrating-world-book-day-with-booktok. Could not follow redirection (or it was a meaninglessly small page or bot blocked by sessionID).
======== We are on link 34 of 66
========== raw link /en-us/celebrating-world-book-day-with-booktok
============ Found Relative: joining https://www.tiktok.com/legal/page/us/terms-of-service/en and /en-us/celebrating-world-book-day-with-booktok
============ Checking for Redirections: https://www.tiktok.com/en-us/celebrating-world-book-day-with-booktok
========== dropped link https://www.tiktok.com/en-us/celebrating-world-book-day-with-booktok. Could not follow redirection (or it was a meaninglessly small page or bot blocked by sessionID).
======== We are on link 35 of 66
========== raw link /en-us/community
============ Found Relative: joining https://www.tiktok.com/legal/page/us/terms-of-service/en and /en-us/community
============ Checking for Redirections: https://www.tiktok.com/en-us/community
========== dropped link https://www.tiktok.com/en-us/community. Could not follow redirection (or it was a meaninglessly small page or bot blocked by sessionID).
======== We are on link 36 of 66
========== raw link /en-us/tiktok-and-major-league-soccer-sign-multiyear-partnership-renewal
============ Found Relative: joining https://www.tiktok.com/legal/page/us/terms-of-service/en and /en-us/tiktok-and-major-league-soccer-sign-multiyear-partnership-renewal
============ Checking for Redirections: https://www.tiktok.com/en-us/tiktok-and-major-league-soccer-sign-multiyear-partnership-renewal
========== dropped link https://www.tiktok.com/en-us/tiktok-and-major-league-soccer-sign-multiyear-partnership-renewal. Could not follow redirection (or it was a meaninglessly small page or bot blocked by sessionID).
======== We are on link 37 of 66
========== raw link /en-us/tiktok-and-major-league-soccer-sign-multiyear-partnership-renewal
============ Found Relative: joining https://www.tiktok.com/legal/page/us/terms-of-service/en and /en-us/tiktok-and-major-league-soccer-sign-multiyear-partnership-renewal
============ Checking for Redirections: https://www.tiktok.com/en-us/tiktok-and-major-league-soccer-sign-multiyear-partnership-renewal
========== dropped link https://www.tiktok.com/en-us/tiktok-and-major-league-soccer-sign-multiyear-partnership-renewal. Could not follow redirection (or it was a meaninglessly small page or bot blocked by sessionID).
======== We are on link 38 of 66
========== raw link /en-us/tiktok-and-major-league-soccer-sign-multiyear-partnership-renewal
============ Found Relative: joining https://www.tiktok.com/legal/page/us/terms-of-service/en and /en-us/tiktok-and-major-league-soccer-sign-multiyear-partnership-renewal
============ Checking for Redirections: https://www.tiktok.com/en-us/tiktok-and-major-league-soccer-sign-multiyear-partnership-renewal
========== dropped link https://www.tiktok.com/en-us/tiktok-and-major-league-soccer-sign-multiyear-partnership-renewal. Could not follow redirection (or it was a meaninglessly small page or bot blocked by sessionID).
======== We are on link 39 of 66
========== raw link https://www.tiktok.com/download-link/af/id1235601864
============ Checking for Redirections: https://www.tiktok.com/download-link/af/id1235601864
========== dropped link https://www.tiktok.com/download-link/af/id1235601864. Could not follow redirection (or it was a meaninglessly small page or bot blocked by sessionID).
======== We are on link 40 of 66
========== raw link https://www.tiktok.com/download-link/af/com.ss.android.ugc.trill
============ Checking for Redirections: https://www.tiktok.com/download-link/af/com.ss.android.ugc.trill
========== dropped link https://www.tiktok.com/download-link/af/com.ss.android.ugc.trill. Could not follow redirection (or it was a meaninglessly small page or bot blocked by sessionID).
======== We are on link 41 of 66
========== raw link https://www.amazon.com/dp/B07KR1RJL2/
========== dropped link https://www.amazon.com/dp/B07KR1RJL2/. Didn't pass first allows/blocks test.
======== We are on link 42 of 66
========== raw link https://www.tiktok.com
============ Checking for Redirections: https://www.tiktok.com
========== dropped link https://www.tiktok.com. Could not follow redirection (or it was a meaninglessly small page or bot blocked by sessionID).
======== We are on link 43 of 66
========== raw link https://www.tiktok.com/about?lang=en
============ Checking for Redirections: https://www.tiktok.com/about?lang=en
========== dropped link https://www.tiktok.com/about?lang=en. Could not follow redirection (or it was a meaninglessly small page or bot blocked by sessionID).
======== We are on link 44 of 66
========== raw link https://newsroom.tiktok.com?lang=en
============ Checking for Redirections: https://newsroom.tiktok.com?lang=en
============ Followed Redirection to https://newsroom.tiktok.com/en-us/
============ Link after cleaning: https://newsroom.tiktok.com/en-us/
========== link already checked
======== We are on link 45 of 66
========== raw link https://www.tiktok.com/about/contact?lang=en
============ Checking for Redirections: https://www.tiktok.com/about/contact?lang=en
========== dropped link https://www.tiktok.com/about/contact?lang=en. Could not follow redirection (or it was a meaninglessly small page or bot blocked by sessionID).
======== We are on link 46 of 66
========== raw link https://careers.tiktok.com?lang=en
============ Checking for Redirections: https://careers.tiktok.com?lang=en
============ Followed Redirection to https://lifeattiktok.com/?lang=en
============ Link after cleaning: https://lifeattiktok.com/
========== link already checked
======== We are on link 47 of 66
========== raw link https://www.bytedance.com?lang=en
========== dropped link https://www.bytedance.com?lang=en. Didn't pass first allows/blocks test.
======== We are on link 48 of 66
========== raw link https://www.tiktok.com/for-good?lang=en
============ Checking for Redirections: https://www.tiktok.com/for-good?lang=en
========== dropped link https://www.tiktok.com/for-good?lang=en. Could not follow redirection (or it was a meaninglessly small page or bot blocked by sessionID).
======== We are on link 49 of 66
========== raw link https://developers.tiktok.com?lang=en
============ Checking for Redirections: https://developers.tiktok.com?lang=en
============ Followed Redirection to https://developers.tiktok.com/?lang=en
============ Link after cleaning: https://developers.tiktok.com/
========== link already checked
======== We are on link 50 of 66
========== raw link https://effecthouse.tiktok.com?lang=en
============ Checking for Redirections: https://effecthouse.tiktok.com?lang=en
============ Followed Redirection to https://effecthouse.tiktok.com/?lang=en
============ Link after cleaning: https://effecthouse.tiktok.com/
========== link already checked
======== We are on link 51 of 66
========== raw link https://www.tiktok.com/business?lang=en
============ Checking for Redirections: https://www.tiktok.com/business?lang=en
========== dropped link https://www.tiktok.com/business?lang=en. Could not follow redirection (or it was a meaninglessly small page or bot blocked by sessionID).
======== We are on link 52 of 66
========== raw link https://www.tiktok.com/browse?lang=en
============ Checking for Redirections: https://www.tiktok.com/browse?lang=en
========== dropped link https://www.tiktok.com/browse?lang=en. Could not follow redirection (or it was a meaninglessly small page or bot blocked by sessionID).
======== We are on link 53 of 66
========== raw link https://www.tiktok.com/embed?lang=en
============ Checking for Redirections: https://www.tiktok.com/embed?lang=en
========== dropped link https://www.tiktok.com/embed?lang=en. Could not follow redirection (or it was a meaninglessly small page or bot blocked by sessionID).
======== We are on link 54 of 66
========== raw link https://www.tiktok.com/tiktok-rewards?lang=en
============ Checking for Redirections: https://www.tiktok.com/tiktok-rewards?lang=en
========== dropped link https://www.tiktok.com/tiktok-rewards?lang=en. Could not follow redirection (or it was a meaninglessly small page or bot blocked by sessionID).
======== We are on link 55 of 66
========== raw link https://www.tiktok.com/download/en
============ Checking for Redirections: https://www.tiktok.com/download/en
========== dropped link https://www.tiktok.com/download/en. Could not follow redirection (or it was a meaninglessly small page or bot blocked by sessionID).
======== We are on link 56 of 66
========== raw link https://support.tiktok.com?lang=en
============ Checking for Redirections: https://support.tiktok.com?lang=en
========== dropped link https://support.tiktok.com?lang=en. Could not follow redirection (or it was a meaninglessly small page or bot blocked by sessionID).
======== We are on link 57 of 66
========== raw link https://www.tiktok.com/safety?lang=en
============ Checking for Redirections: https://www.tiktok.com/safety?lang=en
========== dropped link https://www.tiktok.com/safety?lang=en. Could not follow redirection (or it was a meaninglessly small page or bot blocked by sessionID).
======== We are on link 58 of 66
========== raw link https://www.tiktok.com/privacy/overview?lang=en
============ Checking for Redirections: https://www.tiktok.com/privacy/overview?lang=en
========== dropped link https://www.tiktok.com/privacy/overview?lang=en. Could not follow redirection (or it was a meaninglessly small page or bot blocked by sessionID).
======== We are on link 59 of 66
========== raw link https://www.tiktok.com/creator-academy?lang=en
============ Checking for Redirections: https://www.tiktok.com/creator-academy?lang=en
========== dropped link https://www.tiktok.com/creator-academy?lang=en. Could not follow redirection (or it was a meaninglessly small page or bot blocked by sessionID).
======== We are on link 60 of 66
========== raw link https://www.tiktok.com/community-guidelines?lang=en
============ Checking for Redirections: https://www.tiktok.com/community-guidelines?lang=en
========== dropped link https://www.tiktok.com/community-guidelines?lang=en. Could not follow redirection (or it was a meaninglessly small page or bot blocked by sessionID).
======== We are on link 61 of 66
========== raw link https://www.tiktok.com/transparency?lang=en
============ Checking for Redirections: https://www.tiktok.com/transparency?lang=en
========== dropped link https://www.tiktok.com/transparency?lang=en. Could not follow redirection (or it was a meaninglessly small page or bot blocked by sessionID).
======== We are on link 62 of 66
========== raw link https://www.tiktok.com/accessibility?lang=en
============ Checking for Redirections: https://www.tiktok.com/accessibility?lang=en
========== dropped link https://www.tiktok.com/accessibility?lang=en. Could not follow redirection (or it was a meaninglessly small page or bot blocked by sessionID).
======== We are on link 63 of 66
========== raw link https://www.tiktok.com/legal/terms-of-service?lang=en
============ Checking for Redirections: https://www.tiktok.com/legal/terms-of-service?lang=en
========== dropped link https://www.tiktok.com/legal/terms-of-service?lang=en. Could not follow redirection (or it was a meaninglessly small page or bot blocked by sessionID).
======== We are on link 64 of 66
========== raw link https://www.tiktok.com/legal/privacy-policy?lang=en
============ Checking for Redirections: https://www.tiktok.com/legal/privacy-policy?lang=en
========== dropped link https://www.tiktok.com/legal/privacy-policy?lang=en. Could not follow redirection (or it was a meaninglessly small page or bot blocked by sessionID).
======== We are on link 65 of 66
========== raw link https://www.tiktok.com/legal/copyright-policy?lang=en
============ Checking for Redirections: https://www.tiktok.com/legal/copyright-policy?lang=en
========== dropped link https://www.tiktok.com/legal/copyright-policy?lang=en. Could not follow redirection (or it was a meaninglessly small page or bot blocked by sessionID).
======== We are on link 66 of 66
========== raw link https://www.tiktok.com/legal/law-enforcement?lang=en
============ Checking for Redirections: https://www.tiktok.com/legal/law-enforcement?lang=en
========== dropped link https://www.tiktok.com/legal/law-enforcement?lang=en. Could not follow redirection (or it was a meaninglessly small page or bot blocked by sessionID).
==== Number of new pages added: 7
==== We are at iteration 2 (tree depth).
====== We are on page 1 of 7: https://support.tiktok.com/en/using-tiktok/creating-videos
====== Number of Links on this Page: 54
======== We are on link 1 of 54
========== raw link https://support.tiktok.com?lang=en
============ Checking for Redirections: https://support.tiktok.com?lang=en
========== dropped link https://support.tiktok.com?lang=en. Could not follow redirection (or it was a meaninglessly small page or bot blocked by sessionID).
======== We are on link 2 of 54
========== raw link /en
============ Found Relative: joining https://support.tiktok.com/en/using-tiktok/creating-videos and /en
============ Checking for Redirections: https://support.tiktok.com/en
============ Link after cleaning: https://support.tiktok.com/en
========== link already checked
======== We are on link 3 of 54
========== raw link /en/using-tiktok/creating-videos/camera-tools
============ Found Relative: joining https://support.tiktok.com/en/using-tiktok/creating-videos and /en/using-tiktok/creating-videos/camera-tools
============ Checking for Redirections: https://support.tiktok.com/en/using-tiktok/creating-videos/camera-tools
============ Link after cleaning: https://support.tiktok.com/en/using-tiktok/creating-videos/camera-tools
========== scraping https://support.tiktok.com/en/using-tiktok/creating-videos/camera-tools
======== We are on link 4 of 54
========== raw link /en/using-tiktok/creating-videos/effects
============ Found Relative: joining https://support.tiktok.com/en/using-tiktok/creating-videos and /en/using-tiktok/creating-videos/effects
============ Checking for Redirections: https://support.tiktok.com/en/using-tiktok/creating-videos/effects
============ Link after cleaning: https://support.tiktok.com/en/using-tiktok/creating-videos/effects
========== scraping https://support.tiktok.com/en/using-tiktok/creating-videos/effects
======== We are on link 5 of 54
========== raw link /en/using-tiktok/creating-videos/sounds
============ Found Relative: joining https://support.tiktok.com/en/using-tiktok/creating-videos and /en/using-tiktok/creating-videos/sounds
============ Checking for Redirections: https://support.tiktok.com/en/using-tiktok/creating-videos/sounds
============ Link after cleaning: https://support.tiktok.com/en/using-tiktok/creating-videos/sounds
========== scraping https://support.tiktok.com/en/using-tiktok/creating-videos/sounds
======== We are on link 6 of 54
========== raw link /en/using-tiktok/creating-videos/editing-posting-and-deleting
============ Found Relative: joining https://support.tiktok.com/en/using-tiktok/creating-videos and /en/using-tiktok/creating-videos/editing-posting-and-deleting
============ Checking for Redirections: https://support.tiktok.com/en/using-tiktok/creating-videos/editing-posting-and-deleting
============ Link after cleaning: https://support.tiktok.com/en/using-tiktok/creating-videos/editing-posting-and-deleting
========== scraping https://support.tiktok.com/en/using-tiktok/creating-videos/editing-posting-and-deleting
======== We are on link 7 of 54
========== raw link /en/using-tiktok/creating-videos/editing-tiktok-videos-and-photos
============ Found Relative: joining https://support.tiktok.com/en/using-tiktok/creating-videos and /en/using-tiktok/creating-videos/editing-tiktok-videos-and-photos
============ Checking for Redirections: https://support.tiktok.com/en/using-tiktok/creating-videos/editing-tiktok-videos-and-photos
============ Link after cleaning: https://support.tiktok.com/en/using-tiktok/creating-videos/editing-tiktok-videos-and-photos
========== scraping https://support.tiktok.com/en/using-tiktok/creating-videos/editing-tiktok-videos-and-photos
======== We are on link 8 of 54
========== raw link /en/using-tiktok/creating-videos/tiktok-stories
============ Found Relative: joining https://support.tiktok.com/en/using-tiktok/creating-videos and /en/using-tiktok/creating-videos/tiktok-stories
============ Checking for Redirections: https://support.tiktok.com/en/using-tiktok/creating-videos/tiktok-stories
============ Link after cleaning: https://support.tiktok.com/en/using-tiktok/creating-videos/tiktok-stories
========== scraping https://support.tiktok.com/en/using-tiktok/creating-videos/tiktok-stories
======== We are on link 9 of 54
========== raw link /en/using-tiktok/creating-videos/text-posts
============ Found Relative: joining https://support.tiktok.com/en/using-tiktok/creating-videos and /en/using-tiktok/creating-videos/text-posts
============ Checking for Redirections: https://support.tiktok.com/en/using-tiktok/creating-videos/text-posts
============ Link after cleaning: https://support.tiktok.com/en/using-tiktok/creating-videos/text-posts
========== scraping https://support.tiktok.com/en/using-tiktok/creating-videos/text-posts
======== We are on link 10 of 54
========== raw link /en/using-tiktok/creating-videos/create-playlists-of-your-videos
============ Found Relative: joining https://support.tiktok.com/en/using-tiktok/creating-videos and /en/using-tiktok/creating-videos/create-playlists-of-your-videos
============ Checking for Redirections: https://support.tiktok.com/en/using-tiktok/creating-videos/create-playlists-of-your-videos
============ Link after cleaning: https://support.tiktok.com/en/using-tiktok/creating-videos/create-playlists-of-your-videos
========== scraping https://support.tiktok.com/en/using-tiktok/creating-videos/create-playlists-of-your-videos
======== We are on link 11 of 54
========== raw link /en/using-tiktok/creating-videos/credit-a-video
============ Found Relative: joining https://support.tiktok.com/en/using-tiktok/creating-videos and /en/using-tiktok/creating-videos/credit-a-video
============ Checking for Redirections: https://support.tiktok.com/en/using-tiktok/creating-videos/credit-a-video
============ Link after cleaning: https://support.tiktok.com/en/using-tiktok/creating-videos/credit-a-video
========== scraping https://support.tiktok.com/en/using-tiktok/creating-videos/credit-a-video
======== We are on link 12 of 54
========== raw link /en/using-tiktok/creating-videos/add-yours
============ Found Relative: joining https://support.tiktok.com/en/using-tiktok/creating-videos and /en/using-tiktok/creating-videos/add-yours
============ Checking for Redirections: https://support.tiktok.com/en/using-tiktok/creating-videos/add-yours
============ Link after cleaning: https://support.tiktok.com/en/using-tiktok/creating-videos/add-yours
========== scraping https://support.tiktok.com/en/using-tiktok/creating-videos/add-yours
======== We are on link 13 of 54
========== raw link /en/using-tiktok/creating-videos/books
============ Found Relative: joining https://support.tiktok.com/en/using-tiktok/creating-videos and /en/using-tiktok/creating-videos/books
============ Checking for Redirections: https://support.tiktok.com/en/using-tiktok/creating-videos/books
============ Link after cleaning: https://support.tiktok.com/en/using-tiktok/creating-videos/books
========== scraping https://support.tiktok.com/en/using-tiktok/creating-videos/books
======== We are on link 14 of 54
========== raw link /en/using-tiktok/creating-videos/movies-and-tv
============ Found Relative: joining https://support.tiktok.com/en/using-tiktok/creating-videos and /en/using-tiktok/creating-videos/movies-and-tv
============ Checking for Redirections: https://support.tiktok.com/en/using-tiktok/creating-videos/movies-and-tv
============ Link after cleaning: https://support.tiktok.com/en/using-tiktok/creating-videos/movies-and-tv
========== scraping https://support.tiktok.com/en/using-tiktok/creating-videos/movies-and-tv
======== We are on link 15 of 54
========== raw link /en/using-tiktok/creating-videos/accessibility
============ Found Relative: joining https://support.tiktok.com/en/using-tiktok/creating-videos and /en/using-tiktok/creating-videos/accessibility
============ Checking for Redirections: https://support.tiktok.com/en/using-tiktok/creating-videos/accessibility
============ Link after cleaning: https://support.tiktok.com/en/using-tiktok/creating-videos/accessibility
========== scraping https://support.tiktok.com/en/using-tiktok/creating-videos/accessibility
======== We are on link 16 of 54
========== raw link /en/using-tiktok/creating-videos/tiktok-creator-center
============ Found Relative: joining https://support.tiktok.com/en/using-tiktok/creating-videos and /en/using-tiktok/creating-videos/tiktok-creator-center
============ Checking for Redirections: https://support.tiktok.com/en/using-tiktok/creating-videos/tiktok-creator-center
============ Link after cleaning: https://support.tiktok.com/en/using-tiktok/creating-videos/tiktok-creator-center
========== scraping https://support.tiktok.com/en/using-tiktok/creating-videos/tiktok-creator-center
======== We are on link 17 of 54
========== raw link /en/using-tiktok/creating-videos/effect-creator-center
============ Found Relative: joining https://support.tiktok.com/en/using-tiktok/creating-videos and /en/using-tiktok/creating-videos/effect-creator-center
============ Checking for Redirections: https://support.tiktok.com/en/using-tiktok/creating-videos/effect-creator-center
============ Link after cleaning: https://support.tiktok.com/en/using-tiktok/creating-videos/effect-creator-center
========== scraping https://support.tiktok.com/en/using-tiktok/creating-videos/effect-creator-center
======== We are on link 18 of 54
========== raw link /en/using-tiktok/creating-videos/ai-generated-content
============ Found Relative: joining https://support.tiktok.com/en/using-tiktok/creating-videos and /en/using-tiktok/creating-videos/ai-generated-content
============ Checking for Redirections: https://support.tiktok.com/en/using-tiktok/creating-videos/ai-generated-content
============ Link after cleaning: https://support.tiktok.com/en/using-tiktok/creating-videos/ai-generated-content
========== link already checked
======== We are on link 19 of 54
========== raw link /en/using-tiktok/creating-videos/support-nonprofits-on-tiktok
============ Found Relative: joining https://support.tiktok.com/en/using-tiktok/creating-videos and /en/using-tiktok/creating-videos/support-nonprofits-on-tiktok
============ Checking for Redirections: https://support.tiktok.com/en/using-tiktok/creating-videos/support-nonprofits-on-tiktok
============ Link after cleaning: https://support.tiktok.com/en/using-tiktok/creating-videos/support-nonprofits-on-tiktok
========== scraping https://support.tiktok.com/en/using-tiktok/creating-videos/support-nonprofits-on-tiktok
======== We are on link 20 of 54
========== raw link /en/using-tiktok/creating-videos/tiktok-notes
============ Found Relative: joining https://support.tiktok.com/en/using-tiktok/creating-videos and /en/using-tiktok/creating-videos/tiktok-notes
============ Checking for Redirections: https://support.tiktok.com/en/using-tiktok/creating-videos/tiktok-notes
============ Link after cleaning: https://support.tiktok.com/en/using-tiktok/creating-videos/tiktok-notes
========== scraping https://support.tiktok.com/en/using-tiktok/creating-videos/tiktok-notes
======== We are on link 21 of 54
========== raw link /en/using-tiktok/creating-videos/making-a-post
============ Found Relative: joining https://support.tiktok.com/en/using-tiktok/creating-videos and /en/using-tiktok/creating-videos/making-a-post
============ Checking for Redirections: https://support.tiktok.com/en/using-tiktok/creating-videos/making-a-post
============ Link after cleaning: https://support.tiktok.com/en/using-tiktok/creating-videos/making-a-post
========== scraping https://support.tiktok.com/en/using-tiktok/creating-videos/making-a-post
======== We are on link 22 of 54
========== raw link /en/using-tiktok/creating-videos/creating-effects-on-mobile
============ Found Relative: joining https://support.tiktok.com/en/using-tiktok/creating-videos and /en/using-tiktok/creating-videos/creating-effects-on-mobile
============ Checking for Redirections: https://support.tiktok.com/en/using-tiktok/creating-videos/creating-effects-on-mobile
============ Link after cleaning: https://support.tiktok.com/en/using-tiktok/creating-videos/creating-effects-on-mobile
========== scraping https://support.tiktok.com/en/using-tiktok/creating-videos/creating-effects-on-mobile
======== We are on link 23 of 54
========== raw link /en/using-tiktok/creating-videos/creator-playlist
============ Found Relative: joining https://support.tiktok.com/en/using-tiktok/creating-videos and /en/using-tiktok/creating-videos/creator-playlist
============ Checking for Redirections: https://support.tiktok.com/en/using-tiktok/creating-videos/creator-playlist
============ Link after cleaning: https://support.tiktok.com/en/using-tiktok/creating-videos/creator-playlist
========== scraping https://support.tiktok.com/en/using-tiktok/creating-videos/creator-playlist
======== We are on link 24 of 54
========== raw link /en/using-tiktok/creating-videos/creator-tools-on-tiktok
============ Found Relative: joining https://support.tiktok.com/en/using-tiktok/creating-videos and /en/using-tiktok/creating-videos/creator-tools-on-tiktok
============ Checking for Redirections: https://support.tiktok.com/en/using-tiktok/creating-videos/creator-tools-on-tiktok
============ Link after cleaning: https://support.tiktok.com/en/using-tiktok/creating-videos/creator-tools-on-tiktok
========== scraping https://support.tiktok.com/en/using-tiktok/creating-videos/creator-tools-on-tiktok
======== We are on link 25 of 54
========== raw link /en/using-tiktok/creating-videos/movies-and-tv
============ Found Relative: joining https://support.tiktok.com/en/using-tiktok/creating-videos and /en/using-tiktok/creating-videos/movies-and-tv
============ Checking for Redirections: https://support.tiktok.com/en/using-tiktok/creating-videos/movies-and-tv
============ Link after cleaning: https://support.tiktok.com/en/using-tiktok/creating-videos/movies-and-tv
========== link already checked
======== We are on link 26 of 54
========== raw link /en/using-tiktok/creating-videos/tiktok-studio
============ Found Relative: joining https://support.tiktok.com/en/using-tiktok/creating-videos and /en/using-tiktok/creating-videos/tiktok-studio
============ Checking for Redirections: https://support.tiktok.com/en/using-tiktok/creating-videos/tiktok-studio
============ Link after cleaning: https://support.tiktok.com/en/using-tiktok/creating-videos/tiktok-studio
========== scraping https://support.tiktok.com/en/using-tiktok/creating-videos/tiktok-studio
======== We are on link 27 of 54
========== raw link /en/using-tiktok/creating-videos/duets-settings
============ Found Relative: joining https://support.tiktok.com/en/using-tiktok/creating-videos and /en/using-tiktok/creating-videos/duets-settings
============ Checking for Redirections: https://support.tiktok.com/en/using-tiktok/creating-videos/duets-settings
============ Link after cleaning: https://support.tiktok.com/en/using-tiktok/creating-videos/duets-settings
========== scraping https://support.tiktok.com/en/using-tiktok/creating-videos/duets-settings
======== We are on link 28 of 54
========== raw link /en/using-tiktok/creating-videos/stitch-settings
============ Found Relative: joining https://support.tiktok.com/en/using-tiktok/creating-videos and /en/using-tiktok/creating-videos/stitch-settings
============ Checking for Redirections: https://support.tiktok.com/en/using-tiktok/creating-videos/stitch-settings
============ Link after cleaning: https://support.tiktok.com/en/using-tiktok/creating-videos/stitch-settings
========== scraping https://support.tiktok.com/en/using-tiktok/creating-videos/stitch-settings
======== We are on link 29 of 54
========== raw link /en/using-tiktok/creating-videos/tiktok-avatar
============ Found Relative: joining https://support.tiktok.com/en/using-tiktok/creating-videos and /en/using-tiktok/creating-videos/tiktok-avatar
============ Checking for Redirections: https://support.tiktok.com/en/using-tiktok/creating-videos/tiktok-avatar
============ Link after cleaning: https://support.tiktok.com/en/using-tiktok/creating-videos/tiktok-avatar
========== scraping https://support.tiktok.com/en/using-tiktok/creating-videos/tiktok-avatar
======== We are on link 30 of 54
========== raw link /en/using-tiktok/creating-videos/ai-alive
============ Found Relative: joining https://support.tiktok.com/en/using-tiktok/creating-videos and /en/using-tiktok/creating-videos/ai-alive
============ Checking for Redirections: https://support.tiktok.com/en/using-tiktok/creating-videos/ai-alive
============ Link after cleaning: https://support.tiktok.com/en/using-tiktok/creating-videos/ai-alive
========== scraping https://support.tiktok.com/en/using-tiktok/creating-videos/ai-alive
============ New link added. Search term (AI ) found on https://support.tiktok.com/en/using-tiktok/creating-videos/ai-alive.
======== We are on link 31 of 54
========== raw link /en/getting-started/creating-an-account/creating-an-account
============ Found Relative: joining https://support.tiktok.com/en/using-tiktok/creating-videos and /en/getting-started/creating-an-account/creating-an-account
============ Checking for Redirections: https://support.tiktok.com/en/getting-started/creating-an-account/creating-an-account
============ Link after cleaning: https://support.tiktok.com/en/getting-started/creating-an-account/creating-an-account
========== link already checked
======== We are on link 32 of 54
========== raw link /en/getting-started/setting-up-your-profile
============ Found Relative: joining https://support.tiktok.com/en/using-tiktok/creating-videos and /en/getting-started/setting-up-your-profile
============ Checking for Redirections: https://support.tiktok.com/en/getting-started/setting-up-your-profile
========== dropped link https://support.tiktok.com/en/getting-started/setting-up-your-profile. Could not follow redirection (or it was a meaninglessly small page or bot blocked by sessionID).
======== We are on link 33 of 54
========== raw link https://www.tiktok.com/about
============ Checking for Redirections: https://www.tiktok.com/about
========== dropped link https://www.tiktok.com/about. Could not follow redirection (or it was a meaninglessly small page or bot blocked by sessionID).
======== We are on link 34 of 54
========== raw link https://newsroom.tiktok.com
============ Checking for Redirections: https://newsroom.tiktok.com
============ Followed Redirection to https://newsroom.tiktok.com/en-us/
============ Link after cleaning: https://newsroom.tiktok.com/en-us/
========== link already checked
======== We are on link 35 of 54
========== raw link https://www.tiktok.com/about/contact
============ Checking for Redirections: https://www.tiktok.com/about/contact
========== dropped link https://www.tiktok.com/about/contact. Could not follow redirection (or it was a meaninglessly small page or bot blocked by sessionID).
======== We are on link 36 of 54
========== raw link https://careers.tiktok.com
============ Checking for Redirections: https://careers.tiktok.com
============ Followed Redirection to https://lifeattiktok.com/
============ Link after cleaning: https://lifeattiktok.com/
========== link already checked
======== We are on link 37 of 54
========== raw link /forgood?lang=en
============ Found Relative: joining https://support.tiktok.com/en/using-tiktok/creating-videos and /forgood?lang=en
============ Checking for Redirections: https://support.tiktok.com/forgood?lang=en
============ Followed Redirection to https://support.tiktok.com/en?invalid_lang=forgood
============ Link after cleaning: https://support.tiktok.com/en
========== link already checked
======== We are on link 38 of 54
========== raw link https://developers.tiktok.com/?refer=tiktok_web
============ Checking for Redirections: https://developers.tiktok.com/?refer=tiktok_web
============ Link after cleaning: https://developers.tiktok.com/
========== link already checked
======== We are on link 39 of 54
========== raw link https://effecthouse.tiktok.com/?utm_source=tiktok_web_article
============ Checking for Redirections: https://effecthouse.tiktok.com/?utm_source=tiktok_web_article
============ Link after cleaning: https://effecthouse.tiktok.com/
========== link already checked
======== We are on link 40 of 54
========== raw link https://www.tiktok.com/business/&attr_source=tt_official_site&attr_medium=tt_official_site_guidance
============ Checking for Redirections: https://www.tiktok.com/business/&attr_source=tt_official_site&attr_medium=tt_official_site_guidance
========== dropped link https://www.tiktok.com/business/&attr_source=tt_official_site&attr_medium=tt_official_site_guidance. Could not follow redirection (or it was a meaninglessly small page or bot blocked by sessionID).
======== We are on link 41 of 54
========== raw link https://www.tiktok.com/tiktok-rewards
============ Checking for Redirections: https://www.tiktok.com/tiktok-rewards
========== dropped link https://www.tiktok.com/tiktok-rewards. Could not follow redirection (or it was a meaninglessly small page or bot blocked by sessionID).
======== We are on link 42 of 54
========== raw link https://www.tiktok.com/browse
============ Checking for Redirections: https://www.tiktok.com/browse
========== dropped link https://www.tiktok.com/browse. Could not follow redirection (or it was a meaninglessly small page or bot blocked by sessionID).
======== We are on link 43 of 54
========== raw link https://www.tiktok.com/embed
============ Checking for Redirections: https://www.tiktok.com/embed
========== dropped link https://www.tiktok.com/embed. Could not follow redirection (or it was a meaninglessly small page or bot blocked by sessionID).
======== We are on link 44 of 54
========== raw link https://support.tiktok.com/en
============ Checking for Redirections: https://support.tiktok.com/en
============ Link unchanged
========== link already checked
======== We are on link 45 of 54
========== raw link /article/safety?lang=en
============ Found Relative: joining https://support.tiktok.com/en/using-tiktok/creating-videos and /article/safety?lang=en
============ Checking for Redirections: https://support.tiktok.com/article/safety?lang=en
========== dropped link https://support.tiktok.com/article/safety?lang=en. Could not follow redirection (or it was a meaninglessly small page or bot blocked by sessionID).
======== We are on link 46 of 54
========== raw link https://www.tiktok.com/creators/creator-portal/
============ Checking for Redirections: https://www.tiktok.com/creators/creator-portal/
========== dropped link https://www.tiktok.com/creators/creator-portal/. Could not follow redirection (or it was a meaninglessly small page or bot blocked by sessionID).
======== We are on link 47 of 54
========== raw link https://www.tiktok.com/community-guidelines?lang=en
============ Checking for Redirections: https://www.tiktok.com/community-guidelines?lang=en
========== dropped link https://www.tiktok.com/community-guidelines?lang=en. Could not follow redirection (or it was a meaninglessly small page or bot blocked by sessionID).
======== We are on link 48 of 54
========== raw link https://www.tiktok.com/transparency?lang=en
============ Checking for Redirections: https://www.tiktok.com/transparency?lang=en
========== dropped link https://www.tiktok.com/transparency?lang=en. Could not follow redirection (or it was a meaninglessly small page or bot blocked by sessionID).
======== We are on link 49 of 54
========== raw link https://www.tiktok.com/accessibility
============ Checking for Redirections: https://www.tiktok.com/accessibility
========== dropped link https://www.tiktok.com/accessibility. Could not follow redirection (or it was a meaninglessly small page or bot blocked by sessionID).
======== We are on link 50 of 54
========== raw link https://www.tiktok.com/legal/terms-of-service?lang=en
============ Checking for Redirections: https://www.tiktok.com/legal/terms-of-service?lang=en
========== dropped link https://www.tiktok.com/legal/terms-of-service?lang=en. Could not follow redirection (or it was a meaninglessly small page or bot blocked by sessionID).
======== We are on link 51 of 54
========== raw link https://www.tiktok.com/legal/privacy-policy-row?lang=en
============ Checking for Redirections: https://www.tiktok.com/legal/privacy-policy-row?lang=en
========== dropped link https://www.tiktok.com/legal/privacy-policy-row?lang=en. Could not follow redirection (or it was a meaninglessly small page or bot blocked by sessionID).
======== We are on link 52 of 54
========== raw link https://www.tiktok.com/legal/copyright-policy?lang=en
============ Checking for Redirections: https://www.tiktok.com/legal/copyright-policy?lang=en
========== dropped link https://www.tiktok.com/legal/copyright-policy?lang=en. Could not follow redirection (or it was a meaninglessly small page or bot blocked by sessionID).
======== We are on link 53 of 54
========== raw link https://www.tiktok.com/legal/law-enforcement?lang=en
============ Checking for Redirections: https://www.tiktok.com/legal/law-enforcement?lang=en
========== dropped link https://www.tiktok.com/legal/law-enforcement?lang=en. Could not follow redirection (or it was a meaninglessly small page or bot blocked by sessionID).
======== We are on link 54 of 54
========== raw link https://www.tiktok.com/legal/tiktok-website-cookies-policy?lang=en
============ Checking for Redirections: https://www.tiktok.com/legal/tiktok-website-cookies-policy?lang=en
========== dropped link https://www.tiktok.com/legal/tiktok-website-cookies-policy?lang=en. Could not follow redirection (or it was a meaninglessly small page or bot blocked by sessionID).
====== We are on page 2 of 7: https://developers.tiktok.com/
====== Number of Links on this Page: 54
======== We are on link 1 of 54
========== raw link /
========== dropped link (either fragment ("#"), js, mailto, comment, pdf, or empty)
======== We are on link 2 of 54
========== raw link /doc/overview
============ Found Relative: joining https://developers.tiktok.com/ and /doc/overview
============ Checking for Redirections: https://developers.tiktok.com/doc/overview
============ Link after cleaning: https://developers.tiktok.com/doc/overview
========== scraping https://developers.tiktok.com/doc/overview
======== We are on link 3 of 54
========== raw link /support
============ Found Relative: joining https://developers.tiktok.com/ and /support
============ Checking for Redirections: https://developers.tiktok.com/support
========== dropped link https://developers.tiktok.com/support. Could not follow redirection (or it was a meaninglessly small page or bot blocked by sessionID).
======== We are on link 4 of 54
========== raw link /events
============ Found Relative: joining https://developers.tiktok.com/ and /events
============ Checking for Redirections: https://developers.tiktok.com/events
============ Link after cleaning: https://developers.tiktok.com/events
========== scraping https://developers.tiktok.com/events
============ New link added. Search term (AI ) found on https://developers.tiktok.com/events.
======== We are on link 5 of 54
========== raw link /blogs
============ Found Relative: joining https://developers.tiktok.com/ and /blogs
============ Checking for Redirections: https://developers.tiktok.com/blogs
============ Link after cleaning: https://developers.tiktok.com/blogs
========== scraping https://developers.tiktok.com/blogs
============ New link added. Search term (AI ) found on https://developers.tiktok.com/blogs.
======== We are on link 6 of 54
========== raw link https://partner.tiktokshop.com/
========== dropped link https://partner.tiktokshop.com/. Didn't pass first allows/blocks test.
======== We are on link 7 of 54
========== raw link https://business-api.tiktok.com/portal
============ Checking for Redirections: https://business-api.tiktok.com/portal
============ Link unchanged
========== scraping https://business-api.tiktok.com/portal
======== We are on link 8 of 54
========== raw link /products/login-kit/
============ Found Relative: joining https://developers.tiktok.com/ and /products/login-kit/
========== dropped link https://developers.tiktok.com/products/login-kit/. Didn't pass first allows/blocks test.
======== We are on link 9 of 54
========== raw link /products/login-kit/
============ Found Relative: joining https://developers.tiktok.com/ and /products/login-kit/
========== dropped link https://developers.tiktok.com/products/login-kit/. Didn't pass first allows/blocks test.
======== We are on link 10 of 54
========== raw link /products/share-kit/
============ Found Relative: joining https://developers.tiktok.com/ and /products/share-kit/
============ Checking for Redirections: https://developers.tiktok.com/products/share-kit/
============ Link after cleaning: https://developers.tiktok.com/products/share-kit/
========== scraping https://developers.tiktok.com/products/share-kit/
======== We are on link 11 of 54
========== raw link /products/share-kit/
============ Found Relative: joining https://developers.tiktok.com/ and /products/share-kit/
============ Checking for Redirections: https://developers.tiktok.com/products/share-kit/
============ Link after cleaning: https://developers.tiktok.com/products/share-kit/
========== link already checked
======== We are on link 12 of 54
========== raw link /products/content-posting-api/
============ Found Relative: joining https://developers.tiktok.com/ and /products/content-posting-api/
============ Checking for Redirections: https://developers.tiktok.com/products/content-posting-api/
============ Link after cleaning: https://developers.tiktok.com/products/content-posting-api/
========== scraping https://developers.tiktok.com/products/content-posting-api/
======== We are on link 13 of 54
========== raw link /products/content-posting-api/
============ Found Relative: joining https://developers.tiktok.com/ and /products/content-posting-api/
============ Checking for Redirections: https://developers.tiktok.com/products/content-posting-api/
============ Link after cleaning: https://developers.tiktok.com/products/content-posting-api/
========== link already checked
======== We are on link 14 of 54
========== raw link /doc/embed-videos/
============ Found Relative: joining https://developers.tiktok.com/ and /doc/embed-videos/
============ Checking for Redirections: https://developers.tiktok.com/doc/embed-videos/
============ Link after cleaning: https://developers.tiktok.com/doc/embed-videos/
========== scraping https://developers.tiktok.com/doc/embed-videos/
======== We are on link 15 of 54
========== raw link /doc/embed-videos/
============ Found Relative: joining https://developers.tiktok.com/ and /doc/embed-videos/
============ Checking for Redirections: https://developers.tiktok.com/doc/embed-videos/
============ Link after cleaning: https://developers.tiktok.com/doc/embed-videos/
========== link already checked
======== We are on link 16 of 54
========== raw link /doc/webhooks-overview/
============ Found Relative: joining https://developers.tiktok.com/ and /doc/webhooks-overview/
============ Checking for Redirections: https://developers.tiktok.com/doc/webhooks-overview/
============ Link after cleaning: https://developers.tiktok.com/doc/webhooks-overview/
========== scraping https://developers.tiktok.com/doc/webhooks-overview/
======== We are on link 17 of 54
========== raw link /products/data-portability-api/
============ Found Relative: joining https://developers.tiktok.com/ and /products/data-portability-api/
============ Checking for Redirections: https://developers.tiktok.com/products/data-portability-api/
============ Link after cleaning: https://developers.tiktok.com/products/data-portability-api/
========== scraping https://developers.tiktok.com/products/data-portability-api/
======== We are on link 18 of 54
========== raw link /doc/tiktok-api-scopes
============ Found Relative: joining https://developers.tiktok.com/ and /doc/tiktok-api-scopes
============ Checking for Redirections: https://developers.tiktok.com/doc/tiktok-api-scopes
============ Link after cleaning: https://developers.tiktok.com/doc/tiktok-api-scopes
========== scraping https://developers.tiktok.com/doc/tiktok-api-scopes
======== We are on link 19 of 54
========== raw link /products/share-kit#green-screen
============ Found Relative: joining https://developers.tiktok.com/ and /products/share-kit#green-screen
============ Checking for Redirections: https://developers.tiktok.com/products/share-kit#green-screen
============ Link after cleaning: https://developers.tiktok.com/products/share-kit
========== scraping https://developers.tiktok.com/products/share-kit
======== We are on link 20 of 54
========== raw link /doc/display-api-get-started/
============ Found Relative: joining https://developers.tiktok.com/ and /doc/display-api-get-started/
============ Checking for Redirections: https://developers.tiktok.com/doc/display-api-get-started/
============ Link after cleaning: https://developers.tiktok.com/doc/display-api-get-started/
========== scraping https://developers.tiktok.com/doc/display-api-get-started/
======== We are on link 21 of 54
========== raw link /products/research-api/
============ Found Relative: joining https://developers.tiktok.com/ and /products/research-api/
============ Checking for Redirections: https://developers.tiktok.com/products/research-api/
============ Link after cleaning: https://developers.tiktok.com/products/research-api/
========== scraping https://developers.tiktok.com/products/research-api/
======== We are on link 22 of 54
========== raw link /products/commercial-content-api
============ Found Relative: joining https://developers.tiktok.com/ and /products/commercial-content-api
============ Checking for Redirections: https://developers.tiktok.com/products/commercial-content-api
============ Link after cleaning: https://developers.tiktok.com/products/commercial-content-api
========== scraping https://developers.tiktok.com/products/commercial-content-api
======== We are on link 23 of 54
========== raw link https://developers.tiktok.com/blog/introducing-sandbox
============ Checking for Redirections: https://developers.tiktok.com/blog/introducing-sandbox
============ Link unchanged
========== scraping https://developers.tiktok.com/blog/introducing-sandbox
============ New link added. Search term (AI ) found on https://developers.tiktok.com/blog/introducing-sandbox.
======== We are on link 24 of 54
========== raw link https://developers.tiktok.com/blog/effortless-sharing-with-direct-post
============ Checking for Redirections: https://developers.tiktok.com/blog/effortless-sharing-with-direct-post
============ Link unchanged
========== scraping https://developers.tiktok.com/blog/effortless-sharing-with-direct-post
============ New link added. Search term (AI ) found on https://developers.tiktok.com/blog/effortless-sharing-with-direct-post.
======== We are on link 25 of 54
========== raw link https://developers.tiktok.com/doc/working-with-organizations
============ Checking for Redirections: https://developers.tiktok.com/doc/working-with-organizations
============ Link unchanged
========== scraping https://developers.tiktok.com/doc/working-with-organizations
======== We are on link 26 of 54
========== raw link /blog/me2we-2025-ai-workshop-recap
============ Found Relative: joining https://developers.tiktok.com/ and /blog/me2we-2025-ai-workshop-recap
============ Checking for Redirections: https://developers.tiktok.com/blog/me2we-2025-ai-workshop-recap
============ Link after cleaning: https://developers.tiktok.com/blog/me2we-2025-ai-workshop-recap
========== scraping https://developers.tiktok.com/blog/me2we-2025-ai-workshop-recap
============ New link added. Search term (AI ) found on https://developers.tiktok.com/blog/me2we-2025-ai-workshop-recap.
======== We are on link 27 of 54
========== raw link /blog/2025-infiniedge-ai-1-1-release
============ Found Relative: joining https://developers.tiktok.com/ and /blog/2025-infiniedge-ai-1-1-release
============ Checking for Redirections: https://developers.tiktok.com/blog/2025-infiniedge-ai-1-1-release
============ Link after cleaning: https://developers.tiktok.com/blog/2025-infiniedge-ai-1-1-release
========== scraping https://developers.tiktok.com/blog/2025-infiniedge-ai-1-1-release
============ New link added. Search term (AI ) found on https://developers.tiktok.com/blog/2025-infiniedge-ai-1-1-release.
======== We are on link 28 of 54
========== raw link /blog/How-TikTok-PDPO-Protects-User-Data
============ Found Relative: joining https://developers.tiktok.com/ and /blog/How-TikTok-PDPO-Protects-User-Data
============ Checking for Redirections: https://developers.tiktok.com/blog/How-TikTok-PDPO-Protects-User-Data
============ Link after cleaning: https://developers.tiktok.com/blog/How-TikTok-PDPO-Protects-User-Data
========== scraping https://developers.tiktok.com/blog/How-TikTok-PDPO-Protects-User-Data
============ New link added. Search term (AI ) found on https://developers.tiktok.com/blog/How-TikTok-PDPO-Protects-User-Data.
======== We are on link 29 of 54
========== raw link https://www.tiktok.com/legal/page/global/partner-privacy-policy/en
============ Checking for Redirections: https://www.tiktok.com/legal/page/global/partner-privacy-policy/en
========== dropped link https://www.tiktok.com/legal/page/global/partner-privacy-policy/en. Could not follow redirection (or it was a meaninglessly small page or bot blocked by sessionID).
======== We are on link 30 of 54
========== raw link https://x.com/tiktokfordevs
========== dropped link https://x.com/tiktokfordevs. Didn't pass first allows/blocks test.
======== We are on link 31 of 54
========== raw link https://www.linkedin.com/company/tiktok-for-developers/
========== dropped link https://www.linkedin.com/company/tiktok-for-developers/. Didn't pass first allows/blocks test.
======== We are on link 32 of 54
========== raw link /products/share-kit/
============ Found Relative: joining https://developers.tiktok.com/ and /products/share-kit/
============ Checking for Redirections: https://developers.tiktok.com/products/share-kit/
============ Link after cleaning: https://developers.tiktok.com/products/share-kit/
========== link already checked
======== We are on link 33 of 54
========== raw link /products/login-kit/
============ Found Relative: joining https://developers.tiktok.com/ and /products/login-kit/
========== dropped link https://developers.tiktok.com/products/login-kit/. Didn't pass first allows/blocks test.
======== We are on link 34 of 54
========== raw link /products/content-posting-api/
============ Found Relative: joining https://developers.tiktok.com/ and /products/content-posting-api/
============ Checking for Redirections: https://developers.tiktok.com/products/content-posting-api/
============ Link after cleaning: https://developers.tiktok.com/products/content-posting-api/
========== link already checked
======== We are on link 35 of 54
========== raw link /products/research-api/
============ Found Relative: joining https://developers.tiktok.com/ and /products/research-api/
============ Checking for Redirections: https://developers.tiktok.com/products/research-api/
============ Link after cleaning: https://developers.tiktok.com/products/research-api/
========== link already checked
======== We are on link 36 of 54
========== raw link /doc/display-api-get-started/
============ Found Relative: joining https://developers.tiktok.com/ and /doc/display-api-get-started/
============ Checking for Redirections: https://developers.tiktok.com/doc/display-api-get-started/
============ Link after cleaning: https://developers.tiktok.com/doc/display-api-get-started/
========== link already checked
======== We are on link 37 of 54
========== raw link /doc/embed-videos/
============ Found Relative: joining https://developers.tiktok.com/ and /doc/embed-videos/
============ Checking for Redirections: https://developers.tiktok.com/doc/embed-videos/
============ Link after cleaning: https://developers.tiktok.com/doc/embed-videos/
========== link already checked
======== We are on link 38 of 54
========== raw link /products/data-portability-api/
============ Found Relative: joining https://developers.tiktok.com/ and /products/data-portability-api/
============ Checking for Redirections: https://developers.tiktok.com/products/data-portability-api/
============ Link after cleaning: https://developers.tiktok.com/products/data-portability-api/
========== link already checked
======== We are on link 39 of 54
========== raw link /products/share-kit#green-screen
============ Found Relative: joining https://developers.tiktok.com/ and /products/share-kit#green-screen
============ Checking for Redirections: https://developers.tiktok.com/products/share-kit#green-screen
============ Link after cleaning: https://developers.tiktok.com/products/share-kit
========== link already checked
======== We are on link 40 of 54
========== raw link /products/commercial-content-api
============ Found Relative: joining https://developers.tiktok.com/ and /products/commercial-content-api
============ Checking for Redirections: https://developers.tiktok.com/products/commercial-content-api
============ Link after cleaning: https://developers.tiktok.com/products/commercial-content-api
========== link already checked
======== We are on link 41 of 54
========== raw link https://www.tiktok.com/embed
============ Checking for Redirections: https://www.tiktok.com/embed
========== dropped link https://www.tiktok.com/embed. Could not follow redirection (or it was a meaninglessly small page or bot blocked by sessionID).
======== We are on link 42 of 54
========== raw link https://www.tiktok.com/business
============ Checking for Redirections: https://www.tiktok.com/business
========== dropped link https://www.tiktok.com/business. Could not follow redirection (or it was a meaninglessly small page or bot blocked by sessionID).
======== We are on link 43 of 54
========== raw link https://www.tiktok.com/business/&attr_source=tt_official_site&attr_medium=tt_official_site_guidance
============ Checking for Redirections: https://www.tiktok.com/business/&attr_source=tt_official_site&attr_medium=tt_official_site_guidance
========== dropped link https://www.tiktok.com/business/&attr_source=tt_official_site&attr_medium=tt_official_site_guidance. Could not follow redirection (or it was a meaninglessly small page or bot blocked by sessionID).
======== We are on link 44 of 54
========== raw link https://ads.tiktok.com/business/creativecenter/
============ Checking for Redirections: https://ads.tiktok.com/business/creativecenter/
============ Followed Redirection to https://ads.tiktok.com/business/creativecenter/pad/en?rid=ygdrz8w297o
============ Link after cleaning: https://ads.tiktok.com/business/creativecenter/pad/en
========== scraping https://ads.tiktok.com/business/creativecenter/pad/en
============ New link added. Search term (AI-) found on https://ads.tiktok.com/business/creativecenter/pad/en.
======== We are on link 45 of 54
========== raw link https://www.tiktok.com
============ Checking for Redirections: https://www.tiktok.com
========== dropped link https://www.tiktok.com. Could not follow redirection (or it was a meaninglessly small page or bot blocked by sessionID).
======== We are on link 46 of 54
========== raw link https://www.tiktok.com/about
============ Checking for Redirections: https://www.tiktok.com/about
========== dropped link https://www.tiktok.com/about. Could not follow redirection (or it was a meaninglessly small page or bot blocked by sessionID).
======== We are on link 47 of 54
========== raw link https://newsroom.tiktok.com
============ Checking for Redirections: https://newsroom.tiktok.com
============ Followed Redirection to https://newsroom.tiktok.com/en-us/
============ Link after cleaning: https://newsroom.tiktok.com/en-us/
========== link already checked
======== We are on link 48 of 54
========== raw link https://www.tiktok.com/about/contact
============ Checking for Redirections: https://www.tiktok.com/about/contact
========== dropped link https://www.tiktok.com/about/contact. Could not follow redirection (or it was a meaninglessly small page or bot blocked by sessionID).
======== We are on link 49 of 54
========== raw link https://careers.tiktok.com
============ Checking for Redirections: https://careers.tiktok.com
============ Followed Redirection to https://lifeattiktok.com/
============ Link after cleaning: https://lifeattiktok.com/
========== link already checked
======== We are on link 50 of 54
========== raw link https://www.bytedance.com
========== dropped link https://www.bytedance.com. Didn't pass first allows/blocks test.
======== We are on link 51 of 54
========== raw link https://www.tiktok.com/transparency
============ Checking for Redirections: https://www.tiktok.com/transparency
========== dropped link https://www.tiktok.com/transparency. Could not follow redirection (or it was a meaninglessly small page or bot blocked by sessionID).
======== We are on link 52 of 54
========== raw link https://www.tiktok.com/legal/page/global/tik-tok-developer-terms-of-service/en
============ Checking for Redirections: https://www.tiktok.com/legal/page/global/tik-tok-developer-terms-of-service/en
========== dropped link https://www.tiktok.com/legal/page/global/tik-tok-developer-terms-of-service/en. Could not follow redirection (or it was a meaninglessly small page or bot blocked by sessionID).
======== We are on link 53 of 54
========== raw link https://www.tiktok.com/legal/page/global/partner-privacy-policy/en
============ Checking for Redirections: https://www.tiktok.com/legal/page/global/partner-privacy-policy/en
========== dropped link https://www.tiktok.com/legal/page/global/partner-privacy-policy/en. Could not follow redirection (or it was a meaninglessly small page or bot blocked by sessionID).
======== We are on link 54 of 54
========== raw link #site-footer
========== dropped link (either fragment ("#"), js, mailto, comment, pdf, or empty)
====== We are on page 3 of 7: https://www.tiktok.com/community-guidelines/en
ERROR: Somehow this page has no links... 
====== Number of Links on this Page: 0
====== We are on page 4 of 7: https://newsroom.tiktok.com/en-us/product
====== Number of Links on this Page: 113
======== We are on link 1 of 113
========== raw link /
========== dropped link (either fragment ("#"), js, mailto, comment, pdf, or empty)
======== We are on link 2 of 113
========== raw link /trending/?lang=en
============ Found Relative: joining https://newsroom.tiktok.com/en-us/product and /trending/?lang=en
============ Checking for Redirections: https://newsroom.tiktok.com/trending/?lang=en
============ Followed Redirection to https://newsroom.tiktok.com/en-us
============ Link after cleaning: https://newsroom.tiktok.com/en-us
========== link already checked
======== We are on link 3 of 113
========== raw link /en-us/news
============ Found Relative: joining https://newsroom.tiktok.com/en-us/product and /en-us/news
============ Checking for Redirections: https://newsroom.tiktok.com/en-us/news
============ Link after cleaning: https://newsroom.tiktok.com/en-us/news
========== link already checked
======== We are on link 4 of 113
========== raw link /en-us/footnotes
============ Found Relative: joining https://newsroom.tiktok.com/en-us/product and /en-us/footnotes
============ Checking for Redirections: https://newsroom.tiktok.com/en-us/footnotes
============ Link after cleaning: https://newsroom.tiktok.com/en-us/footnotes
========== link already checked
======== We are on link 5 of 113
========== raw link /en-us/footnotes
============ Found Relative: joining https://newsroom.tiktok.com/en-us/product and /en-us/footnotes
============ Checking for Redirections: https://newsroom.tiktok.com/en-us/footnotes
============ Link after cleaning: https://newsroom.tiktok.com/en-us/footnotes
========== link already checked
======== We are on link 6 of 113
========== raw link /en-us/footnotes
============ Found Relative: joining https://newsroom.tiktok.com/en-us/product and /en-us/footnotes
============ Checking for Redirections: https://newsroom.tiktok.com/en-us/footnotes
============ Link after cleaning: https://newsroom.tiktok.com/en-us/footnotes
========== link already checked
======== We are on link 7 of 113
========== raw link /en-us
============ Found Relative: joining https://newsroom.tiktok.com/en-us/product and /en-us
============ Checking for Redirections: https://newsroom.tiktok.com/en-us
============ Link after cleaning: https://newsroom.tiktok.com/en-us
========== link already checked
======== We are on link 8 of 113
========== raw link /en-us/news
============ Found Relative: joining https://newsroom.tiktok.com/en-us/product and /en-us/news
============ Checking for Redirections: https://newsroom.tiktok.com/en-us/news
============ Link after cleaning: https://newsroom.tiktok.com/en-us/news
========== link already checked
======== We are on link 9 of 113
========== raw link /en-us/product
============ Found Relative: joining https://newsroom.tiktok.com/en-us/product and /en-us/product
============ Checking for Redirections: https://newsroom.tiktok.com/en-us/product
============ Link after cleaning: https://newsroom.tiktok.com/en-us/product
========== link already checked
======== We are on link 10 of 113
========== raw link /en-us/community
============ Found Relative: joining https://newsroom.tiktok.com/en-us/product and /en-us/community
============ Checking for Redirections: https://newsroom.tiktok.com/en-us/community
============ Link after cleaning: https://newsroom.tiktok.com/en-us/community
========== link already checked
======== We are on link 11 of 113
========== raw link /en-us/safety
============ Found Relative: joining https://newsroom.tiktok.com/en-us/product and /en-us/safety
============ Checking for Redirections: https://newsroom.tiktok.com/en-us/safety
============ Link after cleaning: https://newsroom.tiktok.com/en-us/safety
========== link already checked
======== We are on link 12 of 113
========== raw link /en-us/company
============ Found Relative: joining https://newsroom.tiktok.com/en-us/product and /en-us/company
============ Checking for Redirections: https://newsroom.tiktok.com/en-us/company
============ Link after cleaning: https://newsroom.tiktok.com/en-us/company
========== link already checked
======== We are on link 13 of 113
========== raw link /en-us/community
============ Found Relative: joining https://newsroom.tiktok.com/en-us/product and /en-us/community
============ Checking for Redirections: https://newsroom.tiktok.com/en-us/community
============ Link after cleaning: https://newsroom.tiktok.com/en-us/community
========== link already checked
======== We are on link 14 of 113
========== raw link /en-us/launching-amber-alerts-to-americans-on-tiktok
============ Found Relative: joining https://newsroom.tiktok.com/en-us/product and /en-us/launching-amber-alerts-to-americans-on-tiktok
============ Checking for Redirections: https://newsroom.tiktok.com/en-us/launching-amber-alerts-to-americans-on-tiktok
============ Link after cleaning: https://newsroom.tiktok.com/en-us/launching-amber-alerts-to-americans-on-tiktok
========== link already checked
======== We are on link 15 of 113
========== raw link /en-us/launching-amber-alerts-to-americans-on-tiktok
============ Found Relative: joining https://newsroom.tiktok.com/en-us/product and /en-us/launching-amber-alerts-to-americans-on-tiktok
============ Checking for Redirections: https://newsroom.tiktok.com/en-us/launching-amber-alerts-to-americans-on-tiktok
============ Link after cleaning: https://newsroom.tiktok.com/en-us/launching-amber-alerts-to-americans-on-tiktok
========== link already checked
======== We are on link 16 of 113
========== raw link /en-us/launching-amber-alerts-to-americans-on-tiktok
============ Found Relative: joining https://newsroom.tiktok.com/en-us/product and /en-us/launching-amber-alerts-to-americans-on-tiktok
============ Checking for Redirections: https://newsroom.tiktok.com/en-us/launching-amber-alerts-to-americans-on-tiktok
============ Link after cleaning: https://newsroom.tiktok.com/en-us/launching-amber-alerts-to-americans-on-tiktok
========== link already checked
======== We are on link 17 of 113
========== raw link /en-us/community
============ Found Relative: joining https://newsroom.tiktok.com/en-us/product and /en-us/community
============ Checking for Redirections: https://newsroom.tiktok.com/en-us/community
============ Link after cleaning: https://newsroom.tiktok.com/en-us/community
========== link already checked
======== We are on link 18 of 113
========== raw link /en-us/pi-day-2025
============ Found Relative: joining https://newsroom.tiktok.com/en-us/product and /en-us/pi-day-2025
============ Checking for Redirections: https://newsroom.tiktok.com/en-us/pi-day-2025
============ Link after cleaning: https://newsroom.tiktok.com/en-us/pi-day-2025
========== link already checked
======== We are on link 19 of 113
========== raw link /en-us/pi-day-2025
============ Found Relative: joining https://newsroom.tiktok.com/en-us/product and /en-us/pi-day-2025
============ Checking for Redirections: https://newsroom.tiktok.com/en-us/pi-day-2025
============ Link after cleaning: https://newsroom.tiktok.com/en-us/pi-day-2025
========== link already checked
======== We are on link 20 of 113
========== raw link /en-us/pi-day-2025
============ Found Relative: joining https://newsroom.tiktok.com/en-us/product and /en-us/pi-day-2025
============ Checking for Redirections: https://newsroom.tiktok.com/en-us/pi-day-2025
============ Link after cleaning: https://newsroom.tiktok.com/en-us/pi-day-2025
========== link already checked
======== We are on link 21 of 113
========== raw link /en-us/safety
============ Found Relative: joining https://newsroom.tiktok.com/en-us/product and /en-us/safety
============ Checking for Redirections: https://newsroom.tiktok.com/en-us/safety
============ Link after cleaning: https://newsroom.tiktok.com/en-us/safety
========== link already checked
======== We are on link 22 of 113
========== raw link /en-us/new-ways-we-are-supporting-parents-and-helping-teens-build-balanced-digital-habits
============ Found Relative: joining https://newsroom.tiktok.com/en-us/product and /en-us/new-ways-we-are-supporting-parents-and-helping-teens-build-balanced-digital-habits
============ Checking for Redirections: https://newsroom.tiktok.com/en-us/new-ways-we-are-supporting-parents-and-helping-teens-build-balanced-digital-habits
============ Link after cleaning: https://newsroom.tiktok.com/en-us/new-ways-we-are-supporting-parents-and-helping-teens-build-balanced-digital-habits
========== link already checked
======== We are on link 23 of 113
========== raw link /en-us/new-ways-we-are-supporting-parents-and-helping-teens-build-balanced-digital-habits
============ Found Relative: joining https://newsroom.tiktok.com/en-us/product and /en-us/new-ways-we-are-supporting-parents-and-helping-teens-build-balanced-digital-habits
============ Checking for Redirections: https://newsroom.tiktok.com/en-us/new-ways-we-are-supporting-parents-and-helping-teens-build-balanced-digital-habits
============ Link after cleaning: https://newsroom.tiktok.com/en-us/new-ways-we-are-supporting-parents-and-helping-teens-build-balanced-digital-habits
========== link already checked
======== We are on link 24 of 113
========== raw link /en-us/new-ways-we-are-supporting-parents-and-helping-teens-build-balanced-digital-habits
============ Found Relative: joining https://newsroom.tiktok.com/en-us/product and /en-us/new-ways-we-are-supporting-parents-and-helping-teens-build-balanced-digital-habits
============ Checking for Redirections: https://newsroom.tiktok.com/en-us/new-ways-we-are-supporting-parents-and-helping-teens-build-balanced-digital-habits
============ Link after cleaning: https://newsroom.tiktok.com/en-us/new-ways-we-are-supporting-parents-and-helping-teens-build-balanced-digital-habits
========== link already checked
======== We are on link 25 of 113
========== raw link /en-us/product
============ Found Relative: joining https://newsroom.tiktok.com/en-us/product and /en-us/product
============ Checking for Redirections: https://newsroom.tiktok.com/en-us/product
============ Link after cleaning: https://newsroom.tiktok.com/en-us/product
========== link already checked
======== We are on link 26 of 113
========== raw link /en-us/new-features-bring-tiktok-magic-to-desktop
============ Found Relative: joining https://newsroom.tiktok.com/en-us/product and /en-us/new-features-bring-tiktok-magic-to-desktop
============ Checking for Redirections: https://newsroom.tiktok.com/en-us/new-features-bring-tiktok-magic-to-desktop
============ Link after cleaning: https://newsroom.tiktok.com/en-us/new-features-bring-tiktok-magic-to-desktop
========== link already checked
======== We are on link 27 of 113
========== raw link /en-us/new-features-bring-tiktok-magic-to-desktop
============ Found Relative: joining https://newsroom.tiktok.com/en-us/product and /en-us/new-features-bring-tiktok-magic-to-desktop
============ Checking for Redirections: https://newsroom.tiktok.com/en-us/new-features-bring-tiktok-magic-to-desktop
============ Link after cleaning: https://newsroom.tiktok.com/en-us/new-features-bring-tiktok-magic-to-desktop
========== link already checked
======== We are on link 28 of 113
========== raw link /en-us/new-features-bring-tiktok-magic-to-desktop
============ Found Relative: joining https://newsroom.tiktok.com/en-us/product and /en-us/new-features-bring-tiktok-magic-to-desktop
============ Checking for Redirections: https://newsroom.tiktok.com/en-us/new-features-bring-tiktok-magic-to-desktop
============ Link after cleaning: https://newsroom.tiktok.com/en-us/new-features-bring-tiktok-magic-to-desktop
========== link already checked
======== We are on link 29 of 113
========== raw link /en-us/product
============ Found Relative: joining https://newsroom.tiktok.com/en-us/product and /en-us/product
============ Checking for Redirections: https://newsroom.tiktok.com/en-us/product
============ Link after cleaning: https://newsroom.tiktok.com/en-us/product
========== link already checked
======== We are on link 30 of 113
========== raw link /en-us/tiktok-partners-with-american-heart-association-for-2nd-annual-live-event
============ Found Relative: joining https://newsroom.tiktok.com/en-us/product and /en-us/tiktok-partners-with-american-heart-association-for-2nd-annual-live-event
============ Checking for Redirections: https://newsroom.tiktok.com/en-us/tiktok-partners-with-american-heart-association-for-2nd-annual-live-event
============ Link after cleaning: https://newsroom.tiktok.com/en-us/tiktok-partners-with-american-heart-association-for-2nd-annual-live-event
========== link already checked
======== We are on link 31 of 113
========== raw link /en-us/tiktok-partners-with-american-heart-association-for-2nd-annual-live-event
============ Found Relative: joining https://newsroom.tiktok.com/en-us/product and /en-us/tiktok-partners-with-american-heart-association-for-2nd-annual-live-event
============ Checking for Redirections: https://newsroom.tiktok.com/en-us/tiktok-partners-with-american-heart-association-for-2nd-annual-live-event
============ Link after cleaning: https://newsroom.tiktok.com/en-us/tiktok-partners-with-american-heart-association-for-2nd-annual-live-event
========== link already checked
======== We are on link 32 of 113
========== raw link /en-us/tiktok-partners-with-american-heart-association-for-2nd-annual-live-event
============ Found Relative: joining https://newsroom.tiktok.com/en-us/product and /en-us/tiktok-partners-with-american-heart-association-for-2nd-annual-live-event
============ Checking for Redirections: https://newsroom.tiktok.com/en-us/tiktok-partners-with-american-heart-association-for-2nd-annual-live-event
============ Link after cleaning: https://newsroom.tiktok.com/en-us/tiktok-partners-with-american-heart-association-for-2nd-annual-live-event
========== link already checked
======== We are on link 33 of 113
========== raw link /en-us/news
============ Found Relative: joining https://newsroom.tiktok.com/en-us/product and /en-us/news
============ Checking for Redirections: https://newsroom.tiktok.com/en-us/news
============ Link after cleaning: https://newsroom.tiktok.com/en-us/news
========== link already checked
======== We are on link 34 of 113
========== raw link /en-us/tiktok-is-now-available-on-the-app-store-and-play-store
============ Found Relative: joining https://newsroom.tiktok.com/en-us/product and /en-us/tiktok-is-now-available-on-the-app-store-and-play-store
============ Checking for Redirections: https://newsroom.tiktok.com/en-us/tiktok-is-now-available-on-the-app-store-and-play-store
============ Link after cleaning: https://newsroom.tiktok.com/en-us/tiktok-is-now-available-on-the-app-store-and-play-store
========== link already checked
======== We are on link 35 of 113
========== raw link /en-us/tiktok-is-now-available-on-the-app-store-and-play-store
============ Found Relative: joining https://newsroom.tiktok.com/en-us/product and /en-us/tiktok-is-now-available-on-the-app-store-and-play-store
============ Checking for Redirections: https://newsroom.tiktok.com/en-us/tiktok-is-now-available-on-the-app-store-and-play-store
============ Link after cleaning: https://newsroom.tiktok.com/en-us/tiktok-is-now-available-on-the-app-store-and-play-store
========== link already checked
======== We are on link 36 of 113
========== raw link /en-us/tiktok-is-now-available-on-the-app-store-and-play-store
============ Found Relative: joining https://newsroom.tiktok.com/en-us/product and /en-us/tiktok-is-now-available-on-the-app-store-and-play-store
============ Checking for Redirections: https://newsroom.tiktok.com/en-us/tiktok-is-now-available-on-the-app-store-and-play-store
============ Link after cleaning: https://newsroom.tiktok.com/en-us/tiktok-is-now-available-on-the-app-store-and-play-store
========== link already checked
======== We are on link 37 of 113
========== raw link /en-us/community
============ Found Relative: joining https://newsroom.tiktok.com/en-us/product and /en-us/community
============ Checking for Redirections: https://newsroom.tiktok.com/en-us/community
============ Link after cleaning: https://newsroom.tiktok.com/en-us/community
========== link already checked
======== We are on link 38 of 113
========== raw link /en-us/tiktok-celebrates-holiday-music
============ Found Relative: joining https://newsroom.tiktok.com/en-us/product and /en-us/tiktok-celebrates-holiday-music
============ Checking for Redirections: https://newsroom.tiktok.com/en-us/tiktok-celebrates-holiday-music
============ Link after cleaning: https://newsroom.tiktok.com/en-us/tiktok-celebrates-holiday-music
========== scraping https://newsroom.tiktok.com/en-us/tiktok-celebrates-holiday-music
======== We are on link 39 of 113
========== raw link /en-us/tiktok-celebrates-holiday-music
============ Found Relative: joining https://newsroom.tiktok.com/en-us/product and /en-us/tiktok-celebrates-holiday-music
============ Checking for Redirections: https://newsroom.tiktok.com/en-us/tiktok-celebrates-holiday-music
============ Link after cleaning: https://newsroom.tiktok.com/en-us/tiktok-celebrates-holiday-music
========== link already checked
======== We are on link 40 of 113
========== raw link /en-us/tiktok-celebrates-holiday-music
============ Found Relative: joining https://newsroom.tiktok.com/en-us/product and /en-us/tiktok-celebrates-holiday-music
============ Checking for Redirections: https://newsroom.tiktok.com/en-us/tiktok-celebrates-holiday-music
============ Link after cleaning: https://newsroom.tiktok.com/en-us/tiktok-celebrates-holiday-music
========== link already checked
======== We are on link 41 of 113
========== raw link /en-us/news
============ Found Relative: joining https://newsroom.tiktok.com/en-us/product and /en-us/news
============ Checking for Redirections: https://newsroom.tiktok.com/en-us/news
============ Link after cleaning: https://newsroom.tiktok.com/en-us/news
========== link already checked
======== We are on link 42 of 113
========== raw link /en-us/black-friday-and-cyber-monday-on-tiktok-shop
============ Found Relative: joining https://newsroom.tiktok.com/en-us/product and /en-us/black-friday-and-cyber-monday-on-tiktok-shop
============ Checking for Redirections: https://newsroom.tiktok.com/en-us/black-friday-and-cyber-monday-on-tiktok-shop
============ Link after cleaning: https://newsroom.tiktok.com/en-us/black-friday-and-cyber-monday-on-tiktok-shop
========== scraping https://newsroom.tiktok.com/en-us/black-friday-and-cyber-monday-on-tiktok-shop
======== We are on link 43 of 113
========== raw link /en-us/black-friday-and-cyber-monday-on-tiktok-shop
============ Found Relative: joining https://newsroom.tiktok.com/en-us/product and /en-us/black-friday-and-cyber-monday-on-tiktok-shop
============ Checking for Redirections: https://newsroom.tiktok.com/en-us/black-friday-and-cyber-monday-on-tiktok-shop
============ Link after cleaning: https://newsroom.tiktok.com/en-us/black-friday-and-cyber-monday-on-tiktok-shop
========== link already checked
======== We are on link 44 of 113
========== raw link /en-us/black-friday-and-cyber-monday-on-tiktok-shop
============ Found Relative: joining https://newsroom.tiktok.com/en-us/product and /en-us/black-friday-and-cyber-monday-on-tiktok-shop
============ Checking for Redirections: https://newsroom.tiktok.com/en-us/black-friday-and-cyber-monday-on-tiktok-shop
============ Link after cleaning: https://newsroom.tiktok.com/en-us/black-friday-and-cyber-monday-on-tiktok-shop
========== link already checked
======== We are on link 45 of 113
========== raw link /en-us/product
============ Found Relative: joining https://newsroom.tiktok.com/en-us/product and /en-us/product
============ Checking for Redirections: https://newsroom.tiktok.com/en-us/product
============ Link after cleaning: https://newsroom.tiktok.com/en-us/product
========== link already checked
======== We are on link 46 of 113
========== raw link /en-us/enhancing-photo-sharing-for-tiktok-creators-with-lemon-8
============ Found Relative: joining https://newsroom.tiktok.com/en-us/product and /en-us/enhancing-photo-sharing-for-tiktok-creators-with-lemon-8
============ Checking for Redirections: https://newsroom.tiktok.com/en-us/enhancing-photo-sharing-for-tiktok-creators-with-lemon-8
============ Link after cleaning: https://newsroom.tiktok.com/en-us/enhancing-photo-sharing-for-tiktok-creators-with-lemon-8
========== scraping https://newsroom.tiktok.com/en-us/enhancing-photo-sharing-for-tiktok-creators-with-lemon-8
======== We are on link 47 of 113
========== raw link /en-us/enhancing-photo-sharing-for-tiktok-creators-with-lemon-8
============ Found Relative: joining https://newsroom.tiktok.com/en-us/product and /en-us/enhancing-photo-sharing-for-tiktok-creators-with-lemon-8
============ Checking for Redirections: https://newsroom.tiktok.com/en-us/enhancing-photo-sharing-for-tiktok-creators-with-lemon-8
============ Link after cleaning: https://newsroom.tiktok.com/en-us/enhancing-photo-sharing-for-tiktok-creators-with-lemon-8
========== link already checked
======== We are on link 48 of 113
========== raw link /en-us/enhancing-photo-sharing-for-tiktok-creators-with-lemon-8
============ Found Relative: joining https://newsroom.tiktok.com/en-us/product and /en-us/enhancing-photo-sharing-for-tiktok-creators-with-lemon-8
============ Checking for Redirections: https://newsroom.tiktok.com/en-us/enhancing-photo-sharing-for-tiktok-creators-with-lemon-8
============ Link after cleaning: https://newsroom.tiktok.com/en-us/enhancing-photo-sharing-for-tiktok-creators-with-lemon-8
========== link already checked
======== We are on link 49 of 113
========== raw link /en-us/news
============ Found Relative: joining https://newsroom.tiktok.com/en-us/product and /en-us/news
============ Checking for Redirections: https://newsroom.tiktok.com/en-us/news
============ Link after cleaning: https://newsroom.tiktok.com/en-us/news
========== link already checked
======== We are on link 50 of 113
========== raw link /en-us/tiktok-launches-share-to-tiktok
============ Found Relative: joining https://newsroom.tiktok.com/en-us/product and /en-us/tiktok-launches-share-to-tiktok
============ Checking for Redirections: https://newsroom.tiktok.com/en-us/tiktok-launches-share-to-tiktok
============ Link after cleaning: https://newsroom.tiktok.com/en-us/tiktok-launches-share-to-tiktok
========== scraping https://newsroom.tiktok.com/en-us/tiktok-launches-share-to-tiktok
======== We are on link 51 of 113
========== raw link /en-us/tiktok-launches-share-to-tiktok
============ Found Relative: joining https://newsroom.tiktok.com/en-us/product and /en-us/tiktok-launches-share-to-tiktok
============ Checking for Redirections: https://newsroom.tiktok.com/en-us/tiktok-launches-share-to-tiktok
============ Link after cleaning: https://newsroom.tiktok.com/en-us/tiktok-launches-share-to-tiktok
========== link already checked
======== We are on link 52 of 113
========== raw link /en-us/tiktok-launches-share-to-tiktok
============ Found Relative: joining https://newsroom.tiktok.com/en-us/product and /en-us/tiktok-launches-share-to-tiktok
============ Checking for Redirections: https://newsroom.tiktok.com/en-us/tiktok-launches-share-to-tiktok
============ Link after cleaning: https://newsroom.tiktok.com/en-us/tiktok-launches-share-to-tiktok
========== link already checked
======== We are on link 53 of 113
========== raw link /en-us/product
============ Found Relative: joining https://newsroom.tiktok.com/en-us/product and /en-us/product
============ Checking for Redirections: https://newsroom.tiktok.com/en-us/product
============ Link after cleaning: https://newsroom.tiktok.com/en-us/product
========== link already checked
======== We are on link 54 of 113
========== raw link /en-us/tiktok-is-building-for-the-future-with-smart-plus
============ Found Relative: joining https://newsroom.tiktok.com/en-us/product and /en-us/tiktok-is-building-for-the-future-with-smart-plus
============ Checking for Redirections: https://newsroom.tiktok.com/en-us/tiktok-is-building-for-the-future-with-smart-plus
============ Link after cleaning: https://newsroom.tiktok.com/en-us/tiktok-is-building-for-the-future-with-smart-plus
========== scraping https://newsroom.tiktok.com/en-us/tiktok-is-building-for-the-future-with-smart-plus
============ New link added. Search term (AI-) found on https://newsroom.tiktok.com/en-us/tiktok-is-building-for-the-future-with-smart-plus.
======== We are on link 55 of 113
========== raw link /en-us/tiktok-is-building-for-the-future-with-smart-plus
============ Found Relative: joining https://newsroom.tiktok.com/en-us/product and /en-us/tiktok-is-building-for-the-future-with-smart-plus
============ Checking for Redirections: https://newsroom.tiktok.com/en-us/tiktok-is-building-for-the-future-with-smart-plus
============ Link after cleaning: https://newsroom.tiktok.com/en-us/tiktok-is-building-for-the-future-with-smart-plus
========== link already checked
======== We are on link 56 of 113
========== raw link /en-us/tiktok-is-building-for-the-future-with-smart-plus
============ Found Relative: joining https://newsroom.tiktok.com/en-us/product and /en-us/tiktok-is-building-for-the-future-with-smart-plus
============ Checking for Redirections: https://newsroom.tiktok.com/en-us/tiktok-is-building-for-the-future-with-smart-plus
============ Link after cleaning: https://newsroom.tiktok.com/en-us/tiktok-is-building-for-the-future-with-smart-plus
========== link already checked
======== We are on link 57 of 113
========== raw link /en-us/product
============ Found Relative: joining https://newsroom.tiktok.com/en-us/product and /en-us/product
============ Checking for Redirections: https://newsroom.tiktok.com/en-us/product
============ Link after cleaning: https://newsroom.tiktok.com/en-us/product
========== link already checked
======== We are on link 58 of 113
========== raw link /en-us/tiktok-flip-story
============ Found Relative: joining https://newsroom.tiktok.com/en-us/product and /en-us/tiktok-flip-story
============ Checking for Redirections: https://newsroom.tiktok.com/en-us/tiktok-flip-story
============ Link after cleaning: https://newsroom.tiktok.com/en-us/tiktok-flip-story
========== scraping https://newsroom.tiktok.com/en-us/tiktok-flip-story
======== We are on link 59 of 113
========== raw link /en-us/tiktok-flip-story
============ Found Relative: joining https://newsroom.tiktok.com/en-us/product and /en-us/tiktok-flip-story
============ Checking for Redirections: https://newsroom.tiktok.com/en-us/tiktok-flip-story
============ Link after cleaning: https://newsroom.tiktok.com/en-us/tiktok-flip-story
========== link already checked
======== We are on link 60 of 113
========== raw link /en-us/tiktok-flip-story
============ Found Relative: joining https://newsroom.tiktok.com/en-us/product and /en-us/tiktok-flip-story
============ Checking for Redirections: https://newsroom.tiktok.com/en-us/tiktok-flip-story
============ Link after cleaning: https://newsroom.tiktok.com/en-us/tiktok-flip-story
========== link already checked
======== We are on link 61 of 113
========== raw link /en-us/product
============ Found Relative: joining https://newsroom.tiktok.com/en-us/product and /en-us/product
============ Checking for Redirections: https://newsroom.tiktok.com/en-us/product
============ Link after cleaning: https://newsroom.tiktok.com/en-us/product
========== link already checked
======== We are on link 62 of 113
========== raw link /en-us/empowering-creators-and-fostering-communities-with-the-expanded-subscription-feature
============ Found Relative: joining https://newsroom.tiktok.com/en-us/product and /en-us/empowering-creators-and-fostering-communities-with-the-expanded-subscription-feature
============ Checking for Redirections: https://newsroom.tiktok.com/en-us/empowering-creators-and-fostering-communities-with-the-expanded-subscription-feature
============ Link after cleaning: https://newsroom.tiktok.com/en-us/empowering-creators-and-fostering-communities-with-the-expanded-subscription-feature
========== scraping https://newsroom.tiktok.com/en-us/empowering-creators-and-fostering-communities-with-the-expanded-subscription-feature
======== We are on link 63 of 113
========== raw link /en-us/empowering-creators-and-fostering-communities-with-the-expanded-subscription-feature
============ Found Relative: joining https://newsroom.tiktok.com/en-us/product and /en-us/empowering-creators-and-fostering-communities-with-the-expanded-subscription-feature
============ Checking for Redirections: https://newsroom.tiktok.com/en-us/empowering-creators-and-fostering-communities-with-the-expanded-subscription-feature
============ Link after cleaning: https://newsroom.tiktok.com/en-us/empowering-creators-and-fostering-communities-with-the-expanded-subscription-feature
========== link already checked
======== We are on link 64 of 113
========== raw link /en-us/empowering-creators-and-fostering-communities-with-the-expanded-subscription-feature
============ Found Relative: joining https://newsroom.tiktok.com/en-us/product and /en-us/empowering-creators-and-fostering-communities-with-the-expanded-subscription-feature
============ Checking for Redirections: https://newsroom.tiktok.com/en-us/empowering-creators-and-fostering-communities-with-the-expanded-subscription-feature
============ Link after cleaning: https://newsroom.tiktok.com/en-us/empowering-creators-and-fostering-communities-with-the-expanded-subscription-feature
========== link already checked
======== We are on link 65 of 113
========== raw link /en-us/safety
============ Found Relative: joining https://newsroom.tiktok.com/en-us/product and /en-us/safety
============ Checking for Redirections: https://newsroom.tiktok.com/en-us/safety
============ Link after cleaning: https://newsroom.tiktok.com/en-us/safety
========== link already checked
======== We are on link 66 of 113
========== raw link /en-us/tiktok-and-the-family-online-safety-institute-partner-to-launch-digital-safety-partnership-for-families
============ Found Relative: joining https://newsroom.tiktok.com/en-us/product and /en-us/tiktok-and-the-family-online-safety-institute-partner-to-launch-digital-safety-partnership-for-families
============ Checking for Redirections: https://newsroom.tiktok.com/en-us/tiktok-and-the-family-online-safety-institute-partner-to-launch-digital-safety-partnership-for-families
============ Link after cleaning: https://newsroom.tiktok.com/en-us/tiktok-and-the-family-online-safety-institute-partner-to-launch-digital-safety-partnership-for-families
========== scraping https://newsroom.tiktok.com/en-us/tiktok-and-the-family-online-safety-institute-partner-to-launch-digital-safety-partnership-for-families
======== We are on link 67 of 113
========== raw link /en-us/tiktok-and-the-family-online-safety-institute-partner-to-launch-digital-safety-partnership-for-families
============ Found Relative: joining https://newsroom.tiktok.com/en-us/product and /en-us/tiktok-and-the-family-online-safety-institute-partner-to-launch-digital-safety-partnership-for-families
============ Checking for Redirections: https://newsroom.tiktok.com/en-us/tiktok-and-the-family-online-safety-institute-partner-to-launch-digital-safety-partnership-for-families
============ Link after cleaning: https://newsroom.tiktok.com/en-us/tiktok-and-the-family-online-safety-institute-partner-to-launch-digital-safety-partnership-for-families
========== link already checked
======== We are on link 68 of 113
========== raw link /en-us/tiktok-and-the-family-online-safety-institute-partner-to-launch-digital-safety-partnership-for-families
============ Found Relative: joining https://newsroom.tiktok.com/en-us/product and /en-us/tiktok-and-the-family-online-safety-institute-partner-to-launch-digital-safety-partnership-for-families
============ Checking for Redirections: https://newsroom.tiktok.com/en-us/tiktok-and-the-family-online-safety-institute-partner-to-launch-digital-safety-partnership-for-families
============ Link after cleaning: https://newsroom.tiktok.com/en-us/tiktok-and-the-family-online-safety-institute-partner-to-launch-digital-safety-partnership-for-families
========== link already checked
======== We are on link 69 of 113
========== raw link /en-us/news
============ Found Relative: joining https://newsroom.tiktok.com/en-us/product and /en-us/news
============ Checking for Redirections: https://newsroom.tiktok.com/en-us/news
============ Link after cleaning: https://newsroom.tiktok.com/en-us/news
========== link already checked
======== We are on link 70 of 113
========== raw link /en-us/2024-paralympics
============ Found Relative: joining https://newsroom.tiktok.com/en-us/product and /en-us/2024-paralympics
============ Checking for Redirections: https://newsroom.tiktok.com/en-us/2024-paralympics
============ Link after cleaning: https://newsroom.tiktok.com/en-us/2024-paralympics
========== scraping https://newsroom.tiktok.com/en-us/2024-paralympics
======== We are on link 71 of 113
========== raw link /en-us/2024-paralympics
============ Found Relative: joining https://newsroom.tiktok.com/en-us/product and /en-us/2024-paralympics
============ Checking for Redirections: https://newsroom.tiktok.com/en-us/2024-paralympics
============ Link after cleaning: https://newsroom.tiktok.com/en-us/2024-paralympics
========== link already checked
======== We are on link 72 of 113
========== raw link /en-us/2024-paralympics
============ Found Relative: joining https://newsroom.tiktok.com/en-us/product and /en-us/2024-paralympics
============ Checking for Redirections: https://newsroom.tiktok.com/en-us/2024-paralympics
============ Link after cleaning: https://newsroom.tiktok.com/en-us/2024-paralympics
========== link already checked
======== We are on link 73 of 113
========== raw link /en-us/news
============ Found Relative: joining https://newsroom.tiktok.com/en-us/product and /en-us/news
============ Checking for Redirections: https://newsroom.tiktok.com/en-us/news
============ Link after cleaning: https://newsroom.tiktok.com/en-us/news
========== link already checked
======== We are on link 74 of 113
========== raw link /en-us/share-your-favorite-tiktok-moments-with-direct-messaging
============ Found Relative: joining https://newsroom.tiktok.com/en-us/product and /en-us/share-your-favorite-tiktok-moments-with-direct-messaging
============ Checking for Redirections: https://newsroom.tiktok.com/en-us/share-your-favorite-tiktok-moments-with-direct-messaging
============ Link after cleaning: https://newsroom.tiktok.com/en-us/share-your-favorite-tiktok-moments-with-direct-messaging
========== scraping https://newsroom.tiktok.com/en-us/share-your-favorite-tiktok-moments-with-direct-messaging
======== We are on link 75 of 113
========== raw link /en-us/share-your-favorite-tiktok-moments-with-direct-messaging
============ Found Relative: joining https://newsroom.tiktok.com/en-us/product and /en-us/share-your-favorite-tiktok-moments-with-direct-messaging
============ Checking for Redirections: https://newsroom.tiktok.com/en-us/share-your-favorite-tiktok-moments-with-direct-messaging
============ Link after cleaning: https://newsroom.tiktok.com/en-us/share-your-favorite-tiktok-moments-with-direct-messaging
========== link already checked
======== We are on link 76 of 113
========== raw link /en-us/share-your-favorite-tiktok-moments-with-direct-messaging
============ Found Relative: joining https://newsroom.tiktok.com/en-us/product and /en-us/share-your-favorite-tiktok-moments-with-direct-messaging
============ Checking for Redirections: https://newsroom.tiktok.com/en-us/share-your-favorite-tiktok-moments-with-direct-messaging
============ Link after cleaning: https://newsroom.tiktok.com/en-us/share-your-favorite-tiktok-moments-with-direct-messaging
========== link already checked
======== We are on link 77 of 113
========== raw link /en-us/product
============ Found Relative: joining https://newsroom.tiktok.com/en-us/product and /en-us/product
============ Checking for Redirections: https://newsroom.tiktok.com/en-us/product
============ Link after cleaning: https://newsroom.tiktok.com/en-us/product
========== link already checked
======== We are on link 78 of 113
========== raw link /en-us/supporting-small-businesses-on-tiktok-shop
============ Found Relative: joining https://newsroom.tiktok.com/en-us/product and /en-us/supporting-small-businesses-on-tiktok-shop
============ Checking for Redirections: https://newsroom.tiktok.com/en-us/supporting-small-businesses-on-tiktok-shop
============ Link after cleaning: https://newsroom.tiktok.com/en-us/supporting-small-businesses-on-tiktok-shop
========== scraping https://newsroom.tiktok.com/en-us/supporting-small-businesses-on-tiktok-shop
======== We are on link 79 of 113
========== raw link /en-us/supporting-small-businesses-on-tiktok-shop
============ Found Relative: joining https://newsroom.tiktok.com/en-us/product and /en-us/supporting-small-businesses-on-tiktok-shop
============ Checking for Redirections: https://newsroom.tiktok.com/en-us/supporting-small-businesses-on-tiktok-shop
============ Link after cleaning: https://newsroom.tiktok.com/en-us/supporting-small-businesses-on-tiktok-shop
========== link already checked
======== We are on link 80 of 113
========== raw link /en-us/supporting-small-businesses-on-tiktok-shop
============ Found Relative: joining https://newsroom.tiktok.com/en-us/product and /en-us/supporting-small-businesses-on-tiktok-shop
============ Checking for Redirections: https://newsroom.tiktok.com/en-us/supporting-small-businesses-on-tiktok-shop
============ Link after cleaning: https://newsroom.tiktok.com/en-us/supporting-small-businesses-on-tiktok-shop
========== link already checked
======== We are on link 81 of 113
========== raw link /en-us/news
============ Found Relative: joining https://newsroom.tiktok.com/en-us/product and /en-us/news
============ Checking for Redirections: https://newsroom.tiktok.com/en-us/news
============ Link after cleaning: https://newsroom.tiktok.com/en-us/news
========== link already checked
======== We are on link 82 of 113
========== raw link /en-us/tiktok-expands-taylor-swift-in-app-experience
============ Found Relative: joining https://newsroom.tiktok.com/en-us/product and /en-us/tiktok-expands-taylor-swift-in-app-experience
============ Checking for Redirections: https://newsroom.tiktok.com/en-us/tiktok-expands-taylor-swift-in-app-experience
============ Link after cleaning: https://newsroom.tiktok.com/en-us/tiktok-expands-taylor-swift-in-app-experience
========== scraping https://newsroom.tiktok.com/en-us/tiktok-expands-taylor-swift-in-app-experience
======== We are on link 83 of 113
========== raw link /en-us/tiktok-expands-taylor-swift-in-app-experience
============ Found Relative: joining https://newsroom.tiktok.com/en-us/product and /en-us/tiktok-expands-taylor-swift-in-app-experience
============ Checking for Redirections: https://newsroom.tiktok.com/en-us/tiktok-expands-taylor-swift-in-app-experience
============ Link after cleaning: https://newsroom.tiktok.com/en-us/tiktok-expands-taylor-swift-in-app-experience
========== link already checked
======== We are on link 84 of 113
========== raw link /en-us/tiktok-expands-taylor-swift-in-app-experience
============ Found Relative: joining https://newsroom.tiktok.com/en-us/product and /en-us/tiktok-expands-taylor-swift-in-app-experience
============ Checking for Redirections: https://newsroom.tiktok.com/en-us/tiktok-expands-taylor-swift-in-app-experience
============ Link after cleaning: https://newsroom.tiktok.com/en-us/tiktok-expands-taylor-swift-in-app-experience
========== link already checked
======== We are on link 85 of 113
========== raw link /en-us/product
============ Found Relative: joining https://newsroom.tiktok.com/en-us/product and /en-us/product
============ Checking for Redirections: https://newsroom.tiktok.com/en-us/product
============ Link after cleaning: https://newsroom.tiktok.com/en-us/product
========== link already checked
======== We are on link 86 of 113
========== raw link /en-us/announcing-symphony-avatars
============ Found Relative: joining https://newsroom.tiktok.com/en-us/product and /en-us/announcing-symphony-avatars
============ Checking for Redirections: https://newsroom.tiktok.com/en-us/announcing-symphony-avatars
============ Link after cleaning: https://newsroom.tiktok.com/en-us/announcing-symphony-avatars
========== scraping https://newsroom.tiktok.com/en-us/announcing-symphony-avatars
============ New link added. Search term (AI ) found on https://newsroom.tiktok.com/en-us/announcing-symphony-avatars.
======== We are on link 87 of 113
========== raw link /en-us/announcing-symphony-avatars
============ Found Relative: joining https://newsroom.tiktok.com/en-us/product and /en-us/announcing-symphony-avatars
============ Checking for Redirections: https://newsroom.tiktok.com/en-us/announcing-symphony-avatars
============ Link after cleaning: https://newsroom.tiktok.com/en-us/announcing-symphony-avatars
========== link already checked
======== We are on link 88 of 113
========== raw link /en-us/announcing-symphony-avatars
============ Found Relative: joining https://newsroom.tiktok.com/en-us/product and /en-us/announcing-symphony-avatars
============ Checking for Redirections: https://newsroom.tiktok.com/en-us/announcing-symphony-avatars
============ Link after cleaning: https://newsroom.tiktok.com/en-us/announcing-symphony-avatars
========== link already checked
======== We are on link 89 of 113
========== raw link https://www.tiktok.com
============ Checking for Redirections: https://www.tiktok.com
========== dropped link https://www.tiktok.com. Could not follow redirection (or it was a meaninglessly small page or bot blocked by sessionID).
======== We are on link 90 of 113
========== raw link https://www.tiktok.com/about?lang=en
============ Checking for Redirections: https://www.tiktok.com/about?lang=en
========== dropped link https://www.tiktok.com/about?lang=en. Could not follow redirection (or it was a meaninglessly small page or bot blocked by sessionID).
======== We are on link 91 of 113
========== raw link https://newsroom.tiktok.com?lang=en
============ Checking for Redirections: https://newsroom.tiktok.com?lang=en
============ Followed Redirection to https://newsroom.tiktok.com/en-us/
============ Link after cleaning: https://newsroom.tiktok.com/en-us/
========== link already checked
======== We are on link 92 of 113
========== raw link https://www.tiktok.com/about/contact?lang=en
============ Checking for Redirections: https://www.tiktok.com/about/contact?lang=en
========== dropped link https://www.tiktok.com/about/contact?lang=en. Could not follow redirection (or it was a meaninglessly small page or bot blocked by sessionID).
======== We are on link 93 of 113
========== raw link https://careers.tiktok.com?lang=en
============ Checking for Redirections: https://careers.tiktok.com?lang=en
============ Followed Redirection to https://lifeattiktok.com/?lang=en
============ Link after cleaning: https://lifeattiktok.com/
========== link already checked
======== We are on link 94 of 113
========== raw link https://www.bytedance.com?lang=en
========== dropped link https://www.bytedance.com?lang=en. Didn't pass first allows/blocks test.
======== We are on link 95 of 113
========== raw link https://www.tiktok.com/for-good?lang=en
============ Checking for Redirections: https://www.tiktok.com/for-good?lang=en
========== dropped link https://www.tiktok.com/for-good?lang=en. Could not follow redirection (or it was a meaninglessly small page or bot blocked by sessionID).
======== We are on link 96 of 113
========== raw link https://developers.tiktok.com?lang=en
============ Checking for Redirections: https://developers.tiktok.com?lang=en
============ Followed Redirection to https://developers.tiktok.com/?lang=en
============ Link after cleaning: https://developers.tiktok.com/
========== link already checked
======== We are on link 97 of 113
========== raw link https://effecthouse.tiktok.com?lang=en
============ Checking for Redirections: https://effecthouse.tiktok.com?lang=en
============ Followed Redirection to https://effecthouse.tiktok.com/?lang=en
============ Link after cleaning: https://effecthouse.tiktok.com/
========== link already checked
======== We are on link 98 of 113
========== raw link https://www.tiktok.com/business?lang=en
============ Checking for Redirections: https://www.tiktok.com/business?lang=en
========== dropped link https://www.tiktok.com/business?lang=en. Could not follow redirection (or it was a meaninglessly small page or bot blocked by sessionID).
======== We are on link 99 of 113
========== raw link https://www.tiktok.com/browse?lang=en
============ Checking for Redirections: https://www.tiktok.com/browse?lang=en
========== dropped link https://www.tiktok.com/browse?lang=en. Could not follow redirection (or it was a meaninglessly small page or bot blocked by sessionID).
======== We are on link 100 of 113
========== raw link https://www.tiktok.com/embed?lang=en
============ Checking for Redirections: https://www.tiktok.com/embed?lang=en
========== dropped link https://www.tiktok.com/embed?lang=en. Could not follow redirection (or it was a meaninglessly small page or bot blocked by sessionID).
======== We are on link 101 of 113
========== raw link https://www.tiktok.com/tiktok-rewards?lang=en
============ Checking for Redirections: https://www.tiktok.com/tiktok-rewards?lang=en
========== dropped link https://www.tiktok.com/tiktok-rewards?lang=en. Could not follow redirection (or it was a meaninglessly small page or bot blocked by sessionID).
======== We are on link 102 of 113
========== raw link https://www.tiktok.com/download/en
============ Checking for Redirections: https://www.tiktok.com/download/en
========== dropped link https://www.tiktok.com/download/en. Could not follow redirection (or it was a meaninglessly small page or bot blocked by sessionID).
======== We are on link 103 of 113
========== raw link https://support.tiktok.com?lang=en
============ Checking for Redirections: https://support.tiktok.com?lang=en
========== dropped link https://support.tiktok.com?lang=en. Could not follow redirection (or it was a meaninglessly small page or bot blocked by sessionID).
======== We are on link 104 of 113
========== raw link https://www.tiktok.com/safety?lang=en
============ Checking for Redirections: https://www.tiktok.com/safety?lang=en
========== dropped link https://www.tiktok.com/safety?lang=en. Could not follow redirection (or it was a meaninglessly small page or bot blocked by sessionID).
======== We are on link 105 of 113
========== raw link https://www.tiktok.com/privacy/overview?lang=en
============ Checking for Redirections: https://www.tiktok.com/privacy/overview?lang=en
========== dropped link https://www.tiktok.com/privacy/overview?lang=en. Could not follow redirection (or it was a meaninglessly small page or bot blocked by sessionID).
======== We are on link 106 of 113
========== raw link https://www.tiktok.com/creator-academy?lang=en
============ Checking for Redirections: https://www.tiktok.com/creator-academy?lang=en
========== dropped link https://www.tiktok.com/creator-academy?lang=en. Could not follow redirection (or it was a meaninglessly small page or bot blocked by sessionID).
======== We are on link 107 of 113
========== raw link https://www.tiktok.com/community-guidelines?lang=en
============ Checking for Redirections: https://www.tiktok.com/community-guidelines?lang=en
========== dropped link https://www.tiktok.com/community-guidelines?lang=en. Could not follow redirection (or it was a meaninglessly small page or bot blocked by sessionID).
======== We are on link 108 of 113
========== raw link https://www.tiktok.com/transparency?lang=en
============ Checking for Redirections: https://www.tiktok.com/transparency?lang=en
========== dropped link https://www.tiktok.com/transparency?lang=en. Could not follow redirection (or it was a meaninglessly small page or bot blocked by sessionID).
======== We are on link 109 of 113
========== raw link https://www.tiktok.com/accessibility?lang=en
============ Checking for Redirections: https://www.tiktok.com/accessibility?lang=en
========== dropped link https://www.tiktok.com/accessibility?lang=en. Could not follow redirection (or it was a meaninglessly small page or bot blocked by sessionID).
======== We are on link 110 of 113
========== raw link https://www.tiktok.com/legal/terms-of-service?lang=en
============ Checking for Redirections: https://www.tiktok.com/legal/terms-of-service?lang=en
========== dropped link https://www.tiktok.com/legal/terms-of-service?lang=en. Could not follow redirection (or it was a meaninglessly small page or bot blocked by sessionID).
======== We are on link 111 of 113
========== raw link https://www.tiktok.com/legal/privacy-policy?lang=en
============ Checking for Redirections: https://www.tiktok.com/legal/privacy-policy?lang=en
========== dropped link https://www.tiktok.com/legal/privacy-policy?lang=en. Could not follow redirection (or it was a meaninglessly small page or bot blocked by sessionID).
======== We are on link 112 of 113
========== raw link https://www.tiktok.com/legal/copyright-policy?lang=en
============ Checking for Redirections: https://www.tiktok.com/legal/copyright-policy?lang=en
========== dropped link https://www.tiktok.com/legal/copyright-policy?lang=en. Could not follow redirection (or it was a meaninglessly small page or bot blocked by sessionID).
======== We are on link 113 of 113
========== raw link https://www.tiktok.com/legal/law-enforcement?lang=en
============ Checking for Redirections: https://www.tiktok.com/legal/law-enforcement?lang=en
========== dropped link https://www.tiktok.com/legal/law-enforcement?lang=en. Could not follow redirection (or it was a meaninglessly small page or bot blocked by sessionID).
====== We are on page 5 of 7: https://newsroom.tiktok.com/en-us/safety
====== Number of Links on this Page: 113
======== We are on link 1 of 113
========== raw link /
========== dropped link (either fragment ("#"), js, mailto, comment, pdf, or empty)
======== We are on link 2 of 113
========== raw link /trending/?lang=en
============ Found Relative: joining https://newsroom.tiktok.com/en-us/safety and /trending/?lang=en
============ Checking for Redirections: https://newsroom.tiktok.com/trending/?lang=en
============ Followed Redirection to https://newsroom.tiktok.com/en-us
============ Link after cleaning: https://newsroom.tiktok.com/en-us
========== link already checked
======== We are on link 3 of 113
========== raw link /en-us/news
============ Found Relative: joining https://newsroom.tiktok.com/en-us/safety and /en-us/news
============ Checking for Redirections: https://newsroom.tiktok.com/en-us/news
============ Link after cleaning: https://newsroom.tiktok.com/en-us/news
========== link already checked
======== We are on link 4 of 113
========== raw link /en-us/footnotes
============ Found Relative: joining https://newsroom.tiktok.com/en-us/safety and /en-us/footnotes
============ Checking for Redirections: https://newsroom.tiktok.com/en-us/footnotes
============ Link after cleaning: https://newsroom.tiktok.com/en-us/footnotes
========== link already checked
======== We are on link 5 of 113
========== raw link /en-us/footnotes
============ Found Relative: joining https://newsroom.tiktok.com/en-us/safety and /en-us/footnotes
============ Checking for Redirections: https://newsroom.tiktok.com/en-us/footnotes
============ Link after cleaning: https://newsroom.tiktok.com/en-us/footnotes
========== link already checked
======== We are on link 6 of 113
========== raw link /en-us/footnotes
============ Found Relative: joining https://newsroom.tiktok.com/en-us/safety and /en-us/footnotes
============ Checking for Redirections: https://newsroom.tiktok.com/en-us/footnotes
============ Link after cleaning: https://newsroom.tiktok.com/en-us/footnotes
========== link already checked
======== We are on link 7 of 113
========== raw link /en-us
============ Found Relative: joining https://newsroom.tiktok.com/en-us/safety and /en-us
============ Checking for Redirections: https://newsroom.tiktok.com/en-us
============ Link after cleaning: https://newsroom.tiktok.com/en-us
========== link already checked
======== We are on link 8 of 113
========== raw link /en-us/news
============ Found Relative: joining https://newsroom.tiktok.com/en-us/safety and /en-us/news
============ Checking for Redirections: https://newsroom.tiktok.com/en-us/news
============ Link after cleaning: https://newsroom.tiktok.com/en-us/news
========== link already checked
======== We are on link 9 of 113
========== raw link /en-us/product
============ Found Relative: joining https://newsroom.tiktok.com/en-us/safety and /en-us/product
============ Checking for Redirections: https://newsroom.tiktok.com/en-us/product
============ Link after cleaning: https://newsroom.tiktok.com/en-us/product
========== link already checked
======== We are on link 10 of 113
========== raw link /en-us/community
============ Found Relative: joining https://newsroom.tiktok.com/en-us/safety and /en-us/community
============ Checking for Redirections: https://newsroom.tiktok.com/en-us/community
============ Link after cleaning: https://newsroom.tiktok.com/en-us/community
========== link already checked
======== We are on link 11 of 113
========== raw link /en-us/safety
============ Found Relative: joining https://newsroom.tiktok.com/en-us/safety and /en-us/safety
============ Checking for Redirections: https://newsroom.tiktok.com/en-us/safety
============ Link after cleaning: https://newsroom.tiktok.com/en-us/safety
========== link already checked
======== We are on link 12 of 113
========== raw link /en-us/company
============ Found Relative: joining https://newsroom.tiktok.com/en-us/safety and /en-us/company
============ Checking for Redirections: https://newsroom.tiktok.com/en-us/company
============ Link after cleaning: https://newsroom.tiktok.com/en-us/company
========== link already checked
======== We are on link 13 of 113
========== raw link /en-us/community
============ Found Relative: joining https://newsroom.tiktok.com/en-us/safety and /en-us/community
============ Checking for Redirections: https://newsroom.tiktok.com/en-us/community
============ Link after cleaning: https://newsroom.tiktok.com/en-us/community
========== link already checked
======== We are on link 14 of 113
========== raw link /en-us/launching-amber-alerts-to-americans-on-tiktok
============ Found Relative: joining https://newsroom.tiktok.com/en-us/safety and /en-us/launching-amber-alerts-to-americans-on-tiktok
============ Checking for Redirections: https://newsroom.tiktok.com/en-us/launching-amber-alerts-to-americans-on-tiktok
============ Link after cleaning: https://newsroom.tiktok.com/en-us/launching-amber-alerts-to-americans-on-tiktok
========== link already checked
======== We are on link 15 of 113
========== raw link /en-us/launching-amber-alerts-to-americans-on-tiktok
============ Found Relative: joining https://newsroom.tiktok.com/en-us/safety and /en-us/launching-amber-alerts-to-americans-on-tiktok
============ Checking for Redirections: https://newsroom.tiktok.com/en-us/launching-amber-alerts-to-americans-on-tiktok
============ Link after cleaning: https://newsroom.tiktok.com/en-us/launching-amber-alerts-to-americans-on-tiktok
========== link already checked
======== We are on link 16 of 113
========== raw link /en-us/launching-amber-alerts-to-americans-on-tiktok
============ Found Relative: joining https://newsroom.tiktok.com/en-us/safety and /en-us/launching-amber-alerts-to-americans-on-tiktok
============ Checking for Redirections: https://newsroom.tiktok.com/en-us/launching-amber-alerts-to-americans-on-tiktok
============ Link after cleaning: https://newsroom.tiktok.com/en-us/launching-amber-alerts-to-americans-on-tiktok
========== link already checked
======== We are on link 17 of 113
========== raw link /en-us/safety
============ Found Relative: joining https://newsroom.tiktok.com/en-us/safety and /en-us/safety
============ Checking for Redirections: https://newsroom.tiktok.com/en-us/safety
============ Link after cleaning: https://newsroom.tiktok.com/en-us/safety
========== link already checked
======== We are on link 18 of 113
========== raw link /en-us/introducing-tiktok-security-checkup
============ Found Relative: joining https://newsroom.tiktok.com/en-us/safety and /en-us/introducing-tiktok-security-checkup
============ Checking for Redirections: https://newsroom.tiktok.com/en-us/introducing-tiktok-security-checkup
============ Link after cleaning: https://newsroom.tiktok.com/en-us/introducing-tiktok-security-checkup
========== link already checked
======== We are on link 19 of 113
========== raw link /en-us/introducing-tiktok-security-checkup
============ Found Relative: joining https://newsroom.tiktok.com/en-us/safety and /en-us/introducing-tiktok-security-checkup
============ Checking for Redirections: https://newsroom.tiktok.com/en-us/introducing-tiktok-security-checkup
============ Link after cleaning: https://newsroom.tiktok.com/en-us/introducing-tiktok-security-checkup
========== link already checked
======== We are on link 20 of 113
========== raw link /en-us/introducing-tiktok-security-checkup
============ Found Relative: joining https://newsroom.tiktok.com/en-us/safety and /en-us/introducing-tiktok-security-checkup
============ Checking for Redirections: https://newsroom.tiktok.com/en-us/introducing-tiktok-security-checkup
============ Link after cleaning: https://newsroom.tiktok.com/en-us/introducing-tiktok-security-checkup
========== link already checked
======== We are on link 21 of 113
========== raw link /en-us/community
============ Found Relative: joining https://newsroom.tiktok.com/en-us/safety and /en-us/community
============ Checking for Redirections: https://newsroom.tiktok.com/en-us/community
============ Link after cleaning: https://newsroom.tiktok.com/en-us/community
========== link already checked
======== We are on link 22 of 113
========== raw link /en-us/pi-day-2025
============ Found Relative: joining https://newsroom.tiktok.com/en-us/safety and /en-us/pi-day-2025
============ Checking for Redirections: https://newsroom.tiktok.com/en-us/pi-day-2025
============ Link after cleaning: https://newsroom.tiktok.com/en-us/pi-day-2025
========== link already checked
======== We are on link 23 of 113
========== raw link /en-us/pi-day-2025
============ Found Relative: joining https://newsroom.tiktok.com/en-us/safety and /en-us/pi-day-2025
============ Checking for Redirections: https://newsroom.tiktok.com/en-us/pi-day-2025
============ Link after cleaning: https://newsroom.tiktok.com/en-us/pi-day-2025
========== link already checked
======== We are on link 24 of 113
========== raw link /en-us/pi-day-2025
============ Found Relative: joining https://newsroom.tiktok.com/en-us/safety and /en-us/pi-day-2025
============ Checking for Redirections: https://newsroom.tiktok.com/en-us/pi-day-2025
============ Link after cleaning: https://newsroom.tiktok.com/en-us/pi-day-2025
========== link already checked
======== We are on link 25 of 113
========== raw link /en-us/safety
============ Found Relative: joining https://newsroom.tiktok.com/en-us/safety and /en-us/safety
============ Checking for Redirections: https://newsroom.tiktok.com/en-us/safety
============ Link after cleaning: https://newsroom.tiktok.com/en-us/safety
========== link already checked
======== We are on link 26 of 113
========== raw link /en-us/new-ways-we-are-supporting-parents-and-helping-teens-build-balanced-digital-habits
============ Found Relative: joining https://newsroom.tiktok.com/en-us/safety and /en-us/new-ways-we-are-supporting-parents-and-helping-teens-build-balanced-digital-habits
============ Checking for Redirections: https://newsroom.tiktok.com/en-us/new-ways-we-are-supporting-parents-and-helping-teens-build-balanced-digital-habits
============ Link after cleaning: https://newsroom.tiktok.com/en-us/new-ways-we-are-supporting-parents-and-helping-teens-build-balanced-digital-habits
========== link already checked
======== We are on link 27 of 113
========== raw link /en-us/new-ways-we-are-supporting-parents-and-helping-teens-build-balanced-digital-habits
============ Found Relative: joining https://newsroom.tiktok.com/en-us/safety and /en-us/new-ways-we-are-supporting-parents-and-helping-teens-build-balanced-digital-habits
============ Checking for Redirections: https://newsroom.tiktok.com/en-us/new-ways-we-are-supporting-parents-and-helping-teens-build-balanced-digital-habits
============ Link after cleaning: https://newsroom.tiktok.com/en-us/new-ways-we-are-supporting-parents-and-helping-teens-build-balanced-digital-habits
========== link already checked
======== We are on link 28 of 113
========== raw link /en-us/new-ways-we-are-supporting-parents-and-helping-teens-build-balanced-digital-habits
============ Found Relative: joining https://newsroom.tiktok.com/en-us/safety and /en-us/new-ways-we-are-supporting-parents-and-helping-teens-build-balanced-digital-habits
============ Checking for Redirections: https://newsroom.tiktok.com/en-us/new-ways-we-are-supporting-parents-and-helping-teens-build-balanced-digital-habits
============ Link after cleaning: https://newsroom.tiktok.com/en-us/new-ways-we-are-supporting-parents-and-helping-teens-build-balanced-digital-habits
========== link already checked
======== We are on link 29 of 113
========== raw link /en-us/safety
============ Found Relative: joining https://newsroom.tiktok.com/en-us/safety and /en-us/safety
============ Checking for Redirections: https://newsroom.tiktok.com/en-us/safety
============ Link after cleaning: https://newsroom.tiktok.com/en-us/safety
========== link already checked
======== We are on link 30 of 113
========== raw link /en-us/tiktok-launches-a-digital-safety-and-privacy-campaign-for-safer-internet-day-and-beyond
============ Found Relative: joining https://newsroom.tiktok.com/en-us/safety and /en-us/tiktok-launches-a-digital-safety-and-privacy-campaign-for-safer-internet-day-and-beyond
============ Checking for Redirections: https://newsroom.tiktok.com/en-us/tiktok-launches-a-digital-safety-and-privacy-campaign-for-safer-internet-day-and-beyond
============ Link after cleaning: https://newsroom.tiktok.com/en-us/tiktok-launches-a-digital-safety-and-privacy-campaign-for-safer-internet-day-and-beyond
========== scraping https://newsroom.tiktok.com/en-us/tiktok-launches-a-digital-safety-and-privacy-campaign-for-safer-internet-day-and-beyond
======== We are on link 31 of 113
========== raw link /en-us/tiktok-launches-a-digital-safety-and-privacy-campaign-for-safer-internet-day-and-beyond
============ Found Relative: joining https://newsroom.tiktok.com/en-us/safety and /en-us/tiktok-launches-a-digital-safety-and-privacy-campaign-for-safer-internet-day-and-beyond
============ Checking for Redirections: https://newsroom.tiktok.com/en-us/tiktok-launches-a-digital-safety-and-privacy-campaign-for-safer-internet-day-and-beyond
============ Link after cleaning: https://newsroom.tiktok.com/en-us/tiktok-launches-a-digital-safety-and-privacy-campaign-for-safer-internet-day-and-beyond
========== link already checked
======== We are on link 32 of 113
========== raw link /en-us/tiktok-launches-a-digital-safety-and-privacy-campaign-for-safer-internet-day-and-beyond
============ Found Relative: joining https://newsroom.tiktok.com/en-us/safety and /en-us/tiktok-launches-a-digital-safety-and-privacy-campaign-for-safer-internet-day-and-beyond
============ Checking for Redirections: https://newsroom.tiktok.com/en-us/tiktok-launches-a-digital-safety-and-privacy-campaign-for-safer-internet-day-and-beyond
============ Link after cleaning: https://newsroom.tiktok.com/en-us/tiktok-launches-a-digital-safety-and-privacy-campaign-for-safer-internet-day-and-beyond
========== link already checked
======== We are on link 33 of 113
========== raw link /en-us/safety
============ Found Relative: joining https://newsroom.tiktok.com/en-us/safety and /en-us/safety
============ Checking for Redirections: https://newsroom.tiktok.com/en-us/safety
============ Link after cleaning: https://newsroom.tiktok.com/en-us/safety
========== link already checked
======== We are on link 34 of 113
========== raw link /en-us/hrd-2025
============ Found Relative: joining https://newsroom.tiktok.com/en-us/safety and /en-us/hrd-2025
============ Checking for Redirections: https://newsroom.tiktok.com/en-us/hrd-2025
============ Link after cleaning: https://newsroom.tiktok.com/en-us/hrd-2025
========== scraping https://newsroom.tiktok.com/en-us/hrd-2025
======== We are on link 35 of 113
========== raw link /en-us/hrd-2025
============ Found Relative: joining https://newsroom.tiktok.com/en-us/safety and /en-us/hrd-2025
============ Checking for Redirections: https://newsroom.tiktok.com/en-us/hrd-2025
============ Link after cleaning: https://newsroom.tiktok.com/en-us/hrd-2025
========== link already checked
======== We are on link 36 of 113
========== raw link /en-us/hrd-2025
============ Found Relative: joining https://newsroom.tiktok.com/en-us/safety and /en-us/hrd-2025
============ Checking for Redirections: https://newsroom.tiktok.com/en-us/hrd-2025
============ Link after cleaning: https://newsroom.tiktok.com/en-us/hrd-2025
========== link already checked
======== We are on link 37 of 113
========== raw link /en-us/safety
============ Found Relative: joining https://newsroom.tiktok.com/en-us/safety and /en-us/safety
============ Checking for Redirections: https://newsroom.tiktok.com/en-us/safety
============ Link after cleaning: https://newsroom.tiktok.com/en-us/safety
========== link already checked
======== We are on link 38 of 113
========== raw link /en-us/bringing-even-more-transparency
============ Found Relative: joining https://newsroom.tiktok.com/en-us/safety and /en-us/bringing-even-more-transparency
============ Checking for Redirections: https://newsroom.tiktok.com/en-us/bringing-even-more-transparency
============ Link after cleaning: https://newsroom.tiktok.com/en-us/bringing-even-more-transparency
========== scraping https://newsroom.tiktok.com/en-us/bringing-even-more-transparency
======== We are on link 39 of 113
========== raw link /en-us/bringing-even-more-transparency
============ Found Relative: joining https://newsroom.tiktok.com/en-us/safety and /en-us/bringing-even-more-transparency
============ Checking for Redirections: https://newsroom.tiktok.com/en-us/bringing-even-more-transparency
============ Link after cleaning: https://newsroom.tiktok.com/en-us/bringing-even-more-transparency
========== link already checked
======== We are on link 40 of 113
========== raw link /en-us/bringing-even-more-transparency
============ Found Relative: joining https://newsroom.tiktok.com/en-us/safety and /en-us/bringing-even-more-transparency
============ Checking for Redirections: https://newsroom.tiktok.com/en-us/bringing-even-more-transparency
============ Link after cleaning: https://newsroom.tiktok.com/en-us/bringing-even-more-transparency
========== link already checked
======== We are on link 41 of 113
========== raw link /en-us/safety
============ Found Relative: joining https://newsroom.tiktok.com/en-us/safety and /en-us/safety
============ Checking for Redirections: https://newsroom.tiktok.com/en-us/safety
============ Link after cleaning: https://newsroom.tiktok.com/en-us/safety
========== link already checked
======== We are on link 42 of 113
========== raw link /en-us/cybersecurity-awareness-month-at-tiktok
============ Found Relative: joining https://newsroom.tiktok.com/en-us/safety and /en-us/cybersecurity-awareness-month-at-tiktok
============ Checking for Redirections: https://newsroom.tiktok.com/en-us/cybersecurity-awareness-month-at-tiktok
============ Link after cleaning: https://newsroom.tiktok.com/en-us/cybersecurity-awareness-month-at-tiktok
========== scraping https://newsroom.tiktok.com/en-us/cybersecurity-awareness-month-at-tiktok
======== We are on link 43 of 113
========== raw link /en-us/cybersecurity-awareness-month-at-tiktok
============ Found Relative: joining https://newsroom.tiktok.com/en-us/safety and /en-us/cybersecurity-awareness-month-at-tiktok
============ Checking for Redirections: https://newsroom.tiktok.com/en-us/cybersecurity-awareness-month-at-tiktok
============ Link after cleaning: https://newsroom.tiktok.com/en-us/cybersecurity-awareness-month-at-tiktok
========== link already checked
======== We are on link 44 of 113
========== raw link /en-us/cybersecurity-awareness-month-at-tiktok
============ Found Relative: joining https://newsroom.tiktok.com/en-us/safety and /en-us/cybersecurity-awareness-month-at-tiktok
============ Checking for Redirections: https://newsroom.tiktok.com/en-us/cybersecurity-awareness-month-at-tiktok
============ Link after cleaning: https://newsroom.tiktok.com/en-us/cybersecurity-awareness-month-at-tiktok
========== link already checked
======== We are on link 45 of 113
========== raw link /en-us/community
============ Found Relative: joining https://newsroom.tiktok.com/en-us/safety and /en-us/community
============ Checking for Redirections: https://newsroom.tiktok.com/en-us/community
============ Link after cleaning: https://newsroom.tiktok.com/en-us/community
========== link already checked
======== We are on link 46 of 113
========== raw link /en-us/fostering-mental-wellbeing-awareness-and-literacy-with-the-world-health-organization
============ Found Relative: joining https://newsroom.tiktok.com/en-us/safety and /en-us/fostering-mental-wellbeing-awareness-and-literacy-with-the-world-health-organization
============ Checking for Redirections: https://newsroom.tiktok.com/en-us/fostering-mental-wellbeing-awareness-and-literacy-with-the-world-health-organization
============ Link after cleaning: https://newsroom.tiktok.com/en-us/fostering-mental-wellbeing-awareness-and-literacy-with-the-world-health-organization
========== scraping https://newsroom.tiktok.com/en-us/fostering-mental-wellbeing-awareness-and-literacy-with-the-world-health-organization
======== We are on link 47 of 113
========== raw link /en-us/fostering-mental-wellbeing-awareness-and-literacy-with-the-world-health-organization
============ Found Relative: joining https://newsroom.tiktok.com/en-us/safety and /en-us/fostering-mental-wellbeing-awareness-and-literacy-with-the-world-health-organization
============ Checking for Redirections: https://newsroom.tiktok.com/en-us/fostering-mental-wellbeing-awareness-and-literacy-with-the-world-health-organization
============ Link after cleaning: https://newsroom.tiktok.com/en-us/fostering-mental-wellbeing-awareness-and-literacy-with-the-world-health-organization
========== link already checked
======== We are on link 48 of 113
========== raw link /en-us/fostering-mental-wellbeing-awareness-and-literacy-with-the-world-health-organization
============ Found Relative: joining https://newsroom.tiktok.com/en-us/safety and /en-us/fostering-mental-wellbeing-awareness-and-literacy-with-the-world-health-organization
============ Checking for Redirections: https://newsroom.tiktok.com/en-us/fostering-mental-wellbeing-awareness-and-literacy-with-the-world-health-organization
============ Link after cleaning: https://newsroom.tiktok.com/en-us/fostering-mental-wellbeing-awareness-and-literacy-with-the-world-health-organization
========== link already checked
======== We are on link 49 of 113
========== raw link /en-us/safety
============ Found Relative: joining https://newsroom.tiktok.com/en-us/safety and /en-us/safety
============ Checking for Redirections: https://newsroom.tiktok.com/en-us/safety
============ Link after cleaning: https://newsroom.tiktok.com/en-us/safety
========== link already checked
======== We are on link 50 of 113
========== raw link /en-us/tiktok-and-the-family-online-safety-institute-partner-to-launch-digital-safety-partnership-for-families
============ Found Relative: joining https://newsroom.tiktok.com/en-us/safety and /en-us/tiktok-and-the-family-online-safety-institute-partner-to-launch-digital-safety-partnership-for-families
============ Checking for Redirections: https://newsroom.tiktok.com/en-us/tiktok-and-the-family-online-safety-institute-partner-to-launch-digital-safety-partnership-for-families
============ Link after cleaning: https://newsroom.tiktok.com/en-us/tiktok-and-the-family-online-safety-institute-partner-to-launch-digital-safety-partnership-for-families
========== link already checked
======== We are on link 51 of 113
========== raw link /en-us/tiktok-and-the-family-online-safety-institute-partner-to-launch-digital-safety-partnership-for-families
============ Found Relative: joining https://newsroom.tiktok.com/en-us/safety and /en-us/tiktok-and-the-family-online-safety-institute-partner-to-launch-digital-safety-partnership-for-families
============ Checking for Redirections: https://newsroom.tiktok.com/en-us/tiktok-and-the-family-online-safety-institute-partner-to-launch-digital-safety-partnership-for-families
============ Link after cleaning: https://newsroom.tiktok.com/en-us/tiktok-and-the-family-online-safety-institute-partner-to-launch-digital-safety-partnership-for-families
========== link already checked
======== We are on link 52 of 113
========== raw link /en-us/tiktok-and-the-family-online-safety-institute-partner-to-launch-digital-safety-partnership-for-families
============ Found Relative: joining https://newsroom.tiktok.com/en-us/safety and /en-us/tiktok-and-the-family-online-safety-institute-partner-to-launch-digital-safety-partnership-for-families
============ Checking for Redirections: https://newsroom.tiktok.com/en-us/tiktok-and-the-family-online-safety-institute-partner-to-launch-digital-safety-partnership-for-families
============ Link after cleaning: https://newsroom.tiktok.com/en-us/tiktok-and-the-family-online-safety-institute-partner-to-launch-digital-safety-partnership-for-families
========== link already checked
======== We are on link 53 of 113
========== raw link /en-us/news
============ Found Relative: joining https://newsroom.tiktok.com/en-us/safety and /en-us/news
============ Checking for Redirections: https://newsroom.tiktok.com/en-us/news
============ Link after cleaning: https://newsroom.tiktok.com/en-us/news
========== link already checked
======== We are on link 54 of 113
========== raw link /en-us/continuing-to-protect-the-integrity-of-tiktok-through-the-us-elections
============ Found Relative: joining https://newsroom.tiktok.com/en-us/safety and /en-us/continuing-to-protect-the-integrity-of-tiktok-through-the-us-elections
============ Checking for Redirections: https://newsroom.tiktok.com/en-us/continuing-to-protect-the-integrity-of-tiktok-through-the-us-elections
============ Link after cleaning: https://newsroom.tiktok.com/en-us/continuing-to-protect-the-integrity-of-tiktok-through-the-us-elections
========== scraping https://newsroom.tiktok.com/en-us/continuing-to-protect-the-integrity-of-tiktok-through-the-us-elections
============ New link added. Search term (AI-) found on https://newsroom.tiktok.com/en-us/continuing-to-protect-the-integrity-of-tiktok-through-the-us-elections.
======== We are on link 55 of 113
========== raw link /en-us/continuing-to-protect-the-integrity-of-tiktok-through-the-us-elections
============ Found Relative: joining https://newsroom.tiktok.com/en-us/safety and /en-us/continuing-to-protect-the-integrity-of-tiktok-through-the-us-elections
============ Checking for Redirections: https://newsroom.tiktok.com/en-us/continuing-to-protect-the-integrity-of-tiktok-through-the-us-elections
============ Link after cleaning: https://newsroom.tiktok.com/en-us/continuing-to-protect-the-integrity-of-tiktok-through-the-us-elections
========== link already checked
======== We are on link 56 of 113
========== raw link /en-us/continuing-to-protect-the-integrity-of-tiktok-through-the-us-elections
============ Found Relative: joining https://newsroom.tiktok.com/en-us/safety and /en-us/continuing-to-protect-the-integrity-of-tiktok-through-the-us-elections
============ Checking for Redirections: https://newsroom.tiktok.com/en-us/continuing-to-protect-the-integrity-of-tiktok-through-the-us-elections
============ Link after cleaning: https://newsroom.tiktok.com/en-us/continuing-to-protect-the-integrity-of-tiktok-through-the-us-elections
========== link already checked
======== We are on link 57 of 113
========== raw link /en-us/news
============ Found Relative: joining https://newsroom.tiktok.com/en-us/safety and /en-us/news
============ Checking for Redirections: https://newsroom.tiktok.com/en-us/news
============ Link after cleaning: https://newsroom.tiktok.com/en-us/news
========== link already checked
======== We are on link 58 of 113
========== raw link /en-us/strengthening-our-approach-to-countering-influence-attempts
============ Found Relative: joining https://newsroom.tiktok.com/en-us/safety and /en-us/strengthening-our-approach-to-countering-influence-attempts
============ Checking for Redirections: https://newsroom.tiktok.com/en-us/strengthening-our-approach-to-countering-influence-attempts
============ Link after cleaning: https://newsroom.tiktok.com/en-us/strengthening-our-approach-to-countering-influence-attempts
========== scraping https://newsroom.tiktok.com/en-us/strengthening-our-approach-to-countering-influence-attempts
======== We are on link 59 of 113
========== raw link /en-us/strengthening-our-approach-to-countering-influence-attempts
============ Found Relative: joining https://newsroom.tiktok.com/en-us/safety and /en-us/strengthening-our-approach-to-countering-influence-attempts
============ Checking for Redirections: https://newsroom.tiktok.com/en-us/strengthening-our-approach-to-countering-influence-attempts
============ Link after cleaning: https://newsroom.tiktok.com/en-us/strengthening-our-approach-to-countering-influence-attempts
========== link already checked
======== We are on link 60 of 113
========== raw link /en-us/strengthening-our-approach-to-countering-influence-attempts
============ Found Relative: joining https://newsroom.tiktok.com/en-us/safety and /en-us/strengthening-our-approach-to-countering-influence-attempts
============ Checking for Redirections: https://newsroom.tiktok.com/en-us/strengthening-our-approach-to-countering-influence-attempts
============ Link after cleaning: https://newsroom.tiktok.com/en-us/strengthening-our-approach-to-countering-influence-attempts
========== link already checked
======== We are on link 61 of 113
========== raw link /en-us/safety
============ Found Relative: joining https://newsroom.tiktok.com/en-us/safety and /en-us/safety
============ Checking for Redirections: https://newsroom.tiktok.com/en-us/safety
============ Link after cleaning: https://newsroom.tiktok.com/en-us/safety
========== link already checked
======== We are on link 62 of 113
========== raw link /en-us/partnering-with-our-industry-to-advance-ai-transparency-and-literacy
============ Found Relative: joining https://newsroom.tiktok.com/en-us/safety and /en-us/partnering-with-our-industry-to-advance-ai-transparency-and-literacy
============ Checking for Redirections: https://newsroom.tiktok.com/en-us/partnering-with-our-industry-to-advance-ai-transparency-and-literacy
============ Link after cleaning: https://newsroom.tiktok.com/en-us/partnering-with-our-industry-to-advance-ai-transparency-and-literacy
========== link already checked
======== We are on link 63 of 113
========== raw link /en-us/partnering-with-our-industry-to-advance-ai-transparency-and-literacy
============ Found Relative: joining https://newsroom.tiktok.com/en-us/safety and /en-us/partnering-with-our-industry-to-advance-ai-transparency-and-literacy
============ Checking for Redirections: https://newsroom.tiktok.com/en-us/partnering-with-our-industry-to-advance-ai-transparency-and-literacy
============ Link after cleaning: https://newsroom.tiktok.com/en-us/partnering-with-our-industry-to-advance-ai-transparency-and-literacy
========== link already checked
======== We are on link 64 of 113
========== raw link /en-us/partnering-with-our-industry-to-advance-ai-transparency-and-literacy
============ Found Relative: joining https://newsroom.tiktok.com/en-us/safety and /en-us/partnering-with-our-industry-to-advance-ai-transparency-and-literacy
============ Checking for Redirections: https://newsroom.tiktok.com/en-us/partnering-with-our-industry-to-advance-ai-transparency-and-literacy
============ Link after cleaning: https://newsroom.tiktok.com/en-us/partnering-with-our-industry-to-advance-ai-transparency-and-literacy
========== link already checked
======== We are on link 65 of 113
========== raw link /en-us/community
============ Found Relative: joining https://newsroom.tiktok.com/en-us/safety and /en-us/community
============ Checking for Redirections: https://newsroom.tiktok.com/en-us/community
============ Link after cleaning: https://newsroom.tiktok.com/en-us/community
========== link already checked
======== We are on link 66 of 113
========== raw link /en-us/more-updates-to-help-the-tiktok-community-create-and-share-safely
============ Found Relative: joining https://newsroom.tiktok.com/en-us/safety and /en-us/more-updates-to-help-the-tiktok-community-create-and-share-safely
============ Checking for Redirections: https://newsroom.tiktok.com/en-us/more-updates-to-help-the-tiktok-community-create-and-share-safely
============ Link after cleaning: https://newsroom.tiktok.com/en-us/more-updates-to-help-the-tiktok-community-create-and-share-safely
========== scraping https://newsroom.tiktok.com/en-us/more-updates-to-help-the-tiktok-community-create-and-share-safely
======== We are on link 67 of 113
========== raw link /en-us/more-updates-to-help-the-tiktok-community-create-and-share-safely
============ Found Relative: joining https://newsroom.tiktok.com/en-us/safety and /en-us/more-updates-to-help-the-tiktok-community-create-and-share-safely
============ Checking for Redirections: https://newsroom.tiktok.com/en-us/more-updates-to-help-the-tiktok-community-create-and-share-safely
============ Link after cleaning: https://newsroom.tiktok.com/en-us/more-updates-to-help-the-tiktok-community-create-and-share-safely
========== link already checked
======== We are on link 68 of 113
========== raw link /en-us/more-updates-to-help-the-tiktok-community-create-and-share-safely
============ Found Relative: joining https://newsroom.tiktok.com/en-us/safety and /en-us/more-updates-to-help-the-tiktok-community-create-and-share-safely
============ Checking for Redirections: https://newsroom.tiktok.com/en-us/more-updates-to-help-the-tiktok-community-create-and-share-safely
============ Link after cleaning: https://newsroom.tiktok.com/en-us/more-updates-to-help-the-tiktok-community-create-and-share-safely
========== link already checked
======== We are on link 69 of 113
========== raw link /en-us/community
============ Found Relative: joining https://newsroom.tiktok.com/en-us/safety and /en-us/community
============ Checking for Redirections: https://newsroom.tiktok.com/en-us/community
============ Link after cleaning: https://newsroom.tiktok.com/en-us/community
========== link already checked
======== We are on link 70 of 113
========== raw link /en-us/tiktok-youth-council-holds-first-meetings-as-new-research-shows-teens-want-to-work-directly-with-platforms
============ Found Relative: joining https://newsroom.tiktok.com/en-us/safety and /en-us/tiktok-youth-council-holds-first-meetings-as-new-research-shows-teens-want-to-work-directly-with-platforms
============ Checking for Redirections: https://newsroom.tiktok.com/en-us/tiktok-youth-council-holds-first-meetings-as-new-research-shows-teens-want-to-work-directly-with-platforms
============ Link after cleaning: https://newsroom.tiktok.com/en-us/tiktok-youth-council-holds-first-meetings-as-new-research-shows-teens-want-to-work-directly-with-platforms
========== scraping https://newsroom.tiktok.com/en-us/tiktok-youth-council-holds-first-meetings-as-new-research-shows-teens-want-to-work-directly-with-platforms
============ New link added. Search term ( AI) found on https://newsroom.tiktok.com/en-us/tiktok-youth-council-holds-first-meetings-as-new-research-shows-teens-want-to-work-directly-with-platforms.
======== We are on link 71 of 113
========== raw link /en-us/tiktok-youth-council-holds-first-meetings-as-new-research-shows-teens-want-to-work-directly-with-platforms
============ Found Relative: joining https://newsroom.tiktok.com/en-us/safety and /en-us/tiktok-youth-council-holds-first-meetings-as-new-research-shows-teens-want-to-work-directly-with-platforms
============ Checking for Redirections: https://newsroom.tiktok.com/en-us/tiktok-youth-council-holds-first-meetings-as-new-research-shows-teens-want-to-work-directly-with-platforms
============ Link after cleaning: https://newsroom.tiktok.com/en-us/tiktok-youth-council-holds-first-meetings-as-new-research-shows-teens-want-to-work-directly-with-platforms
========== link already checked
======== We are on link 72 of 113
========== raw link /en-us/tiktok-youth-council-holds-first-meetings-as-new-research-shows-teens-want-to-work-directly-with-platforms
============ Found Relative: joining https://newsroom.tiktok.com/en-us/safety and /en-us/tiktok-youth-council-holds-first-meetings-as-new-research-shows-teens-want-to-work-directly-with-platforms
============ Checking for Redirections: https://newsroom.tiktok.com/en-us/tiktok-youth-council-holds-first-meetings-as-new-research-shows-teens-want-to-work-directly-with-platforms
============ Link after cleaning: https://newsroom.tiktok.com/en-us/tiktok-youth-council-holds-first-meetings-as-new-research-shows-teens-want-to-work-directly-with-platforms
========== link already checked
======== We are on link 73 of 113
========== raw link /en-us/safety
============ Found Relative: joining https://newsroom.tiktok.com/en-us/safety and /en-us/safety
============ Checking for Redirections: https://newsroom.tiktok.com/en-us/safety
============ Link after cleaning: https://newsroom.tiktok.com/en-us/safety
========== link already checked
======== We are on link 74 of 113
========== raw link /en-us/celebrating-data-privacy-day-2024
============ Found Relative: joining https://newsroom.tiktok.com/en-us/safety and /en-us/celebrating-data-privacy-day-2024
============ Checking for Redirections: https://newsroom.tiktok.com/en-us/celebrating-data-privacy-day-2024
============ Link after cleaning: https://newsroom.tiktok.com/en-us/celebrating-data-privacy-day-2024
========== scraping https://newsroom.tiktok.com/en-us/celebrating-data-privacy-day-2024
======== We are on link 75 of 113
========== raw link /en-us/celebrating-data-privacy-day-2024
============ Found Relative: joining https://newsroom.tiktok.com/en-us/safety and /en-us/celebrating-data-privacy-day-2024
============ Checking for Redirections: https://newsroom.tiktok.com/en-us/celebrating-data-privacy-day-2024
============ Link after cleaning: https://newsroom.tiktok.com/en-us/celebrating-data-privacy-day-2024
========== link already checked
======== We are on link 76 of 113
========== raw link /en-us/celebrating-data-privacy-day-2024
============ Found Relative: joining https://newsroom.tiktok.com/en-us/safety and /en-us/celebrating-data-privacy-day-2024
============ Checking for Redirections: https://newsroom.tiktok.com/en-us/celebrating-data-privacy-day-2024
============ Link after cleaning: https://newsroom.tiktok.com/en-us/celebrating-data-privacy-day-2024
========== link already checked
======== We are on link 77 of 113
========== raw link /en-us/community
============ Found Relative: joining https://newsroom.tiktok.com/en-us/safety and /en-us/community
============ Checking for Redirections: https://newsroom.tiktok.com/en-us/community
============ Link after cleaning: https://newsroom.tiktok.com/en-us/community
========== link already checked
======== We are on link 78 of 113
========== raw link /en-us/holocaust-remembrance-day-2024
============ Found Relative: joining https://newsroom.tiktok.com/en-us/safety and /en-us/holocaust-remembrance-day-2024
============ Checking for Redirections: https://newsroom.tiktok.com/en-us/holocaust-remembrance-day-2024
============ Link after cleaning: https://newsroom.tiktok.com/en-us/holocaust-remembrance-day-2024
========== scraping https://newsroom.tiktok.com/en-us/holocaust-remembrance-day-2024
======== We are on link 79 of 113
========== raw link /en-us/holocaust-remembrance-day-2024
============ Found Relative: joining https://newsroom.tiktok.com/en-us/safety and /en-us/holocaust-remembrance-day-2024
============ Checking for Redirections: https://newsroom.tiktok.com/en-us/holocaust-remembrance-day-2024
============ Link after cleaning: https://newsroom.tiktok.com/en-us/holocaust-remembrance-day-2024
========== link already checked
======== We are on link 80 of 113
========== raw link /en-us/holocaust-remembrance-day-2024
============ Found Relative: joining https://newsroom.tiktok.com/en-us/safety and /en-us/holocaust-remembrance-day-2024
============ Checking for Redirections: https://newsroom.tiktok.com/en-us/holocaust-remembrance-day-2024
============ Link after cleaning: https://newsroom.tiktok.com/en-us/holocaust-remembrance-day-2024
========== link already checked
======== We are on link 81 of 113
========== raw link /en-us/safety
============ Found Relative: joining https://newsroom.tiktok.com/en-us/safety and /en-us/safety
============ Checking for Redirections: https://newsroom.tiktok.com/en-us/safety
============ Link after cleaning: https://newsroom.tiktok.com/en-us/safety
========== link already checked
======== We are on link 82 of 113
========== raw link /en-us/protecting-election-integrity-in-2024
============ Found Relative: joining https://newsroom.tiktok.com/en-us/safety and /en-us/protecting-election-integrity-in-2024
============ Checking for Redirections: https://newsroom.tiktok.com/en-us/protecting-election-integrity-in-2024
============ Link after cleaning: https://newsroom.tiktok.com/en-us/protecting-election-integrity-in-2024
========== scraping https://newsroom.tiktok.com/en-us/protecting-election-integrity-in-2024
============ New link added. Search term (AI ) found on https://newsroom.tiktok.com/en-us/protecting-election-integrity-in-2024.
======== We are on link 83 of 113
========== raw link /en-us/protecting-election-integrity-in-2024
============ Found Relative: joining https://newsroom.tiktok.com/en-us/safety and /en-us/protecting-election-integrity-in-2024
============ Checking for Redirections: https://newsroom.tiktok.com/en-us/protecting-election-integrity-in-2024
============ Link after cleaning: https://newsroom.tiktok.com/en-us/protecting-election-integrity-in-2024
========== link already checked
======== We are on link 84 of 113
========== raw link /en-us/protecting-election-integrity-in-2024
============ Found Relative: joining https://newsroom.tiktok.com/en-us/safety and /en-us/protecting-election-integrity-in-2024
============ Checking for Redirections: https://newsroom.tiktok.com/en-us/protecting-election-integrity-in-2024
============ Link after cleaning: https://newsroom.tiktok.com/en-us/protecting-election-integrity-in-2024
========== link already checked
======== We are on link 85 of 113
========== raw link /en-us/safety
============ Found Relative: joining https://newsroom.tiktok.com/en-us/safety and /en-us/safety
============ Checking for Redirections: https://newsroom.tiktok.com/en-us/safety
============ Link after cleaning: https://newsroom.tiktok.com/en-us/safety
========== link already checked
======== We are on link 86 of 113
========== raw link /en-us/tiktok-facts-the-basics-of-tiktok-ads
============ Found Relative: joining https://newsroom.tiktok.com/en-us/safety and /en-us/tiktok-facts-the-basics-of-tiktok-ads
============ Checking for Redirections: https://newsroom.tiktok.com/en-us/tiktok-facts-the-basics-of-tiktok-ads
============ Link after cleaning: https://newsroom.tiktok.com/en-us/tiktok-facts-the-basics-of-tiktok-ads
========== scraping https://newsroom.tiktok.com/en-us/tiktok-facts-the-basics-of-tiktok-ads
======== We are on link 87 of 113
========== raw link /en-us/tiktok-facts-the-basics-of-tiktok-ads
============ Found Relative: joining https://newsroom.tiktok.com/en-us/safety and /en-us/tiktok-facts-the-basics-of-tiktok-ads
============ Checking for Redirections: https://newsroom.tiktok.com/en-us/tiktok-facts-the-basics-of-tiktok-ads
============ Link after cleaning: https://newsroom.tiktok.com/en-us/tiktok-facts-the-basics-of-tiktok-ads
========== link already checked
======== We are on link 88 of 113
========== raw link /en-us/tiktok-facts-the-basics-of-tiktok-ads
============ Found Relative: joining https://newsroom.tiktok.com/en-us/safety and /en-us/tiktok-facts-the-basics-of-tiktok-ads
============ Checking for Redirections: https://newsroom.tiktok.com/en-us/tiktok-facts-the-basics-of-tiktok-ads
============ Link after cleaning: https://newsroom.tiktok.com/en-us/tiktok-facts-the-basics-of-tiktok-ads
========== link already checked
======== We are on link 89 of 113
========== raw link https://www.tiktok.com
============ Checking for Redirections: https://www.tiktok.com
========== dropped link https://www.tiktok.com. Could not follow redirection (or it was a meaninglessly small page or bot blocked by sessionID).
======== We are on link 90 of 113
========== raw link https://www.tiktok.com/about?lang=en
============ Checking for Redirections: https://www.tiktok.com/about?lang=en
========== dropped link https://www.tiktok.com/about?lang=en. Could not follow redirection (or it was a meaninglessly small page or bot blocked by sessionID).
======== We are on link 91 of 113
========== raw link https://newsroom.tiktok.com?lang=en
============ Checking for Redirections: https://newsroom.tiktok.com?lang=en
============ Followed Redirection to https://newsroom.tiktok.com/en-us/
============ Link after cleaning: https://newsroom.tiktok.com/en-us/
========== link already checked
======== We are on link 92 of 113
========== raw link https://www.tiktok.com/about/contact?lang=en
============ Checking for Redirections: https://www.tiktok.com/about/contact?lang=en
========== dropped link https://www.tiktok.com/about/contact?lang=en. Could not follow redirection (or it was a meaninglessly small page or bot blocked by sessionID).
======== We are on link 93 of 113
========== raw link https://careers.tiktok.com?lang=en
============ Checking for Redirections: https://careers.tiktok.com?lang=en
============ Followed Redirection to https://lifeattiktok.com/?lang=en
============ Link after cleaning: https://lifeattiktok.com/
========== link already checked
======== We are on link 94 of 113
========== raw link https://www.bytedance.com?lang=en
========== dropped link https://www.bytedance.com?lang=en. Didn't pass first allows/blocks test.
======== We are on link 95 of 113
========== raw link https://www.tiktok.com/for-good?lang=en
============ Checking for Redirections: https://www.tiktok.com/for-good?lang=en
========== dropped link https://www.tiktok.com/for-good?lang=en. Could not follow redirection (or it was a meaninglessly small page or bot blocked by sessionID).
======== We are on link 96 of 113
========== raw link https://developers.tiktok.com?lang=en
============ Checking for Redirections: https://developers.tiktok.com?lang=en
============ Followed Redirection to https://developers.tiktok.com/?lang=en
============ Link after cleaning: https://developers.tiktok.com/
========== link already checked
======== We are on link 97 of 113
========== raw link https://effecthouse.tiktok.com?lang=en
============ Checking for Redirections: https://effecthouse.tiktok.com?lang=en
============ Followed Redirection to https://effecthouse.tiktok.com/?lang=en
============ Link after cleaning: https://effecthouse.tiktok.com/
========== link already checked
======== We are on link 98 of 113
========== raw link https://www.tiktok.com/business?lang=en
============ Checking for Redirections: https://www.tiktok.com/business?lang=en
========== dropped link https://www.tiktok.com/business?lang=en. Could not follow redirection (or it was a meaninglessly small page or bot blocked by sessionID).
======== We are on link 99 of 113
========== raw link https://www.tiktok.com/browse?lang=en
============ Checking for Redirections: https://www.tiktok.com/browse?lang=en
========== dropped link https://www.tiktok.com/browse?lang=en. Could not follow redirection (or it was a meaninglessly small page or bot blocked by sessionID).
======== We are on link 100 of 113
========== raw link https://www.tiktok.com/embed?lang=en
============ Checking for Redirections: https://www.tiktok.com/embed?lang=en
========== dropped link https://www.tiktok.com/embed?lang=en. Could not follow redirection (or it was a meaninglessly small page or bot blocked by sessionID).
======== We are on link 101 of 113
========== raw link https://www.tiktok.com/tiktok-rewards?lang=en
============ Checking for Redirections: https://www.tiktok.com/tiktok-rewards?lang=en
========== dropped link https://www.tiktok.com/tiktok-rewards?lang=en. Could not follow redirection (or it was a meaninglessly small page or bot blocked by sessionID).
======== We are on link 102 of 113
========== raw link https://www.tiktok.com/download/en
============ Checking for Redirections: https://www.tiktok.com/download/en
========== dropped link https://www.tiktok.com/download/en. Could not follow redirection (or it was a meaninglessly small page or bot blocked by sessionID).
======== We are on link 103 of 113
========== raw link https://support.tiktok.com?lang=en
============ Checking for Redirections: https://support.tiktok.com?lang=en
========== dropped link https://support.tiktok.com?lang=en. Could not follow redirection (or it was a meaninglessly small page or bot blocked by sessionID).
======== We are on link 104 of 113
========== raw link https://www.tiktok.com/safety?lang=en
============ Checking for Redirections: https://www.tiktok.com/safety?lang=en
========== dropped link https://www.tiktok.com/safety?lang=en. Could not follow redirection (or it was a meaninglessly small page or bot blocked by sessionID).
======== We are on link 105 of 113
========== raw link https://www.tiktok.com/privacy/overview?lang=en
============ Checking for Redirections: https://www.tiktok.com/privacy/overview?lang=en
========== dropped link https://www.tiktok.com/privacy/overview?lang=en. Could not follow redirection (or it was a meaninglessly small page or bot blocked by sessionID).
======== We are on link 106 of 113
========== raw link https://www.tiktok.com/creator-academy?lang=en
============ Checking for Redirections: https://www.tiktok.com/creator-academy?lang=en
========== dropped link https://www.tiktok.com/creator-academy?lang=en. Could not follow redirection (or it was a meaninglessly small page or bot blocked by sessionID).
======== We are on link 107 of 113
========== raw link https://www.tiktok.com/community-guidelines?lang=en
============ Checking for Redirections: https://www.tiktok.com/community-guidelines?lang=en
========== dropped link https://www.tiktok.com/community-guidelines?lang=en. Could not follow redirection (or it was a meaninglessly small page or bot blocked by sessionID).
======== We are on link 108 of 113
========== raw link https://www.tiktok.com/transparency?lang=en
============ Checking for Redirections: https://www.tiktok.com/transparency?lang=en
========== dropped link https://www.tiktok.com/transparency?lang=en. Could not follow redirection (or it was a meaninglessly small page or bot blocked by sessionID).
======== We are on link 109 of 113
========== raw link https://www.tiktok.com/accessibility?lang=en
============ Checking for Redirections: https://www.tiktok.com/accessibility?lang=en
========== dropped link https://www.tiktok.com/accessibility?lang=en. Could not follow redirection (or it was a meaninglessly small page or bot blocked by sessionID).
======== We are on link 110 of 113
========== raw link https://www.tiktok.com/legal/terms-of-service?lang=en
============ Checking for Redirections: https://www.tiktok.com/legal/terms-of-service?lang=en
========== dropped link https://www.tiktok.com/legal/terms-of-service?lang=en. Could not follow redirection (or it was a meaninglessly small page or bot blocked by sessionID).
======== We are on link 111 of 113
========== raw link https://www.tiktok.com/legal/privacy-policy?lang=en
============ Checking for Redirections: https://www.tiktok.com/legal/privacy-policy?lang=en
========== dropped link https://www.tiktok.com/legal/privacy-policy?lang=en. Could not follow redirection (or it was a meaninglessly small page or bot blocked by sessionID).
======== We are on link 112 of 113
========== raw link https://www.tiktok.com/legal/copyright-policy?lang=en
============ Checking for Redirections: https://www.tiktok.com/legal/copyright-policy?lang=en
========== dropped link https://www.tiktok.com/legal/copyright-policy?lang=en. Could not follow redirection (or it was a meaninglessly small page or bot blocked by sessionID).
======== We are on link 113 of 113
========== raw link https://www.tiktok.com/legal/law-enforcement?lang=en
============ Checking for Redirections: https://www.tiktok.com/legal/law-enforcement?lang=en
========== dropped link https://www.tiktok.com/legal/law-enforcement?lang=en. Could not follow redirection (or it was a meaninglessly small page or bot blocked by sessionID).
====== We are on page 6 of 7: https://www.tiktok.com/community-guidelines/en/integrity-authenticity
ERROR: Somehow this page has no links... 
====== Number of Links on this Page: 0
====== We are on page 7 of 7: https://effecthouse.tiktok.com/effect-platform/latest/news/public-launch/
====== Number of Links on this Page: 167
======== We are on link 1 of 167
========== raw link /
========== dropped link (either fragment ("#"), js, mailto, comment, pdf, or empty)
======== We are on link 2 of 167
========== raw link https://community.effecthouse.com/
========== dropped link https://community.effecthouse.com/. Didn't pass first allows/blocks test.
======== We are on link 3 of 167
========== raw link https://www.tiktok.com/login/?lang=en&enter_method=forced_login_redirect&redirect_url=https%3A%2F%2Feffecthouse.tiktok.com%2Feffect-platform%2Flatest%2Fnews%2Fpublic-launch%2F%3Fenter_from%3Dtiktok-login&enter_from=effects_web%2Feffect-platform-latest-news-public-launch
========== dropped link https://www.tiktok.com/login/?lang=en&enter_method=forced_login_redirect&redirect_url=https%3A%2F%2Feffecthouse.tiktok.com%2Feffect-platform%2Flatest%2Fnews%2Fpublic-launch%2F%3Fenter_from%3Dtiktok-login&enter_from=effects_web%2Feffect-platform-latest-news-public-launch. Didn't pass first allows/blocks test.
======== We are on link 4 of 167
========== raw link /
========== dropped link (either fragment ("#"), js, mailto, comment, pdf, or empty)
======== We are on link 5 of 167
========== raw link #
========== dropped link (either fragment ("#"), js, mailto, comment, pdf, or empty)
======== We are on link 6 of 167
========== raw link #
========== dropped link (either fragment ("#"), js, mailto, comment, pdf, or empty)
======== We are on link 7 of 167
========== raw link #
========== dropped link (either fragment ("#"), js, mailto, comment, pdf, or empty)
======== We are on link 8 of 167
========== raw link https://community.effecthouse.com/
========== dropped link https://community.effecthouse.com/. Didn't pass first allows/blocks test.
======== We are on link 9 of 167
========== raw link /download
============ Found Relative: joining https://effecthouse.tiktok.com/effect-platform/latest/news/public-launch/ and /download
============ Checking for Redirections: https://effecthouse.tiktok.com/download
============ Link after cleaning: https://effecthouse.tiktok.com/download
========== scraping https://effecthouse.tiktok.com/download
======== We are on link 10 of 167
========== raw link https://www.tiktok.com/login/?lang=en&enter_method=forced_login_redirect&redirect_url=https%3A%2F%2Feffecthouse.tiktok.com%2Feffect-platform%2Flatest%2Fnews%2Fpublic-launch%2F%3Fenter_from%3Dtiktok-login&enter_from=effects_web%2Feffect-platform-latest-news-public-launch
========== dropped link https://www.tiktok.com/login/?lang=en&enter_method=forced_login_redirect&redirect_url=https%3A%2F%2Feffecthouse.tiktok.com%2Feffect-platform%2Flatest%2Fnews%2Fpublic-launch%2F%3Fenter_from%3Dtiktok-login&enter_from=effects_web%2Feffect-platform-latest-news-public-launch. Didn't pass first allows/blocks test.
======== We are on link 11 of 167
========== raw link /latest/news/?enter_method=left_navigation
============ Found Relative: joining https://effecthouse.tiktok.com/effect-platform/latest/news/public-launch/ and /latest/news/?enter_method=left_navigation
============ Checking for Redirections: https://effecthouse.tiktok.com/latest/news/?enter_method=left_navigation
============ Link after cleaning: https://effecthouse.tiktok.com/latest/news/
========== scraping https://effecthouse.tiktok.com/latest/news/
============ New link added. Search term (AI ) found on https://effecthouse.tiktok.com/latest/news/.
======== We are on link 12 of 167
========== raw link /latest/news/new-rewards-center/?enter_method=left_navigation
============ Found Relative: joining https://effecthouse.tiktok.com/effect-platform/latest/news/public-launch/ and /latest/news/new-rewards-center/?enter_method=left_navigation
============ Checking for Redirections: https://effecthouse.tiktok.com/latest/news/new-rewards-center/?enter_method=left_navigation
============ Link after cleaning: https://effecthouse.tiktok.com/latest/news/new-rewards-center/
========== scraping https://effecthouse.tiktok.com/latest/news/new-rewards-center/
============ New link added. Search term (AI ) found on https://effecthouse.tiktok.com/latest/news/new-rewards-center/.
======== We are on link 13 of 167
========== raw link /latest/news/more-bonus-badge-rewards/?enter_method=left_navigation
============ Found Relative: joining https://effecthouse.tiktok.com/effect-platform/latest/news/public-launch/ and /latest/news/more-bonus-badge-rewards/?enter_method=left_navigation
============ Checking for Redirections: https://effecthouse.tiktok.com/latest/news/more-bonus-badge-rewards/?enter_method=left_navigation
============ Link after cleaning: https://effecthouse.tiktok.com/latest/news/more-bonus-badge-rewards/
========== scraping https://effecthouse.tiktok.com/latest/news/more-bonus-badge-rewards/
============ New link added. Search term (AI ) found on https://effecthouse.tiktok.com/latest/news/more-bonus-badge-rewards/.
======== We are on link 14 of 167
========== raw link /latest/news/amplify-rewards/?enter_method=left_navigation
============ Found Relative: joining https://effecthouse.tiktok.com/effect-platform/latest/news/public-launch/ and /latest/news/amplify-rewards/?enter_method=left_navigation
============ Checking for Redirections: https://effecthouse.tiktok.com/latest/news/amplify-rewards/?enter_method=left_navigation
============ Link after cleaning: https://effecthouse.tiktok.com/latest/news/amplify-rewards/
========== scraping https://effecthouse.tiktok.com/latest/news/amplify-rewards/
============ New link added. Search term (AI ) found on https://effecthouse.tiktok.com/latest/news/amplify-rewards/.
======== We are on link 15 of 167
========== raw link /latest/news/ecr-updates-july2024/?enter_method=left_navigation
============ Found Relative: joining https://effecthouse.tiktok.com/effect-platform/latest/news/public-launch/ and /latest/news/ecr-updates-july2024/?enter_method=left_navigation
============ Checking for Redirections: https://effecthouse.tiktok.com/latest/news/ecr-updates-july2024/?enter_method=left_navigation
============ Link after cleaning: https://effecthouse.tiktok.com/latest/news/ecr-updates-july2024/
========== scraping https://effecthouse.tiktok.com/latest/news/ecr-updates-july2024/
============ New link added. Search term (AI ) found on https://effecthouse.tiktok.com/latest/news/ecr-updates-july2024/.
======== We are on link 16 of 167
========== raw link /latest/news/create-with-ai-pre-alpha/?enter_method=left_navigation
============ Found Relative: joining https://effecthouse.tiktok.com/effect-platform/latest/news/public-launch/ and /latest/news/create-with-ai-pre-alpha/?enter_method=left_navigation
============ Checking for Redirections: https://effecthouse.tiktok.com/latest/news/create-with-ai-pre-alpha/?enter_method=left_navigation
============ Link after cleaning: https://effecthouse.tiktok.com/latest/news/create-with-ai-pre-alpha/
========== scraping https://effecthouse.tiktok.com/latest/news/create-with-ai-pre-alpha/
============ New link added. Search term (AI ) found on https://effecthouse.tiktok.com/latest/news/create-with-ai-pre-alpha/.
======== We are on link 17 of 167
========== raw link /latest/news/effect-creator-center/?enter_method=left_navigation
============ Found Relative: joining https://effecthouse.tiktok.com/effect-platform/latest/news/public-launch/ and /latest/news/effect-creator-center/?enter_method=left_navigation
============ Checking for Redirections: https://effecthouse.tiktok.com/latest/news/effect-creator-center/?enter_method=left_navigation
============ Link after cleaning: https://effecthouse.tiktok.com/latest/news/effect-creator-center/
========== scraping https://effecthouse.tiktok.com/latest/news/effect-creator-center/
============ New link added. Search term (AI ) found on https://effecthouse.tiktok.com/latest/news/effect-creator-center/.
======== We are on link 18 of 167
========== raw link /latest/news/game-jam/?enter_method=left_navigation
============ Found Relative: joining https://effecthouse.tiktok.com/effect-platform/latest/news/public-launch/ and /latest/news/game-jam/?enter_method=left_navigation
============ Checking for Redirections: https://effecthouse.tiktok.com/latest/news/game-jam/?enter_method=left_navigation
============ Link after cleaning: https://effecthouse.tiktok.com/latest/news/game-jam/
========== scraping https://effecthouse.tiktok.com/latest/news/game-jam/
============ New link added. Search term (AI ) found on https://effecthouse.tiktok.com/latest/news/game-jam/.
======== We are on link 19 of 167
========== raw link /latest/news/crash-course-for-visual-scripting/?enter_method=left_navigation
============ Found Relative: joining https://effecthouse.tiktok.com/effect-platform/latest/news/public-launch/ and /latest/news/crash-course-for-visual-scripting/?enter_method=left_navigation
============ Checking for Redirections: https://effecthouse.tiktok.com/latest/news/crash-course-for-visual-scripting/?enter_method=left_navigation
============ Link after cleaning: https://effecthouse.tiktok.com/latest/news/crash-course-for-visual-scripting/
========== scraping https://effecthouse.tiktok.com/latest/news/crash-course-for-visual-scripting/
============ New link added. Search term (AI ) found on https://effecthouse.tiktok.com/latest/news/crash-course-for-visual-scripting/.
======== We are on link 20 of 167
========== raw link /latest/news/monetizing-creativity/?enter_method=left_navigation
============ Found Relative: joining https://effecthouse.tiktok.com/effect-platform/latest/news/public-launch/ and /latest/news/monetizing-creativity/?enter_method=left_navigation
============ Checking for Redirections: https://effecthouse.tiktok.com/latest/news/monetizing-creativity/?enter_method=left_navigation
============ Link after cleaning: https://effecthouse.tiktok.com/latest/news/monetizing-creativity/
========== scraping https://effecthouse.tiktok.com/latest/news/monetizing-creativity/
============ New link added. Search term (AI ) found on https://effecthouse.tiktok.com/latest/news/monetizing-creativity/.
======== We are on link 21 of 167
========== raw link /latest/news/ecr-mythbusting/?enter_method=left_navigation
============ Found Relative: joining https://effecthouse.tiktok.com/effect-platform/latest/news/public-launch/ and /latest/news/ecr-mythbusting/?enter_method=left_navigation
============ Checking for Redirections: https://effecthouse.tiktok.com/latest/news/ecr-mythbusting/?enter_method=left_navigation
============ Link after cleaning: https://effecthouse.tiktok.com/latest/news/ecr-mythbusting/
========== scraping https://effecthouse.tiktok.com/latest/news/ecr-mythbusting/
============ New link added. Search term (AI ) found on https://effecthouse.tiktok.com/latest/news/ecr-mythbusting/.
======== We are on link 22 of 167
========== raw link /latest/news/ecr-updates-march24/?enter_method=left_navigation
============ Found Relative: joining https://effecthouse.tiktok.com/effect-platform/latest/news/public-launch/ and /latest/news/ecr-updates-march24/?enter_method=left_navigation
============ Checking for Redirections: https://effecthouse.tiktok.com/latest/news/ecr-updates-march24/?enter_method=left_navigation
============ Link after cleaning: https://effecthouse.tiktok.com/latest/news/ecr-updates-march24/
========== scraping https://effecthouse.tiktok.com/latest/news/ecr-updates-march24/
============ New link added. Search term (AI ) found on https://effecthouse.tiktok.com/latest/news/ecr-updates-march24/.
======== We are on link 23 of 167
========== raw link /latest/news/visual-effects-editor/?enter_method=left_navigation
============ Found Relative: joining https://effecthouse.tiktok.com/effect-platform/latest/news/public-launch/ and /latest/news/visual-effects-editor/?enter_method=left_navigation
============ Checking for Redirections: https://effecthouse.tiktok.com/latest/news/visual-effects-editor/?enter_method=left_navigation
============ Link after cleaning: https://effecthouse.tiktok.com/latest/news/visual-effects-editor/
========== scraping https://effecthouse.tiktok.com/latest/news/visual-effects-editor/
============ New link added. Search term (AI ) found on https://effecthouse.tiktok.com/latest/news/visual-effects-editor/.
======== We are on link 24 of 167
========== raw link /latest/news/bonus-badge-updates/?enter_method=left_navigation
============ Found Relative: joining https://effecthouse.tiktok.com/effect-platform/latest/news/public-launch/ and /latest/news/bonus-badge-updates/?enter_method=left_navigation
============ Checking for Redirections: https://effecthouse.tiktok.com/latest/news/bonus-badge-updates/?enter_method=left_navigation
============ Link after cleaning: https://effecthouse.tiktok.com/latest/news/bonus-badge-updates/
========== scraping https://effecthouse.tiktok.com/latest/news/bonus-badge-updates/
============ New link added. Search term (AI ) found on https://effecthouse.tiktok.com/latest/news/bonus-badge-updates/.
======== We are on link 25 of 167
========== raw link /latest/news/creatormarketplace/?enter_method=left_navigation
============ Found Relative: joining https://effecthouse.tiktok.com/effect-platform/latest/news/public-launch/ and /latest/news/creatormarketplace/?enter_method=left_navigation
============ Checking for Redirections: https://effecthouse.tiktok.com/latest/news/creatormarketplace/?enter_method=left_navigation
============ Link after cleaning: https://effecthouse.tiktok.com/latest/news/creatormarketplace/
========== scraping https://effecthouse.tiktok.com/latest/news/creatormarketplace/
============ New link added. Search term (AI ) found on https://effecthouse.tiktok.com/latest/news/creatormarketplace/.
======== We are on link 26 of 167
========== raw link /latest/news/openhouse-recap/?enter_method=left_navigation
============ Found Relative: joining https://effecthouse.tiktok.com/effect-platform/latest/news/public-launch/ and /latest/news/openhouse-recap/?enter_method=left_navigation
============ Checking for Redirections: https://effecthouse.tiktok.com/latest/news/openhouse-recap/?enter_method=left_navigation
============ Link after cleaning: https://effecthouse.tiktok.com/latest/news/openhouse-recap/
========== scraping https://effecthouse.tiktok.com/latest/news/openhouse-recap/
============ New link added. Search term (AI ) found on https://effecthouse.tiktok.com/latest/news/openhouse-recap/.
======== We are on link 27 of 167
========== raw link /latest/news/archi-awards/?enter_method=left_navigation
============ Found Relative: joining https://effecthouse.tiktok.com/effect-platform/latest/news/public-launch/ and /latest/news/archi-awards/?enter_method=left_navigation
============ Checking for Redirections: https://effecthouse.tiktok.com/latest/news/archi-awards/?enter_method=left_navigation
============ Link after cleaning: https://effecthouse.tiktok.com/latest/news/archi-awards/
========== scraping https://effecthouse.tiktok.com/latest/news/archi-awards/
============ New link added. Search term (AI ) found on https://effecthouse.tiktok.com/latest/news/archi-awards/.
======== We are on link 28 of 167
========== raw link /latest/news/easygraph/?enter_method=left_navigation
============ Found Relative: joining https://effecthouse.tiktok.com/effect-platform/latest/news/public-launch/ and /latest/news/easygraph/?enter_method=left_navigation
============ Checking for Redirections: https://effecthouse.tiktok.com/latest/news/easygraph/?enter_method=left_navigation
============ Link after cleaning: https://effecthouse.tiktok.com/latest/news/easygraph/
========== scraping https://effecthouse.tiktok.com/latest/news/easygraph/
============ New link added. Search term (AI ) found on https://effecthouse.tiktok.com/latest/news/easygraph/.
======== We are on link 29 of 167
========== raw link /latest/news/open-house/?enter_method=left_navigation
============ Found Relative: joining https://effecthouse.tiktok.com/effect-platform/latest/news/public-launch/ and /latest/news/open-house/?enter_method=left_navigation
============ Checking for Redirections: https://effecthouse.tiktok.com/latest/news/open-house/?enter_method=left_navigation
============ Link after cleaning: https://effecthouse.tiktok.com/latest/news/open-house/
========== scraping https://effecthouse.tiktok.com/latest/news/open-house/
============ New link added. Search term (AI ) found on https://effecthouse.tiktok.com/latest/news/open-house/.
======== We are on link 30 of 167
========== raw link /latest/news/welcome-to-accelerator/?enter_method=left_navigation
============ Found Relative: joining https://effecthouse.tiktok.com/effect-platform/latest/news/public-launch/ and /latest/news/welcome-to-accelerator/?enter_method=left_navigation
============ Checking for Redirections: https://effecthouse.tiktok.com/latest/news/welcome-to-accelerator/?enter_method=left_navigation
============ Link after cleaning: https://effecthouse.tiktok.com/latest/news/welcome-to-accelerator/
========== scraping https://effecthouse.tiktok.com/latest/news/welcome-to-accelerator/
============ New link added. Search term (AI ) found on https://effecthouse.tiktok.com/latest/news/welcome-to-accelerator/.
======== We are on link 31 of 167
========== raw link /latest/news/effect-creator-rewards-update/?enter_method=left_navigation
============ Found Relative: joining https://effecthouse.tiktok.com/effect-platform/latest/news/public-launch/ and /latest/news/effect-creator-rewards-update/?enter_method=left_navigation
============ Checking for Redirections: https://effecthouse.tiktok.com/latest/news/effect-creator-rewards-update/?enter_method=left_navigation
============ Link after cleaning: https://effecthouse.tiktok.com/latest/news/effect-creator-rewards-update/
========== scraping https://effecthouse.tiktok.com/latest/news/effect-creator-rewards-update/
============ New link added. Search term (AI ) found on https://effecthouse.tiktok.com/latest/news/effect-creator-rewards-update/.
======== We are on link 32 of 167
========== raw link /latest/news/public-launch/?enter_method=left_navigation
============ Found Relative: joining https://effecthouse.tiktok.com/effect-platform/latest/news/public-launch/ and /latest/news/public-launch/?enter_method=left_navigation
============ Checking for Redirections: https://effecthouse.tiktok.com/latest/news/public-launch/?enter_method=left_navigation
============ Link after cleaning: https://effecthouse.tiktok.com/latest/news/public-launch/
========== scraping https://effecthouse.tiktok.com/latest/news/public-launch/
============ New link added. Search term (AI ) found on https://effecthouse.tiktok.com/latest/news/public-launch/.
======== We are on link 33 of 167
========== raw link /latest/news/introducing-effect-creator-rewards/?enter_method=left_navigation
============ Found Relative: joining https://effecthouse.tiktok.com/effect-platform/latest/news/public-launch/ and /latest/news/introducing-effect-creator-rewards/?enter_method=left_navigation
============ Checking for Redirections: https://effecthouse.tiktok.com/latest/news/introducing-effect-creator-rewards/?enter_method=left_navigation
============ Link after cleaning: https://effecthouse.tiktok.com/latest/news/introducing-effect-creator-rewards/
========== scraping https://effecthouse.tiktok.com/latest/news/introducing-effect-creator-rewards/
============ New link added. Search term (AI ) found on https://effecthouse.tiktok.com/latest/news/introducing-effect-creator-rewards/.
======== We are on link 34 of 167
========== raw link /latest/news/level-up-your-creator-status-with-bonus-badges/?enter_method=left_navigation
============ Found Relative: joining https://effecthouse.tiktok.com/effect-platform/latest/news/public-launch/ and /latest/news/level-up-your-creator-status-with-bonus-badges/?enter_method=left_navigation
============ Checking for Redirections: https://effecthouse.tiktok.com/latest/news/level-up-your-creator-status-with-bonus-badges/?enter_method=left_navigation
============ Link after cleaning: https://effecthouse.tiktok.com/latest/news/level-up-your-creator-status-with-bonus-badges/
========== scraping https://effecthouse.tiktok.com/latest/news/level-up-your-creator-status-with-bonus-badges/
============ New link added. Search term (AI ) found on https://effecthouse.tiktok.com/latest/news/level-up-your-creator-status-with-bonus-badges/.
======== We are on link 35 of 167
========== raw link /latest/news/effect-house-ambassadors-program/?enter_method=left_navigation
============ Found Relative: joining https://effecthouse.tiktok.com/effect-platform/latest/news/public-launch/ and /latest/news/effect-house-ambassadors-program/?enter_method=left_navigation
============ Checking for Redirections: https://effecthouse.tiktok.com/latest/news/effect-house-ambassadors-program/?enter_method=left_navigation
============ Link after cleaning: https://effecthouse.tiktok.com/latest/news/effect-house-ambassadors-program/
========== scraping https://effecthouse.tiktok.com/latest/news/effect-house-ambassadors-program/
============ New link added. Search term (AI ) found on https://effecthouse.tiktok.com/latest/news/effect-house-ambassadors-program/.
======== We are on link 36 of 167
========== raw link /latest/news/collaborate-in-our-new-community-forum/?enter_method=left_navigation
============ Found Relative: joining https://effecthouse.tiktok.com/effect-platform/latest/news/public-launch/ and /latest/news/collaborate-in-our-new-community-forum/?enter_method=left_navigation
============ Checking for Redirections: https://effecthouse.tiktok.com/latest/news/collaborate-in-our-new-community-forum/?enter_method=left_navigation
============ Link after cleaning: https://effecthouse.tiktok.com/latest/news/collaborate-in-our-new-community-forum/
========== scraping https://effecthouse.tiktok.com/latest/news/collaborate-in-our-new-community-forum/
============ New link added. Search term (AI ) found on https://effecthouse.tiktok.com/latest/news/collaborate-in-our-new-community-forum/.
======== We are on link 37 of 167
========== raw link /latest/news/branded-effect-closed-beta/?enter_method=left_navigation
============ Found Relative: joining https://effecthouse.tiktok.com/effect-platform/latest/news/public-launch/ and /latest/news/branded-effect-closed-beta/?enter_method=left_navigation
============ Checking for Redirections: https://effecthouse.tiktok.com/latest/news/branded-effect-closed-beta/?enter_method=left_navigation
============ Link after cleaning: https://effecthouse.tiktok.com/latest/news/branded-effect-closed-beta/
========== scraping https://effecthouse.tiktok.com/latest/news/branded-effect-closed-beta/
============ New link added. Search term (AI ) found on https://effecthouse.tiktok.com/latest/news/branded-effect-closed-beta/.
======== We are on link 38 of 167
========== raw link /latest/news/get-more-data-and-insights-with-the-latest-analytics-updates/?enter_method=left_navigation
============ Found Relative: joining https://effecthouse.tiktok.com/effect-platform/latest/news/public-launch/ and /latest/news/get-more-data-and-insights-with-the-latest-analytics-updates/?enter_method=left_navigation
============ Checking for Redirections: https://effecthouse.tiktok.com/latest/news/get-more-data-and-insights-with-the-latest-analytics-updates/?enter_method=left_navigation
============ Link after cleaning: https://effecthouse.tiktok.com/latest/news/get-more-data-and-insights-with-the-latest-analytics-updates/
========== scraping https://effecthouse.tiktok.com/latest/news/get-more-data-and-insights-with-the-latest-analytics-updates/
============ New link added. Search term (AI ) found on https://effecthouse.tiktok.com/latest/news/get-more-data-and-insights-with-the-latest-analytics-updates/.
======== We are on link 39 of 167
========== raw link /latest/news/expand-your-creativity-with-generative-effects/?enter_method=left_navigation
============ Found Relative: joining https://effecthouse.tiktok.com/effect-platform/latest/news/public-launch/ and /latest/news/expand-your-creativity-with-generative-effects/?enter_method=left_navigation
============ Checking for Redirections: https://effecthouse.tiktok.com/latest/news/expand-your-creativity-with-generative-effects/?enter_method=left_navigation
============ Link after cleaning: https://effecthouse.tiktok.com/latest/news/expand-your-creativity-with-generative-effects/
========== scraping https://effecthouse.tiktok.com/latest/news/expand-your-creativity-with-generative-effects/
============ New link added. Search term (AI ) found on https://effecthouse.tiktok.com/latest/news/expand-your-creativity-with-generative-effects/.
======== We are on link 40 of 167
========== raw link /latest/news/effect-house-learning-guide/?enter_method=left_navigation
============ Found Relative: joining https://effecthouse.tiktok.com/effect-platform/latest/news/public-launch/ and /latest/news/effect-house-learning-guide/?enter_method=left_navigation
============ Checking for Redirections: https://effecthouse.tiktok.com/latest/news/effect-house-learning-guide/?enter_method=left_navigation
============ Link after cleaning: https://effecthouse.tiktok.com/latest/news/effect-house-learning-guide/
========== scraping https://effecthouse.tiktok.com/latest/news/effect-house-learning-guide/
============ New link added. Search term (AI ) found on https://effecthouse.tiktok.com/latest/news/effect-house-learning-guide/.
======== We are on link 41 of 167
========== raw link /latest/news/effect-house-for-windows/?enter_method=left_navigation
============ Found Relative: joining https://effecthouse.tiktok.com/effect-platform/latest/news/public-launch/ and /latest/news/effect-house-for-windows/?enter_method=left_navigation
============ Checking for Redirections: https://effecthouse.tiktok.com/latest/news/effect-house-for-windows/?enter_method=left_navigation
============ Link after cleaning: https://effecthouse.tiktok.com/latest/news/effect-house-for-windows/
========== scraping https://effecthouse.tiktok.com/latest/news/effect-house-for-windows/
============ New link added. Search term (AI ) found on https://effecthouse.tiktok.com/latest/news/effect-house-for-windows/.
======== We are on link 42 of 167
========== raw link /latest/news/asset-library-sketchfab/?enter_method=left_navigation
============ Found Relative: joining https://effecthouse.tiktok.com/effect-platform/latest/news/public-launch/ and /latest/news/asset-library-sketchfab/?enter_method=left_navigation
============ Checking for Redirections: https://effecthouse.tiktok.com/latest/news/asset-library-sketchfab/?enter_method=left_navigation
============ Link after cleaning: https://effecthouse.tiktok.com/latest/news/asset-library-sketchfab/
========== scraping https://effecthouse.tiktok.com/latest/news/asset-library-sketchfab/
============ New link added. Search term (AI ) found on https://effecthouse.tiktok.com/latest/news/asset-library-sketchfab/.
======== We are on link 43 of 167
========== raw link /latest/news/bring-effects-to-pets-with-cat-features-in-effect-house/?enter_method=left_navigation
============ Found Relative: joining https://effecthouse.tiktok.com/effect-platform/latest/news/public-launch/ and /latest/news/bring-effects-to-pets-with-cat-features-in-effect-house/?enter_method=left_navigation
============ Checking for Redirections: https://effecthouse.tiktok.com/latest/news/bring-effects-to-pets-with-cat-features-in-effect-house/?enter_method=left_navigation
============ Link after cleaning: https://effecthouse.tiktok.com/latest/news/bring-effects-to-pets-with-cat-features-in-effect-house/
========== scraping https://effecthouse.tiktok.com/latest/news/bring-effects-to-pets-with-cat-features-in-effect-house/
============ New link added. Search term (AI ) found on https://effecthouse.tiktok.com/latest/news/bring-effects-to-pets-with-cat-features-in-effect-house/.
======== We are on link 44 of 167
========== raw link /latest/news/effect-house-badges/?enter_method=left_navigation
============ Found Relative: joining https://effecthouse.tiktok.com/effect-platform/latest/news/public-launch/ and /latest/news/effect-house-badges/?enter_method=left_navigation
============ Checking for Redirections: https://effecthouse.tiktok.com/latest/news/effect-house-badges/?enter_method=left_navigation
============ Link after cleaning: https://effecthouse.tiktok.com/latest/news/effect-house-badges/
========== scraping https://effecthouse.tiktok.com/latest/news/effect-house-badges/
============ New link added. Search term (AI ) found on https://effecthouse.tiktok.com/latest/news/effect-house-badges/.
======== We are on link 45 of 167
========== raw link /latest/news/vidcon-2022/?enter_method=left_navigation
============ Found Relative: joining https://effecthouse.tiktok.com/effect-platform/latest/news/public-launch/ and /latest/news/vidcon-2022/?enter_method=left_navigation
============ Checking for Redirections: https://effecthouse.tiktok.com/latest/news/vidcon-2022/?enter_method=left_navigation
============ Link after cleaning: https://effecthouse.tiktok.com/latest/news/vidcon-2022/
========== scraping https://effecthouse.tiktok.com/latest/news/vidcon-2022/
============ New link added. Search term (AI ) found on https://effecthouse.tiktok.com/latest/news/vidcon-2022/.
======== We are on link 46 of 167
========== raw link /latest/news/audio-effects/?enter_method=left_navigation
============ Found Relative: joining https://effecthouse.tiktok.com/effect-platform/latest/news/public-launch/ and /latest/news/audio-effects/?enter_method=left_navigation
============ Checking for Redirections: https://effecthouse.tiktok.com/latest/news/audio-effects/?enter_method=left_navigation
============ Link after cleaning: https://effecthouse.tiktok.com/latest/news/audio-effects/
========== scraping https://effecthouse.tiktok.com/latest/news/audio-effects/
============ New link added. Search term (AI ) found on https://effecthouse.tiktok.com/latest/news/audio-effects/.
======== We are on link 47 of 167
========== raw link /latest/news/welcome-to-effect-house/?enter_method=left_navigation
============ Found Relative: joining https://effecthouse.tiktok.com/effect-platform/latest/news/public-launch/ and /latest/news/welcome-to-effect-house/?enter_method=left_navigation
============ Checking for Redirections: https://effecthouse.tiktok.com/latest/news/welcome-to-effect-house/?enter_method=left_navigation
============ Link after cleaning: https://effecthouse.tiktok.com/latest/news/welcome-to-effect-house/
========== scraping https://effecthouse.tiktok.com/latest/news/welcome-to-effect-house/
============ New link added. Search term (AI ) found on https://effecthouse.tiktok.com/latest/news/welcome-to-effect-house/.
======== We are on link 48 of 167
========== raw link /latest/active-challenges/?enter_method=left_navigation
============ Found Relative: joining https://effecthouse.tiktok.com/effect-platform/latest/news/public-launch/ and /latest/active-challenges/?enter_method=left_navigation
============ Checking for Redirections: https://effecthouse.tiktok.com/latest/active-challenges/?enter_method=left_navigation
============ Link after cleaning: https://effecthouse.tiktok.com/latest/active-challenges/
========== scraping https://effecthouse.tiktok.com/latest/active-challenges/
============ New link added. Search term (AI ) found on https://effecthouse.tiktok.com/latest/active-challenges/.
======== We are on link 49 of 167
========== raw link /latest/active-challenges/about-effect-house-challenges/?enter_method=left_navigation
============ Found Relative: joining https://effecthouse.tiktok.com/effect-platform/latest/news/public-launch/ and /latest/active-challenges/about-effect-house-challenges/?enter_method=left_navigation
============ Checking for Redirections: https://effecthouse.tiktok.com/latest/active-challenges/about-effect-house-challenges/?enter_method=left_navigation
============ Link after cleaning: https://effecthouse.tiktok.com/latest/active-challenges/about-effect-house-challenges/
========== scraping https://effecthouse.tiktok.com/latest/active-challenges/about-effect-house-challenges/
============ New link added. Search term (AI ) found on https://effecthouse.tiktok.com/latest/active-challenges/about-effect-house-challenges/.
======== We are on link 50 of 167
========== raw link /latest/active-challenges/randomizer-effect-challenge/?enter_method=left_navigation
============ Found Relative: joining https://effecthouse.tiktok.com/effect-platform/latest/news/public-launch/ and /latest/active-challenges/randomizer-effect-challenge/?enter_method=left_navigation
============ Checking for Redirections: https://effecthouse.tiktok.com/latest/active-challenges/randomizer-effect-challenge/?enter_method=left_navigation
============ Link after cleaning: https://effecthouse.tiktok.com/latest/active-challenges/randomizer-effect-challenge/
========== scraping https://effecthouse.tiktok.com/latest/active-challenges/randomizer-effect-challenge/
============ New link added. Search term (AI ) found on https://effecthouse.tiktok.com/latest/active-challenges/randomizer-effect-challenge/.
======== We are on link 51 of 167
========== raw link /latest/active-challenges/ai-effect-challenge/?enter_method=left_navigation
============ Found Relative: joining https://effecthouse.tiktok.com/effect-platform/latest/news/public-launch/ and /latest/active-challenges/ai-effect-challenge/?enter_method=left_navigation
============ Checking for Redirections: https://effecthouse.tiktok.com/latest/active-challenges/ai-effect-challenge/?enter_method=left_navigation
============ Link after cleaning: https://effecthouse.tiktok.com/latest/active-challenges/ai-effect-challenge/
========== scraping https://effecthouse.tiktok.com/latest/active-challenges/ai-effect-challenge/
============ New link added. Search term (AI ) found on https://effecthouse.tiktok.com/latest/active-challenges/ai-effect-challenge/.
======== We are on link 52 of 167
========== raw link /latest/active-challenges/game-effect-challenge/?enter_method=left_navigation
============ Found Relative: joining https://effecthouse.tiktok.com/effect-platform/latest/news/public-launch/ and /latest/active-challenges/game-effect-challenge/?enter_method=left_navigation
============ Checking for Redirections: https://effecthouse.tiktok.com/latest/active-challenges/game-effect-challenge/?enter_method=left_navigation
============ Link after cleaning: https://effecthouse.tiktok.com/latest/active-challenges/game-effect-challenge/
========== scraping https://effecthouse.tiktok.com/latest/active-challenges/game-effect-challenge/
============ New link added. Search term (AI ) found on https://effecthouse.tiktok.com/latest/active-challenges/game-effect-challenge/.
======== We are on link 53 of 167
========== raw link /latest/past-challenges/a-minecraft-movie-effect-challenge/?enter_method=left_navigation
============ Found Relative: joining https://effecthouse.tiktok.com/effect-platform/latest/news/public-launch/ and /latest/past-challenges/a-minecraft-movie-effect-challenge/?enter_method=left_navigation
============ Checking for Redirections: https://effecthouse.tiktok.com/latest/past-challenges/a-minecraft-movie-effect-challenge/?enter_method=left_navigation
============ Link after cleaning: https://effecthouse.tiktok.com/latest/past-challenges/a-minecraft-movie-effect-challenge/
========== scraping https://effecthouse.tiktok.com/latest/past-challenges/a-minecraft-movie-effect-challenge/
============ New link added. Search term (AI ) found on https://effecthouse.tiktok.com/latest/past-challenges/a-minecraft-movie-effect-challenge/.
======== We are on link 54 of 167
========== raw link /latest/past-challenges/a-minecraft-movie-effect-challenge/?enter_method=left_navigation
============ Found Relative: joining https://effecthouse.tiktok.com/effect-platform/latest/news/public-launch/ and /latest/past-challenges/a-minecraft-movie-effect-challenge/?enter_method=left_navigation
============ Checking for Redirections: https://effecthouse.tiktok.com/latest/past-challenges/a-minecraft-movie-effect-challenge/?enter_method=left_navigation
============ Link after cleaning: https://effecthouse.tiktok.com/latest/past-challenges/a-minecraft-movie-effect-challenge/
========== link already checked
======== We are on link 55 of 167
========== raw link /latest/past-challenges/live-interactive-gift-effect-challenge/?enter_method=left_navigation
============ Found Relative: joining https://effecthouse.tiktok.com/effect-platform/latest/news/public-launch/ and /latest/past-challenges/live-interactive-gift-effect-challenge/?enter_method=left_navigation
============ Checking for Redirections: https://effecthouse.tiktok.com/latest/past-challenges/live-interactive-gift-effect-challenge/?enter_method=left_navigation
============ Link after cleaning: https://effecthouse.tiktok.com/latest/past-challenges/live-interactive-gift-effect-challenge/
========== scraping https://effecthouse.tiktok.com/latest/past-challenges/live-interactive-gift-effect-challenge/
============ New link added. Search term (AI ) found on https://effecthouse.tiktok.com/latest/past-challenges/live-interactive-gift-effect-challenge/.
======== We are on link 56 of 167
========== raw link /latest/past-challenges/love-effect-challenge/?enter_method=left_navigation
============ Found Relative: joining https://effecthouse.tiktok.com/effect-platform/latest/news/public-launch/ and /latest/past-challenges/love-effect-challenge/?enter_method=left_navigation
============ Checking for Redirections: https://effecthouse.tiktok.com/latest/past-challenges/love-effect-challenge/?enter_method=left_navigation
============ Link after cleaning: https://effecthouse.tiktok.com/latest/past-challenges/love-effect-challenge/
========== scraping https://effecthouse.tiktok.com/latest/past-challenges/love-effect-challenge/
============ New link added. Search term (AI ) found on https://effecthouse.tiktok.com/latest/past-challenges/love-effect-challenge/.
======== We are on link 57 of 167
========== raw link /latest/past-challenges/video-picker/?enter_method=left_navigation
============ Found Relative: joining https://effecthouse.tiktok.com/effect-platform/latest/news/public-launch/ and /latest/past-challenges/video-picker/?enter_method=left_navigation
============ Checking for Redirections: https://effecthouse.tiktok.com/latest/past-challenges/video-picker/?enter_method=left_navigation
============ Link after cleaning: https://effecthouse.tiktok.com/latest/past-challenges/video-picker/
========== scraping https://effecthouse.tiktok.com/latest/past-challenges/video-picker/
============ New link added. Search term (AI ) found on https://effecthouse.tiktok.com/latest/past-challenges/video-picker/.
======== We are on link 58 of 167
========== raw link /latest/past-challenges/2025-game/?enter_method=left_navigation
============ Found Relative: joining https://effecthouse.tiktok.com/effect-platform/latest/news/public-launch/ and /latest/past-challenges/2025-game/?enter_method=left_navigation
============ Checking for Redirections: https://effecthouse.tiktok.com/latest/past-challenges/2025-game/?enter_method=left_navigation
============ Link after cleaning: https://effecthouse.tiktok.com/latest/past-challenges/2025-game/
========== scraping https://effecthouse.tiktok.com/latest/past-challenges/2025-game/
============ New link added. Search term (AI ) found on https://effecthouse.tiktok.com/latest/past-challenges/2025-game/.
======== We are on link 59 of 167
========== raw link /latest/past-challenges/holidays-spirit-effect-challenge/?enter_method=left_navigation
============ Found Relative: joining https://effecthouse.tiktok.com/effect-platform/latest/news/public-launch/ and /latest/past-challenges/holidays-spirit-effect-challenge/?enter_method=left_navigation
============ Checking for Redirections: https://effecthouse.tiktok.com/latest/past-challenges/holidays-spirit-effect-challenge/?enter_method=left_navigation
============ Link after cleaning: https://effecthouse.tiktok.com/latest/past-challenges/holidays-spirit-effect-challenge/
========== scraping https://effecthouse.tiktok.com/latest/past-challenges/holidays-spirit-effect-challenge/
============ New link added. Search term (AI ) found on https://effecthouse.tiktok.com/latest/past-challenges/holidays-spirit-effect-challenge/.
======== We are on link 60 of 167
========== raw link /latest/past-challenges/womens-day-effect-challenge/?enter_method=left_navigation
============ Found Relative: joining https://effecthouse.tiktok.com/effect-platform/latest/news/public-launch/ and /latest/past-challenges/womens-day-effect-challenge/?enter_method=left_navigation
============ Checking for Redirections: https://effecthouse.tiktok.com/latest/past-challenges/womens-day-effect-challenge/?enter_method=left_navigation
============ Link after cleaning: https://effecthouse.tiktok.com/latest/past-challenges/womens-day-effect-challenge/
========== scraping https://effecthouse.tiktok.com/latest/past-challenges/womens-day-effect-challenge/
============ New link added. Search term (AI ) found on https://effecthouse.tiktok.com/latest/past-challenges/womens-day-effect-challenge/.
======== We are on link 61 of 167
========== raw link /latest/past-challenges/halloween/?enter_method=left_navigation
============ Found Relative: joining https://effecthouse.tiktok.com/effect-platform/latest/news/public-launch/ and /latest/past-challenges/halloween/?enter_method=left_navigation
============ Checking for Redirections: https://effecthouse.tiktok.com/latest/past-challenges/halloween/?enter_method=left_navigation
============ Link after cleaning: https://effecthouse.tiktok.com/latest/past-challenges/halloween/
========== scraping https://effecthouse.tiktok.com/latest/past-challenges/halloween/
============ New link added. Search term (AI ) found on https://effecthouse.tiktok.com/latest/past-challenges/halloween/.
======== We are on link 62 of 167
========== raw link /latest/past-challenges/ai-styled-character/?enter_method=left_navigation
============ Found Relative: joining https://effecthouse.tiktok.com/effect-platform/latest/news/public-launch/ and /latest/past-challenges/ai-styled-character/?enter_method=left_navigation
============ Checking for Redirections: https://effecthouse.tiktok.com/latest/past-challenges/ai-styled-character/?enter_method=left_navigation
============ Link after cleaning: https://effecthouse.tiktok.com/latest/past-challenges/ai-styled-character/
========== scraping https://effecthouse.tiktok.com/latest/past-challenges/ai-styled-character/
============ New link added. Search term (AI ) found on https://effecthouse.tiktok.com/latest/past-challenges/ai-styled-character/.
======== We are on link 63 of 167
========== raw link /latest/past-challenges/monthly-mission/?enter_method=left_navigation
============ Found Relative: joining https://effecthouse.tiktok.com/effect-platform/latest/news/public-launch/ and /latest/past-challenges/monthly-mission/?enter_method=left_navigation
============ Checking for Redirections: https://effecthouse.tiktok.com/latest/past-challenges/monthly-mission/?enter_method=left_navigation
============ Link after cleaning: https://effecthouse.tiktok.com/latest/past-challenges/monthly-mission/
========== scraping https://effecthouse.tiktok.com/latest/past-challenges/monthly-mission/
============ New link added. Search term (AI ) found on https://effecthouse.tiktok.com/latest/past-challenges/monthly-mission/.
======== We are on link 64 of 167
========== raw link /latest/past-challenges/interactive-photo/?enter_method=left_navigation
============ Found Relative: joining https://effecthouse.tiktok.com/effect-platform/latest/news/public-launch/ and /latest/past-challenges/interactive-photo/?enter_method=left_navigation
============ Checking for Redirections: https://effecthouse.tiktok.com/latest/past-challenges/interactive-photo/?enter_method=left_navigation
============ Link after cleaning: https://effecthouse.tiktok.com/latest/past-challenges/interactive-photo/
========== scraping https://effecthouse.tiktok.com/latest/past-challenges/interactive-photo/
============ New link added. Search term (AI ) found on https://effecthouse.tiktok.com/latest/past-challenges/interactive-photo/.
======== We are on link 65 of 167
========== raw link /latest/past-challenges/sports-game/?enter_method=left_navigation
============ Found Relative: joining https://effecthouse.tiktok.com/effect-platform/latest/news/public-launch/ and /latest/past-challenges/sports-game/?enter_method=left_navigation
============ Checking for Redirections: https://effecthouse.tiktok.com/latest/past-challenges/sports-game/?enter_method=left_navigation
============ Link after cleaning: https://effecthouse.tiktok.com/latest/past-challenges/sports-game/
========== scraping https://effecthouse.tiktok.com/latest/past-challenges/sports-game/
============ New link added. Search term (AI ) found on https://effecthouse.tiktok.com/latest/past-challenges/sports-game/.
======== We are on link 66 of 167
========== raw link /latest/past-challenges/minecraft-2024/?enter_method=left_navigation
============ Found Relative: joining https://effecthouse.tiktok.com/effect-platform/latest/news/public-launch/ and /latest/past-challenges/minecraft-2024/?enter_method=left_navigation
============ Checking for Redirections: https://effecthouse.tiktok.com/latest/past-challenges/minecraft-2024/?enter_method=left_navigation
============ Link after cleaning: https://effecthouse.tiktok.com/latest/past-challenges/minecraft-2024/
========== scraping https://effecthouse.tiktok.com/latest/past-challenges/minecraft-2024/
============ New link added. Search term (AI ) found on https://effecthouse.tiktok.com/latest/past-challenges/minecraft-2024/.
======== We are on link 67 of 167
========== raw link /latest/past-challenges/randomizer-rumble/?enter_method=left_navigation
============ Found Relative: joining https://effecthouse.tiktok.com/effect-platform/latest/news/public-launch/ and /latest/past-challenges/randomizer-rumble/?enter_method=left_navigation
============ Checking for Redirections: https://effecthouse.tiktok.com/latest/past-challenges/randomizer-rumble/?enter_method=left_navigation
============ Link after cleaning: https://effecthouse.tiktok.com/latest/past-challenges/randomizer-rumble/
========== scraping https://effecthouse.tiktok.com/latest/past-challenges/randomizer-rumble/
============ New link added. Search term (AI ) found on https://effecthouse.tiktok.com/latest/past-challenges/randomizer-rumble/.
======== We are on link 68 of 167
========== raw link /latest/past-challenges/green-screen/?enter_method=left_navigation
============ Found Relative: joining https://effecthouse.tiktok.com/effect-platform/latest/news/public-launch/ and /latest/past-challenges/green-screen/?enter_method=left_navigation
============ Checking for Redirections: https://effecthouse.tiktok.com/latest/past-challenges/green-screen/?enter_method=left_navigation
============ Link after cleaning: https://effecthouse.tiktok.com/latest/past-challenges/green-screen/
========== scraping https://effecthouse.tiktok.com/latest/past-challenges/green-screen/
============ New link added. Search term (AI ) found on https://effecthouse.tiktok.com/latest/past-challenges/green-screen/.
======== We are on link 69 of 167
========== raw link /latest/past-challenges/duolingo-challenge/?enter_method=left_navigation
============ Found Relative: joining https://effecthouse.tiktok.com/effect-platform/latest/news/public-launch/ and /latest/past-challenges/duolingo-challenge/?enter_method=left_navigation
============ Checking for Redirections: https://effecthouse.tiktok.com/latest/past-challenges/duolingo-challenge/?enter_method=left_navigation
============ Link after cleaning: https://effecthouse.tiktok.com/latest/past-challenges/duolingo-challenge/
========== scraping https://effecthouse.tiktok.com/latest/past-challenges/duolingo-challenge/
============ New link added. Search term (AI ) found on https://effecthouse.tiktok.com/latest/past-challenges/duolingo-challenge/.
======== We are on link 70 of 167
========== raw link /latest/past-challenges/billie-eilish-challenge/?enter_method=left_navigation
============ Found Relative: joining https://effecthouse.tiktok.com/effect-platform/latest/news/public-launch/ and /latest/past-challenges/billie-eilish-challenge/?enter_method=left_navigation
============ Checking for Redirections: https://effecthouse.tiktok.com/latest/past-challenges/billie-eilish-challenge/?enter_method=left_navigation
============ Link after cleaning: https://effecthouse.tiktok.com/latest/past-challenges/billie-eilish-challenge/
========== scraping https://effecthouse.tiktok.com/latest/past-challenges/billie-eilish-challenge/
============ New link added. Search term (AI ) found on https://effecthouse.tiktok.com/latest/past-challenges/billie-eilish-challenge/.
======== We are on link 71 of 167
========== raw link /latest/past-challenges/pac-man-effect-challenge/?enter_method=left_navigation
============ Found Relative: joining https://effecthouse.tiktok.com/effect-platform/latest/news/public-launch/ and /latest/past-challenges/pac-man-effect-challenge/?enter_method=left_navigation
============ Checking for Redirections: https://effecthouse.tiktok.com/latest/past-challenges/pac-man-effect-challenge/?enter_method=left_navigation
============ Link after cleaning: https://effecthouse.tiktok.com/latest/past-challenges/pac-man-effect-challenge/
========== scraping https://effecthouse.tiktok.com/latest/past-challenges/pac-man-effect-challenge/
============ New link added. Search term (AI ) found on https://effecthouse.tiktok.com/latest/past-challenges/pac-man-effect-challenge/.
======== We are on link 72 of 167
========== raw link /latest/past-challenges/ai-art-image/?enter_method=left_navigation
============ Found Relative: joining https://effecthouse.tiktok.com/effect-platform/latest/news/public-launch/ and /latest/past-challenges/ai-art-image/?enter_method=left_navigation
============ Checking for Redirections: https://effecthouse.tiktok.com/latest/past-challenges/ai-art-image/?enter_method=left_navigation
============ Link after cleaning: https://effecthouse.tiktok.com/latest/past-challenges/ai-art-image/
========== scraping https://effecthouse.tiktok.com/latest/past-challenges/ai-art-image/
============ New link added. Search term (AI ) found on https://effecthouse.tiktok.com/latest/past-challenges/ai-art-image/.
======== We are on link 73 of 167
========== raw link /latest/past-challenges/2024-songkran/?enter_method=left_navigation
============ Found Relative: joining https://effecthouse.tiktok.com/effect-platform/latest/news/public-launch/ and /latest/past-challenges/2024-songkran/?enter_method=left_navigation
============ Checking for Redirections: https://effecthouse.tiktok.com/latest/past-challenges/2024-songkran/?enter_method=left_navigation
============ Link after cleaning: https://effecthouse.tiktok.com/latest/past-challenges/2024-songkran/
========== scraping https://effecthouse.tiktok.com/latest/past-challenges/2024-songkran/
============ Dropping non-English link: https://effecthouse.tiktok.com/latest/past-challenges/2024-songkran/
======== We are on link 74 of 167
========== raw link /latest/past-challenges/game-jam-challenge/?enter_method=left_navigation
============ Found Relative: joining https://effecthouse.tiktok.com/effect-platform/latest/news/public-launch/ and /latest/past-challenges/game-jam-challenge/?enter_method=left_navigation
============ Checking for Redirections: https://effecthouse.tiktok.com/latest/past-challenges/game-jam-challenge/?enter_method=left_navigation
============ Link after cleaning: https://effecthouse.tiktok.com/latest/past-challenges/game-jam-challenge/
========== scraping https://effecthouse.tiktok.com/latest/past-challenges/game-jam-challenge/
============ New link added. Search term (AI ) found on https://effecthouse.tiktok.com/latest/past-challenges/game-jam-challenge/.
======== We are on link 75 of 167
========== raw link /latest/past-challenges/video-challenge-202403/?enter_method=left_navigation
============ Found Relative: joining https://effecthouse.tiktok.com/effect-platform/latest/news/public-launch/ and /latest/past-challenges/video-challenge-202403/?enter_method=left_navigation
============ Checking for Redirections: https://effecthouse.tiktok.com/latest/past-challenges/video-challenge-202403/?enter_method=left_navigation
============ Link after cleaning: https://effecthouse.tiktok.com/latest/past-challenges/video-challenge-202403/
========== scraping https://effecthouse.tiktok.com/latest/past-challenges/video-challenge-202403/
============ New link added. Search term (AI ) found on https://effecthouse.tiktok.com/latest/past-challenges/video-challenge-202403/.
======== We are on link 76 of 167
========== raw link /latest/past-challenges/2024-ramadan/?enter_method=left_navigation
============ Found Relative: joining https://effecthouse.tiktok.com/effect-platform/latest/news/public-launch/ and /latest/past-challenges/2024-ramadan/?enter_method=left_navigation
============ Checking for Redirections: https://effecthouse.tiktok.com/latest/past-challenges/2024-ramadan/?enter_method=left_navigation
============ Link after cleaning: https://effecthouse.tiktok.com/latest/past-challenges/2024-ramadan/
========== scraping https://effecthouse.tiktok.com/latest/past-challenges/2024-ramadan/
============ New link added. Search term (AI ) found on https://effecthouse.tiktok.com/latest/past-challenges/2024-ramadan/.
======== We are on link 77 of 167
========== raw link /latest/past-challenges/best-of-2023/?enter_method=left_navigation
============ Found Relative: joining https://effecthouse.tiktok.com/effect-platform/latest/news/public-launch/ and /latest/past-challenges/best-of-2023/?enter_method=left_navigation
============ Checking for Redirections: https://effecthouse.tiktok.com/latest/past-challenges/best-of-2023/?enter_method=left_navigation
============ Link after cleaning: https://effecthouse.tiktok.com/latest/past-challenges/best-of-2023/
========== scraping https://effecthouse.tiktok.com/latest/past-challenges/best-of-2023/
============ New link added. Search term (AI ) found on https://effecthouse.tiktok.com/latest/past-challenges/best-of-2023/.
======== We are on link 78 of 167
========== raw link /latest/past-challenges/hello-2024-tiktok-live-assets-challenge/?enter_method=left_navigation
============ Found Relative: joining https://effecthouse.tiktok.com/effect-platform/latest/news/public-launch/ and /latest/past-challenges/hello-2024-tiktok-live-assets-challenge/?enter_method=left_navigation
============ Checking for Redirections: https://effecthouse.tiktok.com/latest/past-challenges/hello-2024-tiktok-live-assets-challenge/?enter_method=left_navigation
============ Link after cleaning: https://effecthouse.tiktok.com/latest/past-challenges/hello-2024-tiktok-live-assets-challenge/
========== scraping https://effecthouse.tiktok.com/latest/past-challenges/hello-2024-tiktok-live-assets-challenge/
============ New link added. Search term (AI ) found on https://effecthouse.tiktok.com/latest/past-challenges/hello-2024-tiktok-live-assets-challenge/.
======== We are on link 79 of 167
========== raw link /latest/release-notes-latest/?enter_method=left_navigation
============ Found Relative: joining https://effecthouse.tiktok.com/effect-platform/latest/news/public-launch/ and /latest/release-notes-latest/?enter_method=left_navigation
============ Checking for Redirections: https://effecthouse.tiktok.com/latest/release-notes-latest/?enter_method=left_navigation
============ Link after cleaning: https://effecthouse.tiktok.com/latest/release-notes-latest/
========== scraping https://effecthouse.tiktok.com/latest/release-notes-latest/
============ New link added. Search term (AI ) found on https://effecthouse.tiktok.com/latest/release-notes-latest/.
======== We are on link 80 of 167
========== raw link https://effecthouse.tiktok.com/latest/release-notes-latest#legacy-release-notes
============ Checking for Redirections: https://effecthouse.tiktok.com/latest/release-notes-latest#legacy-release-notes
============ Link after cleaning: https://effecthouse.tiktok.com/latest/release-notes-latest
========== scraping https://effecthouse.tiktok.com/latest/release-notes-latest
============ New link added. Search term (AI ) found on https://effecthouse.tiktok.com/latest/release-notes-latest.
======== We are on link 81 of 167
========== raw link https://effecthouse.tiktok.com/download
============ Checking for Redirections: https://effecthouse.tiktok.com/download
============ Link unchanged
========== link already checked
======== We are on link 82 of 167
========== raw link https://www.tiktok.com/@byflorenciaraffa/video/7272470041428430113
============ Checking for Redirections: https://www.tiktok.com/@byflorenciaraffa/video/7272470041428430113
========== dropped link https://www.tiktok.com/@byflorenciaraffa/video/7272470041428430113. Could not follow redirection (or it was a meaninglessly small page or bot blocked by sessionID).
======== We are on link 83 of 167
========== raw link https://www.tiktok.com/@janmahavan/video/7226993710553107717
============ Checking for Redirections: https://www.tiktok.com/@janmahavan/video/7226993710553107717
========== dropped link https://www.tiktok.com/@janmahavan/video/7226993710553107717. Could not follow redirection (or it was a meaninglessly small page or bot blocked by sessionID).
======== We are on link 84 of 167
========== raw link https://www.tiktok.com/@maddybear88/video/7260485761957530926
============ Checking for Redirections: https://www.tiktok.com/@maddybear88/video/7260485761957530926
========== dropped link https://www.tiktok.com/@maddybear88/video/7260485761957530926. Could not follow redirection (or it was a meaninglessly small page or bot blocked by sessionID).
======== We are on link 85 of 167
========== raw link https://effecthouse.tiktok.com/learn/library/template-tutorials/art-maker
============ Checking for Redirections: https://effecthouse.tiktok.com/learn/library/template-tutorials/art-maker
============ Link unchanged
========== scraping https://effecthouse.tiktok.com/learn/library/template-tutorials/art-maker
======== We are on link 86 of 167
========== raw link https://effecthouse.tiktok.com/learn/guides/technical-guides/assets/texture/user-media-texture
============ Checking for Redirections: https://effecthouse.tiktok.com/learn/guides/technical-guides/assets/texture/user-media-texture
============ Link unchanged
========== scraping https://effecthouse.tiktok.com/learn/guides/technical-guides/assets/texture/user-media-texture
======== We are on link 87 of 167
========== raw link https://effecthouse.tiktok.com/learn/guides/technical-guides/assets/asset-library
============ Checking for Redirections: https://effecthouse.tiktok.com/learn/guides/technical-guides/assets/asset-library
============ Link unchanged
========== scraping https://effecthouse.tiktok.com/learn/guides/technical-guides/assets/asset-library
======== We are on link 88 of 167
========== raw link https://effecthouse.tiktok.com/learn/guides/material-editor/
============ Checking for Redirections: https://effecthouse.tiktok.com/learn/guides/material-editor/
============ Link unchanged
========== scraping https://effecthouse.tiktok.com/learn/guides/material-editor/
======== We are on link 89 of 167
========== raw link https://effecthouse.tiktok.com/learn/guides/technical-guides/objects/social-kit/profile-photo
============ Checking for Redirections: https://effecthouse.tiktok.com/learn/guides/technical-guides/objects/social-kit/profile-photo
============ Link unchanged
========== scraping https://effecthouse.tiktok.com/learn/guides/technical-guides/objects/social-kit/profile-photo
======== We are on link 90 of 167
========== raw link https://effecthouse.tiktok.com/learn/guides/technical-guides/objects/social-kit/profile-info-animation
============ Checking for Redirections: https://effecthouse.tiktok.com/learn/guides/technical-guides/objects/social-kit/profile-info-animation
============ Link unchanged
========== scraping https://effecthouse.tiktok.com/learn/guides/technical-guides/objects/social-kit/profile-info-animation
======== We are on link 91 of 167
========== raw link https://effecthouse.tiktok.com/learn/guides/technical-guides/components/utility/generative-effects
============ Checking for Redirections: https://effecthouse.tiktok.com/learn/guides/technical-guides/components/utility/generative-effects
============ Link unchanged
========== scraping https://effecthouse.tiktok.com/learn/guides/technical-guides/components/utility/generative-effects
======== We are on link 92 of 167
========== raw link https://effecthouse.tiktok.com/learn/guides/technical-guides/objects/generative-effects/hair-eraser
============ Checking for Redirections: https://effecthouse.tiktok.com/learn/guides/technical-guides/objects/generative-effects/hair-eraser
============ Link unchanged
========== scraping https://effecthouse.tiktok.com/learn/guides/technical-guides/objects/generative-effects/hair-eraser
======== We are on link 93 of 167
========== raw link https://effecthouse.tiktok.com/learn/library
============ Checking for Redirections: https://effecthouse.tiktok.com/learn/library
============ Link unchanged
========== scraping https://effecthouse.tiktok.com/learn/library
======== We are on link 94 of 167
========== raw link https://effecthouse.tiktok.com/learn/guides/visual-scripting/
============ Checking for Redirections: https://effecthouse.tiktok.com/learn/guides/visual-scripting/
============ Link unchanged
========== scraping https://effecthouse.tiktok.com/learn/guides/visual-scripting/
======== We are on link 95 of 167
========== raw link https://effecthouse.tiktok.com/latest/news/introducing-effect-creator-rewards/
============ Checking for Redirections: https://effecthouse.tiktok.com/latest/news/introducing-effect-creator-rewards/
============ Link unchanged
========== link already checked
======== We are on link 96 of 167
========== raw link https://effecthouse.tiktok.com/rewards/
============ Checking for Redirections: https://effecthouse.tiktok.com/rewards/
============ Link unchanged
========== scraping https://effecthouse.tiktok.com/rewards/
======== We are on link 97 of 167
========== raw link https://effecthouse.tiktok.com/latest/news/branded-effect-closed-beta/
============ Checking for Redirections: https://effecthouse.tiktok.com/latest/news/branded-effect-closed-beta/
============ Link unchanged
========== link already checked
======== We are on link 98 of 167
========== raw link https://www.tiktok.com/@lauragouillon
============ Checking for Redirections: https://www.tiktok.com/@lauragouillon
========== dropped link https://www.tiktok.com/@lauragouillon. Could not follow redirection (or it was a meaninglessly small page or bot blocked by sessionID).
======== We are on link 99 of 167
========== raw link https://www.tiktok.com/@lauragouillon/video/7239114928349547818
============ Checking for Redirections: https://www.tiktok.com/@lauragouillon/video/7239114928349547818
========== dropped link https://www.tiktok.com/@lauragouillon/video/7239114928349547818. Could not follow redirection (or it was a meaninglessly small page or bot blocked by sessionID).
======== We are on link 100 of 167
========== raw link https://www.tiktok.com/@lauragouillon/video/7270840056720706862
============ Checking for Redirections: https://www.tiktok.com/@lauragouillon/video/7270840056720706862
========== dropped link https://www.tiktok.com/@lauragouillon/video/7270840056720706862. Could not follow redirection (or it was a meaninglessly small page or bot blocked by sessionID).
======== We are on link 101 of 167
========== raw link https://effecthouse.tiktok.com/latest/active-challenges/?enter_method=top_navigation
============ Checking for Redirections: https://effecthouse.tiktok.com/latest/active-challenges/?enter_method=top_navigation
============ Link after cleaning: https://effecthouse.tiktok.com/latest/active-challenges/
========== link already checked
======== We are on link 102 of 167
========== raw link https://effecthouse.tiktok.com/effect-platform/latest/news/level-up-your-creator-status-with-bonus-badges/
============ Checking for Redirections: https://effecthouse.tiktok.com/effect-platform/latest/news/level-up-your-creator-status-with-bonus-badges/
============ Link unchanged
========== scraping https://effecthouse.tiktok.com/effect-platform/latest/news/level-up-your-creator-status-with-bonus-badges/
============ New link added. Search term (AI ) found on https://effecthouse.tiktok.com/effect-platform/latest/news/level-up-your-creator-status-with-bonus-badges/.
======== We are on link 103 of 167
========== raw link https://community.effecthouse.com/
========== dropped link https://community.effecthouse.com/. Didn't pass first allows/blocks test.
======== We are on link 104 of 167
========== raw link https://effecthouse.tiktok.com/download
============ Checking for Redirections: https://effecthouse.tiktok.com/download
============ Link unchanged
========== link already checked
======== We are on link 105 of 167
========== raw link http://discord.gg/effecthouse
========== dropped link http://discord.gg/effecthouse. Didn't pass first allows/blocks test.
======== We are on link 106 of 167
========== raw link https://effecthouse.tiktok.com/learn/guides/publishing/manage/effect-analytics
============ Checking for Redirections: https://effecthouse.tiktok.com/learn/guides/publishing/manage/effect-analytics
============ Link unchanged
========== scraping https://effecthouse.tiktok.com/learn/guides/publishing/manage/effect-analytics
======== We are on link 107 of 167
========== raw link https://effecthouse.tiktok.com/effect-platform/latest/news/level-up-your-creator-status-with-bonus-badges/
============ Checking for Redirections: https://effecthouse.tiktok.com/effect-platform/latest/news/level-up-your-creator-status-with-bonus-badges/
============ Link unchanged
========== link already checked
======== We are on link 108 of 167
========== raw link https://tiktok.com/@effecthouse?utm_source=web&utm_medium=blog&utm_campaign=aug24
============ Checking for Redirections: https://tiktok.com/@effecthouse?utm_source=web&utm_medium=blog&utm_campaign=aug24
========== dropped link https://tiktok.com/@effecthouse?utm_source=web&utm_medium=blog&utm_campaign=aug24. Could not follow redirection (or it was a meaninglessly small page or bot blocked by sessionID).
======== We are on link 109 of 167
========== raw link https://www.tiktok.com/about?enter_method=bottom_navigation
============ Checking for Redirections: https://www.tiktok.com/about?enter_method=bottom_navigation
========== dropped link https://www.tiktok.com/about?enter_method=bottom_navigation. Could not follow redirection (or it was a meaninglessly small page or bot blocked by sessionID).
======== We are on link 110 of 167
========== raw link https://www.tiktok.com/browse?enter_method=bottom_navigation
============ Checking for Redirections: https://www.tiktok.com/browse?enter_method=bottom_navigation
========== dropped link https://www.tiktok.com/browse?enter_method=bottom_navigation. Could not follow redirection (or it was a meaninglessly small page or bot blocked by sessionID).
======== We are on link 111 of 167
========== raw link https://newsroom.tiktok.com/en-us?enter_method=bottom_navigation
============ Checking for Redirections: https://newsroom.tiktok.com/en-us?enter_method=bottom_navigation
============ Link after cleaning: https://newsroom.tiktok.com/en-us
========== link already checked
======== We are on link 112 of 167
========== raw link https://www.tiktok.com/about/contact?enter_method=bottom_navigation
============ Checking for Redirections: https://www.tiktok.com/about/contact?enter_method=bottom_navigation
========== dropped link https://www.tiktok.com/about/contact?enter_method=bottom_navigation. Could not follow redirection (or it was a meaninglessly small page or bot blocked by sessionID).
======== We are on link 113 of 167
========== raw link https://careers.tiktok.com/?enter_method=bottom_navigation
============ Checking for Redirections: https://careers.tiktok.com/?enter_method=bottom_navigation
============ Followed Redirection to https://lifeattiktok.com/?enter_method=bottom_navigation
============ Link after cleaning: https://lifeattiktok.com/
========== link already checked
======== We are on link 114 of 167
========== raw link https://www.bytedance.com/?enter_method=bottom_navigation
========== dropped link https://www.bytedance.com/?enter_method=bottom_navigation. Didn't pass first allows/blocks test.
======== We are on link 115 of 167
========== raw link https://www.tiktok.com/forgood?enter_method=bottom_navigation
============ Checking for Redirections: https://www.tiktok.com/forgood?enter_method=bottom_navigation
========== dropped link https://www.tiktok.com/forgood?enter_method=bottom_navigation. Could not follow redirection (or it was a meaninglessly small page or bot blocked by sessionID).
======== We are on link 116 of 167
========== raw link https://www.tiktok.com/embed?enter_method=bottom_navigation
============ Checking for Redirections: https://www.tiktok.com/embed?enter_method=bottom_navigation
========== dropped link https://www.tiktok.com/embed?enter_method=bottom_navigation. Could not follow redirection (or it was a meaninglessly small page or bot blocked by sessionID).
======== We are on link 117 of 167
========== raw link https://effecthouse.tiktok.com/?enter_method=bottom_navigation
============ Checking for Redirections: https://effecthouse.tiktok.com/?enter_method=bottom_navigation
============ Link after cleaning: https://effecthouse.tiktok.com/
========== link already checked
======== We are on link 118 of 167
========== raw link https://developers.tiktok.com/?enter_method=bottom_navigation
============ Checking for Redirections: https://developers.tiktok.com/?enter_method=bottom_navigation
============ Link after cleaning: https://developers.tiktok.com/
========== link already checked
======== We are on link 119 of 167
========== raw link https://www.tiktok.com/business/&attr_source=tt_official_site&attr_medium=tt_official_site_guidance?enter_method=bottom_navigation
============ Checking for Redirections: https://www.tiktok.com/business/&attr_source=tt_official_site&attr_medium=tt_official_site_guidance?enter_method=bottom_navigation
========== dropped link https://www.tiktok.com/business/&attr_source=tt_official_site&attr_medium=tt_official_site_guidance?enter_method=bottom_navigation. Could not follow redirection (or it was a meaninglessly small page or bot blocked by sessionID).
======== We are on link 120 of 167
========== raw link https://www.tiktok.com/tiktok-rewards?enter_method=bottom_navigation
============ Checking for Redirections: https://www.tiktok.com/tiktok-rewards?enter_method=bottom_navigation
========== dropped link https://www.tiktok.com/tiktok-rewards?enter_method=bottom_navigation. Could not follow redirection (or it was a meaninglessly small page or bot blocked by sessionID).
======== We are on link 121 of 167
========== raw link https://support.tiktok.com/?enter_method=bottom_navigation
============ Checking for Redirections: https://support.tiktok.com/?enter_method=bottom_navigation
========== dropped link https://support.tiktok.com/?enter_method=bottom_navigation. Could not follow redirection (or it was a meaninglessly small page or bot blocked by sessionID).
======== We are on link 122 of 167
========== raw link https://www.tiktok.com/safety/en?enter_method=bottom_navigation
============ Checking for Redirections: https://www.tiktok.com/safety/en?enter_method=bottom_navigation
========== dropped link https://www.tiktok.com/safety/en?enter_method=bottom_navigation. Could not follow redirection (or it was a meaninglessly small page or bot blocked by sessionID).
======== We are on link 123 of 167
========== raw link https://www.tiktok.com/creator-academy?enter_method=bottom_navigation
============ Checking for Redirections: https://www.tiktok.com/creator-academy?enter_method=bottom_navigation
========== dropped link https://www.tiktok.com/creator-academy?enter_method=bottom_navigation. Could not follow redirection (or it was a meaninglessly small page or bot blocked by sessionID).
======== We are on link 124 of 167
========== raw link https://www.tiktok.com/community-guidelines?enter_method=bottom_navigation
============ Checking for Redirections: https://www.tiktok.com/community-guidelines?enter_method=bottom_navigation
========== dropped link https://www.tiktok.com/community-guidelines?enter_method=bottom_navigation. Could not follow redirection (or it was a meaninglessly small page or bot blocked by sessionID).
======== We are on link 125 of 167
========== raw link https://www.tiktok.com/transparency?enter_method=bottom_navigation
============ Checking for Redirections: https://www.tiktok.com/transparency?enter_method=bottom_navigation
========== dropped link https://www.tiktok.com/transparency?enter_method=bottom_navigation. Could not follow redirection (or it was a meaninglessly small page or bot blocked by sessionID).
======== We are on link 126 of 167
========== raw link https://www.tiktok.com/accessibility?enter_method=bottom_navigation
============ Checking for Redirections: https://www.tiktok.com/accessibility?enter_method=bottom_navigation
========== dropped link https://www.tiktok.com/accessibility?enter_method=bottom_navigation. Could not follow redirection (or it was a meaninglessly small page or bot blocked by sessionID).
======== We are on link 127 of 167
========== raw link https://www.tiktok.com/legal/cookie-policy?enter_method=bottom_navigation
============ Checking for Redirections: https://www.tiktok.com/legal/cookie-policy?enter_method=bottom_navigation
========== dropped link https://www.tiktok.com/legal/cookie-policy?enter_method=bottom_navigation. Could not follow redirection (or it was a meaninglessly small page or bot blocked by sessionID).
======== We are on link 128 of 167
========== raw link https://www.tiktok.com/legal/privacy-policy-for-younger-users?enter_method=bottom_navigation
============ Checking for Redirections: https://www.tiktok.com/legal/privacy-policy-for-younger-users?enter_method=bottom_navigation
========== dropped link https://www.tiktok.com/legal/privacy-policy-for-younger-users?enter_method=bottom_navigation. Could not follow redirection (or it was a meaninglessly small page or bot blocked by sessionID).
======== We are on link 129 of 167
========== raw link https://www.tiktok.com/legal/copyright-policy?enter_method=bottom_navigation
============ Checking for Redirections: https://www.tiktok.com/legal/copyright-policy?enter_method=bottom_navigation
========== dropped link https://www.tiktok.com/legal/copyright-policy?enter_method=bottom_navigation. Could not follow redirection (or it was a meaninglessly small page or bot blocked by sessionID).
======== We are on link 130 of 167
========== raw link https://www.tiktok.com/legal/law-enforcement?enter_method=bottom_navigation
============ Checking for Redirections: https://www.tiktok.com/legal/law-enforcement?enter_method=bottom_navigation
========== dropped link https://www.tiktok.com/legal/law-enforcement?enter_method=bottom_navigation. Could not follow redirection (or it was a meaninglessly small page or bot blocked by sessionID).
======== We are on link 131 of 167
========== raw link https://www.tiktok.com/legal/privacy-policy?enter_method=bottom_navigation
============ Checking for Redirections: https://www.tiktok.com/legal/privacy-policy?enter_method=bottom_navigation
========== dropped link https://www.tiktok.com/legal/privacy-policy?enter_method=bottom_navigation. Could not follow redirection (or it was a meaninglessly small page or bot blocked by sessionID).
======== We are on link 132 of 167
========== raw link https://www.tiktok.com/legal/terms-of-use?enter_method=bottom_navigation
============ Checking for Redirections: https://www.tiktok.com/legal/terms-of-use?enter_method=bottom_navigation
========== dropped link https://www.tiktok.com/legal/terms-of-use?enter_method=bottom_navigation. Could not follow redirection (or it was a meaninglessly small page or bot blocked by sessionID).
======== We are on link 133 of 167
========== raw link /effect-platform/latest/news/public-launch/?lang=en
============ Found Relative: joining https://effecthouse.tiktok.com/effect-platform/latest/news/public-launch/ and /effect-platform/latest/news/public-launch/?lang=en
============ Checking for Redirections: https://effecthouse.tiktok.com/effect-platform/latest/news/public-launch/?lang=en
============ Followed Redirection to https://effecthouse.tiktok.com/effect-platform/latest/news/public-launch/
============ Link after cleaning: https://effecthouse.tiktok.com/effect-platform/latest/news/public-launch/
========== link already checked
======== We are on link 134 of 167
========== raw link /effect-platform/latest/news/public-launch/?lang=es-es
============ Found Relative: joining https://effecthouse.tiktok.com/effect-platform/latest/news/public-launch/ and /effect-platform/latest/news/public-launch/?lang=es-es
============ Checking for Redirections: https://effecthouse.tiktok.com/effect-platform/latest/news/public-launch/?lang=es-es
============ Followed Redirection to https://effecthouse.tiktok.com/effect-platform/latest/news/public-launch/
============ Link after cleaning: https://effecthouse.tiktok.com/effect-platform/latest/news/public-launch/
========== link already checked
======== We are on link 135 of 167
========== raw link /effect-platform/latest/news/public-launch/?lang=pt-br
============ Found Relative: joining https://effecthouse.tiktok.com/effect-platform/latest/news/public-launch/ and /effect-platform/latest/news/public-launch/?lang=pt-br
============ Checking for Redirections: https://effecthouse.tiktok.com/effect-platform/latest/news/public-launch/?lang=pt-br
============ Followed Redirection to https://effecthouse.tiktok.com/effect-platform/latest/news/public-launch/
============ Link after cleaning: https://effecthouse.tiktok.com/effect-platform/latest/news/public-launch/
========== link already checked
======== We are on link 136 of 167
========== raw link /effect-platform/latest/news/public-launch/?lang=ja-jp
============ Found Relative: joining https://effecthouse.tiktok.com/effect-platform/latest/news/public-launch/ and /effect-platform/latest/news/public-launch/?lang=ja-jp
============ Checking for Redirections: https://effecthouse.tiktok.com/effect-platform/latest/news/public-launch/?lang=ja-jp
============ Followed Redirection to https://effecthouse.tiktok.com/effect-platform/latest/news/public-launch/
============ Link after cleaning: https://effecthouse.tiktok.com/effect-platform/latest/news/public-launch/
========== link already checked
======== We are on link 137 of 167
========== raw link /effect-platform/latest/news/public-launch/?lang=de-de
============ Found Relative: joining https://effecthouse.tiktok.com/effect-platform/latest/news/public-launch/ and /effect-platform/latest/news/public-launch/?lang=de-de
============ Checking for Redirections: https://effecthouse.tiktok.com/effect-platform/latest/news/public-launch/?lang=de-de
============ Followed Redirection to https://effecthouse.tiktok.com/effect-platform/latest/news/public-launch/
============ Link after cleaning: https://effecthouse.tiktok.com/effect-platform/latest/news/public-launch/
========== link already checked
======== We are on link 138 of 167
========== raw link /effect-platform/latest/news/public-launch/?lang=fr-fr
============ Found Relative: joining https://effecthouse.tiktok.com/effect-platform/latest/news/public-launch/ and /effect-platform/latest/news/public-launch/?lang=fr-fr
============ Checking for Redirections: https://effecthouse.tiktok.com/effect-platform/latest/news/public-launch/?lang=fr-fr
============ Followed Redirection to https://effecthouse.tiktok.com/effect-platform/latest/news/public-launch/
============ Link after cleaning: https://effecthouse.tiktok.com/effect-platform/latest/news/public-launch/
========== link already checked
======== We are on link 139 of 167
========== raw link /effect-platform/latest/news/public-launch/?lang=fr-ca
============ Found Relative: joining https://effecthouse.tiktok.com/effect-platform/latest/news/public-launch/ and /effect-platform/latest/news/public-launch/?lang=fr-ca
============ Checking for Redirections: https://effecthouse.tiktok.com/effect-platform/latest/news/public-launch/?lang=fr-ca
============ Followed Redirection to https://effecthouse.tiktok.com/effect-platform/latest/news/public-launch/
============ Link after cleaning: https://effecthouse.tiktok.com/effect-platform/latest/news/public-launch/
========== link already checked
======== We are on link 140 of 167
========== raw link /effect-platform/latest/news/public-launch/?lang=ko-kr
============ Found Relative: joining https://effecthouse.tiktok.com/effect-platform/latest/news/public-launch/ and /effect-platform/latest/news/public-launch/?lang=ko-kr
============ Checking for Redirections: https://effecthouse.tiktok.com/effect-platform/latest/news/public-launch/?lang=ko-kr
============ Followed Redirection to https://effecthouse.tiktok.com/effect-platform/latest/news/public-launch/
============ Link after cleaning: https://effecthouse.tiktok.com/effect-platform/latest/news/public-launch/
========== link already checked
======== We are on link 141 of 167
========== raw link /effect-platform/latest/news/public-launch/?lang=uk-ua
============ Found Relative: joining https://effecthouse.tiktok.com/effect-platform/latest/news/public-launch/ and /effect-platform/latest/news/public-launch/?lang=uk-ua
============ Checking for Redirections: https://effecthouse.tiktok.com/effect-platform/latest/news/public-launch/?lang=uk-ua
============ Followed Redirection to https://effecthouse.tiktok.com/effect-platform/latest/news/public-launch/
============ Link after cleaning: https://effecthouse.tiktok.com/effect-platform/latest/news/public-launch/
========== link already checked
======== We are on link 142 of 167
========== raw link /effect-platform/latest/news/public-launch/?lang=ru-ru
============ Found Relative: joining https://effecthouse.tiktok.com/effect-platform/latest/news/public-launch/ and /effect-platform/latest/news/public-launch/?lang=ru-ru
============ Checking for Redirections: https://effecthouse.tiktok.com/effect-platform/latest/news/public-launch/?lang=ru-ru
============ Followed Redirection to https://effecthouse.tiktok.com/effect-platform/latest/news/public-launch/
============ Link after cleaning: https://effecthouse.tiktok.com/effect-platform/latest/news/public-launch/
========== link already checked
======== We are on link 143 of 167
========== raw link /effect-platform/latest/news/public-launch/?lang=it-it
============ Found Relative: joining https://effecthouse.tiktok.com/effect-platform/latest/news/public-launch/ and /effect-platform/latest/news/public-launch/?lang=it-it
============ Checking for Redirections: https://effecthouse.tiktok.com/effect-platform/latest/news/public-launch/?lang=it-it
============ Followed Redirection to https://effecthouse.tiktok.com/effect-platform/latest/news/public-launch/
============ Link after cleaning: https://effecthouse.tiktok.com/effect-platform/latest/news/public-launch/
========== link already checked
======== We are on link 144 of 167
========== raw link /effect-platform/latest/news/public-launch/?lang=nl-nl
============ Found Relative: joining https://effecthouse.tiktok.com/effect-platform/latest/news/public-launch/ and /effect-platform/latest/news/public-launch/?lang=nl-nl
============ Checking for Redirections: https://effecthouse.tiktok.com/effect-platform/latest/news/public-launch/?lang=nl-nl
============ Followed Redirection to https://effecthouse.tiktok.com/effect-platform/latest/news/public-launch/
============ Link after cleaning: https://effecthouse.tiktok.com/effect-platform/latest/news/public-launch/
========== link already checked
======== We are on link 145 of 167
========== raw link /effect-platform/latest/news/public-launch/?lang=id-id
============ Found Relative: joining https://effecthouse.tiktok.com/effect-platform/latest/news/public-launch/ and /effect-platform/latest/news/public-launch/?lang=id-id
============ Checking for Redirections: https://effecthouse.tiktok.com/effect-platform/latest/news/public-launch/?lang=id-id
============ Followed Redirection to https://effecthouse.tiktok.com/effect-platform/latest/news/public-launch/
============ Link after cleaning: https://effecthouse.tiktok.com/effect-platform/latest/news/public-launch/
========== link already checked
======== We are on link 146 of 167
========== raw link /effect-platform/latest/news/public-launch/?lang=vi-vn
============ Found Relative: joining https://effecthouse.tiktok.com/effect-platform/latest/news/public-launch/ and /effect-platform/latest/news/public-launch/?lang=vi-vn
============ Checking for Redirections: https://effecthouse.tiktok.com/effect-platform/latest/news/public-launch/?lang=vi-vn
============ Followed Redirection to https://effecthouse.tiktok.com/effect-platform/latest/news/public-launch/
============ Link after cleaning: https://effecthouse.tiktok.com/effect-platform/latest/news/public-launch/
========== link already checked
======== We are on link 147 of 167
========== raw link /effect-platform/latest/news/public-launch/?lang=th-th
============ Found Relative: joining https://effecthouse.tiktok.com/effect-platform/latest/news/public-launch/ and /effect-platform/latest/news/public-launch/?lang=th-th
============ Checking for Redirections: https://effecthouse.tiktok.com/effect-platform/latest/news/public-launch/?lang=th-th
============ Followed Redirection to https://effecthouse.tiktok.com/effect-platform/latest/news/public-launch/
============ Link after cleaning: https://effecthouse.tiktok.com/effect-platform/latest/news/public-launch/
========== link already checked
======== We are on link 148 of 167
========== raw link /effect-platform/latest/news/public-launch/?lang=sv-se
============ Found Relative: joining https://effecthouse.tiktok.com/effect-platform/latest/news/public-launch/ and /effect-platform/latest/news/public-launch/?lang=sv-se
============ Checking for Redirections: https://effecthouse.tiktok.com/effect-platform/latest/news/public-launch/?lang=sv-se
============ Followed Redirection to https://effecthouse.tiktok.com/effect-platform/latest/news/public-launch/
============ Link after cleaning: https://effecthouse.tiktok.com/effect-platform/latest/news/public-launch/
========== link already checked
======== We are on link 149 of 167
========== raw link /effect-platform/latest/news/public-launch/?lang=pl-pl
============ Found Relative: joining https://effecthouse.tiktok.com/effect-platform/latest/news/public-launch/ and /effect-platform/latest/news/public-launch/?lang=pl-pl
============ Checking for Redirections: https://effecthouse.tiktok.com/effect-platform/latest/news/public-launch/?lang=pl-pl
============ Followed Redirection to https://effecthouse.tiktok.com/effect-platform/latest/news/public-launch/
============ Link after cleaning: https://effecthouse.tiktok.com/effect-platform/latest/news/public-launch/
========== link already checked
======== We are on link 150 of 167
========== raw link /effect-platform/latest/news/public-launch/?lang=tr-tr
============ Found Relative: joining https://effecthouse.tiktok.com/effect-platform/latest/news/public-launch/ and /effect-platform/latest/news/public-launch/?lang=tr-tr
============ Checking for Redirections: https://effecthouse.tiktok.com/effect-platform/latest/news/public-launch/?lang=tr-tr
============ Followed Redirection to https://effecthouse.tiktok.com/effect-platform/latest/news/public-launch/
============ Link after cleaning: https://effecthouse.tiktok.com/effect-platform/latest/news/public-launch/
========== link already checked
======== We are on link 151 of 167
========== raw link /effect-platform/latest/news/public-launch/?lang=he-il
============ Found Relative: joining https://effecthouse.tiktok.com/effect-platform/latest/news/public-launch/ and /effect-platform/latest/news/public-launch/?lang=he-il
============ Checking for Redirections: https://effecthouse.tiktok.com/effect-platform/latest/news/public-launch/?lang=he-il
============ Followed Redirection to https://effecthouse.tiktok.com/effect-platform/latest/news/public-launch/
============ Link after cleaning: https://effecthouse.tiktok.com/effect-platform/latest/news/public-launch/
========== link already checked
======== We are on link 152 of 167
========== raw link /effect-platform/latest/news/public-launch/?lang=ur-pk
============ Found Relative: joining https://effecthouse.tiktok.com/effect-platform/latest/news/public-launch/ and /effect-platform/latest/news/public-launch/?lang=ur-pk
============ Checking for Redirections: https://effecthouse.tiktok.com/effect-platform/latest/news/public-launch/?lang=ur-pk
============ Followed Redirection to https://effecthouse.tiktok.com/effect-platform/latest/news/public-launch/
============ Link after cleaning: https://effecthouse.tiktok.com/effect-platform/latest/news/public-launch/
========== link already checked
======== We are on link 153 of 167
========== raw link /effect-platform/latest/news/public-launch/?lang=bn-bd
============ Found Relative: joining https://effecthouse.tiktok.com/effect-platform/latest/news/public-launch/ and /effect-platform/latest/news/public-launch/?lang=bn-bd
============ Checking for Redirections: https://effecthouse.tiktok.com/effect-platform/latest/news/public-launch/?lang=bn-bd
============ Followed Redirection to https://effecthouse.tiktok.com/effect-platform/latest/news/public-launch/
============ Link after cleaning: https://effecthouse.tiktok.com/effect-platform/latest/news/public-launch/
========== link already checked
======== We are on link 154 of 167
========== raw link /effect-platform/latest/news/public-launch/?lang=zh-tw
============ Found Relative: joining https://effecthouse.tiktok.com/effect-platform/latest/news/public-launch/ and /effect-platform/latest/news/public-launch/?lang=zh-tw
============ Checking for Redirections: https://effecthouse.tiktok.com/effect-platform/latest/news/public-launch/?lang=zh-tw
============ Followed Redirection to https://effecthouse.tiktok.com/effect-platform/latest/news/public-launch/
============ Link after cleaning: https://effecthouse.tiktok.com/effect-platform/latest/news/public-launch/
========== link already checked
======== We are on link 155 of 167
========== raw link /effect-platform/latest/news/public-launch/?lang=ms-my
============ Found Relative: joining https://effecthouse.tiktok.com/effect-platform/latest/news/public-launch/ and /effect-platform/latest/news/public-launch/?lang=ms-my
============ Checking for Redirections: https://effecthouse.tiktok.com/effect-platform/latest/news/public-launch/?lang=ms-my
============ Followed Redirection to https://effecthouse.tiktok.com/effect-platform/latest/news/public-launch/
============ Link after cleaning: https://effecthouse.tiktok.com/effect-platform/latest/news/public-launch/
========== link already checked
======== We are on link 156 of 167
========== raw link /effect-platform/latest/news/public-launch/?lang=ceb-ph
============ Found Relative: joining https://effecthouse.tiktok.com/effect-platform/latest/news/public-launch/ and /effect-platform/latest/news/public-launch/?lang=ceb-ph
============ Checking for Redirections: https://effecthouse.tiktok.com/effect-platform/latest/news/public-launch/?lang=ceb-ph
============ Followed Redirection to https://effecthouse.tiktok.com/effect-platform/latest/news/public-launch/
============ Link after cleaning: https://effecthouse.tiktok.com/effect-platform/latest/news/public-launch/
========== link already checked
======== We are on link 157 of 167
========== raw link /effect-platform/latest/news/public-launch/?lang=tl-ph
============ Found Relative: joining https://effecthouse.tiktok.com/effect-platform/latest/news/public-launch/ and /effect-platform/latest/news/public-launch/?lang=tl-ph
============ Checking for Redirections: https://effecthouse.tiktok.com/effect-platform/latest/news/public-launch/?lang=tl-ph
============ Followed Redirection to https://effecthouse.tiktok.com/effect-platform/latest/news/public-launch/
============ Link after cleaning: https://effecthouse.tiktok.com/effect-platform/latest/news/public-launch/
========== link already checked
======== We are on link 158 of 167
========== raw link /effect-platform/latest/news/public-launch/?lang=ar
============ Found Relative: joining https://effecthouse.tiktok.com/effect-platform/latest/news/public-launch/ and /effect-platform/latest/news/public-launch/?lang=ar
============ Checking for Redirections: https://effecthouse.tiktok.com/effect-platform/latest/news/public-launch/?lang=ar
============ Followed Redirection to https://effecthouse.tiktok.com/effect-platform/latest/news/public-launch/
============ Link after cleaning: https://effecthouse.tiktok.com/effect-platform/latest/news/public-launch/
========== link already checked
======== We are on link 159 of 167
========== raw link /effect-platform/latest/news/public-launch/?lang=fi-fi
============ Found Relative: joining https://effecthouse.tiktok.com/effect-platform/latest/news/public-launch/ and /effect-platform/latest/news/public-launch/?lang=fi-fi
============ Checking for Redirections: https://effecthouse.tiktok.com/effect-platform/latest/news/public-launch/?lang=fi-fi
============ Followed Redirection to https://effecthouse.tiktok.com/effect-platform/latest/news/public-launch/
============ Link after cleaning: https://effecthouse.tiktok.com/effect-platform/latest/news/public-launch/
========== link already checked
======== We are on link 160 of 167
========== raw link /effect-platform/latest/news/public-launch/?lang=jv-id
============ Found Relative: joining https://effecthouse.tiktok.com/effect-platform/latest/news/public-launch/ and /effect-platform/latest/news/public-launch/?lang=jv-id
============ Checking for Redirections: https://effecthouse.tiktok.com/effect-platform/latest/news/public-launch/?lang=jv-id
============ Followed Redirection to https://effecthouse.tiktok.com/effect-platform/latest/news/public-launch/
============ Link after cleaning: https://effecthouse.tiktok.com/effect-platform/latest/news/public-launch/
========== link already checked
======== We are on link 161 of 167
========== raw link /effect-platform/latest/news/public-launch/?lang=cs-cz
============ Found Relative: joining https://effecthouse.tiktok.com/effect-platform/latest/news/public-launch/ and /effect-platform/latest/news/public-launch/?lang=cs-cz
============ Checking for Redirections: https://effecthouse.tiktok.com/effect-platform/latest/news/public-launch/?lang=cs-cz
============ Followed Redirection to https://effecthouse.tiktok.com/effect-platform/latest/news/public-launch/
============ Link after cleaning: https://effecthouse.tiktok.com/effect-platform/latest/news/public-launch/
========== link already checked
======== We are on link 162 of 167
========== raw link /effect-platform/latest/news/public-launch/?lang=hu-hu
============ Found Relative: joining https://effecthouse.tiktok.com/effect-platform/latest/news/public-launch/ and /effect-platform/latest/news/public-launch/?lang=hu-hu
============ Checking for Redirections: https://effecthouse.tiktok.com/effect-platform/latest/news/public-launch/?lang=hu-hu
============ Followed Redirection to https://effecthouse.tiktok.com/effect-platform/latest/news/public-launch/
============ Link after cleaning: https://effecthouse.tiktok.com/effect-platform/latest/news/public-launch/
========== link already checked
======== We are on link 163 of 167
========== raw link /effect-platform/latest/news/public-launch/?lang=ro-ro
============ Found Relative: joining https://effecthouse.tiktok.com/effect-platform/latest/news/public-launch/ and /effect-platform/latest/news/public-launch/?lang=ro-ro
============ Checking for Redirections: https://effecthouse.tiktok.com/effect-platform/latest/news/public-launch/?lang=ro-ro
============ Followed Redirection to https://effecthouse.tiktok.com/effect-platform/latest/news/public-launch/
============ Link after cleaning: https://effecthouse.tiktok.com/effect-platform/latest/news/public-launch/
========== link already checked
======== We are on link 164 of 167
========== raw link /effect-platform/latest/news/public-launch/?lang=el-gr
============ Found Relative: joining https://effecthouse.tiktok.com/effect-platform/latest/news/public-launch/ and /effect-platform/latest/news/public-launch/?lang=el-gr
============ Checking for Redirections: https://effecthouse.tiktok.com/effect-platform/latest/news/public-launch/?lang=el-gr
============ Followed Redirection to https://effecthouse.tiktok.com/effect-platform/latest/news/public-launch/
============ Link after cleaning: https://effecthouse.tiktok.com/effect-platform/latest/news/public-launch/
========== link already checked
======== We are on link 165 of 167
========== raw link /effect-platform/latest/news/public-launch/?lang=hi-in
============ Found Relative: joining https://effecthouse.tiktok.com/effect-platform/latest/news/public-launch/ and /effect-platform/latest/news/public-launch/?lang=hi-in
============ Checking for Redirections: https://effecthouse.tiktok.com/effect-platform/latest/news/public-launch/?lang=hi-in
============ Followed Redirection to https://effecthouse.tiktok.com/effect-platform/latest/news/public-launch/
============ Link after cleaning: https://effecthouse.tiktok.com/effect-platform/latest/news/public-launch/
========== link already checked
======== We are on link 166 of 167
========== raw link /effect-platform/latest/news/public-launch/?lang=my-mm
============ Found Relative: joining https://effecthouse.tiktok.com/effect-platform/latest/news/public-launch/ and /effect-platform/latest/news/public-launch/?lang=my-mm
============ Checking for Redirections: https://effecthouse.tiktok.com/effect-platform/latest/news/public-launch/?lang=my-mm
============ Followed Redirection to https://effecthouse.tiktok.com/effect-platform/latest/news/public-launch/
============ Link after cleaning: https://effecthouse.tiktok.com/effect-platform/latest/news/public-launch/
========== link already checked
======== We are on link 167 of 167
========== raw link /effect-platform/latest/news/public-launch/?lang=km-kh
============ Found Relative: joining https://effecthouse.tiktok.com/effect-platform/latest/news/public-launch/ and /effect-platform/latest/news/public-launch/?lang=km-kh
============ Checking for Redirections: https://effecthouse.tiktok.com/effect-platform/latest/news/public-launch/?lang=km-kh
============ Followed Redirection to https://effecthouse.tiktok.com/effect-platform/latest/news/public-launch/
============ Link after cleaning: https://effecthouse.tiktok.com/effect-platform/latest/news/public-launch/
========== link already checked
==== Number of new pages added: 83
== Finished scraping tiktok.com-AI_Moderation in 770.1999 seconds.
== Writing to db file
== Done (/home/oscarc/ContentModerationWebScraper/data/05_04_25_19_25/all_htmls/AI_Moderation_tiktok_com_05_04_25_19_25.json)
== Completed with Errors, search for error in logs
