== Conducting scraping for AI_Moderation on pornhub.com
== Getting initial 6 pages in sheet
==== We are at iteration 1 (tree depth).
====== We are on page 1 of 6: https://help.pornhub.com/hc/en-us/categories/4419836205203-F-A-Qs
====== Number of Links on this Page: 252
======== We are on link 1 of 252
========== raw link /hc/en-us
============ Found Relative: joining https://help.pornhub.com/hc/en-us/categories/4419836205203-F-A-Qs and /hc/en-us
============ Checking for Redirections: https://help.pornhub.com/hc/en-us
============ Link after cleaning: https://help.pornhub.com/hc/en-us
========== scraping https://help.pornhub.com/hc/en-us
======== We are on link 2 of 252
========== raw link https://www.pornhub.com/support
============ Checking for Redirections: https://www.pornhub.com/support
============ Link unchanged
========== scraping https://www.pornhub.com/support
============ New link added. Search term (AI) found on https://www.pornhub.com/support.
======== We are on link 3 of 252
========== raw link /hc/en-us/signin?return_to=https%3A%2F%2Fhelp.pornhub.com%2Fhc%2Fen-us%2Fcategories%2F4419836205203-F-A-Qs&locale=en-us
============ Prepended scheme.
============ Checking for Redirections: https://hc/en-us/signin?return_to=https%3A%2F%2Fhelp.pornhub.com%2Fhc%2Fen-us%2Fcategories%2F4419836205203-F-A-Qs&locale=en-us
========== dropped link https://hc/en-us/signin?return_to=https%3A%2F%2Fhelp.pornhub.com%2Fhc%2Fen-us%2Fcategories%2F4419836205203-F-A-Qs&locale=en-us. Could not follow redirection (or it was a meaninglessly small page or bot blocked by sessionID).
======== We are on link 4 of 252
========== raw link /hc/en-us
============ Found Relative: joining https://help.pornhub.com/hc/en-us/categories/4419836205203-F-A-Qs and /hc/en-us
============ Checking for Redirections: https://help.pornhub.com/hc/en-us
============ Link after cleaning: https://help.pornhub.com/hc/en-us
========== link already checked
======== We are on link 5 of 252
========== raw link /hc
============ Found Relative: joining https://help.pornhub.com/hc/en-us/categories/4419836205203-F-A-Qs and /hc
============ Checking for Redirections: https://help.pornhub.com/hc
============ Followed Redirection to https://help.pornhub.com/hc/en-us
============ Link after cleaning: https://help.pornhub.com/hc/en-us
========== link already checked
======== We are on link 6 of 252
========== raw link https://help.pornhub.com/hc/en-us/articles/4419879760403-How-to-Sign-Up-and-Join-the-Model-Program
============ Checking for Redirections: https://help.pornhub.com/hc/en-us/articles/4419879760403-How-to-Sign-Up-and-Join-the-Model-Program
============ Link unchanged
========== scraping https://help.pornhub.com/hc/en-us/articles/4419879760403-How-to-Sign-Up-and-Join-the-Model-Program
======== We are on link 7 of 252
========== raw link https://help.pornhub.com/hc/en-us/articles/4419875178131-Model-Agreement
============ Checking for Redirections: https://help.pornhub.com/hc/en-us/articles/4419875178131-Model-Agreement
============ Link unchanged
========== scraping https://help.pornhub.com/hc/en-us/articles/4419875178131-Model-Agreement
======== We are on link 8 of 252
========== raw link https://help.pornhub.com/hc/en-us/articles/22370181992083-Working-with-Co-Performers
============ Checking for Redirections: https://help.pornhub.com/hc/en-us/articles/22370181992083-Working-with-Co-Performers
============ Link unchanged
========== scraping https://help.pornhub.com/hc/en-us/articles/22370181992083-Working-with-Co-Performers
======== We are on link 9 of 252
========== raw link https://help.pornhub.com/hc/en-us/articles/4419896613651-What-Co-Performer-Verification-Tools-are-Available
============ Checking for Redirections: https://help.pornhub.com/hc/en-us/articles/4419896613651-What-Co-Performer-Verification-Tools-are-Available
============ Link unchanged
========== scraping https://help.pornhub.com/hc/en-us/articles/4419896613651-What-Co-Performer-Verification-Tools-are-Available
======== We are on link 10 of 252
========== raw link https://help.pornhub.com/hc/en-us/articles/4419856820115-Yoti-Supported-Documents-Per-Country
============ Checking for Redirections: https://help.pornhub.com/hc/en-us/articles/4419856820115-Yoti-Supported-Documents-Per-Country
============ Link unchanged
========== scraping https://help.pornhub.com/hc/en-us/articles/4419856820115-Yoti-Supported-Documents-Per-Country
======== We are on link 11 of 252
========== raw link https://help.pornhub.com/hc/en-us/articles/4419867936403-Pornhub-Model-Ranks
============ Checking for Redirections: https://help.pornhub.com/hc/en-us/articles/4419867936403-Pornhub-Model-Ranks
============ Link unchanged
========== scraping https://help.pornhub.com/hc/en-us/articles/4419867936403-Pornhub-Model-Ranks
======== We are on link 12 of 252
========== raw link https://help.pornhub.com/hc/en-us/articles/4419860873747-Common-Questions
============ Checking for Redirections: https://help.pornhub.com/hc/en-us/articles/4419860873747-Common-Questions
============ Link unchanged
========== scraping https://help.pornhub.com/hc/en-us/articles/4419860873747-Common-Questions
======== We are on link 13 of 252
========== raw link https://help.pornhub.com/hc/en-us/articles/37688572620691-What-is-a-Verification-Image
============ Checking for Redirections: https://help.pornhub.com/hc/en-us/articles/37688572620691-What-is-a-Verification-Image
============ Link unchanged
========== scraping https://help.pornhub.com/hc/en-us/articles/37688572620691-What-is-a-Verification-Image
======== We are on link 14 of 252
========== raw link https://help.pornhub.com/hc/en-us/articles/30044084286099-How-do-I-set-up-Two-Factor-Authentication
============ Checking for Redirections: https://help.pornhub.com/hc/en-us/articles/30044084286099-How-do-I-set-up-Two-Factor-Authentication
============ Link unchanged
========== scraping https://help.pornhub.com/hc/en-us/articles/30044084286099-How-do-I-set-up-Two-Factor-Authentication
======== We are on link 15 of 252
========== raw link https://help.pornhub.com/hc/en-us/articles/25071002518163-Sponsored-Content
============ Checking for Redirections: https://help.pornhub.com/hc/en-us/articles/25071002518163-Sponsored-Content
============ Link unchanged
========== scraping https://help.pornhub.com/hc/en-us/articles/25071002518163-Sponsored-Content
======== We are on link 16 of 252
========== raw link https://help.pornhub.com/hc/en-us/articles/4419890393619-Setting-Up-Your-Profile
============ Checking for Redirections: https://help.pornhub.com/hc/en-us/articles/4419890393619-Setting-Up-Your-Profile
============ Link unchanged
========== scraping https://help.pornhub.com/hc/en-us/articles/4419890393619-Setting-Up-Your-Profile
======== We are on link 17 of 252
========== raw link https://help.pornhub.com/hc/en-us/articles/4419872101139-Earnings-and-Payments
============ Checking for Redirections: https://help.pornhub.com/hc/en-us/articles/4419872101139-Earnings-and-Payments
============ Link unchanged
========== scraping https://help.pornhub.com/hc/en-us/articles/4419872101139-Earnings-and-Payments
======== We are on link 18 of 252
========== raw link https://help.pornhub.com/hc/en-us/articles/4419870696083-How-To-Upload-Videos
============ Checking for Redirections: https://help.pornhub.com/hc/en-us/articles/4419870696083-How-To-Upload-Videos
============ Link unchanged
========== scraping https://help.pornhub.com/hc/en-us/articles/4419870696083-How-To-Upload-Videos
======== We are on link 19 of 252
========== raw link https://help.pornhub.com/hc/en-us/articles/6371832116627-Become-a-Creator-for-Animated-Audio-Gameplay-or-Compilations-Content
============ Checking for Redirections: https://help.pornhub.com/hc/en-us/articles/6371832116627-Become-a-Creator-for-Animated-Audio-Gameplay-or-Compilations-Content
============ Link unchanged
========== scraping https://help.pornhub.com/hc/en-us/articles/6371832116627-Become-a-Creator-for-Animated-Audio-Gameplay-or-Compilations-Content
======== We are on link 20 of 252
========== raw link https://help.pornhub.com/hc/en-us/articles/4419862880787-Online-Safety-and-Content-Removal
============ Checking for Redirections: https://help.pornhub.com/hc/en-us/articles/4419862880787-Online-Safety-and-Content-Removal
============ Link unchanged
========== scraping https://help.pornhub.com/hc/en-us/articles/4419862880787-Online-Safety-and-Content-Removal
======== We are on link 21 of 252
========== raw link https://help.pornhub.com/hc/en-us/articles/29831714844307-Can-I-Still-Monetize-Shorter-Videos
============ Checking for Redirections: https://help.pornhub.com/hc/en-us/articles/29831714844307-Can-I-Still-Monetize-Shorter-Videos
============ Link unchanged
========== scraping https://help.pornhub.com/hc/en-us/articles/29831714844307-Can-I-Still-Monetize-Shorter-Videos
======== We are on link 22 of 252
========== raw link https://help.pornhub.com/hc/en-us/articles/26238818095635-What-Are-Tiers
============ Checking for Redirections: https://help.pornhub.com/hc/en-us/articles/26238818095635-What-Are-Tiers
============ Link unchanged
========== scraping https://help.pornhub.com/hc/en-us/articles/26238818095635-What-Are-Tiers
======== We are on link 23 of 252
========== raw link https://help.pornhub.com/hc/en-us/articles/26163541571091-When-Does-the-Tiers-Program-Begin
============ Checking for Redirections: https://help.pornhub.com/hc/en-us/articles/26163541571091-When-Does-the-Tiers-Program-Begin
============ Link unchanged
========== scraping https://help.pornhub.com/hc/en-us/articles/26163541571091-When-Does-the-Tiers-Program-Begin
======== We are on link 24 of 252
========== raw link https://help.pornhub.com/hc/en-us/articles/26163716355731-Can-I-Do-Batch-Uploads-and-Scheduled-Releases
============ Checking for Redirections: https://help.pornhub.com/hc/en-us/articles/26163716355731-Can-I-Do-Batch-Uploads-and-Scheduled-Releases
============ Link unchanged
========== scraping https://help.pornhub.com/hc/en-us/articles/26163716355731-Can-I-Do-Batch-Uploads-and-Scheduled-Releases
======== We are on link 25 of 252
========== raw link https://help.pornhub.com/hc/en-us/articles/26163424150035-How-Do-Tiers-Work
============ Checking for Redirections: https://help.pornhub.com/hc/en-us/articles/26163424150035-How-Do-Tiers-Work
============ Link unchanged
========== scraping https://help.pornhub.com/hc/en-us/articles/26163424150035-How-Do-Tiers-Work
======== We are on link 26 of 252
========== raw link https://help.pornhub.com/hc/en-us/articles/26163601244307-How-Can-I-Move-Up-in-Tiers
============ Checking for Redirections: https://help.pornhub.com/hc/en-us/articles/26163601244307-How-Can-I-Move-Up-in-Tiers
============ Link unchanged
========== scraping https://help.pornhub.com/hc/en-us/articles/26163601244307-How-Can-I-Move-Up-in-Tiers
======== We are on link 27 of 252
========== raw link https://help.pornhub.com/hc/en-us/articles/26163645796755-Where-Can-I-See-my-Current-Tier
============ Checking for Redirections: https://help.pornhub.com/hc/en-us/articles/26163645796755-Where-Can-I-See-my-Current-Tier
============ Link unchanged
========== scraping https://help.pornhub.com/hc/en-us/articles/26163645796755-Where-Can-I-See-my-Current-Tier
======== We are on link 28 of 252
========== raw link https://help.pornhub.com/hc/en-us/articles/26163503999763-How-Often-Will-Tiers-be-Assessed
============ Checking for Redirections: https://help.pornhub.com/hc/en-us/articles/26163503999763-How-Often-Will-Tiers-be-Assessed
============ Link unchanged
========== scraping https://help.pornhub.com/hc/en-us/articles/26163503999763-How-Often-Will-Tiers-be-Assessed
======== We are on link 29 of 252
========== raw link https://help.pornhub.com/hc/en-us/articles/26163607577875-How-is-Ad-Revenue-Calculated
============ Checking for Redirections: https://help.pornhub.com/hc/en-us/articles/26163607577875-How-is-Ad-Revenue-Calculated
============ Link unchanged
========== scraping https://help.pornhub.com/hc/en-us/articles/26163607577875-How-is-Ad-Revenue-Calculated
======== We are on link 30 of 252
========== raw link https://help.pornhub.com/hc/en-us/articles/26163687990547-How-Do-I-Remain-Active-in-the-Tiers-Program
============ Checking for Redirections: https://help.pornhub.com/hc/en-us/articles/26163687990547-How-Do-I-Remain-Active-in-the-Tiers-Program
============ Link unchanged
========== scraping https://help.pornhub.com/hc/en-us/articles/26163687990547-How-Do-I-Remain-Active-in-the-Tiers-Program
======== We are on link 31 of 252
========== raw link https://help.pornhub.com/hc/en-us/articles/26163624356371-What-Happens-if-I-Forget-to-Upload-a-Video-Each-Quarter
============ Checking for Redirections: https://help.pornhub.com/hc/en-us/articles/26163624356371-What-Happens-if-I-Forget-to-Upload-a-Video-Each-Quarter
============ Link unchanged
========== scraping https://help.pornhub.com/hc/en-us/articles/26163624356371-What-Happens-if-I-Forget-to-Upload-a-Video-Each-Quarter
======== We are on link 32 of 252
========== raw link https://help.pornhub.com/hc/en-us/articles/26163637347731-What-if-I-Create-a-Model-Account-in-the-Middle-of-the-Quarter
============ Checking for Redirections: https://help.pornhub.com/hc/en-us/articles/26163637347731-What-if-I-Create-a-Model-Account-in-the-Middle-of-the-Quarter
============ Link unchanged
========== scraping https://help.pornhub.com/hc/en-us/articles/26163637347731-What-if-I-Create-a-Model-Account-in-the-Middle-of-the-Quarter
======== We are on link 33 of 252
========== raw link https://help.pornhub.com/hc/en-us/articles/26163575091219-What-Rank-Appears-on-My-Model-Profile
============ Checking for Redirections: https://help.pornhub.com/hc/en-us/articles/26163575091219-What-Rank-Appears-on-My-Model-Profile
============ Link unchanged
========== scraping https://help.pornhub.com/hc/en-us/articles/26163575091219-What-Rank-Appears-on-My-Model-Profile
======== We are on link 34 of 252
========== raw link https://help.pornhub.com/hc/en-us/articles/32742698880019-Why-can-t-I-find-a-Collaborator-when-trying-to-tag-them
============ Checking for Redirections: https://help.pornhub.com/hc/en-us/articles/32742698880019-Why-can-t-I-find-a-Collaborator-when-trying-to-tag-them
============ Link unchanged
========== scraping https://help.pornhub.com/hc/en-us/articles/32742698880019-Why-can-t-I-find-a-Collaborator-when-trying-to-tag-them
======== We are on link 35 of 252
========== raw link https://help.pornhub.com/hc/en-us/articles/32742701808275-Can-I-tag-a-Model-twice-if-I-have-them-as-a-Co-Performer-and-Collaborator
============ Checking for Redirections: https://help.pornhub.com/hc/en-us/articles/32742701808275-Can-I-tag-a-Model-twice-if-I-have-them-as-a-Co-Performer-and-Collaborator
============ Link unchanged
========== scraping https://help.pornhub.com/hc/en-us/articles/32742701808275-Can-I-tag-a-Model-twice-if-I-have-them-as-a-Co-Performer-and-Collaborator
======== We are on link 36 of 252
========== raw link https://help.pornhub.com/hc/en-us/articles/32742657804563-How-do-I-tag-a-Collaborator
============ Checking for Redirections: https://help.pornhub.com/hc/en-us/articles/32742657804563-How-do-I-tag-a-Collaborator
============ Link unchanged
========== scraping https://help.pornhub.com/hc/en-us/articles/32742657804563-How-do-I-tag-a-Collaborator
======== We are on link 37 of 252
========== raw link https://help.pornhub.com/hc/en-us/articles/32737476610835-Will-my-tagged-Collaborators-appear-on-the-video
============ Checking for Redirections: https://help.pornhub.com/hc/en-us/articles/32737476610835-Will-my-tagged-Collaborators-appear-on-the-video
============ Link unchanged
========== scraping https://help.pornhub.com/hc/en-us/articles/32737476610835-Will-my-tagged-Collaborators-appear-on-the-video
======== We are on link 38 of 252
========== raw link https://help.pornhub.com/hc/en-us/articles/31896858829075-Spam-and-Abuse-Rules-and-Consequences
============ Checking for Redirections: https://help.pornhub.com/hc/en-us/articles/31896858829075-Spam-and-Abuse-Rules-and-Consequences
============ Link unchanged
========== scraping https://help.pornhub.com/hc/en-us/articles/31896858829075-Spam-and-Abuse-Rules-and-Consequences
======== We are on link 39 of 252
========== raw link https://help.pornhub.com/hc/en-us/articles/32737108701587-What-is-Collaborators
============ Checking for Redirections: https://help.pornhub.com/hc/en-us/articles/32737108701587-What-is-Collaborators
============ Link unchanged
========== scraping https://help.pornhub.com/hc/en-us/articles/32737108701587-What-is-Collaborators
======== We are on link 40 of 252
========== raw link https://help.pornhub.com/hc/en-us/articles/32737163246739-How-does-Collaborators-work
============ Checking for Redirections: https://help.pornhub.com/hc/en-us/articles/32737163246739-How-does-Collaborators-work
============ Link unchanged
========== scraping https://help.pornhub.com/hc/en-us/articles/32737163246739-How-does-Collaborators-work
======== We are on link 41 of 252
========== raw link https://help.pornhub.com/hc/en-us/articles/32737248805267-Can-I-still-submit-IDs-and-Release-Forms
============ Checking for Redirections: https://help.pornhub.com/hc/en-us/articles/32737248805267-Can-I-still-submit-IDs-and-Release-Forms
============ Link unchanged
========== scraping https://help.pornhub.com/hc/en-us/articles/32737248805267-Can-I-still-submit-IDs-and-Release-Forms
======== We are on link 42 of 252
========== raw link https://help.pornhub.com/hc/en-us/articles/32744739375891-Can-I-still-upload-a-Model-as-a-Co-Performer-if-my-Collaboration-Request-gets-rejected
============ Checking for Redirections: https://help.pornhub.com/hc/en-us/articles/32744739375891-Can-I-still-upload-a-Model-as-a-Co-Performer-if-my-Collaboration-Request-gets-rejected
============ Link unchanged
========== scraping https://help.pornhub.com/hc/en-us/articles/32744739375891-Can-I-still-upload-a-Model-as-a-Co-Performer-if-my-Collaboration-Request-gets-rejected
======== We are on link 43 of 252
========== raw link https://help.pornhub.com/hc/en-us/articles/32742771883027-Why-is-my-collab-request-button-disabled
============ Checking for Redirections: https://help.pornhub.com/hc/en-us/articles/32742771883027-Why-is-my-collab-request-button-disabled
============ Link unchanged
========== scraping https://help.pornhub.com/hc/en-us/articles/32742771883027-Why-is-my-collab-request-button-disabled
======== We are on link 44 of 252
========== raw link https://help.pornhub.com/hc/en-us/articles/32737712766867-Can-I-opt-out-of-being-a-Collaborator
============ Checking for Redirections: https://help.pornhub.com/hc/en-us/articles/32737712766867-Can-I-opt-out-of-being-a-Collaborator
============ Link unchanged
========== scraping https://help.pornhub.com/hc/en-us/articles/32737712766867-Can-I-opt-out-of-being-a-Collaborator
======== We are on link 45 of 252
========== raw link https://help.pornhub.com/hc/en-us/articles/32753128635283-What-happens-if-I-revoke-a-collab-request
============ Checking for Redirections: https://help.pornhub.com/hc/en-us/articles/32753128635283-What-happens-if-I-revoke-a-collab-request
============ Link unchanged
========== scraping https://help.pornhub.com/hc/en-us/articles/32753128635283-What-happens-if-I-revoke-a-collab-request
======== We are on link 46 of 252
========== raw link https://help.pornhub.com/hc/en-us/articles/32744687729939-What-is-the-difference-between-the-3-Collab-Request-Settings
============ Checking for Redirections: https://help.pornhub.com/hc/en-us/articles/32744687729939-What-is-the-difference-between-the-3-Collab-Request-Settings
============ Link unchanged
========== scraping https://help.pornhub.com/hc/en-us/articles/32744687729939-What-is-the-difference-between-the-3-Collab-Request-Settings
======== We are on link 47 of 252
========== raw link https://help.pornhub.com/hc/en-us/articles/32737208736403-How-do-I-send-and-receive-collaboration-requests
============ Checking for Redirections: https://help.pornhub.com/hc/en-us/articles/32737208736403-How-do-I-send-and-receive-collaboration-requests
============ Link unchanged
========== scraping https://help.pornhub.com/hc/en-us/articles/32737208736403-How-do-I-send-and-receive-collaboration-requests
======== We are on link 48 of 252
========== raw link https://help.pornhub.com/hc/en-us/articles/32737650660243-Why-can-t-I-send-a-collab-request-to-a-Model
============ Checking for Redirections: https://help.pornhub.com/hc/en-us/articles/32737650660243-Why-can-t-I-send-a-collab-request-to-a-Model
============ Link unchanged
========== scraping https://help.pornhub.com/hc/en-us/articles/32737650660243-Why-can-t-I-send-a-collab-request-to-a-Model
======== We are on link 49 of 252
========== raw link https://help.pornhub.com/hc/en-us/articles/32737569656339-How-do-I-cancel-a-Collaboration-request
============ Checking for Redirections: https://help.pornhub.com/hc/en-us/articles/32737569656339-How-do-I-cancel-a-Collaboration-request
============ Link unchanged
========== scraping https://help.pornhub.com/hc/en-us/articles/32737569656339-How-do-I-cancel-a-Collaboration-request
======== We are on link 50 of 252
========== raw link https://help.pornhub.com/hc/en-us/articles/32737675455379-What-are-the-different-collab-request-statuses
============ Checking for Redirections: https://help.pornhub.com/hc/en-us/articles/32737675455379-What-are-the-different-collab-request-statuses
============ Link unchanged
========== scraping https://help.pornhub.com/hc/en-us/articles/32737675455379-What-are-the-different-collab-request-statuses
======== We are on link 51 of 252
========== raw link https://help.pornhub.com/hc/en-us/articles/32737463025811-Will-I-need-to-send-a-collab-request-for-every-video
============ Checking for Redirections: https://help.pornhub.com/hc/en-us/articles/32737463025811-Will-I-need-to-send-a-collab-request-for-every-video
============ Link unchanged
========== scraping https://help.pornhub.com/hc/en-us/articles/32737463025811-Will-I-need-to-send-a-collab-request-for-every-video
======== We are on link 52 of 252
========== raw link https://help.pornhub.com/hc/en-us/articles/32738638631443-What-should-I-do-if-I-made-a-mistake
============ Checking for Redirections: https://help.pornhub.com/hc/en-us/articles/32738638631443-What-should-I-do-if-I-made-a-mistake
============ Link unchanged
========== scraping https://help.pornhub.com/hc/en-us/articles/32738638631443-What-should-I-do-if-I-made-a-mistake
======== We are on link 53 of 252
========== raw link https://help.pornhub.com/hc/en-us/articles/32738672854931-What-is-the-difference-between-a-Co-Performer-and-a-Collaborator
============ Checking for Redirections: https://help.pornhub.com/hc/en-us/articles/32738672854931-What-is-the-difference-between-a-Co-Performer-and-a-Collaborator
============ Link unchanged
========== scraping https://help.pornhub.com/hc/en-us/articles/32738672854931-What-is-the-difference-between-a-Co-Performer-and-a-Collaborator
======== We are on link 54 of 252
========== raw link https://help.pornhub.com/hc/en-us/articles/32737338627859-Do-my-Co-Performers-need-to-sign-a-Release-Form-each-time-we-film
============ Checking for Redirections: https://help.pornhub.com/hc/en-us/articles/32737338627859-Do-my-Co-Performers-need-to-sign-a-Release-Form-each-time-we-film
============ Link unchanged
========== scraping https://help.pornhub.com/hc/en-us/articles/32737338627859-Do-my-Co-Performers-need-to-sign-a-Release-Form-each-time-we-film
======== We are on link 55 of 252
========== raw link https://help.pornhub.com/hc/en-us/articles/32744675868947-Do-I-still-need-to-submit-IDs-and-Release-forms-if-I-have-them-as-a-Collaborator
============ Checking for Redirections: https://help.pornhub.com/hc/en-us/articles/32744675868947-Do-I-still-need-to-submit-IDs-and-Release-forms-if-I-have-them-as-a-Collaborator
============ Link unchanged
========== scraping https://help.pornhub.com/hc/en-us/articles/32744675868947-Do-I-still-need-to-submit-IDs-and-Release-forms-if-I-have-them-as-a-Collaborator
======== We are on link 56 of 252
========== raw link https://help.pornhub.com/hc/en-us/articles/19695173119251-What-are-Shorties
============ Checking for Redirections: https://help.pornhub.com/hc/en-us/articles/19695173119251-What-are-Shorties
============ Link unchanged
========== scraping https://help.pornhub.com/hc/en-us/articles/19695173119251-What-are-Shorties
======== We are on link 57 of 252
========== raw link https://help.pornhub.com/hc/en-us/articles/4419879098643-Viewers-Choice-Monthly-Contest
============ Checking for Redirections: https://help.pornhub.com/hc/en-us/articles/4419879098643-Viewers-Choice-Monthly-Contest
============ Link unchanged
========== scraping https://help.pornhub.com/hc/en-us/articles/4419879098643-Viewers-Choice-Monthly-Contest
======== We are on link 58 of 252
========== raw link https://help.pornhub.com/hc/en-us/articles/4419844380819-How-to-Succeed
============ Checking for Redirections: https://help.pornhub.com/hc/en-us/articles/4419844380819-How-to-Succeed
============ Link unchanged
========== scraping https://help.pornhub.com/hc/en-us/articles/4419844380819-How-to-Succeed
======== We are on link 59 of 252
========== raw link https://help.pornhub.com/hc/en-us/articles/4419859334675-How-do-I-get-my-video-featured
============ Checking for Redirections: https://help.pornhub.com/hc/en-us/articles/4419859334675-How-do-I-get-my-video-featured
============ Link unchanged
========== scraping https://help.pornhub.com/hc/en-us/articles/4419859334675-How-do-I-get-my-video-featured
======== We are on link 60 of 252
========== raw link https://help.pornhub.com/hc/en-us/articles/4419847498131-How-can-I-get-my-videos-in-the-hottest-section
============ Checking for Redirections: https://help.pornhub.com/hc/en-us/articles/4419847498131-How-can-I-get-my-videos-in-the-hottest-section
============ Link unchanged
========== scraping https://help.pornhub.com/hc/en-us/articles/4419847498131-How-can-I-get-my-videos-in-the-hottest-section
======== We are on link 61 of 252
========== raw link https://help.pornhub.com/hc/en-us/articles/4419858483475-Top-Searches-on-Pornhub
============ Checking for Redirections: https://help.pornhub.com/hc/en-us/articles/4419858483475-Top-Searches-on-Pornhub
============ Link unchanged
========== scraping https://help.pornhub.com/hc/en-us/articles/4419858483475-Top-Searches-on-Pornhub
======== We are on link 62 of 252
========== raw link https://help.pornhub.com/hc/en-us/articles/4419858321555-Photo-Albums-and-Tease-Content
============ Checking for Redirections: https://help.pornhub.com/hc/en-us/articles/4419858321555-Photo-Albums-and-Tease-Content
============ Link unchanged
========== scraping https://help.pornhub.com/hc/en-us/articles/4419858321555-Photo-Albums-and-Tease-Content
======== We are on link 63 of 252
========== raw link https://help.pornhub.com/hc/en-us/articles/4419858238483-What-NOT-to-do
============ Checking for Redirections: https://help.pornhub.com/hc/en-us/articles/4419858238483-What-NOT-to-do
============ Link unchanged
========== scraping https://help.pornhub.com/hc/en-us/articles/4419858238483-What-NOT-to-do
======== We are on link 64 of 252
========== raw link https://help.pornhub.com/hc/en-us/articles/4419900622355-Contests-and-Awards
============ Checking for Redirections: https://help.pornhub.com/hc/en-us/articles/4419900622355-Contests-and-Awards
============ Link unchanged
========== scraping https://help.pornhub.com/hc/en-us/articles/4419900622355-Contests-and-Awards
======== We are on link 65 of 252
========== raw link https://help.pornhub.com/hc/en-us/articles/4419882240915-Uploading-Videos
============ Checking for Redirections: https://help.pornhub.com/hc/en-us/articles/4419882240915-Uploading-Videos
============ Link unchanged
========== scraping https://help.pornhub.com/hc/en-us/articles/4419882240915-Uploading-Videos
======== We are on link 66 of 252
========== raw link https://help.pornhub.com/hc/en-us/articles/4419907502611-Fan-Interaction
============ Checking for Redirections: https://help.pornhub.com/hc/en-us/articles/4419907502611-Fan-Interaction
============ Link unchanged
========== scraping https://help.pornhub.com/hc/en-us/articles/4419907502611-Fan-Interaction
======== We are on link 67 of 252
========== raw link https://help.pornhub.com/hc/en-us/articles/4419865717779-Social-Media-and-Self-Promotion
============ Checking for Redirections: https://help.pornhub.com/hc/en-us/articles/4419865717779-Social-Media-and-Self-Promotion
============ Link unchanged
========== scraping https://help.pornhub.com/hc/en-us/articles/4419865717779-Social-Media-and-Self-Promotion
======== We are on link 68 of 252
========== raw link https://help.pornhub.com/hc/en-us/articles/4419853219219-Referral-Program
============ Checking for Redirections: https://help.pornhub.com/hc/en-us/articles/4419853219219-Referral-Program
============ Link unchanged
========== scraping https://help.pornhub.com/hc/en-us/articles/4419853219219-Referral-Program
======== We are on link 69 of 252
========== raw link https://help.pornhub.com/hc/en-us/articles/4419860087955-How-to-Add-a-Custom-Thumbnail
============ Checking for Redirections: https://help.pornhub.com/hc/en-us/articles/4419860087955-How-to-Add-a-Custom-Thumbnail
============ Link unchanged
========== scraping https://help.pornhub.com/hc/en-us/articles/4419860087955-How-to-Add-a-Custom-Thumbnail
======== We are on link 70 of 252
========== raw link https://help.pornhub.com/hc/en-us/articles/4419852644627-Make-More-Money-in-the-Model-Program-with-Auto-Exports
============ Checking for Redirections: https://help.pornhub.com/hc/en-us/articles/4419852644627-Make-More-Money-in-the-Model-Program-with-Auto-Exports
============ Link unchanged
========== scraping https://help.pornhub.com/hc/en-us/articles/4419852644627-Make-More-Money-in-the-Model-Program-with-Auto-Exports
======== We are on link 71 of 252
========== raw link https://help.pornhub.com/hc/en-us/articles/4419859575315-Exclusivity-Let-Pornhub-Work-For-You
============ Checking for Redirections: https://help.pornhub.com/hc/en-us/articles/4419859575315-Exclusivity-Let-Pornhub-Work-For-You
============ Link unchanged
========== scraping https://help.pornhub.com/hc/en-us/articles/4419859575315-Exclusivity-Let-Pornhub-Work-For-You
======== We are on link 72 of 252
========== raw link https://help.pornhub.com/hc/en-us/articles/4419878848019-What-is-the-Content-Partner-Program
============ Checking for Redirections: https://help.pornhub.com/hc/en-us/articles/4419878848019-What-is-the-Content-Partner-Program
============ Link unchanged
========== scraping https://help.pornhub.com/hc/en-us/articles/4419878848019-What-is-the-Content-Partner-Program
======== We are on link 73 of 252
========== raw link https://help.pornhub.com/hc/en-us/articles/4419872356243-How-do-I-join
============ Checking for Redirections: https://help.pornhub.com/hc/en-us/articles/4419872356243-How-do-I-join
============ Link unchanged
========== scraping https://help.pornhub.com/hc/en-us/articles/4419872356243-How-do-I-join
======== We are on link 74 of 252
========== raw link https://help.pornhub.com/hc/en-us/articles/4419882668563-What-is-a-paysite
============ Checking for Redirections: https://help.pornhub.com/hc/en-us/articles/4419882668563-What-is-a-paysite
============ Link unchanged
========== scraping https://help.pornhub.com/hc/en-us/articles/4419882668563-What-is-a-paysite
======== We are on link 75 of 252
========== raw link https://help.pornhub.com/hc/en-us/articles/4419869391763-What-is-an-affiliate-program
============ Checking for Redirections: https://help.pornhub.com/hc/en-us/articles/4419869391763-What-is-an-affiliate-program
============ Link unchanged
========== scraping https://help.pornhub.com/hc/en-us/articles/4419869391763-What-is-an-affiliate-program
======== We are on link 76 of 252
========== raw link https://help.pornhub.com/hc/en-us/articles/4419848614035-What-type-of-payment-methods-are-accepted
============ Checking for Redirections: https://help.pornhub.com/hc/en-us/articles/4419848614035-What-type-of-payment-methods-are-accepted
============ Link unchanged
========== scraping https://help.pornhub.com/hc/en-us/articles/4419848614035-What-type-of-payment-methods-are-accepted
======== We are on link 77 of 252
========== raw link https://help.pornhub.com/hc/en-us/articles/4419855988371-What-percentage-of-Revshare-or-PPS-rate-do-we-accept
============ Checking for Redirections: https://help.pornhub.com/hc/en-us/articles/4419855988371-What-percentage-of-Revshare-or-PPS-rate-do-we-accept
============ Link unchanged
========== scraping https://help.pornhub.com/hc/en-us/articles/4419855988371-What-percentage-of-Revshare-or-PPS-rate-do-we-accept
======== We are on link 78 of 252
========== raw link https://help.pornhub.com/hc/en-us/articles/4419867791507-Pornhub-Playbook-Content-Partner-Guide
============ Checking for Redirections: https://help.pornhub.com/hc/en-us/articles/4419867791507-Pornhub-Playbook-Content-Partner-Guide
============ Link unchanged
========== scraping https://help.pornhub.com/hc/en-us/articles/4419867791507-Pornhub-Playbook-Content-Partner-Guide
======== We are on link 79 of 252
========== raw link https://help.pornhub.com/hc/en-us/articles/26559518891667-What-are-Tiers
============ Checking for Redirections: https://help.pornhub.com/hc/en-us/articles/26559518891667-What-are-Tiers
============ Link unchanged
========== scraping https://help.pornhub.com/hc/en-us/articles/26559518891667-What-are-Tiers
======== We are on link 80 of 252
========== raw link https://help.pornhub.com/hc/en-us/articles/26559514317459-How-do-Tiers-Work
============ Checking for Redirections: https://help.pornhub.com/hc/en-us/articles/26559514317459-How-do-Tiers-Work
============ Link unchanged
========== scraping https://help.pornhub.com/hc/en-us/articles/26559514317459-How-do-Tiers-Work
======== We are on link 81 of 252
========== raw link https://help.pornhub.com/hc/en-us/articles/26559864230803-What-if-I-Create-a-New-Channel-in-the-Middle-of-the-Quarter
============ Checking for Redirections: https://help.pornhub.com/hc/en-us/articles/26559864230803-What-if-I-Create-a-New-Channel-in-the-Middle-of-the-Quarter
============ Link unchanged
========== scraping https://help.pornhub.com/hc/en-us/articles/26559864230803-What-if-I-Create-a-New-Channel-in-the-Middle-of-the-Quarter
======== We are on link 82 of 252
========== raw link https://help.pornhub.com/hc/en-us/articles/26560004103059-Can-I-do-Batch-Uploads-and-Scheduled-Releases
============ Checking for Redirections: https://help.pornhub.com/hc/en-us/articles/26560004103059-Can-I-do-Batch-Uploads-and-Scheduled-Releases
============ Link unchanged
========== scraping https://help.pornhub.com/hc/en-us/articles/26560004103059-Can-I-do-Batch-Uploads-and-Scheduled-Releases
======== We are on link 83 of 252
========== raw link https://help.pornhub.com/hc/en-us/articles/26560658171539-Will-Tiers-Only-Affect-Pornhub
============ Checking for Redirections: https://help.pornhub.com/hc/en-us/articles/26560658171539-Will-Tiers-Only-Affect-Pornhub
============ Link unchanged
========== scraping https://help.pornhub.com/hc/en-us/articles/26560658171539-Will-Tiers-Only-Affect-Pornhub
======== We are on link 84 of 252
========== raw link https://help.pornhub.com/hc/en-us/articles/26560403362835-When-Does-the-Tiers-Program-Begin
============ Checking for Redirections: https://help.pornhub.com/hc/en-us/articles/26560403362835-When-Does-the-Tiers-Program-Begin
============ Link unchanged
========== scraping https://help.pornhub.com/hc/en-us/articles/26560403362835-When-Does-the-Tiers-Program-Begin
======== We are on link 85 of 252
========== raw link https://help.pornhub.com/hc/en-us/articles/26559644325779-How-Does-Ad-Revenue-Work
============ Checking for Redirections: https://help.pornhub.com/hc/en-us/articles/26559644325779-How-Does-Ad-Revenue-Work
============ Link unchanged
========== scraping https://help.pornhub.com/hc/en-us/articles/26559644325779-How-Does-Ad-Revenue-Work
======== We are on link 86 of 252
========== raw link https://help.pornhub.com/hc/en-us/articles/26559669762451-How-Will-my-Overall-Revenue-Change
============ Checking for Redirections: https://help.pornhub.com/hc/en-us/articles/26559669762451-How-Will-my-Overall-Revenue-Change
============ Link unchanged
========== scraping https://help.pornhub.com/hc/en-us/articles/26559669762451-How-Will-my-Overall-Revenue-Change
======== We are on link 87 of 252
========== raw link https://help.pornhub.com/hc/en-us/articles/26559835333011-How-Often-Will-Tiers-be-Assessed
============ Checking for Redirections: https://help.pornhub.com/hc/en-us/articles/26559835333011-How-Often-Will-Tiers-be-Assessed
============ Link unchanged
========== scraping https://help.pornhub.com/hc/en-us/articles/26559835333011-How-Often-Will-Tiers-be-Assessed
======== We are on link 88 of 252
========== raw link https://help.pornhub.com/hc/en-us/articles/26559565981715-How-Can-I-Move-Up-in-Tiers
============ Checking for Redirections: https://help.pornhub.com/hc/en-us/articles/26559565981715-How-Can-I-Move-Up-in-Tiers
============ Link unchanged
========== scraping https://help.pornhub.com/hc/en-us/articles/26559565981715-How-Can-I-Move-Up-in-Tiers
======== We are on link 89 of 252
========== raw link https://help.pornhub.com/hc/en-us/articles/26560406689299-How-Do-I-Remain-Active-in-the-Tiers-Program
============ Checking for Redirections: https://help.pornhub.com/hc/en-us/articles/26560406689299-How-Do-I-Remain-Active-in-the-Tiers-Program
============ Link unchanged
========== scraping https://help.pornhub.com/hc/en-us/articles/26560406689299-How-Do-I-Remain-Active-in-the-Tiers-Program
======== We are on link 90 of 252
========== raw link https://help.pornhub.com/hc/en-us/articles/26560594072083-Can-I-Move-Content-from-a-Low-Tier-Channel-to-a-High-Tier-Channel
============ Checking for Redirections: https://help.pornhub.com/hc/en-us/articles/26560594072083-Can-I-Move-Content-from-a-Low-Tier-Channel-to-a-High-Tier-Channel
============ Link unchanged
========== scraping https://help.pornhub.com/hc/en-us/articles/26560594072083-Can-I-Move-Content-from-a-Low-Tier-Channel-to-a-High-Tier-Channel
======== We are on link 91 of 252
========== raw link https://help.pornhub.com/hc/en-us/articles/26559944327443-Where-Can-I-See-my-Channel-s-Current-Tier
============ Checking for Redirections: https://help.pornhub.com/hc/en-us/articles/26559944327443-Where-Can-I-See-my-Channel-s-Current-Tier
============ Link unchanged
========== scraping https://help.pornhub.com/hc/en-us/articles/26559944327443-Where-Can-I-See-my-Channel-s-Current-Tier
======== We are on link 92 of 252
========== raw link https://help.pornhub.com/hc/en-us/articles/26559736075667-What-Happens-if-I-Forget-to-Upload-a-Video-Each-Quarter
============ Checking for Redirections: https://help.pornhub.com/hc/en-us/articles/26559736075667-What-Happens-if-I-Forget-to-Upload-a-Video-Each-Quarter
============ Link unchanged
========== scraping https://help.pornhub.com/hc/en-us/articles/26559736075667-What-Happens-if-I-Forget-to-Upload-a-Video-Each-Quarter
======== We are on link 93 of 252
========== raw link https://help.pornhub.com/hc/en-us/articles/4419872377363-Ad-dimensions-and-specs
============ Checking for Redirections: https://help.pornhub.com/hc/en-us/articles/4419872377363-Ad-dimensions-and-specs
============ Link unchanged
========== scraping https://help.pornhub.com/hc/en-us/articles/4419872377363-Ad-dimensions-and-specs
======== We are on link 94 of 252
========== raw link https://help.pornhub.com/hc/en-us/articles/4419875853715-How-do-I-update-my-channel-header-image-and-logo
============ Checking for Redirections: https://help.pornhub.com/hc/en-us/articles/4419875853715-How-do-I-update-my-channel-header-image-and-logo
============ Link unchanged
========== scraping https://help.pornhub.com/hc/en-us/articles/4419875853715-How-do-I-update-my-channel-header-image-and-logo
======== We are on link 95 of 252
========== raw link https://help.pornhub.com/hc/en-us/articles/4419891349651-Adding-Custom-Thumbnails
============ Checking for Redirections: https://help.pornhub.com/hc/en-us/articles/4419891349651-Adding-Custom-Thumbnails
============ Link unchanged
========== scraping https://help.pornhub.com/hc/en-us/articles/4419891349651-Adding-Custom-Thumbnails
======== We are on link 96 of 252
========== raw link https://help.pornhub.com/hc/en-us/articles/4419883637907-How-do-I-upload-videos
============ Checking for Redirections: https://help.pornhub.com/hc/en-us/articles/4419883637907-How-do-I-upload-videos
============ Link unchanged
========== scraping https://help.pornhub.com/hc/en-us/articles/4419883637907-How-do-I-upload-videos
======== We are on link 97 of 252
========== raw link https://help.pornhub.com/hc/en-us/articles/4419847634579-Where-can-I-find-my-videos-stats
============ Checking for Redirections: https://help.pornhub.com/hc/en-us/articles/4419847634579-Where-can-I-find-my-videos-stats
============ Link unchanged
========== scraping https://help.pornhub.com/hc/en-us/articles/4419847634579-Where-can-I-find-my-videos-stats
======== We are on link 98 of 252
========== raw link https://help.pornhub.com/hc/en-us/articles/4419871577875-How-long-should-my-videos-be
============ Checking for Redirections: https://help.pornhub.com/hc/en-us/articles/4419871577875-How-long-should-my-videos-be
============ Link unchanged
========== scraping https://help.pornhub.com/hc/en-us/articles/4419871577875-How-long-should-my-videos-be
======== We are on link 99 of 252
========== raw link https://help.pornhub.com/hc/en-us/articles/4419869437203-Upload-Schedule-and-Frequency
============ Checking for Redirections: https://help.pornhub.com/hc/en-us/articles/4419869437203-Upload-Schedule-and-Frequency
============ Link unchanged
========== scraping https://help.pornhub.com/hc/en-us/articles/4419869437203-Upload-Schedule-and-Frequency
======== We are on link 100 of 252
========== raw link https://help.pornhub.com/hc/en-us/articles/4419863257747-How-to-Format-Videos
============ Checking for Redirections: https://help.pornhub.com/hc/en-us/articles/4419863257747-How-to-Format-Videos
============ Link unchanged
========== scraping https://help.pornhub.com/hc/en-us/articles/4419863257747-How-to-Format-Videos
======== We are on link 101 of 252
========== raw link https://help.pornhub.com/hc/en-us/articles/35814069634195-What-are-Shorties
============ Checking for Redirections: https://help.pornhub.com/hc/en-us/articles/35814069634195-What-are-Shorties
============ Link unchanged
========== scraping https://help.pornhub.com/hc/en-us/articles/35814069634195-What-are-Shorties
======== We are on link 102 of 252
========== raw link https://help.pornhub.com/hc/en-us/articles/4419855545619-Video-Titles
============ Checking for Redirections: https://help.pornhub.com/hc/en-us/articles/4419855545619-Video-Titles
============ Link unchanged
========== scraping https://help.pornhub.com/hc/en-us/articles/4419855545619-Video-Titles
======== We are on link 103 of 252
========== raw link https://help.pornhub.com/hc/en-us/articles/4419866204819-Video-Categories
============ Checking for Redirections: https://help.pornhub.com/hc/en-us/articles/4419866204819-Video-Categories
============ Link unchanged
========== scraping https://help.pornhub.com/hc/en-us/articles/4419866204819-Video-Categories
======== We are on link 104 of 252
========== raw link https://help.pornhub.com/hc/en-us/articles/4419860542483-Video-Tags
============ Checking for Redirections: https://help.pornhub.com/hc/en-us/articles/4419860542483-Video-Tags
============ Link unchanged
========== scraping https://help.pornhub.com/hc/en-us/articles/4419860542483-Video-Tags
======== We are on link 105 of 252
========== raw link https://help.pornhub.com/hc/en-us/articles/4419853116691-Video-Thumbnails
============ Checking for Redirections: https://help.pornhub.com/hc/en-us/articles/4419853116691-Video-Thumbnails
============ Link unchanged
========== scraping https://help.pornhub.com/hc/en-us/articles/4419853116691-Video-Thumbnails
======== We are on link 106 of 252
========== raw link https://help.pornhub.com/hc/en-us/articles/4419860032531-Video-watermark
============ Checking for Redirections: https://help.pornhub.com/hc/en-us/articles/4419860032531-Video-watermark
============ Link unchanged
========== scraping https://help.pornhub.com/hc/en-us/articles/4419860032531-Video-watermark
======== We are on link 107 of 252
========== raw link https://help.pornhub.com/hc/en-us/articles/4419848014227-Can-I-delete-my-videos
============ Checking for Redirections: https://help.pornhub.com/hc/en-us/articles/4419848014227-Can-I-delete-my-videos
============ Link unchanged
========== scraping https://help.pornhub.com/hc/en-us/articles/4419848014227-Can-I-delete-my-videos
======== We are on link 108 of 252
========== raw link https://help.pornhub.com/hc/en-us/articles/4419859542419-Video-Specs
============ Checking for Redirections: https://help.pornhub.com/hc/en-us/articles/4419859542419-Video-Specs
============ Link unchanged
========== scraping https://help.pornhub.com/hc/en-us/articles/4419859542419-Video-Specs
======== We are on link 109 of 252
========== raw link https://help.pornhub.com/hc/en-us/articles/4419891330195-What-is-the-Viewshare-program
============ Checking for Redirections: https://help.pornhub.com/hc/en-us/articles/4419891330195-What-is-the-Viewshare-program
============ Link unchanged
========== scraping https://help.pornhub.com/hc/en-us/articles/4419891330195-What-is-the-Viewshare-program
======== We are on link 110 of 252
========== raw link https://help.pornhub.com/hc/en-us/articles/4419871753107-How-do-I-upload-full-length-scenes-to-Premium
============ Checking for Redirections: https://help.pornhub.com/hc/en-us/articles/4419871753107-How-do-I-upload-full-length-scenes-to-Premium
============ Link unchanged
========== scraping https://help.pornhub.com/hc/en-us/articles/4419871753107-How-do-I-upload-full-length-scenes-to-Premium
======== We are on link 111 of 252
========== raw link https://help.pornhub.com/hc/en-us/articles/4419869498131-Where-can-I-see-my-Viewshare-earnings
============ Checking for Redirections: https://help.pornhub.com/hc/en-us/articles/4419869498131-Where-can-I-see-my-Viewshare-earnings
============ Link unchanged
========== scraping https://help.pornhub.com/hc/en-us/articles/4419869498131-Where-can-I-see-my-Viewshare-earnings
======== We are on link 112 of 252
========== raw link https://help.pornhub.com/hc/en-us/articles/4419863232403-Why-are-this-months-earnings-an-estimate
============ Checking for Redirections: https://help.pornhub.com/hc/en-us/articles/4419863232403-Why-are-this-months-earnings-an-estimate
============ Link unchanged
========== scraping https://help.pornhub.com/hc/en-us/articles/4419863232403-Why-are-this-months-earnings-an-estimate
======== We are on link 113 of 252
========== raw link https://help.pornhub.com/hc/en-us/articles/4419855431699-How-can-I-view-my-own-premium-videos
============ Checking for Redirections: https://help.pornhub.com/hc/en-us/articles/4419855431699-How-can-I-view-my-own-premium-videos
============ Link unchanged
========== scraping https://help.pornhub.com/hc/en-us/articles/4419855431699-How-can-I-view-my-own-premium-videos
======== We are on link 114 of 252
========== raw link https://help.pornhub.com/hc/en-us/articles/4419839721875-What-sort-of-content-is-not-allowed-on-the-site
============ Checking for Redirections: https://help.pornhub.com/hc/en-us/articles/4419839721875-What-sort-of-content-is-not-allowed-on-the-site
============ Link unchanged
========== link already checked
======== We are on link 115 of 252
========== raw link https://help.pornhub.com/hc/en-us/articles/4419882855571-What-does-it-mean-if-my-content-was-removed-for-DMCA
============ Checking for Redirections: https://help.pornhub.com/hc/en-us/articles/4419882855571-What-does-it-mean-if-my-content-was-removed-for-DMCA
============ Link unchanged
========== scraping https://help.pornhub.com/hc/en-us/articles/4419882855571-What-does-it-mean-if-my-content-was-removed-for-DMCA
======== We are on link 116 of 252
========== raw link https://help.pornhub.com/hc/en-us/articles/4419869469459-Filing-a-DMCA-Notice-of-Copyright-Infringement
============ Checking for Redirections: https://help.pornhub.com/hc/en-us/articles/4419869469459-Filing-a-DMCA-Notice-of-Copyright-Infringement
============ Link unchanged
========== scraping https://help.pornhub.com/hc/en-us/articles/4419869469459-Filing-a-DMCA-Notice-of-Copyright-Infringement
======== We are on link 117 of 252
========== raw link https://help.pornhub.com/hc/en-us/articles/4419868442643-DMCA-counter-notification-instructions
============ Checking for Redirections: https://help.pornhub.com/hc/en-us/articles/4419868442643-DMCA-counter-notification-instructions
============ Link unchanged
========== scraping https://help.pornhub.com/hc/en-us/articles/4419868442643-DMCA-counter-notification-instructions
======== We are on link 118 of 252
========== raw link https://help.pornhub.com/hc/en-us/articles/4419854363411-Do-I-have-to-send-in-2257s
============ Checking for Redirections: https://help.pornhub.com/hc/en-us/articles/4419854363411-Do-I-have-to-send-in-2257s
============ Link unchanged
========== scraping https://help.pornhub.com/hc/en-us/articles/4419854363411-Do-I-have-to-send-in-2257s
======== We are on link 119 of 252
========== raw link https://help.pornhub.com/hc/en-us/articles/31846202423059-What-is-Pornhub-org
============ Checking for Redirections: https://help.pornhub.com/hc/en-us/articles/31846202423059-What-is-Pornhub-org
============ Link unchanged
========== scraping https://help.pornhub.com/hc/en-us/articles/31846202423059-What-is-Pornhub-org
======== We are on link 120 of 252
========== raw link https://help.pornhub.com/hc/en-us/articles/27608180788755-Tiers-Monetization-Program
============ Checking for Redirections: https://help.pornhub.com/hc/en-us/articles/27608180788755-Tiers-Monetization-Program
============ Link unchanged
========== scraping https://help.pornhub.com/hc/en-us/articles/27608180788755-Tiers-Monetization-Program
======== We are on link 121 of 252
========== raw link https://help.pornhub.com/hc/en-us/articles/20404403877651-Why-are-some-videos-not-playing-on-Pornhub
============ Checking for Redirections: https://help.pornhub.com/hc/en-us/articles/20404403877651-Why-are-some-videos-not-playing-on-Pornhub
============ Link unchanged
========== scraping https://help.pornhub.com/hc/en-us/articles/20404403877651-Why-are-some-videos-not-playing-on-Pornhub
======== We are on link 122 of 252
========== raw link https://help.pornhub.com/hc/en-us/articles/19866717326867-Is-Pornhub-Safe
============ Checking for Redirections: https://help.pornhub.com/hc/en-us/articles/19866717326867-Is-Pornhub-Safe
============ Link unchanged
========== scraping https://help.pornhub.com/hc/en-us/articles/19866717326867-Is-Pornhub-Safe
======== We are on link 123 of 252
========== raw link https://help.pornhub.com/hc/en-us/articles/6954469475347-How-can-I-watch-Pornhub-on-my-TV
============ Checking for Redirections: https://help.pornhub.com/hc/en-us/articles/6954469475347-How-can-I-watch-Pornhub-on-my-TV
============ Link unchanged
========== scraping https://help.pornhub.com/hc/en-us/articles/6954469475347-How-can-I-watch-Pornhub-on-my-TV
======== We are on link 124 of 252
========== raw link https://help.pornhub.com/hc/en-us/articles/4419885457555-How-do-I-switch-back-to-mobile-view
============ Checking for Redirections: https://help.pornhub.com/hc/en-us/articles/4419885457555-How-do-I-switch-back-to-mobile-view
============ Link unchanged
========== scraping https://help.pornhub.com/hc/en-us/articles/4419885457555-How-do-I-switch-back-to-mobile-view
======== We are on link 125 of 252
========== raw link https://help.pornhub.com/hc/en-us/articles/4419852306707-Someone-uploaded-a-photo-or-video-of-me-without-my-consent-please-remove-it
============ Checking for Redirections: https://help.pornhub.com/hc/en-us/articles/4419852306707-Someone-uploaded-a-photo-or-video-of-me-without-my-consent-please-remove-it
============ Link unchanged
========== scraping https://help.pornhub.com/hc/en-us/articles/4419852306707-Someone-uploaded-a-photo-or-video-of-me-without-my-consent-please-remove-it
======== We are on link 126 of 252
========== raw link https://help.pornhub.com/hc/en-us/articles/4419852136979-How-do-I-make-sure-a-video-of-me-or-my-content-never-gets-uploaded-to-Pornhub
============ Checking for Redirections: https://help.pornhub.com/hc/en-us/articles/4419852136979-How-do-I-make-sure-a-video-of-me-or-my-content-never-gets-uploaded-to-Pornhub
============ Link unchanged
========== scraping https://help.pornhub.com/hc/en-us/articles/4419852136979-How-do-I-make-sure-a-video-of-me-or-my-content-never-gets-uploaded-to-Pornhub
======== We are on link 127 of 252
========== raw link https://help.pornhub.com/hc/en-us/articles/4419871999251-How-do-I-watch-a-private-video
============ Checking for Redirections: https://help.pornhub.com/hc/en-us/articles/4419871999251-How-do-I-watch-a-private-video
============ Link unchanged
========== scraping https://help.pornhub.com/hc/en-us/articles/4419871999251-How-do-I-watch-a-private-video
======== We are on link 128 of 252
========== raw link https://help.pornhub.com/hc/en-us/articles/4419873971859-How-do-I-change-the-language
============ Checking for Redirections: https://help.pornhub.com/hc/en-us/articles/4419873971859-How-do-I-change-the-language
============ Link unchanged
========== scraping https://help.pornhub.com/hc/en-us/articles/4419873971859-How-do-I-change-the-language
======== We are on link 129 of 252
========== raw link https://help.pornhub.com/hc/en-us/articles/4419868064147-How-do-I-get-in-touch-with-you-if-something-goes-wrong
============ Checking for Redirections: https://help.pornhub.com/hc/en-us/articles/4419868064147-How-do-I-get-in-touch-with-you-if-something-goes-wrong
============ Link unchanged
========== scraping https://help.pornhub.com/hc/en-us/articles/4419868064147-How-do-I-get-in-touch-with-you-if-something-goes-wrong
======== We are on link 130 of 252
========== raw link https://help.pornhub.com/hc/en-us/articles/4419854220435-I-have-a-great-idea-for-your-site-how-can-I-tell-you
============ Checking for Redirections: https://help.pornhub.com/hc/en-us/articles/4419854220435-I-have-a-great-idea-for-your-site-how-can-I-tell-you
============ Link unchanged
========== scraping https://help.pornhub.com/hc/en-us/articles/4419854220435-I-have-a-great-idea-for-your-site-how-can-I-tell-you
======== We are on link 131 of 252
========== raw link https://help.pornhub.com/hc/en-us/articles/4419860680979-Can-you-find-this-video-insert-name-here-it-has-been-deleted
============ Checking for Redirections: https://help.pornhub.com/hc/en-us/articles/4419860680979-Can-you-find-this-video-insert-name-here-it-has-been-deleted
============ Link unchanged
========== scraping https://help.pornhub.com/hc/en-us/articles/4419860680979-Can-you-find-this-video-insert-name-here-it-has-been-deleted
======== We are on link 132 of 252
========== raw link https://help.pornhub.com/hc/en-us/articles/4419853296915-I-want-to-make-money-on-Pornhub-how-do-I-do-it
============ Checking for Redirections: https://help.pornhub.com/hc/en-us/articles/4419853296915-I-want-to-make-money-on-Pornhub-how-do-I-do-it
============ Link unchanged
========== scraping https://help.pornhub.com/hc/en-us/articles/4419853296915-I-want-to-make-money-on-Pornhub-how-do-I-do-it
======== We are on link 133 of 252
========== raw link https://help.pornhub.com/hc/en-us/articles/4419853032595-How-much-does-it-cost-to-become-a-member
============ Checking for Redirections: https://help.pornhub.com/hc/en-us/articles/4419853032595-How-much-does-it-cost-to-become-a-member
============ Link unchanged
========== scraping https://help.pornhub.com/hc/en-us/articles/4419853032595-How-much-does-it-cost-to-become-a-member
======== We are on link 134 of 252
========== raw link https://help.pornhub.com/hc/en-us/articles/4419859913875-I-see-that-you-have-a-porn-community-Why-should-I-become-a-member-of-Pornhub
============ Checking for Redirections: https://help.pornhub.com/hc/en-us/articles/4419859913875-I-see-that-you-have-a-porn-community-Why-should-I-become-a-member-of-Pornhub
============ Link unchanged
========== scraping https://help.pornhub.com/hc/en-us/articles/4419859913875-I-see-that-you-have-a-porn-community-Why-should-I-become-a-member-of-Pornhub
======== We are on link 135 of 252
========== raw link https://help.pornhub.com/hc/en-us/articles/4419859654035-How-do-I-cancel-my-Premium-Membership
============ Checking for Redirections: https://help.pornhub.com/hc/en-us/articles/4419859654035-How-do-I-cancel-my-Premium-Membership
============ Link unchanged
========== scraping https://help.pornhub.com/hc/en-us/articles/4419859654035-How-do-I-cancel-my-Premium-Membership
======== We are on link 136 of 252
========== raw link https://help.pornhub.com/hc/en-us/articles/4419873610643-Can-I-cancel-anytime
============ Checking for Redirections: https://help.pornhub.com/hc/en-us/articles/4419873610643-Can-I-cancel-anytime
============ Link unchanged
========== scraping https://help.pornhub.com/hc/en-us/articles/4419873610643-Can-I-cancel-anytime
======== We are on link 137 of 252
========== raw link https://help.pornhub.com/hc/en-us/articles/4419884685459-What-features-do-I-get
============ Checking for Redirections: https://help.pornhub.com/hc/en-us/articles/4419884685459-What-features-do-I-get
============ Link unchanged
========== scraping https://help.pornhub.com/hc/en-us/articles/4419884685459-What-features-do-I-get
======== We are on link 138 of 252
========== raw link https://help.pornhub.com/hc/en-us/articles/4419877651987-Who-are-your-content-partners
============ Checking for Redirections: https://help.pornhub.com/hc/en-us/articles/4419877651987-Who-are-your-content-partners
============ Link unchanged
========== scraping https://help.pornhub.com/hc/en-us/articles/4419877651987-Who-are-your-content-partners
======== We are on link 139 of 252
========== raw link https://help.pornhub.com/hc/en-us/articles/4419877632787-How-much-is-it
============ Checking for Redirections: https://help.pornhub.com/hc/en-us/articles/4419877632787-How-much-is-it
============ Link unchanged
========== scraping https://help.pornhub.com/hc/en-us/articles/4419877632787-How-much-is-it
======== We are on link 140 of 252
========== raw link https://help.pornhub.com/hc/en-us/articles/4419884534675-How-can-I-contact-support-to-cancel-or-for-help-with-my-account
============ Checking for Redirections: https://help.pornhub.com/hc/en-us/articles/4419884534675-How-can-I-contact-support-to-cancel-or-for-help-with-my-account
============ Link unchanged
========== scraping https://help.pornhub.com/hc/en-us/articles/4419884534675-How-can-I-contact-support-to-cancel-or-for-help-with-my-account
======== We are on link 141 of 252
========== raw link https://help.pornhub.com/hc/en-us/articles/4419884512147-Is-it-secure-and-discreet
============ Checking for Redirections: https://help.pornhub.com/hc/en-us/articles/4419884512147-Is-it-secure-and-discreet
============ Link unchanged
========== scraping https://help.pornhub.com/hc/en-us/articles/4419884512147-Is-it-secure-and-discreet
======== We are on link 142 of 252
========== raw link https://help.pornhub.com/hc/en-us/articles/4419873379731-What-is-Pornhub-Premium
============ Checking for Redirections: https://help.pornhub.com/hc/en-us/articles/4419873379731-What-is-Pornhub-Premium
============ Link unchanged
========== scraping https://help.pornhub.com/hc/en-us/articles/4419873379731-What-is-Pornhub-Premium
======== We are on link 143 of 252
========== raw link https://help.pornhub.com/hc/en-us/articles/4419884438675-Can-I-download-videos
============ Checking for Redirections: https://help.pornhub.com/hc/en-us/articles/4419884438675-Can-I-download-videos
============ Link unchanged
========== scraping https://help.pornhub.com/hc/en-us/articles/4419884438675-Can-I-download-videos
======== We are on link 144 of 252
========== raw link https://help.pornhub.com/hc/en-us/articles/4419877504275-Is-there-gay-premium-content
============ Checking for Redirections: https://help.pornhub.com/hc/en-us/articles/4419877504275-Is-there-gay-premium-content
============ Link unchanged
========== scraping https://help.pornhub.com/hc/en-us/articles/4419877504275-Is-there-gay-premium-content
======== We are on link 145 of 252
========== raw link https://help.pornhub.com/hc/en-us/articles/4419878586515-How-do-I-become-a-translator
============ Checking for Redirections: https://help.pornhub.com/hc/en-us/articles/4419878586515-How-do-I-become-a-translator
============ Link unchanged
========== scraping https://help.pornhub.com/hc/en-us/articles/4419878586515-How-do-I-become-a-translator
======== We are on link 146 of 252
========== raw link https://help.pornhub.com/hc/en-us/articles/4419878556947-Why-can-t-I-see-my-friend-s-private-videos
============ Checking for Redirections: https://help.pornhub.com/hc/en-us/articles/4419878556947-Why-can-t-I-see-my-friend-s-private-videos
============ Link unchanged
========== scraping https://help.pornhub.com/hc/en-us/articles/4419878556947-Why-can-t-I-see-my-friend-s-private-videos
======== We are on link 147 of 252
========== raw link https://help.pornhub.com/hc/en-us/articles/4419891001875-What-is-the-difference-between-subscribers-and-friends
============ Checking for Redirections: https://help.pornhub.com/hc/en-us/articles/4419891001875-What-is-the-difference-between-subscribers-and-friends
============ Link unchanged
========== scraping https://help.pornhub.com/hc/en-us/articles/4419891001875-What-is-the-difference-between-subscribers-and-friends
======== We are on link 148 of 252
========== raw link https://help.pornhub.com/hc/en-us/articles/4419885333395-Is-there-a-limit-to-adding-friends
============ Checking for Redirections: https://help.pornhub.com/hc/en-us/articles/4419885333395-Is-there-a-limit-to-adding-friends
============ Link unchanged
========== scraping https://help.pornhub.com/hc/en-us/articles/4419885333395-Is-there-a-limit-to-adding-friends
======== We are on link 149 of 252
========== raw link https://help.pornhub.com/hc/en-us/articles/4419890948115-How-do-I-send-a-private-message
============ Checking for Redirections: https://help.pornhub.com/hc/en-us/articles/4419890948115-How-do-I-send-a-private-message
============ Link unchanged
========== scraping https://help.pornhub.com/hc/en-us/articles/4419890948115-How-do-I-send-a-private-message
======== We are on link 150 of 252
========== raw link https://help.pornhub.com/hc/en-us/articles/4419890926355-How-do-I-tag-a-user
============ Checking for Redirections: https://help.pornhub.com/hc/en-us/articles/4419890926355-How-do-I-tag-a-user
============ Link unchanged
========== scraping https://help.pornhub.com/hc/en-us/articles/4419890926355-How-do-I-tag-a-user
======== We are on link 151 of 252
========== raw link https://help.pornhub.com/hc/en-us/articles/4419878378259-How-do-I-remove-my-watched-videos
============ Checking for Redirections: https://help.pornhub.com/hc/en-us/articles/4419878378259-How-do-I-remove-my-watched-videos
============ Link unchanged
========== scraping https://help.pornhub.com/hc/en-us/articles/4419878378259-How-do-I-remove-my-watched-videos
======== We are on link 152 of 252
========== raw link https://help.pornhub.com/hc/en-us/articles/4419890885395-How-do-I-make-a-Gif
============ Checking for Redirections: https://help.pornhub.com/hc/en-us/articles/4419890885395-How-do-I-make-a-Gif
============ Link unchanged
========== scraping https://help.pornhub.com/hc/en-us/articles/4419890885395-How-do-I-make-a-Gif
======== We are on link 153 of 252
========== raw link https://help.pornhub.com/hc/en-us/articles/4419890835859-How-do-I-edit-my-profile-about-me
============ Checking for Redirections: https://help.pornhub.com/hc/en-us/articles/4419890835859-How-do-I-edit-my-profile-about-me
============ Link unchanged
========== scraping https://help.pornhub.com/hc/en-us/articles/4419890835859-How-do-I-edit-my-profile-about-me
======== We are on link 154 of 252
========== raw link https://help.pornhub.com/hc/en-us/articles/4419885130131-How-do-I-edit-my-video
============ Checking for Redirections: https://help.pornhub.com/hc/en-us/articles/4419885130131-How-do-I-edit-my-video
============ Link unchanged
========== scraping https://help.pornhub.com/hc/en-us/articles/4419885130131-How-do-I-edit-my-video
======== We are on link 155 of 252
========== raw link https://help.pornhub.com/hc/en-us/articles/4419885104787-How-do-I-edit-my-photo-album
============ Checking for Redirections: https://help.pornhub.com/hc/en-us/articles/4419885104787-How-do-I-edit-my-photo-album
============ Link unchanged
========== scraping https://help.pornhub.com/hc/en-us/articles/4419885104787-How-do-I-edit-my-photo-album
======== We are on link 156 of 252
========== raw link https://help.pornhub.com/hc/en-us/articles/4419890748563-How-do-I-delete-a-photo-album
============ Checking for Redirections: https://help.pornhub.com/hc/en-us/articles/4419890748563-How-do-I-delete-a-photo-album
============ Link unchanged
========== scraping https://help.pornhub.com/hc/en-us/articles/4419890748563-How-do-I-delete-a-photo-album
======== We are on link 157 of 252
========== raw link https://help.pornhub.com/hc/en-us/articles/4419885030547-How-do-I-change-my-avatar-cover-photo
============ Checking for Redirections: https://help.pornhub.com/hc/en-us/articles/4419885030547-How-do-I-change-my-avatar-cover-photo
============ Link unchanged
========== scraping https://help.pornhub.com/hc/en-us/articles/4419885030547-How-do-I-change-my-avatar-cover-photo
======== We are on link 158 of 252
========== raw link https://help.pornhub.com/hc/en-us/articles/4419884998035-How-do-I-block-unblock-a-user
============ Checking for Redirections: https://help.pornhub.com/hc/en-us/articles/4419884998035-How-do-I-block-unblock-a-user
============ Link unchanged
========== scraping https://help.pornhub.com/hc/en-us/articles/4419884998035-How-do-I-block-unblock-a-user
======== We are on link 159 of 252
========== raw link https://help.pornhub.com/hc/en-us/articles/4419884973971-How-do-I-add-friends
============ Checking for Redirections: https://help.pornhub.com/hc/en-us/articles/4419884973971-How-do-I-add-friends
============ Link unchanged
========== scraping https://help.pornhub.com/hc/en-us/articles/4419884973971-How-do-I-add-friends
======== We are on link 160 of 252
========== raw link https://help.pornhub.com/hc/en-us/articles/4419890616083-How-do-I-get-more-views
============ Checking for Redirections: https://help.pornhub.com/hc/en-us/articles/4419890616083-How-do-I-get-more-views
============ Link unchanged
========== scraping https://help.pornhub.com/hc/en-us/articles/4419890616083-How-do-I-get-more-views
======== We are on link 161 of 252
========== raw link https://help.pornhub.com/hc/en-us/articles/4419878027411-How-do-I-get-my-video-featured
============ Checking for Redirections: https://help.pornhub.com/hc/en-us/articles/4419878027411-How-do-I-get-my-video-featured
============ Link unchanged
========== scraping https://help.pornhub.com/hc/en-us/articles/4419878027411-How-do-I-get-my-video-featured
======== We are on link 162 of 252
========== raw link https://help.pornhub.com/hc/en-us/articles/4419890517523-Can-I-restore-my-deleted-account
============ Checking for Redirections: https://help.pornhub.com/hc/en-us/articles/4419890517523-Can-I-restore-my-deleted-account
============ Link unchanged
========== scraping https://help.pornhub.com/hc/en-us/articles/4419890517523-Can-I-restore-my-deleted-account
======== We are on link 163 of 252
========== raw link https://help.pornhub.com/hc/en-us/articles/4419877936915-How-do-I-change-my-gender
============ Checking for Redirections: https://help.pornhub.com/hc/en-us/articles/4419877936915-How-do-I-change-my-gender
============ Link unchanged
========== scraping https://help.pornhub.com/hc/en-us/articles/4419877936915-How-do-I-change-my-gender
======== We are on link 164 of 252
========== raw link https://help.pornhub.com/hc/en-us/articles/4419884818963-How-do-I-change-my-email
============ Checking for Redirections: https://help.pornhub.com/hc/en-us/articles/4419884818963-How-do-I-change-my-email
============ Link unchanged
========== scraping https://help.pornhub.com/hc/en-us/articles/4419884818963-How-do-I-change-my-email
======== We are on link 165 of 252
========== raw link https://help.pornhub.com/hc/en-us/articles/4419877879571-How-do-I-change-my-username
============ Checking for Redirections: https://help.pornhub.com/hc/en-us/articles/4419877879571-How-do-I-change-my-username
============ Link unchanged
========== scraping https://help.pornhub.com/hc/en-us/articles/4419877879571-How-do-I-change-my-username
======== We are on link 166 of 252
========== raw link https://help.pornhub.com/hc/en-us/articles/4419873638547-How-do-I-change-my-password
============ Checking for Redirections: https://help.pornhub.com/hc/en-us/articles/4419873638547-How-do-I-change-my-password
============ Link unchanged
========== scraping https://help.pornhub.com/hc/en-us/articles/4419873638547-How-do-I-change-my-password
======== We are on link 167 of 252
========== raw link https://help.pornhub.com/hc/en-us/articles/4419877525523-What-is-a-stream
============ Checking for Redirections: https://help.pornhub.com/hc/en-us/articles/4419877525523-What-is-a-stream
============ Link unchanged
========== scraping https://help.pornhub.com/hc/en-us/articles/4419877525523-What-is-a-stream
======== We are on link 168 of 252
========== raw link https://help.pornhub.com/hc/en-us/articles/4419877487635-How-do-I-delete-my-account
============ Checking for Redirections: https://help.pornhub.com/hc/en-us/articles/4419877487635-How-do-I-delete-my-account
============ Link unchanged
========== scraping https://help.pornhub.com/hc/en-us/articles/4419877487635-How-do-I-delete-my-account
======== We are on link 169 of 252
========== raw link https://help.pornhub.com/hc/en-us/articles/4419873225747-I-forgot-my-username-password-how-can-I-get-them-back
============ Checking for Redirections: https://help.pornhub.com/hc/en-us/articles/4419873225747-I-forgot-my-username-password-how-can-I-get-them-back
============ Link unchanged
========== scraping https://help.pornhub.com/hc/en-us/articles/4419873225747-I-forgot-my-username-password-how-can-I-get-them-back
======== We are on link 170 of 252
========== raw link https://help.pornhub.com/hc/en-us/articles/4419873200147-What-is-my-feed
============ Checking for Redirections: https://help.pornhub.com/hc/en-us/articles/4419873200147-What-is-my-feed
============ Link unchanged
========== scraping https://help.pornhub.com/hc/en-us/articles/4419873200147-What-is-my-feed
======== We are on link 171 of 252
========== raw link https://help.pornhub.com/hc/en-us/articles/4419873168275-How-do-I-post-to-my-stream-or-someone-else-s
============ Checking for Redirections: https://help.pornhub.com/hc/en-us/articles/4419873168275-How-do-I-post-to-my-stream-or-someone-else-s
============ Link unchanged
========== scraping https://help.pornhub.com/hc/en-us/articles/4419873168275-How-do-I-post-to-my-stream-or-someone-else-s
======== We are on link 172 of 252
========== raw link https://help.pornhub.com/hc/en-us/articles/4419873119635-How-do-I-make-a-playlist-Private
============ Checking for Redirections: https://help.pornhub.com/hc/en-us/articles/4419873119635-How-do-I-make-a-playlist-Private
============ Link unchanged
========== scraping https://help.pornhub.com/hc/en-us/articles/4419873119635-How-do-I-make-a-playlist-Private
======== We are on link 173 of 252
========== raw link https://help.pornhub.com/hc/en-us/articles/4419884181139-How-do-I-create-a-new-playlist
============ Checking for Redirections: https://help.pornhub.com/hc/en-us/articles/4419884181139-How-do-I-create-a-new-playlist
============ Link unchanged
========== scraping https://help.pornhub.com/hc/en-us/articles/4419884181139-How-do-I-create-a-new-playlist
======== We are on link 174 of 252
========== raw link https://help.pornhub.com/hc/en-us/articles/4419877271571-What-are-Favorites
============ Checking for Redirections: https://help.pornhub.com/hc/en-us/articles/4419877271571-What-are-Favorites
============ Link unchanged
========== scraping https://help.pornhub.com/hc/en-us/articles/4419877271571-What-are-Favorites
======== We are on link 175 of 252
========== raw link https://help.pornhub.com/hc/en-us/articles/4419873015443-What-are-Playlists
============ Checking for Redirections: https://help.pornhub.com/hc/en-us/articles/4419873015443-What-are-Playlists
============ Link unchanged
========== scraping https://help.pornhub.com/hc/en-us/articles/4419873015443-What-are-Playlists
======== We are on link 176 of 252
========== raw link https://help.pornhub.com/hc/en-us/articles/4419884062867-How-do-I-prevent-someone-from-subscribing-to-me
============ Checking for Redirections: https://help.pornhub.com/hc/en-us/articles/4419884062867-How-do-I-prevent-someone-from-subscribing-to-me
============ Link unchanged
========== scraping https://help.pornhub.com/hc/en-us/articles/4419884062867-How-do-I-prevent-someone-from-subscribing-to-me
======== We are on link 177 of 252
========== raw link https://help.pornhub.com/hc/en-us/articles/4419872932627-How-do-I-unsubscribe-to-someone
============ Checking for Redirections: https://help.pornhub.com/hc/en-us/articles/4419872932627-How-do-I-unsubscribe-to-someone
============ Link unchanged
========== scraping https://help.pornhub.com/hc/en-us/articles/4419872932627-How-do-I-unsubscribe-to-someone
======== We are on link 178 of 252
========== raw link https://help.pornhub.com/hc/en-us/articles/4419872830483-How-do-I-remove-myself-from-the-mailing-list
============ Checking for Redirections: https://help.pornhub.com/hc/en-us/articles/4419872830483-How-do-I-remove-myself-from-the-mailing-list
============ Link unchanged
========== scraping https://help.pornhub.com/hc/en-us/articles/4419872830483-How-do-I-remove-myself-from-the-mailing-list
======== We are on link 179 of 252
========== raw link https://help.pornhub.com/hc/en-us/articles/4419883930899-How-do-I-delete-a-video
============ Checking for Redirections: https://help.pornhub.com/hc/en-us/articles/4419883930899-How-do-I-delete-a-video
============ Link unchanged
========== scraping https://help.pornhub.com/hc/en-us/articles/4419883930899-How-do-I-delete-a-video
======== We are on link 180 of 252
========== raw link https://help.pornhub.com/hc/en-us/articles/4419877067923-Why-should-I-get-my-account-verified
============ Checking for Redirections: https://help.pornhub.com/hc/en-us/articles/4419877067923-Why-should-I-get-my-account-verified
============ Link unchanged
========== scraping https://help.pornhub.com/hc/en-us/articles/4419877067923-Why-should-I-get-my-account-verified
======== We are on link 181 of 252
========== raw link https://help.pornhub.com/hc/en-us/articles/4419883865875-How-do-I-change-the-privacy-settings-on-my-video
============ Checking for Redirections: https://help.pornhub.com/hc/en-us/articles/4419883865875-How-do-I-change-the-privacy-settings-on-my-video
============ Link unchanged
========== scraping https://help.pornhub.com/hc/en-us/articles/4419883865875-How-do-I-change-the-privacy-settings-on-my-video
======== We are on link 182 of 252
========== raw link https://help.pornhub.com/hc/en-us/articles/4419877008787-How-do-I-see-another-member-s-profile
============ Checking for Redirections: https://help.pornhub.com/hc/en-us/articles/4419877008787-How-do-I-see-another-member-s-profile
============ Link unchanged
========== scraping https://help.pornhub.com/hc/en-us/articles/4419877008787-How-do-I-see-another-member-s-profile
======== We are on link 183 of 252
========== raw link https://help.pornhub.com/hc/en-us/articles/4419872662163-How-do-I-upload-videos-photos-to-Pornhub
============ Checking for Redirections: https://help.pornhub.com/hc/en-us/articles/4419872662163-How-do-I-upload-videos-photos-to-Pornhub
============ Link unchanged
========== scraping https://help.pornhub.com/hc/en-us/articles/4419872662163-How-do-I-upload-videos-photos-to-Pornhub
======== We are on link 184 of 252
========== raw link https://help.pornhub.com/hc/en-us/articles/4419876961811-What-kinds-of-videos-are-unacceptable
============ Checking for Redirections: https://help.pornhub.com/hc/en-us/articles/4419876961811-What-kinds-of-videos-are-unacceptable
============ Link unchanged
========== scraping https://help.pornhub.com/hc/en-us/articles/4419876961811-What-kinds-of-videos-are-unacceptable
======== We are on link 185 of 252
========== raw link https://help.pornhub.com/hc/en-us/articles/4419876927123-What-are-tags
============ Checking for Redirections: https://help.pornhub.com/hc/en-us/articles/4419876927123-What-are-tags
============ Link unchanged
========== scraping https://help.pornhub.com/hc/en-us/articles/4419876927123-What-are-tags
======== We are on link 186 of 252
========== raw link https://help.pornhub.com/hc/en-us/articles/4419891126931-Can-I-embed-Pornhub-videos-on-my-site-for-free
============ Checking for Redirections: https://help.pornhub.com/hc/en-us/articles/4419891126931-Can-I-embed-Pornhub-videos-on-my-site-for-free
============ Link unchanged
========== scraping https://help.pornhub.com/hc/en-us/articles/4419891126931-Can-I-embed-Pornhub-videos-on-my-site-for-free
======== We are on link 187 of 252
========== raw link https://help.pornhub.com/hc/en-us/articles/4419891113491-I-am-a-content-producer-how-can-I-make-money-on-Pornhub
============ Checking for Redirections: https://help.pornhub.com/hc/en-us/articles/4419891113491-I-am-a-content-producer-how-can-I-make-money-on-Pornhub
============ Link unchanged
========== scraping https://help.pornhub.com/hc/en-us/articles/4419891113491-I-am-a-content-producer-how-can-I-make-money-on-Pornhub
======== We are on link 188 of 252
========== raw link https://help.pornhub.com/hc/en-us/articles/4419878618003-I-would-like-to-advertise-on-Pornhub
============ Checking for Redirections: https://help.pornhub.com/hc/en-us/articles/4419878618003-I-would-like-to-advertise-on-Pornhub
============ Link unchanged
========== scraping https://help.pornhub.com/hc/en-us/articles/4419878618003-I-would-like-to-advertise-on-Pornhub
======== We are on link 189 of 252
========== raw link https://help.pornhub.com/hc/en-us/articles/34927506861843-Verification-Upload-and-Content-Moderation-Process
============ Checking for Redirections: https://help.pornhub.com/hc/en-us/articles/34927506861843-Verification-Upload-and-Content-Moderation-Process
============ Link unchanged
========== scraping https://help.pornhub.com/hc/en-us/articles/34927506861843-Verification-Upload-and-Content-Moderation-Process
======== We are on link 190 of 252
========== raw link https://help.pornhub.com/hc/en-us/articles/19159382668435-Trust-and-Safety-Initiatives
============ Checking for Redirections: https://help.pornhub.com/hc/en-us/articles/19159382668435-Trust-and-Safety-Initiatives
============ Link unchanged
========== scraping https://help.pornhub.com/hc/en-us/articles/19159382668435-Trust-and-Safety-Initiatives
============ New link added. Search term (AI) found on https://help.pornhub.com/hc/en-us/articles/19159382668435-Trust-and-Safety-Initiatives.
======== We are on link 191 of 252
========== raw link https://help.pornhub.com/hc/en-us/articles/4419872596115-About-The-Community
============ Checking for Redirections: https://help.pornhub.com/hc/en-us/articles/4419872596115-About-The-Community
============ Link unchanged
========== scraping https://help.pornhub.com/hc/en-us/articles/4419872596115-About-The-Community
======== We are on link 192 of 252
========== raw link https://help.pornhub.com/hc/en-us/articles/4419871944723-Core-Values
============ Checking for Redirections: https://help.pornhub.com/hc/en-us/articles/4419871944723-Core-Values
============ Link unchanged
========== scraping https://help.pornhub.com/hc/en-us/articles/4419871944723-Core-Values
======== We are on link 193 of 252
========== raw link https://help.pornhub.com/hc/en-us/articles/4419869864211-Accessibility
============ Checking for Redirections: https://help.pornhub.com/hc/en-us/articles/4419869864211-Accessibility
============ Link unchanged
========== scraping https://help.pornhub.com/hc/en-us/articles/4419869864211-Accessibility
======== We are on link 194 of 252
========== raw link https://help.pornhub.com/hc/en-us/articles/6017547823763-Pornhub-Literacy
============ Checking for Redirections: https://help.pornhub.com/hc/en-us/articles/6017547823763-Pornhub-Literacy
============ Link unchanged
========== scraping https://help.pornhub.com/hc/en-us/articles/6017547823763-Pornhub-Literacy
======== We are on link 195 of 252
========== raw link https://help.pornhub.com/hc/en-us/articles/4419892571155-View-Fraud
============ Checking for Redirections: https://help.pornhub.com/hc/en-us/articles/4419892571155-View-Fraud
============ Link unchanged
========== scraping https://help.pornhub.com/hc/en-us/articles/4419892571155-View-Fraud
======== We are on link 196 of 252
========== raw link https://help.pornhub.com/hc/en-us/articles/27367068631315-Translated-Articles
============ Checking for Redirections: https://help.pornhub.com/hc/en-us/articles/27367068631315-Translated-Articles
============ Link unchanged
========== scraping https://help.pornhub.com/hc/en-us/articles/27367068631315-Translated-Articles
======== We are on link 197 of 252
========== raw link https://help.pornhub.com/hc/en-us/articles/4419900587155-Community-Guidelines
============ Checking for Redirections: https://help.pornhub.com/hc/en-us/articles/4419900587155-Community-Guidelines
============ Link unchanged
========== link already checked
======== We are on link 198 of 252
========== raw link https://help.pornhub.com/hc/en-us/articles/4419869793683-Child-Sexual-Abuse-Material-Policy
============ Checking for Redirections: https://help.pornhub.com/hc/en-us/articles/4419869793683-Child-Sexual-Abuse-Material-Policy
============ Link unchanged
========== scraping https://help.pornhub.com/hc/en-us/articles/4419869793683-Child-Sexual-Abuse-Material-Policy
============ New link added. Search term (AI) found on https://help.pornhub.com/hc/en-us/articles/4419869793683-Child-Sexual-Abuse-Material-Policy.
======== We are on link 199 of 252
========== raw link https://help.pornhub.com/hc/en-us/articles/4419871787027-Non-Consensual-Content-Policy
============ Checking for Redirections: https://help.pornhub.com/hc/en-us/articles/4419871787027-Non-Consensual-Content-Policy
============ Link unchanged
========== link already checked
======== We are on link 200 of 252
========== raw link https://help.pornhub.com/hc/en-us/articles/14512634908819-Hate-Speech-Policy
============ Checking for Redirections: https://help.pornhub.com/hc/en-us/articles/14512634908819-Hate-Speech-Policy
============ Link unchanged
========== scraping https://help.pornhub.com/hc/en-us/articles/14512634908819-Hate-Speech-Policy
======== We are on link 201 of 252
========== raw link https://help.pornhub.com/hc/en-us/articles/7906741373971-Animal-Welfare-Policy
============ Checking for Redirections: https://help.pornhub.com/hc/en-us/articles/7906741373971-Animal-Welfare-Policy
============ Link unchanged
========== scraping https://help.pornhub.com/hc/en-us/articles/7906741373971-Animal-Welfare-Policy
======== We are on link 202 of 252
========== raw link https://help.pornhub.com/hc/en-us/articles/4419863430291-Violent-Content-Policy
============ Checking for Redirections: https://help.pornhub.com/hc/en-us/articles/4419863430291-Violent-Content-Policy
============ Link unchanged
========== scraping https://help.pornhub.com/hc/en-us/articles/4419863430291-Violent-Content-Policy
======== We are on link 203 of 252
========== raw link https://help.pornhub.com/hc/en-us/articles/4419861225107-Copyright
============ Checking for Redirections: https://help.pornhub.com/hc/en-us/articles/4419861225107-Copyright
============ Link unchanged
========== scraping https://help.pornhub.com/hc/en-us/articles/4419861225107-Copyright
======== We are on link 204 of 252
========== raw link https://help.pornhub.com/hc/en-us/articles/36113072849171-Australian-eSafety
============ Checking for Redirections: https://help.pornhub.com/hc/en-us/articles/36113072849171-Australian-eSafety
============ Link unchanged
========== scraping https://help.pornhub.com/hc/en-us/articles/36113072849171-Australian-eSafety
======== We are on link 205 of 252
========== raw link https://help.pornhub.com/hc/en-us/articles/4419879221907-Pornhub-Trusted-Flagger-Program
============ Checking for Redirections: https://help.pornhub.com/hc/en-us/articles/4419879221907-Pornhub-Trusted-Flagger-Program
============ Link unchanged
========== scraping https://help.pornhub.com/hc/en-us/articles/4419879221907-Pornhub-Trusted-Flagger-Program
======== We are on link 206 of 252
========== raw link https://help.pornhub.com/hc/en-us/articles/4419875025043-Report-Harmful-Content
============ Checking for Redirections: https://help.pornhub.com/hc/en-us/articles/4419875025043-Report-Harmful-Content
============ Link unchanged
========== scraping https://help.pornhub.com/hc/en-us/articles/4419875025043-Report-Harmful-Content
======== We are on link 207 of 252
========== raw link https://help.pornhub.com/hc/en-us/articles/4419868912787-Content-Removal-Request-Form
============ Checking for Redirections: https://help.pornhub.com/hc/en-us/articles/4419868912787-Content-Removal-Request-Form
============ Link unchanged
========== scraping https://help.pornhub.com/hc/en-us/articles/4419868912787-Content-Removal-Request-Form
======== We are on link 208 of 252
========== raw link https://help.pornhub.com/hc/en-us/articles/4419855809171-Copyright-Removal-Requests
============ Checking for Redirections: https://help.pornhub.com/hc/en-us/articles/4419855809171-Copyright-Removal-Requests
============ Link unchanged
========== scraping https://help.pornhub.com/hc/en-us/articles/4419855809171-Copyright-Removal-Requests
======== We are on link 209 of 252
========== raw link https://help.pornhub.com/hc/en-us/articles/4419866547475-Feedback-General-Inquiries-and-Technical-Support
============ Checking for Redirections: https://help.pornhub.com/hc/en-us/articles/4419866547475-Feedback-General-Inquiries-and-Technical-Support
============ Link unchanged
========== scraping https://help.pornhub.com/hc/en-us/articles/4419866547475-Feedback-General-Inquiries-and-Technical-Support
======== We are on link 210 of 252
========== raw link https://help.pornhub.com/hc/en-us/articles/38929180749587-DSA-Transparency-report-February-2025
============ Checking for Redirections: https://help.pornhub.com/hc/en-us/articles/38929180749587-DSA-Transparency-report-February-2025
============ Link unchanged
========== scraping https://help.pornhub.com/hc/en-us/articles/38929180749587-DSA-Transparency-report-February-2025
============ New link added. Search term (AI) found on https://help.pornhub.com/hc/en-us/articles/38929180749587-DSA-Transparency-report-February-2025.
======== We are on link 211 of 252
========== raw link https://help.pornhub.com/hc/en-us/articles/38743689517715-2024-Transparency-Report-Second-Half
============ Checking for Redirections: https://help.pornhub.com/hc/en-us/articles/38743689517715-2024-Transparency-Report-Second-Half
============ Link unchanged
========== scraping https://help.pornhub.com/hc/en-us/articles/38743689517715-2024-Transparency-Report-Second-Half
============ New link added. Search term (AI) found on https://help.pornhub.com/hc/en-us/articles/38743689517715-2024-Transparency-Report-Second-Half.
======== We are on link 212 of 252
========== raw link https://help.pornhub.com/hc/en-us/articles/33098088051475-2024-Transparency-Report-First-Half
============ Checking for Redirections: https://help.pornhub.com/hc/en-us/articles/33098088051475-2024-Transparency-Report-First-Half
============ Link unchanged
========== scraping https://help.pornhub.com/hc/en-us/articles/33098088051475-2024-Transparency-Report-First-Half
============ New link added. Search term (AI) found on https://help.pornhub.com/hc/en-us/articles/33098088051475-2024-Transparency-Report-First-Half.
======== We are on link 213 of 252
========== raw link https://help.pornhub.com/hc/en-us/articles/32596021061267-EU-DSA-Transparency-Report-August-2024
============ Checking for Redirections: https://help.pornhub.com/hc/en-us/articles/32596021061267-EU-DSA-Transparency-Report-August-2024
============ Link unchanged
========== scraping https://help.pornhub.com/hc/en-us/articles/32596021061267-EU-DSA-Transparency-Report-August-2024
============ New link added. Search term (AI) found on https://help.pornhub.com/hc/en-us/articles/32596021061267-EU-DSA-Transparency-Report-August-2024.
======== We are on link 214 of 252
========== raw link https://help.pornhub.com/hc/en-us/articles/27610703413267-2023-Transparency-Report-Second-Half
============ Checking for Redirections: https://help.pornhub.com/hc/en-us/articles/27610703413267-2023-Transparency-Report-Second-Half
============ Link unchanged
========== scraping https://help.pornhub.com/hc/en-us/articles/27610703413267-2023-Transparency-Report-Second-Half
============ New link added. Search term (deepfake) found on https://help.pornhub.com/hc/en-us/articles/27610703413267-2023-Transparency-Report-Second-Half.
======== We are on link 215 of 252
========== raw link https://help.pornhub.com/hc/en-us/articles/19464887586579-2023-Transparency-Report-First-Half
============ Checking for Redirections: https://help.pornhub.com/hc/en-us/articles/19464887586579-2023-Transparency-Report-First-Half
============ Link unchanged
========== scraping https://help.pornhub.com/hc/en-us/articles/19464887586579-2023-Transparency-Report-First-Half
============ New link added. Search term (deepfake) found on https://help.pornhub.com/hc/en-us/articles/19464887586579-2023-Transparency-Report-First-Half.
======== We are on link 216 of 252
========== raw link https://help.pornhub.com/hc/en-us/articles/14666334117267-2022-Transparency-Report
============ Checking for Redirections: https://help.pornhub.com/hc/en-us/articles/14666334117267-2022-Transparency-Report
============ Link unchanged
========== scraping https://help.pornhub.com/hc/en-us/articles/14666334117267-2022-Transparency-Report
============ New link added. Search term (AI) found on https://help.pornhub.com/hc/en-us/articles/14666334117267-2022-Transparency-Report.
======== We are on link 217 of 252
========== raw link https://help.pornhub.com/hc/en-us/articles/5357457259155-2021-Transparency-Report
============ Checking for Redirections: https://help.pornhub.com/hc/en-us/articles/5357457259155-2021-Transparency-Report
============ Link unchanged
========== scraping https://help.pornhub.com/hc/en-us/articles/5357457259155-2021-Transparency-Report
============ New link added. Search term (AI) found on https://help.pornhub.com/hc/en-us/articles/5357457259155-2021-Transparency-Report.
======== We are on link 218 of 252
========== raw link https://help.pornhub.com/hc/en-us/articles/4419860718483-2020-Transparency-Report
============ Checking for Redirections: https://help.pornhub.com/hc/en-us/articles/4419860718483-2020-Transparency-Report
============ Link unchanged
========== scraping https://help.pornhub.com/hc/en-us/articles/4419860718483-2020-Transparency-Report
============ New link added. Search term (AI) found on https://help.pornhub.com/hc/en-us/articles/4419860718483-2020-Transparency-Report.
======== We are on link 219 of 252
========== raw link https://help.pornhub.com/hc/en-us/articles/4419883155347-Sexual-Wellness-Center
============ Checking for Redirections: https://help.pornhub.com/hc/en-us/articles/4419883155347-Sexual-Wellness-Center
============ Link unchanged
========== scraping https://help.pornhub.com/hc/en-us/articles/4419883155347-Sexual-Wellness-Center
======== We are on link 220 of 252
========== raw link https://help.pornhub.com/hc/en-us/articles/4419874097683-Mental-Health
============ Checking for Redirections: https://help.pornhub.com/hc/en-us/articles/4419874097683-Mental-Health
============ Link unchanged
========== scraping https://help.pornhub.com/hc/en-us/articles/4419874097683-Mental-Health
======== We are on link 221 of 252
========== raw link https://help.pornhub.com/hc/en-us/articles/4419885579795-Parental-Controls
============ Checking for Redirections: https://help.pornhub.com/hc/en-us/articles/4419885579795-Parental-Controls
============ Link unchanged
========== scraping https://help.pornhub.com/hc/en-us/articles/4419885579795-Parental-Controls
======== We are on link 222 of 252
========== raw link https://help.pornhub.com/hc/en-us/articles/4419878696211-Notice-To-Our-Users
============ Checking for Redirections: https://help.pornhub.com/hc/en-us/articles/4419878696211-Notice-To-Our-Users
============ Link unchanged
========== scraping https://help.pornhub.com/hc/en-us/articles/4419878696211-Notice-To-Our-Users
======== We are on link 223 of 252
========== raw link https://help.pornhub.com/hc/en-us/articles/4419883182867-Notice-To-Law-Enforcement
============ Checking for Redirections: https://help.pornhub.com/hc/en-us/articles/4419883182867-Notice-To-Law-Enforcement
============ Link unchanged
========== scraping https://help.pornhub.com/hc/en-us/articles/4419883182867-Notice-To-Law-Enforcement
======== We are on link 224 of 252
========== raw link #
========== dropped link (either fragment ("#"), js, mailto, comment, pdf, or empty)
======== We are on link 225 of 252
========== raw link /hc/en-us/sections/4419840860307-General
============ Found Relative: joining https://help.pornhub.com/hc/en-us/categories/4419836205203-F-A-Qs and /hc/en-us/sections/4419840860307-General
============ Checking for Redirections: https://help.pornhub.com/hc/en-us/sections/4419840860307-General
============ Link after cleaning: https://help.pornhub.com/hc/en-us/sections/4419840860307-General
========== scraping https://help.pornhub.com/hc/en-us/sections/4419840860307-General
======== We are on link 226 of 252
========== raw link /hc/en-us/articles/31846202423059-What-is-Pornhub-org
============ Found Relative: joining https://help.pornhub.com/hc/en-us/categories/4419836205203-F-A-Qs and /hc/en-us/articles/31846202423059-What-is-Pornhub-org
============ Checking for Redirections: https://help.pornhub.com/hc/en-us/articles/31846202423059-What-is-Pornhub-org
============ Link after cleaning: https://help.pornhub.com/hc/en-us/articles/31846202423059-What-is-Pornhub-org
========== link already checked
======== We are on link 227 of 252
========== raw link /hc/en-us/articles/27608180788755-Tiers-Monetization-Program
============ Found Relative: joining https://help.pornhub.com/hc/en-us/categories/4419836205203-F-A-Qs and /hc/en-us/articles/27608180788755-Tiers-Monetization-Program
============ Checking for Redirections: https://help.pornhub.com/hc/en-us/articles/27608180788755-Tiers-Monetization-Program
============ Link after cleaning: https://help.pornhub.com/hc/en-us/articles/27608180788755-Tiers-Monetization-Program
========== link already checked
======== We are on link 228 of 252
========== raw link /hc/en-us/articles/20404403877651-Why-are-some-videos-not-playing-on-Pornhub
============ Found Relative: joining https://help.pornhub.com/hc/en-us/categories/4419836205203-F-A-Qs and /hc/en-us/articles/20404403877651-Why-are-some-videos-not-playing-on-Pornhub
============ Checking for Redirections: https://help.pornhub.com/hc/en-us/articles/20404403877651-Why-are-some-videos-not-playing-on-Pornhub
============ Link after cleaning: https://help.pornhub.com/hc/en-us/articles/20404403877651-Why-are-some-videos-not-playing-on-Pornhub
========== link already checked
======== We are on link 229 of 252
========== raw link /hc/en-us/articles/19866717326867-Is-Pornhub-Safe
============ Found Relative: joining https://help.pornhub.com/hc/en-us/categories/4419836205203-F-A-Qs and /hc/en-us/articles/19866717326867-Is-Pornhub-Safe
============ Checking for Redirections: https://help.pornhub.com/hc/en-us/articles/19866717326867-Is-Pornhub-Safe
============ Link after cleaning: https://help.pornhub.com/hc/en-us/articles/19866717326867-Is-Pornhub-Safe
========== link already checked
======== We are on link 230 of 252
========== raw link /hc/en-us/articles/6954469475347-How-can-I-watch-Pornhub-on-my-TV
============ Found Relative: joining https://help.pornhub.com/hc/en-us/categories/4419836205203-F-A-Qs and /hc/en-us/articles/6954469475347-How-can-I-watch-Pornhub-on-my-TV
============ Checking for Redirections: https://help.pornhub.com/hc/en-us/articles/6954469475347-How-can-I-watch-Pornhub-on-my-TV
============ Link after cleaning: https://help.pornhub.com/hc/en-us/articles/6954469475347-How-can-I-watch-Pornhub-on-my-TV
========== link already checked
======== We are on link 231 of 252
========== raw link /hc/en-us/articles/4419885457555-How-do-I-switch-back-to-mobile-view
============ Found Relative: joining https://help.pornhub.com/hc/en-us/categories/4419836205203-F-A-Qs and /hc/en-us/articles/4419885457555-How-do-I-switch-back-to-mobile-view
============ Checking for Redirections: https://help.pornhub.com/hc/en-us/articles/4419885457555-How-do-I-switch-back-to-mobile-view
============ Link after cleaning: https://help.pornhub.com/hc/en-us/articles/4419885457555-How-do-I-switch-back-to-mobile-view
========== link already checked
======== We are on link 232 of 252
========== raw link /hc/en-us/sections/4419840860307-General
============ Found Relative: joining https://help.pornhub.com/hc/en-us/categories/4419836205203-F-A-Qs and /hc/en-us/sections/4419840860307-General
============ Checking for Redirections: https://help.pornhub.com/hc/en-us/sections/4419840860307-General
============ Link after cleaning: https://help.pornhub.com/hc/en-us/sections/4419840860307-General
========== link already checked
======== We are on link 233 of 252
========== raw link /hc/en-us/sections/4419836262803-Premium
============ Found Relative: joining https://help.pornhub.com/hc/en-us/categories/4419836205203-F-A-Qs and /hc/en-us/sections/4419836262803-Premium
============ Checking for Redirections: https://help.pornhub.com/hc/en-us/sections/4419836262803-Premium
============ Link after cleaning: https://help.pornhub.com/hc/en-us/sections/4419836262803-Premium
========== scraping https://help.pornhub.com/hc/en-us/sections/4419836262803-Premium
======== We are on link 234 of 252
========== raw link /hc/en-us/articles/4419873610643-Can-I-cancel-anytime
============ Found Relative: joining https://help.pornhub.com/hc/en-us/categories/4419836205203-F-A-Qs and /hc/en-us/articles/4419873610643-Can-I-cancel-anytime
============ Checking for Redirections: https://help.pornhub.com/hc/en-us/articles/4419873610643-Can-I-cancel-anytime
============ Link after cleaning: https://help.pornhub.com/hc/en-us/articles/4419873610643-Can-I-cancel-anytime
========== link already checked
======== We are on link 235 of 252
========== raw link /hc/en-us/articles/4419884685459-What-features-do-I-get
============ Found Relative: joining https://help.pornhub.com/hc/en-us/categories/4419836205203-F-A-Qs and /hc/en-us/articles/4419884685459-What-features-do-I-get
============ Checking for Redirections: https://help.pornhub.com/hc/en-us/articles/4419884685459-What-features-do-I-get
============ Link after cleaning: https://help.pornhub.com/hc/en-us/articles/4419884685459-What-features-do-I-get
========== link already checked
======== We are on link 236 of 252
========== raw link /hc/en-us/articles/4419877651987-Who-are-your-content-partners
============ Found Relative: joining https://help.pornhub.com/hc/en-us/categories/4419836205203-F-A-Qs and /hc/en-us/articles/4419877651987-Who-are-your-content-partners
============ Checking for Redirections: https://help.pornhub.com/hc/en-us/articles/4419877651987-Who-are-your-content-partners
============ Link after cleaning: https://help.pornhub.com/hc/en-us/articles/4419877651987-Who-are-your-content-partners
========== link already checked
======== We are on link 237 of 252
========== raw link /hc/en-us/articles/4419877632787-How-much-is-it
============ Found Relative: joining https://help.pornhub.com/hc/en-us/categories/4419836205203-F-A-Qs and /hc/en-us/articles/4419877632787-How-much-is-it
============ Checking for Redirections: https://help.pornhub.com/hc/en-us/articles/4419877632787-How-much-is-it
============ Link after cleaning: https://help.pornhub.com/hc/en-us/articles/4419877632787-How-much-is-it
========== link already checked
======== We are on link 238 of 252
========== raw link /hc/en-us/articles/4419884534675-How-can-I-contact-support-to-cancel-or-for-help-with-my-account
============ Found Relative: joining https://help.pornhub.com/hc/en-us/categories/4419836205203-F-A-Qs and /hc/en-us/articles/4419884534675-How-can-I-contact-support-to-cancel-or-for-help-with-my-account
============ Checking for Redirections: https://help.pornhub.com/hc/en-us/articles/4419884534675-How-can-I-contact-support-to-cancel-or-for-help-with-my-account
============ Link after cleaning: https://help.pornhub.com/hc/en-us/articles/4419884534675-How-can-I-contact-support-to-cancel-or-for-help-with-my-account
========== link already checked
======== We are on link 239 of 252
========== raw link /hc/en-us/articles/4419884512147-Is-it-secure-and-discreet
============ Found Relative: joining https://help.pornhub.com/hc/en-us/categories/4419836205203-F-A-Qs and /hc/en-us/articles/4419884512147-Is-it-secure-and-discreet
============ Checking for Redirections: https://help.pornhub.com/hc/en-us/articles/4419884512147-Is-it-secure-and-discreet
============ Link after cleaning: https://help.pornhub.com/hc/en-us/articles/4419884512147-Is-it-secure-and-discreet
========== link already checked
======== We are on link 240 of 252
========== raw link /hc/en-us/sections/4419836262803-Premium
============ Found Relative: joining https://help.pornhub.com/hc/en-us/categories/4419836205203-F-A-Qs and /hc/en-us/sections/4419836262803-Premium
============ Checking for Redirections: https://help.pornhub.com/hc/en-us/sections/4419836262803-Premium
============ Link after cleaning: https://help.pornhub.com/hc/en-us/sections/4419836262803-Premium
========== link already checked
======== We are on link 241 of 252
========== raw link /hc/en-us/sections/4419828636307-Members
============ Found Relative: joining https://help.pornhub.com/hc/en-us/categories/4419836205203-F-A-Qs and /hc/en-us/sections/4419828636307-Members
============ Checking for Redirections: https://help.pornhub.com/hc/en-us/sections/4419828636307-Members
============ Link after cleaning: https://help.pornhub.com/hc/en-us/sections/4419828636307-Members
========== scraping https://help.pornhub.com/hc/en-us/sections/4419828636307-Members
======== We are on link 242 of 252
========== raw link /hc/en-us/articles/4419878586515-How-do-I-become-a-translator
============ Found Relative: joining https://help.pornhub.com/hc/en-us/categories/4419836205203-F-A-Qs and /hc/en-us/articles/4419878586515-How-do-I-become-a-translator
============ Checking for Redirections: https://help.pornhub.com/hc/en-us/articles/4419878586515-How-do-I-become-a-translator
============ Link after cleaning: https://help.pornhub.com/hc/en-us/articles/4419878586515-How-do-I-become-a-translator
========== link already checked
======== We are on link 243 of 252
========== raw link /hc/en-us/articles/4419878556947-Why-can-t-I-see-my-friend-s-private-videos
============ Found Relative: joining https://help.pornhub.com/hc/en-us/categories/4419836205203-F-A-Qs and /hc/en-us/articles/4419878556947-Why-can-t-I-see-my-friend-s-private-videos
============ Checking for Redirections: https://help.pornhub.com/hc/en-us/articles/4419878556947-Why-can-t-I-see-my-friend-s-private-videos
============ Link after cleaning: https://help.pornhub.com/hc/en-us/articles/4419878556947-Why-can-t-I-see-my-friend-s-private-videos
========== link already checked
======== We are on link 244 of 252
========== raw link /hc/en-us/articles/4419891001875-What-is-the-difference-between-subscribers-and-friends
============ Found Relative: joining https://help.pornhub.com/hc/en-us/categories/4419836205203-F-A-Qs and /hc/en-us/articles/4419891001875-What-is-the-difference-between-subscribers-and-friends
============ Checking for Redirections: https://help.pornhub.com/hc/en-us/articles/4419891001875-What-is-the-difference-between-subscribers-and-friends
============ Link after cleaning: https://help.pornhub.com/hc/en-us/articles/4419891001875-What-is-the-difference-between-subscribers-and-friends
========== link already checked
======== We are on link 245 of 252
========== raw link /hc/en-us/articles/4419885333395-Is-there-a-limit-to-adding-friends
============ Found Relative: joining https://help.pornhub.com/hc/en-us/categories/4419836205203-F-A-Qs and /hc/en-us/articles/4419885333395-Is-there-a-limit-to-adding-friends
============ Checking for Redirections: https://help.pornhub.com/hc/en-us/articles/4419885333395-Is-there-a-limit-to-adding-friends
============ Link after cleaning: https://help.pornhub.com/hc/en-us/articles/4419885333395-Is-there-a-limit-to-adding-friends
========== link already checked
======== We are on link 246 of 252
========== raw link /hc/en-us/articles/4419890948115-How-do-I-send-a-private-message
============ Found Relative: joining https://help.pornhub.com/hc/en-us/categories/4419836205203-F-A-Qs and /hc/en-us/articles/4419890948115-How-do-I-send-a-private-message
============ Checking for Redirections: https://help.pornhub.com/hc/en-us/articles/4419890948115-How-do-I-send-a-private-message
============ Link after cleaning: https://help.pornhub.com/hc/en-us/articles/4419890948115-How-do-I-send-a-private-message
========== link already checked
======== We are on link 247 of 252
========== raw link /hc/en-us/articles/4419890926355-How-do-I-tag-a-user
============ Found Relative: joining https://help.pornhub.com/hc/en-us/categories/4419836205203-F-A-Qs and /hc/en-us/articles/4419890926355-How-do-I-tag-a-user
============ Checking for Redirections: https://help.pornhub.com/hc/en-us/articles/4419890926355-How-do-I-tag-a-user
============ Link after cleaning: https://help.pornhub.com/hc/en-us/articles/4419890926355-How-do-I-tag-a-user
========== link already checked
======== We are on link 248 of 252
========== raw link /hc/en-us/sections/4419828636307-Members
============ Found Relative: joining https://help.pornhub.com/hc/en-us/categories/4419836205203-F-A-Qs and /hc/en-us/sections/4419828636307-Members
============ Checking for Redirections: https://help.pornhub.com/hc/en-us/sections/4419828636307-Members
============ Link after cleaning: https://help.pornhub.com/hc/en-us/sections/4419828636307-Members
========== link already checked
======== We are on link 249 of 252
========== raw link /hc/en-us/sections/4419836305043-Webmasters
============ Found Relative: joining https://help.pornhub.com/hc/en-us/categories/4419836205203-F-A-Qs and /hc/en-us/sections/4419836305043-Webmasters
============ Checking for Redirections: https://help.pornhub.com/hc/en-us/sections/4419836305043-Webmasters
============ Link after cleaning: https://help.pornhub.com/hc/en-us/sections/4419836305043-Webmasters
========== scraping https://help.pornhub.com/hc/en-us/sections/4419836305043-Webmasters
======== We are on link 250 of 252
========== raw link /hc/en-us/articles/4419891126931-Can-I-embed-Pornhub-videos-on-my-site-for-free
============ Found Relative: joining https://help.pornhub.com/hc/en-us/categories/4419836205203-F-A-Qs and /hc/en-us/articles/4419891126931-Can-I-embed-Pornhub-videos-on-my-site-for-free
============ Checking for Redirections: https://help.pornhub.com/hc/en-us/articles/4419891126931-Can-I-embed-Pornhub-videos-on-my-site-for-free
============ Link after cleaning: https://help.pornhub.com/hc/en-us/articles/4419891126931-Can-I-embed-Pornhub-videos-on-my-site-for-free
========== link already checked
======== We are on link 251 of 252
========== raw link /hc/en-us/articles/4419891113491-I-am-a-content-producer-how-can-I-make-money-on-Pornhub
============ Found Relative: joining https://help.pornhub.com/hc/en-us/categories/4419836205203-F-A-Qs and /hc/en-us/articles/4419891113491-I-am-a-content-producer-how-can-I-make-money-on-Pornhub
============ Checking for Redirections: https://help.pornhub.com/hc/en-us/articles/4419891113491-I-am-a-content-producer-how-can-I-make-money-on-Pornhub
============ Link after cleaning: https://help.pornhub.com/hc/en-us/articles/4419891113491-I-am-a-content-producer-how-can-I-make-money-on-Pornhub
========== link already checked
======== We are on link 252 of 252
========== raw link /hc/en-us/articles/4419878618003-I-would-like-to-advertise-on-Pornhub
============ Found Relative: joining https://help.pornhub.com/hc/en-us/categories/4419836205203-F-A-Qs and /hc/en-us/articles/4419878618003-I-would-like-to-advertise-on-Pornhub
============ Checking for Redirections: https://help.pornhub.com/hc/en-us/articles/4419878618003-I-would-like-to-advertise-on-Pornhub
============ Link after cleaning: https://help.pornhub.com/hc/en-us/articles/4419878618003-I-would-like-to-advertise-on-Pornhub
========== link already checked
====== We are on page 2 of 6: https://help.pornhub.com/hc/en-us/categories/4419836212499
====== Number of Links on this Page: 288
======== We are on link 1 of 288
========== raw link /hc/en-us
============ Found Relative: joining https://help.pornhub.com/hc/en-us/categories/4419836212499 and /hc/en-us
============ Checking for Redirections: https://help.pornhub.com/hc/en-us
============ Link after cleaning: https://help.pornhub.com/hc/en-us
========== link already checked
======== We are on link 2 of 288
========== raw link https://www.pornhub.com/support
============ Checking for Redirections: https://www.pornhub.com/support
============ Link unchanged
========== link already checked
======== We are on link 3 of 288
========== raw link /hc/en-us/signin?return_to=https%3A%2F%2Fhelp.pornhub.com%2Fhc%2Fen-us%2Fcategories%2F4419836212499&locale=en-us
============ Prepended scheme.
============ Checking for Redirections: https://hc/en-us/signin?return_to=https%3A%2F%2Fhelp.pornhub.com%2Fhc%2Fen-us%2Fcategories%2F4419836212499&locale=en-us
========== dropped link https://hc/en-us/signin?return_to=https%3A%2F%2Fhelp.pornhub.com%2Fhc%2Fen-us%2Fcategories%2F4419836212499&locale=en-us. Could not follow redirection (or it was a meaninglessly small page or bot blocked by sessionID).
======== We are on link 4 of 288
========== raw link /hc/en-us
============ Found Relative: joining https://help.pornhub.com/hc/en-us/categories/4419836212499 and /hc/en-us
============ Checking for Redirections: https://help.pornhub.com/hc/en-us
============ Link after cleaning: https://help.pornhub.com/hc/en-us
========== link already checked
======== We are on link 5 of 288
========== raw link /hc
============ Found Relative: joining https://help.pornhub.com/hc/en-us/categories/4419836212499 and /hc
============ Checking for Redirections: https://help.pornhub.com/hc
============ Followed Redirection to https://help.pornhub.com/hc/en-us
============ Link after cleaning: https://help.pornhub.com/hc/en-us
========== link already checked
======== We are on link 6 of 288
========== raw link https://help.pornhub.com/hc/en-us/articles/4419879760403-How-to-Sign-Up-and-Join-the-Model-Program
============ Checking for Redirections: https://help.pornhub.com/hc/en-us/articles/4419879760403-How-to-Sign-Up-and-Join-the-Model-Program
============ Link unchanged
========== link already checked
======== We are on link 7 of 288
========== raw link https://help.pornhub.com/hc/en-us/articles/4419875178131-Model-Agreement
============ Checking for Redirections: https://help.pornhub.com/hc/en-us/articles/4419875178131-Model-Agreement
============ Link unchanged
========== link already checked
======== We are on link 8 of 288
========== raw link https://help.pornhub.com/hc/en-us/articles/22370181992083-Working-with-Co-Performers
============ Checking for Redirections: https://help.pornhub.com/hc/en-us/articles/22370181992083-Working-with-Co-Performers
============ Link unchanged
========== link already checked
======== We are on link 9 of 288
========== raw link https://help.pornhub.com/hc/en-us/articles/4419896613651-What-Co-Performer-Verification-Tools-are-Available
============ Checking for Redirections: https://help.pornhub.com/hc/en-us/articles/4419896613651-What-Co-Performer-Verification-Tools-are-Available
============ Link unchanged
========== link already checked
======== We are on link 10 of 288
========== raw link https://help.pornhub.com/hc/en-us/articles/4419856820115-Yoti-Supported-Documents-Per-Country
============ Checking for Redirections: https://help.pornhub.com/hc/en-us/articles/4419856820115-Yoti-Supported-Documents-Per-Country
============ Link unchanged
========== link already checked
======== We are on link 11 of 288
========== raw link https://help.pornhub.com/hc/en-us/articles/4419867936403-Pornhub-Model-Ranks
============ Checking for Redirections: https://help.pornhub.com/hc/en-us/articles/4419867936403-Pornhub-Model-Ranks
============ Link unchanged
========== link already checked
======== We are on link 12 of 288
========== raw link https://help.pornhub.com/hc/en-us/articles/4419860873747-Common-Questions
============ Checking for Redirections: https://help.pornhub.com/hc/en-us/articles/4419860873747-Common-Questions
============ Link unchanged
========== link already checked
======== We are on link 13 of 288
========== raw link https://help.pornhub.com/hc/en-us/articles/37688572620691-What-is-a-Verification-Image
============ Checking for Redirections: https://help.pornhub.com/hc/en-us/articles/37688572620691-What-is-a-Verification-Image
============ Link unchanged
========== link already checked
======== We are on link 14 of 288
========== raw link https://help.pornhub.com/hc/en-us/articles/30044084286099-How-do-I-set-up-Two-Factor-Authentication
============ Checking for Redirections: https://help.pornhub.com/hc/en-us/articles/30044084286099-How-do-I-set-up-Two-Factor-Authentication
============ Link unchanged
========== link already checked
======== We are on link 15 of 288
========== raw link https://help.pornhub.com/hc/en-us/articles/25071002518163-Sponsored-Content
============ Checking for Redirections: https://help.pornhub.com/hc/en-us/articles/25071002518163-Sponsored-Content
============ Link unchanged
========== link already checked
======== We are on link 16 of 288
========== raw link https://help.pornhub.com/hc/en-us/articles/4419890393619-Setting-Up-Your-Profile
============ Checking for Redirections: https://help.pornhub.com/hc/en-us/articles/4419890393619-Setting-Up-Your-Profile
============ Link unchanged
========== link already checked
======== We are on link 17 of 288
========== raw link https://help.pornhub.com/hc/en-us/articles/4419872101139-Earnings-and-Payments
============ Checking for Redirections: https://help.pornhub.com/hc/en-us/articles/4419872101139-Earnings-and-Payments
============ Link unchanged
========== link already checked
======== We are on link 18 of 288
========== raw link https://help.pornhub.com/hc/en-us/articles/4419870696083-How-To-Upload-Videos
============ Checking for Redirections: https://help.pornhub.com/hc/en-us/articles/4419870696083-How-To-Upload-Videos
============ Link unchanged
========== link already checked
======== We are on link 19 of 288
========== raw link https://help.pornhub.com/hc/en-us/articles/6371832116627-Become-a-Creator-for-Animated-Audio-Gameplay-or-Compilations-Content
============ Checking for Redirections: https://help.pornhub.com/hc/en-us/articles/6371832116627-Become-a-Creator-for-Animated-Audio-Gameplay-or-Compilations-Content
============ Link unchanged
========== link already checked
======== We are on link 20 of 288
========== raw link https://help.pornhub.com/hc/en-us/articles/4419862880787-Online-Safety-and-Content-Removal
============ Checking for Redirections: https://help.pornhub.com/hc/en-us/articles/4419862880787-Online-Safety-and-Content-Removal
============ Link unchanged
========== link already checked
======== We are on link 21 of 288
========== raw link https://help.pornhub.com/hc/en-us/articles/29831714844307-Can-I-Still-Monetize-Shorter-Videos
============ Checking for Redirections: https://help.pornhub.com/hc/en-us/articles/29831714844307-Can-I-Still-Monetize-Shorter-Videos
============ Link unchanged
========== link already checked
======== We are on link 22 of 288
========== raw link https://help.pornhub.com/hc/en-us/articles/26238818095635-What-Are-Tiers
============ Checking for Redirections: https://help.pornhub.com/hc/en-us/articles/26238818095635-What-Are-Tiers
============ Link unchanged
========== link already checked
======== We are on link 23 of 288
========== raw link https://help.pornhub.com/hc/en-us/articles/26163541571091-When-Does-the-Tiers-Program-Begin
============ Checking for Redirections: https://help.pornhub.com/hc/en-us/articles/26163541571091-When-Does-the-Tiers-Program-Begin
============ Link unchanged
========== link already checked
======== We are on link 24 of 288
========== raw link https://help.pornhub.com/hc/en-us/articles/26163716355731-Can-I-Do-Batch-Uploads-and-Scheduled-Releases
============ Checking for Redirections: https://help.pornhub.com/hc/en-us/articles/26163716355731-Can-I-Do-Batch-Uploads-and-Scheduled-Releases
============ Link unchanged
========== link already checked
======== We are on link 25 of 288
========== raw link https://help.pornhub.com/hc/en-us/articles/26163424150035-How-Do-Tiers-Work
============ Checking for Redirections: https://help.pornhub.com/hc/en-us/articles/26163424150035-How-Do-Tiers-Work
============ Link unchanged
========== link already checked
======== We are on link 26 of 288
========== raw link https://help.pornhub.com/hc/en-us/articles/26163601244307-How-Can-I-Move-Up-in-Tiers
============ Checking for Redirections: https://help.pornhub.com/hc/en-us/articles/26163601244307-How-Can-I-Move-Up-in-Tiers
============ Link unchanged
========== link already checked
======== We are on link 27 of 288
========== raw link https://help.pornhub.com/hc/en-us/articles/26163645796755-Where-Can-I-See-my-Current-Tier
============ Checking for Redirections: https://help.pornhub.com/hc/en-us/articles/26163645796755-Where-Can-I-See-my-Current-Tier
============ Link unchanged
========== link already checked
======== We are on link 28 of 288
========== raw link https://help.pornhub.com/hc/en-us/articles/26163503999763-How-Often-Will-Tiers-be-Assessed
============ Checking for Redirections: https://help.pornhub.com/hc/en-us/articles/26163503999763-How-Often-Will-Tiers-be-Assessed
============ Link unchanged
========== link already checked
======== We are on link 29 of 288
========== raw link https://help.pornhub.com/hc/en-us/articles/26163607577875-How-is-Ad-Revenue-Calculated
============ Checking for Redirections: https://help.pornhub.com/hc/en-us/articles/26163607577875-How-is-Ad-Revenue-Calculated
============ Link unchanged
========== link already checked
======== We are on link 30 of 288
========== raw link https://help.pornhub.com/hc/en-us/articles/26163687990547-How-Do-I-Remain-Active-in-the-Tiers-Program
============ Checking for Redirections: https://help.pornhub.com/hc/en-us/articles/26163687990547-How-Do-I-Remain-Active-in-the-Tiers-Program
============ Link unchanged
========== link already checked
======== We are on link 31 of 288
========== raw link https://help.pornhub.com/hc/en-us/articles/26163624356371-What-Happens-if-I-Forget-to-Upload-a-Video-Each-Quarter
============ Checking for Redirections: https://help.pornhub.com/hc/en-us/articles/26163624356371-What-Happens-if-I-Forget-to-Upload-a-Video-Each-Quarter
============ Link unchanged
========== link already checked
======== We are on link 32 of 288
========== raw link https://help.pornhub.com/hc/en-us/articles/26163637347731-What-if-I-Create-a-Model-Account-in-the-Middle-of-the-Quarter
============ Checking for Redirections: https://help.pornhub.com/hc/en-us/articles/26163637347731-What-if-I-Create-a-Model-Account-in-the-Middle-of-the-Quarter
============ Link unchanged
========== link already checked
======== We are on link 33 of 288
========== raw link https://help.pornhub.com/hc/en-us/articles/26163575091219-What-Rank-Appears-on-My-Model-Profile
============ Checking for Redirections: https://help.pornhub.com/hc/en-us/articles/26163575091219-What-Rank-Appears-on-My-Model-Profile
============ Link unchanged
========== link already checked
======== We are on link 34 of 288
========== raw link https://help.pornhub.com/hc/en-us/articles/32742698880019-Why-can-t-I-find-a-Collaborator-when-trying-to-tag-them
============ Checking for Redirections: https://help.pornhub.com/hc/en-us/articles/32742698880019-Why-can-t-I-find-a-Collaborator-when-trying-to-tag-them
============ Link unchanged
========== link already checked
======== We are on link 35 of 288
========== raw link https://help.pornhub.com/hc/en-us/articles/32742701808275-Can-I-tag-a-Model-twice-if-I-have-them-as-a-Co-Performer-and-Collaborator
============ Checking for Redirections: https://help.pornhub.com/hc/en-us/articles/32742701808275-Can-I-tag-a-Model-twice-if-I-have-them-as-a-Co-Performer-and-Collaborator
============ Link unchanged
========== link already checked
======== We are on link 36 of 288
========== raw link https://help.pornhub.com/hc/en-us/articles/32742657804563-How-do-I-tag-a-Collaborator
============ Checking for Redirections: https://help.pornhub.com/hc/en-us/articles/32742657804563-How-do-I-tag-a-Collaborator
============ Link unchanged
========== link already checked
======== We are on link 37 of 288
========== raw link https://help.pornhub.com/hc/en-us/articles/32737476610835-Will-my-tagged-Collaborators-appear-on-the-video
============ Checking for Redirections: https://help.pornhub.com/hc/en-us/articles/32737476610835-Will-my-tagged-Collaborators-appear-on-the-video
============ Link unchanged
========== link already checked
======== We are on link 38 of 288
========== raw link https://help.pornhub.com/hc/en-us/articles/31896858829075-Spam-and-Abuse-Rules-and-Consequences
============ Checking for Redirections: https://help.pornhub.com/hc/en-us/articles/31896858829075-Spam-and-Abuse-Rules-and-Consequences
============ Link unchanged
========== link already checked
======== We are on link 39 of 288
========== raw link https://help.pornhub.com/hc/en-us/articles/32737108701587-What-is-Collaborators
============ Checking for Redirections: https://help.pornhub.com/hc/en-us/articles/32737108701587-What-is-Collaborators
============ Link unchanged
========== link already checked
======== We are on link 40 of 288
========== raw link https://help.pornhub.com/hc/en-us/articles/32737163246739-How-does-Collaborators-work
============ Checking for Redirections: https://help.pornhub.com/hc/en-us/articles/32737163246739-How-does-Collaborators-work
============ Link unchanged
========== link already checked
======== We are on link 41 of 288
========== raw link https://help.pornhub.com/hc/en-us/articles/32737248805267-Can-I-still-submit-IDs-and-Release-Forms
============ Checking for Redirections: https://help.pornhub.com/hc/en-us/articles/32737248805267-Can-I-still-submit-IDs-and-Release-Forms
============ Link unchanged
========== link already checked
======== We are on link 42 of 288
========== raw link https://help.pornhub.com/hc/en-us/articles/32744739375891-Can-I-still-upload-a-Model-as-a-Co-Performer-if-my-Collaboration-Request-gets-rejected
============ Checking for Redirections: https://help.pornhub.com/hc/en-us/articles/32744739375891-Can-I-still-upload-a-Model-as-a-Co-Performer-if-my-Collaboration-Request-gets-rejected
============ Link unchanged
========== link already checked
======== We are on link 43 of 288
========== raw link https://help.pornhub.com/hc/en-us/articles/32742771883027-Why-is-my-collab-request-button-disabled
============ Checking for Redirections: https://help.pornhub.com/hc/en-us/articles/32742771883027-Why-is-my-collab-request-button-disabled
============ Link unchanged
========== link already checked
======== We are on link 44 of 288
========== raw link https://help.pornhub.com/hc/en-us/articles/32737712766867-Can-I-opt-out-of-being-a-Collaborator
============ Checking for Redirections: https://help.pornhub.com/hc/en-us/articles/32737712766867-Can-I-opt-out-of-being-a-Collaborator
============ Link unchanged
========== link already checked
======== We are on link 45 of 288
========== raw link https://help.pornhub.com/hc/en-us/articles/32753128635283-What-happens-if-I-revoke-a-collab-request
============ Checking for Redirections: https://help.pornhub.com/hc/en-us/articles/32753128635283-What-happens-if-I-revoke-a-collab-request
============ Link unchanged
========== link already checked
======== We are on link 46 of 288
========== raw link https://help.pornhub.com/hc/en-us/articles/32744687729939-What-is-the-difference-between-the-3-Collab-Request-Settings
============ Checking for Redirections: https://help.pornhub.com/hc/en-us/articles/32744687729939-What-is-the-difference-between-the-3-Collab-Request-Settings
============ Link unchanged
========== link already checked
======== We are on link 47 of 288
========== raw link https://help.pornhub.com/hc/en-us/articles/32737208736403-How-do-I-send-and-receive-collaboration-requests
============ Checking for Redirections: https://help.pornhub.com/hc/en-us/articles/32737208736403-How-do-I-send-and-receive-collaboration-requests
============ Link unchanged
========== link already checked
======== We are on link 48 of 288
========== raw link https://help.pornhub.com/hc/en-us/articles/32737650660243-Why-can-t-I-send-a-collab-request-to-a-Model
============ Checking for Redirections: https://help.pornhub.com/hc/en-us/articles/32737650660243-Why-can-t-I-send-a-collab-request-to-a-Model
============ Link unchanged
========== link already checked
======== We are on link 49 of 288
========== raw link https://help.pornhub.com/hc/en-us/articles/32737569656339-How-do-I-cancel-a-Collaboration-request
============ Checking for Redirections: https://help.pornhub.com/hc/en-us/articles/32737569656339-How-do-I-cancel-a-Collaboration-request
============ Link unchanged
========== link already checked
======== We are on link 50 of 288
========== raw link https://help.pornhub.com/hc/en-us/articles/32737675455379-What-are-the-different-collab-request-statuses
============ Checking for Redirections: https://help.pornhub.com/hc/en-us/articles/32737675455379-What-are-the-different-collab-request-statuses
============ Link unchanged
========== link already checked
======== We are on link 51 of 288
========== raw link https://help.pornhub.com/hc/en-us/articles/32737463025811-Will-I-need-to-send-a-collab-request-for-every-video
============ Checking for Redirections: https://help.pornhub.com/hc/en-us/articles/32737463025811-Will-I-need-to-send-a-collab-request-for-every-video
============ Link unchanged
========== link already checked
======== We are on link 52 of 288
========== raw link https://help.pornhub.com/hc/en-us/articles/32738638631443-What-should-I-do-if-I-made-a-mistake
============ Checking for Redirections: https://help.pornhub.com/hc/en-us/articles/32738638631443-What-should-I-do-if-I-made-a-mistake
============ Link unchanged
========== link already checked
======== We are on link 53 of 288
========== raw link https://help.pornhub.com/hc/en-us/articles/32738672854931-What-is-the-difference-between-a-Co-Performer-and-a-Collaborator
============ Checking for Redirections: https://help.pornhub.com/hc/en-us/articles/32738672854931-What-is-the-difference-between-a-Co-Performer-and-a-Collaborator
============ Link unchanged
========== link already checked
======== We are on link 54 of 288
========== raw link https://help.pornhub.com/hc/en-us/articles/32737338627859-Do-my-Co-Performers-need-to-sign-a-Release-Form-each-time-we-film
============ Checking for Redirections: https://help.pornhub.com/hc/en-us/articles/32737338627859-Do-my-Co-Performers-need-to-sign-a-Release-Form-each-time-we-film
============ Link unchanged
========== link already checked
======== We are on link 55 of 288
========== raw link https://help.pornhub.com/hc/en-us/articles/32744675868947-Do-I-still-need-to-submit-IDs-and-Release-forms-if-I-have-them-as-a-Collaborator
============ Checking for Redirections: https://help.pornhub.com/hc/en-us/articles/32744675868947-Do-I-still-need-to-submit-IDs-and-Release-forms-if-I-have-them-as-a-Collaborator
============ Link unchanged
========== link already checked
======== We are on link 56 of 288
========== raw link https://help.pornhub.com/hc/en-us/articles/19695173119251-What-are-Shorties
============ Checking for Redirections: https://help.pornhub.com/hc/en-us/articles/19695173119251-What-are-Shorties
============ Link unchanged
========== link already checked
======== We are on link 57 of 288
========== raw link https://help.pornhub.com/hc/en-us/articles/4419879098643-Viewers-Choice-Monthly-Contest
============ Checking for Redirections: https://help.pornhub.com/hc/en-us/articles/4419879098643-Viewers-Choice-Monthly-Contest
============ Link unchanged
========== link already checked
======== We are on link 58 of 288
========== raw link https://help.pornhub.com/hc/en-us/articles/4419844380819-How-to-Succeed
============ Checking for Redirections: https://help.pornhub.com/hc/en-us/articles/4419844380819-How-to-Succeed
============ Link unchanged
========== link already checked
======== We are on link 59 of 288
========== raw link https://help.pornhub.com/hc/en-us/articles/4419859334675-How-do-I-get-my-video-featured
============ Checking for Redirections: https://help.pornhub.com/hc/en-us/articles/4419859334675-How-do-I-get-my-video-featured
============ Link unchanged
========== link already checked
======== We are on link 60 of 288
========== raw link https://help.pornhub.com/hc/en-us/articles/4419847498131-How-can-I-get-my-videos-in-the-hottest-section
============ Checking for Redirections: https://help.pornhub.com/hc/en-us/articles/4419847498131-How-can-I-get-my-videos-in-the-hottest-section
============ Link unchanged
========== link already checked
======== We are on link 61 of 288
========== raw link https://help.pornhub.com/hc/en-us/articles/4419858483475-Top-Searches-on-Pornhub
============ Checking for Redirections: https://help.pornhub.com/hc/en-us/articles/4419858483475-Top-Searches-on-Pornhub
============ Link unchanged
========== link already checked
======== We are on link 62 of 288
========== raw link https://help.pornhub.com/hc/en-us/articles/4419858321555-Photo-Albums-and-Tease-Content
============ Checking for Redirections: https://help.pornhub.com/hc/en-us/articles/4419858321555-Photo-Albums-and-Tease-Content
============ Link unchanged
========== link already checked
======== We are on link 63 of 288
========== raw link https://help.pornhub.com/hc/en-us/articles/4419858238483-What-NOT-to-do
============ Checking for Redirections: https://help.pornhub.com/hc/en-us/articles/4419858238483-What-NOT-to-do
============ Link unchanged
========== link already checked
======== We are on link 64 of 288
========== raw link https://help.pornhub.com/hc/en-us/articles/4419900622355-Contests-and-Awards
============ Checking for Redirections: https://help.pornhub.com/hc/en-us/articles/4419900622355-Contests-and-Awards
============ Link unchanged
========== link already checked
======== We are on link 65 of 288
========== raw link https://help.pornhub.com/hc/en-us/articles/4419882240915-Uploading-Videos
============ Checking for Redirections: https://help.pornhub.com/hc/en-us/articles/4419882240915-Uploading-Videos
============ Link unchanged
========== link already checked
======== We are on link 66 of 288
========== raw link https://help.pornhub.com/hc/en-us/articles/4419907502611-Fan-Interaction
============ Checking for Redirections: https://help.pornhub.com/hc/en-us/articles/4419907502611-Fan-Interaction
============ Link unchanged
========== link already checked
======== We are on link 67 of 288
========== raw link https://help.pornhub.com/hc/en-us/articles/4419865717779-Social-Media-and-Self-Promotion
============ Checking for Redirections: https://help.pornhub.com/hc/en-us/articles/4419865717779-Social-Media-and-Self-Promotion
============ Link unchanged
========== link already checked
======== We are on link 68 of 288
========== raw link https://help.pornhub.com/hc/en-us/articles/4419853219219-Referral-Program
============ Checking for Redirections: https://help.pornhub.com/hc/en-us/articles/4419853219219-Referral-Program
============ Link unchanged
========== link already checked
======== We are on link 69 of 288
========== raw link https://help.pornhub.com/hc/en-us/articles/4419860087955-How-to-Add-a-Custom-Thumbnail
============ Checking for Redirections: https://help.pornhub.com/hc/en-us/articles/4419860087955-How-to-Add-a-Custom-Thumbnail
============ Link unchanged
========== link already checked
======== We are on link 70 of 288
========== raw link https://help.pornhub.com/hc/en-us/articles/4419852644627-Make-More-Money-in-the-Model-Program-with-Auto-Exports
============ Checking for Redirections: https://help.pornhub.com/hc/en-us/articles/4419852644627-Make-More-Money-in-the-Model-Program-with-Auto-Exports
============ Link unchanged
========== link already checked
======== We are on link 71 of 288
========== raw link https://help.pornhub.com/hc/en-us/articles/4419859575315-Exclusivity-Let-Pornhub-Work-For-You
============ Checking for Redirections: https://help.pornhub.com/hc/en-us/articles/4419859575315-Exclusivity-Let-Pornhub-Work-For-You
============ Link unchanged
========== link already checked
======== We are on link 72 of 288
========== raw link https://help.pornhub.com/hc/en-us/articles/4419878848019-What-is-the-Content-Partner-Program
============ Checking for Redirections: https://help.pornhub.com/hc/en-us/articles/4419878848019-What-is-the-Content-Partner-Program
============ Link unchanged
========== link already checked
======== We are on link 73 of 288
========== raw link https://help.pornhub.com/hc/en-us/articles/4419872356243-How-do-I-join
============ Checking for Redirections: https://help.pornhub.com/hc/en-us/articles/4419872356243-How-do-I-join
============ Link unchanged
========== link already checked
======== We are on link 74 of 288
========== raw link https://help.pornhub.com/hc/en-us/articles/4419882668563-What-is-a-paysite
============ Checking for Redirections: https://help.pornhub.com/hc/en-us/articles/4419882668563-What-is-a-paysite
============ Link unchanged
========== link already checked
======== We are on link 75 of 288
========== raw link https://help.pornhub.com/hc/en-us/articles/4419869391763-What-is-an-affiliate-program
============ Checking for Redirections: https://help.pornhub.com/hc/en-us/articles/4419869391763-What-is-an-affiliate-program
============ Link unchanged
========== link already checked
======== We are on link 76 of 288
========== raw link https://help.pornhub.com/hc/en-us/articles/4419848614035-What-type-of-payment-methods-are-accepted
============ Checking for Redirections: https://help.pornhub.com/hc/en-us/articles/4419848614035-What-type-of-payment-methods-are-accepted
============ Link unchanged
========== link already checked
======== We are on link 77 of 288
========== raw link https://help.pornhub.com/hc/en-us/articles/4419855988371-What-percentage-of-Revshare-or-PPS-rate-do-we-accept
============ Checking for Redirections: https://help.pornhub.com/hc/en-us/articles/4419855988371-What-percentage-of-Revshare-or-PPS-rate-do-we-accept
============ Link unchanged
========== link already checked
======== We are on link 78 of 288
========== raw link https://help.pornhub.com/hc/en-us/articles/4419867791507-Pornhub-Playbook-Content-Partner-Guide
============ Checking for Redirections: https://help.pornhub.com/hc/en-us/articles/4419867791507-Pornhub-Playbook-Content-Partner-Guide
============ Link unchanged
========== link already checked
======== We are on link 79 of 288
========== raw link https://help.pornhub.com/hc/en-us/articles/26559518891667-What-are-Tiers
============ Checking for Redirections: https://help.pornhub.com/hc/en-us/articles/26559518891667-What-are-Tiers
============ Link unchanged
========== link already checked
======== We are on link 80 of 288
========== raw link https://help.pornhub.com/hc/en-us/articles/26559514317459-How-do-Tiers-Work
============ Checking for Redirections: https://help.pornhub.com/hc/en-us/articles/26559514317459-How-do-Tiers-Work
============ Link unchanged
========== link already checked
======== We are on link 81 of 288
========== raw link https://help.pornhub.com/hc/en-us/articles/26559864230803-What-if-I-Create-a-New-Channel-in-the-Middle-of-the-Quarter
============ Checking for Redirections: https://help.pornhub.com/hc/en-us/articles/26559864230803-What-if-I-Create-a-New-Channel-in-the-Middle-of-the-Quarter
============ Link unchanged
========== link already checked
======== We are on link 82 of 288
========== raw link https://help.pornhub.com/hc/en-us/articles/26560004103059-Can-I-do-Batch-Uploads-and-Scheduled-Releases
============ Checking for Redirections: https://help.pornhub.com/hc/en-us/articles/26560004103059-Can-I-do-Batch-Uploads-and-Scheduled-Releases
============ Link unchanged
========== link already checked
======== We are on link 83 of 288
========== raw link https://help.pornhub.com/hc/en-us/articles/26560658171539-Will-Tiers-Only-Affect-Pornhub
============ Checking for Redirections: https://help.pornhub.com/hc/en-us/articles/26560658171539-Will-Tiers-Only-Affect-Pornhub
============ Link unchanged
========== link already checked
======== We are on link 84 of 288
========== raw link https://help.pornhub.com/hc/en-us/articles/26560403362835-When-Does-the-Tiers-Program-Begin
============ Checking for Redirections: https://help.pornhub.com/hc/en-us/articles/26560403362835-When-Does-the-Tiers-Program-Begin
============ Link unchanged
========== link already checked
======== We are on link 85 of 288
========== raw link https://help.pornhub.com/hc/en-us/articles/26559644325779-How-Does-Ad-Revenue-Work
============ Checking for Redirections: https://help.pornhub.com/hc/en-us/articles/26559644325779-How-Does-Ad-Revenue-Work
============ Link unchanged
========== link already checked
======== We are on link 86 of 288
========== raw link https://help.pornhub.com/hc/en-us/articles/26559669762451-How-Will-my-Overall-Revenue-Change
============ Checking for Redirections: https://help.pornhub.com/hc/en-us/articles/26559669762451-How-Will-my-Overall-Revenue-Change
============ Link unchanged
========== link already checked
======== We are on link 87 of 288
========== raw link https://help.pornhub.com/hc/en-us/articles/26559835333011-How-Often-Will-Tiers-be-Assessed
============ Checking for Redirections: https://help.pornhub.com/hc/en-us/articles/26559835333011-How-Often-Will-Tiers-be-Assessed
============ Link unchanged
========== link already checked
======== We are on link 88 of 288
========== raw link https://help.pornhub.com/hc/en-us/articles/26559565981715-How-Can-I-Move-Up-in-Tiers
============ Checking for Redirections: https://help.pornhub.com/hc/en-us/articles/26559565981715-How-Can-I-Move-Up-in-Tiers
============ Link unchanged
========== link already checked
======== We are on link 89 of 288
========== raw link https://help.pornhub.com/hc/en-us/articles/26560406689299-How-Do-I-Remain-Active-in-the-Tiers-Program
============ Checking for Redirections: https://help.pornhub.com/hc/en-us/articles/26560406689299-How-Do-I-Remain-Active-in-the-Tiers-Program
============ Link unchanged
========== link already checked
======== We are on link 90 of 288
========== raw link https://help.pornhub.com/hc/en-us/articles/26560594072083-Can-I-Move-Content-from-a-Low-Tier-Channel-to-a-High-Tier-Channel
============ Checking for Redirections: https://help.pornhub.com/hc/en-us/articles/26560594072083-Can-I-Move-Content-from-a-Low-Tier-Channel-to-a-High-Tier-Channel
============ Link unchanged
========== link already checked
======== We are on link 91 of 288
========== raw link https://help.pornhub.com/hc/en-us/articles/26559944327443-Where-Can-I-See-my-Channel-s-Current-Tier
============ Checking for Redirections: https://help.pornhub.com/hc/en-us/articles/26559944327443-Where-Can-I-See-my-Channel-s-Current-Tier
============ Link unchanged
========== link already checked
======== We are on link 92 of 288
========== raw link https://help.pornhub.com/hc/en-us/articles/26559736075667-What-Happens-if-I-Forget-to-Upload-a-Video-Each-Quarter
============ Checking for Redirections: https://help.pornhub.com/hc/en-us/articles/26559736075667-What-Happens-if-I-Forget-to-Upload-a-Video-Each-Quarter
============ Link unchanged
========== link already checked
======== We are on link 93 of 288
========== raw link https://help.pornhub.com/hc/en-us/articles/4419872377363-Ad-dimensions-and-specs
============ Checking for Redirections: https://help.pornhub.com/hc/en-us/articles/4419872377363-Ad-dimensions-and-specs
============ Link unchanged
========== link already checked
======== We are on link 94 of 288
========== raw link https://help.pornhub.com/hc/en-us/articles/4419875853715-How-do-I-update-my-channel-header-image-and-logo
============ Checking for Redirections: https://help.pornhub.com/hc/en-us/articles/4419875853715-How-do-I-update-my-channel-header-image-and-logo
============ Link unchanged
========== link already checked
======== We are on link 95 of 288
========== raw link https://help.pornhub.com/hc/en-us/articles/4419891349651-Adding-Custom-Thumbnails
============ Checking for Redirections: https://help.pornhub.com/hc/en-us/articles/4419891349651-Adding-Custom-Thumbnails
============ Link unchanged
========== link already checked
======== We are on link 96 of 288
========== raw link https://help.pornhub.com/hc/en-us/articles/4419883637907-How-do-I-upload-videos
============ Checking for Redirections: https://help.pornhub.com/hc/en-us/articles/4419883637907-How-do-I-upload-videos
============ Link unchanged
========== link already checked
======== We are on link 97 of 288
========== raw link https://help.pornhub.com/hc/en-us/articles/4419847634579-Where-can-I-find-my-videos-stats
============ Checking for Redirections: https://help.pornhub.com/hc/en-us/articles/4419847634579-Where-can-I-find-my-videos-stats
============ Link unchanged
========== link already checked
======== We are on link 98 of 288
========== raw link https://help.pornhub.com/hc/en-us/articles/4419871577875-How-long-should-my-videos-be
============ Checking for Redirections: https://help.pornhub.com/hc/en-us/articles/4419871577875-How-long-should-my-videos-be
============ Link unchanged
========== link already checked
======== We are on link 99 of 288
========== raw link https://help.pornhub.com/hc/en-us/articles/4419869437203-Upload-Schedule-and-Frequency
============ Checking for Redirections: https://help.pornhub.com/hc/en-us/articles/4419869437203-Upload-Schedule-and-Frequency
============ Link unchanged
========== link already checked
======== We are on link 100 of 288
========== raw link https://help.pornhub.com/hc/en-us/articles/4419863257747-How-to-Format-Videos
============ Checking for Redirections: https://help.pornhub.com/hc/en-us/articles/4419863257747-How-to-Format-Videos
============ Link unchanged
========== link already checked
======== We are on link 101 of 288
========== raw link https://help.pornhub.com/hc/en-us/articles/35814069634195-What-are-Shorties
============ Checking for Redirections: https://help.pornhub.com/hc/en-us/articles/35814069634195-What-are-Shorties
============ Link unchanged
========== link already checked
======== We are on link 102 of 288
========== raw link https://help.pornhub.com/hc/en-us/articles/4419855545619-Video-Titles
============ Checking for Redirections: https://help.pornhub.com/hc/en-us/articles/4419855545619-Video-Titles
============ Link unchanged
========== link already checked
======== We are on link 103 of 288
========== raw link https://help.pornhub.com/hc/en-us/articles/4419866204819-Video-Categories
============ Checking for Redirections: https://help.pornhub.com/hc/en-us/articles/4419866204819-Video-Categories
============ Link unchanged
========== link already checked
======== We are on link 104 of 288
========== raw link https://help.pornhub.com/hc/en-us/articles/4419860542483-Video-Tags
============ Checking for Redirections: https://help.pornhub.com/hc/en-us/articles/4419860542483-Video-Tags
============ Link unchanged
========== link already checked
======== We are on link 105 of 288
========== raw link https://help.pornhub.com/hc/en-us/articles/4419853116691-Video-Thumbnails
============ Checking for Redirections: https://help.pornhub.com/hc/en-us/articles/4419853116691-Video-Thumbnails
============ Link unchanged
========== link already checked
======== We are on link 106 of 288
========== raw link https://help.pornhub.com/hc/en-us/articles/4419860032531-Video-watermark
============ Checking for Redirections: https://help.pornhub.com/hc/en-us/articles/4419860032531-Video-watermark
============ Link unchanged
========== link already checked
======== We are on link 107 of 288
========== raw link https://help.pornhub.com/hc/en-us/articles/4419848014227-Can-I-delete-my-videos
============ Checking for Redirections: https://help.pornhub.com/hc/en-us/articles/4419848014227-Can-I-delete-my-videos
============ Link unchanged
========== link already checked
======== We are on link 108 of 288
========== raw link https://help.pornhub.com/hc/en-us/articles/4419859542419-Video-Specs
============ Checking for Redirections: https://help.pornhub.com/hc/en-us/articles/4419859542419-Video-Specs
============ Link unchanged
========== link already checked
======== We are on link 109 of 288
========== raw link https://help.pornhub.com/hc/en-us/articles/4419891330195-What-is-the-Viewshare-program
============ Checking for Redirections: https://help.pornhub.com/hc/en-us/articles/4419891330195-What-is-the-Viewshare-program
============ Link unchanged
========== link already checked
======== We are on link 110 of 288
========== raw link https://help.pornhub.com/hc/en-us/articles/4419871753107-How-do-I-upload-full-length-scenes-to-Premium
============ Checking for Redirections: https://help.pornhub.com/hc/en-us/articles/4419871753107-How-do-I-upload-full-length-scenes-to-Premium
============ Link unchanged
========== link already checked
======== We are on link 111 of 288
========== raw link https://help.pornhub.com/hc/en-us/articles/4419869498131-Where-can-I-see-my-Viewshare-earnings
============ Checking for Redirections: https://help.pornhub.com/hc/en-us/articles/4419869498131-Where-can-I-see-my-Viewshare-earnings
============ Link unchanged
========== link already checked
======== We are on link 112 of 288
========== raw link https://help.pornhub.com/hc/en-us/articles/4419863232403-Why-are-this-months-earnings-an-estimate
============ Checking for Redirections: https://help.pornhub.com/hc/en-us/articles/4419863232403-Why-are-this-months-earnings-an-estimate
============ Link unchanged
========== link already checked
======== We are on link 113 of 288
========== raw link https://help.pornhub.com/hc/en-us/articles/4419855431699-How-can-I-view-my-own-premium-videos
============ Checking for Redirections: https://help.pornhub.com/hc/en-us/articles/4419855431699-How-can-I-view-my-own-premium-videos
============ Link unchanged
========== link already checked
======== We are on link 114 of 288
========== raw link https://help.pornhub.com/hc/en-us/articles/4419839721875-What-sort-of-content-is-not-allowed-on-the-site
============ Checking for Redirections: https://help.pornhub.com/hc/en-us/articles/4419839721875-What-sort-of-content-is-not-allowed-on-the-site
============ Link unchanged
========== link already checked
======== We are on link 115 of 288
========== raw link https://help.pornhub.com/hc/en-us/articles/4419882855571-What-does-it-mean-if-my-content-was-removed-for-DMCA
============ Checking for Redirections: https://help.pornhub.com/hc/en-us/articles/4419882855571-What-does-it-mean-if-my-content-was-removed-for-DMCA
============ Link unchanged
========== link already checked
======== We are on link 116 of 288
========== raw link https://help.pornhub.com/hc/en-us/articles/4419869469459-Filing-a-DMCA-Notice-of-Copyright-Infringement
============ Checking for Redirections: https://help.pornhub.com/hc/en-us/articles/4419869469459-Filing-a-DMCA-Notice-of-Copyright-Infringement
============ Link unchanged
========== link already checked
======== We are on link 117 of 288
========== raw link https://help.pornhub.com/hc/en-us/articles/4419868442643-DMCA-counter-notification-instructions
============ Checking for Redirections: https://help.pornhub.com/hc/en-us/articles/4419868442643-DMCA-counter-notification-instructions
============ Link unchanged
========== link already checked
======== We are on link 118 of 288
========== raw link https://help.pornhub.com/hc/en-us/articles/4419854363411-Do-I-have-to-send-in-2257s
============ Checking for Redirections: https://help.pornhub.com/hc/en-us/articles/4419854363411-Do-I-have-to-send-in-2257s
============ Link unchanged
========== link already checked
======== We are on link 119 of 288
========== raw link https://help.pornhub.com/hc/en-us/articles/31846202423059-What-is-Pornhub-org
============ Checking for Redirections: https://help.pornhub.com/hc/en-us/articles/31846202423059-What-is-Pornhub-org
============ Link unchanged
========== link already checked
======== We are on link 120 of 288
========== raw link https://help.pornhub.com/hc/en-us/articles/27608180788755-Tiers-Monetization-Program
============ Checking for Redirections: https://help.pornhub.com/hc/en-us/articles/27608180788755-Tiers-Monetization-Program
============ Link unchanged
========== link already checked
======== We are on link 121 of 288
========== raw link https://help.pornhub.com/hc/en-us/articles/20404403877651-Why-are-some-videos-not-playing-on-Pornhub
============ Checking for Redirections: https://help.pornhub.com/hc/en-us/articles/20404403877651-Why-are-some-videos-not-playing-on-Pornhub
============ Link unchanged
========== link already checked
======== We are on link 122 of 288
========== raw link https://help.pornhub.com/hc/en-us/articles/19866717326867-Is-Pornhub-Safe
============ Checking for Redirections: https://help.pornhub.com/hc/en-us/articles/19866717326867-Is-Pornhub-Safe
============ Link unchanged
========== link already checked
======== We are on link 123 of 288
========== raw link https://help.pornhub.com/hc/en-us/articles/6954469475347-How-can-I-watch-Pornhub-on-my-TV
============ Checking for Redirections: https://help.pornhub.com/hc/en-us/articles/6954469475347-How-can-I-watch-Pornhub-on-my-TV
============ Link unchanged
========== link already checked
======== We are on link 124 of 288
========== raw link https://help.pornhub.com/hc/en-us/articles/4419885457555-How-do-I-switch-back-to-mobile-view
============ Checking for Redirections: https://help.pornhub.com/hc/en-us/articles/4419885457555-How-do-I-switch-back-to-mobile-view
============ Link unchanged
========== link already checked
======== We are on link 125 of 288
========== raw link https://help.pornhub.com/hc/en-us/articles/4419852306707-Someone-uploaded-a-photo-or-video-of-me-without-my-consent-please-remove-it
============ Checking for Redirections: https://help.pornhub.com/hc/en-us/articles/4419852306707-Someone-uploaded-a-photo-or-video-of-me-without-my-consent-please-remove-it
============ Link unchanged
========== link already checked
======== We are on link 126 of 288
========== raw link https://help.pornhub.com/hc/en-us/articles/4419852136979-How-do-I-make-sure-a-video-of-me-or-my-content-never-gets-uploaded-to-Pornhub
============ Checking for Redirections: https://help.pornhub.com/hc/en-us/articles/4419852136979-How-do-I-make-sure-a-video-of-me-or-my-content-never-gets-uploaded-to-Pornhub
============ Link unchanged
========== link already checked
======== We are on link 127 of 288
========== raw link https://help.pornhub.com/hc/en-us/articles/4419871999251-How-do-I-watch-a-private-video
============ Checking for Redirections: https://help.pornhub.com/hc/en-us/articles/4419871999251-How-do-I-watch-a-private-video
============ Link unchanged
========== link already checked
======== We are on link 128 of 288
========== raw link https://help.pornhub.com/hc/en-us/articles/4419873971859-How-do-I-change-the-language
============ Checking for Redirections: https://help.pornhub.com/hc/en-us/articles/4419873971859-How-do-I-change-the-language
============ Link unchanged
========== link already checked
======== We are on link 129 of 288
========== raw link https://help.pornhub.com/hc/en-us/articles/4419868064147-How-do-I-get-in-touch-with-you-if-something-goes-wrong
============ Checking for Redirections: https://help.pornhub.com/hc/en-us/articles/4419868064147-How-do-I-get-in-touch-with-you-if-something-goes-wrong
============ Link unchanged
========== link already checked
======== We are on link 130 of 288
========== raw link https://help.pornhub.com/hc/en-us/articles/4419854220435-I-have-a-great-idea-for-your-site-how-can-I-tell-you
============ Checking for Redirections: https://help.pornhub.com/hc/en-us/articles/4419854220435-I-have-a-great-idea-for-your-site-how-can-I-tell-you
============ Link unchanged
========== link already checked
======== We are on link 131 of 288
========== raw link https://help.pornhub.com/hc/en-us/articles/4419860680979-Can-you-find-this-video-insert-name-here-it-has-been-deleted
============ Checking for Redirections: https://help.pornhub.com/hc/en-us/articles/4419860680979-Can-you-find-this-video-insert-name-here-it-has-been-deleted
============ Link unchanged
========== link already checked
======== We are on link 132 of 288
========== raw link https://help.pornhub.com/hc/en-us/articles/4419853296915-I-want-to-make-money-on-Pornhub-how-do-I-do-it
============ Checking for Redirections: https://help.pornhub.com/hc/en-us/articles/4419853296915-I-want-to-make-money-on-Pornhub-how-do-I-do-it
============ Link unchanged
========== link already checked
======== We are on link 133 of 288
========== raw link https://help.pornhub.com/hc/en-us/articles/4419853032595-How-much-does-it-cost-to-become-a-member
============ Checking for Redirections: https://help.pornhub.com/hc/en-us/articles/4419853032595-How-much-does-it-cost-to-become-a-member
============ Link unchanged
========== link already checked
======== We are on link 134 of 288
========== raw link https://help.pornhub.com/hc/en-us/articles/4419859913875-I-see-that-you-have-a-porn-community-Why-should-I-become-a-member-of-Pornhub
============ Checking for Redirections: https://help.pornhub.com/hc/en-us/articles/4419859913875-I-see-that-you-have-a-porn-community-Why-should-I-become-a-member-of-Pornhub
============ Link unchanged
========== link already checked
======== We are on link 135 of 288
========== raw link https://help.pornhub.com/hc/en-us/articles/4419859654035-How-do-I-cancel-my-Premium-Membership
============ Checking for Redirections: https://help.pornhub.com/hc/en-us/articles/4419859654035-How-do-I-cancel-my-Premium-Membership
============ Link unchanged
========== link already checked
======== We are on link 136 of 288
========== raw link https://help.pornhub.com/hc/en-us/articles/4419873610643-Can-I-cancel-anytime
============ Checking for Redirections: https://help.pornhub.com/hc/en-us/articles/4419873610643-Can-I-cancel-anytime
============ Link unchanged
========== link already checked
======== We are on link 137 of 288
========== raw link https://help.pornhub.com/hc/en-us/articles/4419884685459-What-features-do-I-get
============ Checking for Redirections: https://help.pornhub.com/hc/en-us/articles/4419884685459-What-features-do-I-get
============ Link unchanged
========== link already checked
======== We are on link 138 of 288
========== raw link https://help.pornhub.com/hc/en-us/articles/4419877651987-Who-are-your-content-partners
============ Checking for Redirections: https://help.pornhub.com/hc/en-us/articles/4419877651987-Who-are-your-content-partners
============ Link unchanged
========== link already checked
======== We are on link 139 of 288
========== raw link https://help.pornhub.com/hc/en-us/articles/4419877632787-How-much-is-it
============ Checking for Redirections: https://help.pornhub.com/hc/en-us/articles/4419877632787-How-much-is-it
============ Link unchanged
========== link already checked
======== We are on link 140 of 288
========== raw link https://help.pornhub.com/hc/en-us/articles/4419884534675-How-can-I-contact-support-to-cancel-or-for-help-with-my-account
============ Checking for Redirections: https://help.pornhub.com/hc/en-us/articles/4419884534675-How-can-I-contact-support-to-cancel-or-for-help-with-my-account
============ Link unchanged
========== link already checked
======== We are on link 141 of 288
========== raw link https://help.pornhub.com/hc/en-us/articles/4419884512147-Is-it-secure-and-discreet
============ Checking for Redirections: https://help.pornhub.com/hc/en-us/articles/4419884512147-Is-it-secure-and-discreet
============ Link unchanged
========== link already checked
======== We are on link 142 of 288
========== raw link https://help.pornhub.com/hc/en-us/articles/4419873379731-What-is-Pornhub-Premium
============ Checking for Redirections: https://help.pornhub.com/hc/en-us/articles/4419873379731-What-is-Pornhub-Premium
============ Link unchanged
========== link already checked
======== We are on link 143 of 288
========== raw link https://help.pornhub.com/hc/en-us/articles/4419884438675-Can-I-download-videos
============ Checking for Redirections: https://help.pornhub.com/hc/en-us/articles/4419884438675-Can-I-download-videos
============ Link unchanged
========== link already checked
======== We are on link 144 of 288
========== raw link https://help.pornhub.com/hc/en-us/articles/4419877504275-Is-there-gay-premium-content
============ Checking for Redirections: https://help.pornhub.com/hc/en-us/articles/4419877504275-Is-there-gay-premium-content
============ Link unchanged
========== link already checked
======== We are on link 145 of 288
========== raw link https://help.pornhub.com/hc/en-us/articles/4419878586515-How-do-I-become-a-translator
============ Checking for Redirections: https://help.pornhub.com/hc/en-us/articles/4419878586515-How-do-I-become-a-translator
============ Link unchanged
========== link already checked
======== We are on link 146 of 288
========== raw link https://help.pornhub.com/hc/en-us/articles/4419878556947-Why-can-t-I-see-my-friend-s-private-videos
============ Checking for Redirections: https://help.pornhub.com/hc/en-us/articles/4419878556947-Why-can-t-I-see-my-friend-s-private-videos
============ Link unchanged
========== link already checked
======== We are on link 147 of 288
========== raw link https://help.pornhub.com/hc/en-us/articles/4419891001875-What-is-the-difference-between-subscribers-and-friends
============ Checking for Redirections: https://help.pornhub.com/hc/en-us/articles/4419891001875-What-is-the-difference-between-subscribers-and-friends
============ Link unchanged
========== link already checked
======== We are on link 148 of 288
========== raw link https://help.pornhub.com/hc/en-us/articles/4419885333395-Is-there-a-limit-to-adding-friends
============ Checking for Redirections: https://help.pornhub.com/hc/en-us/articles/4419885333395-Is-there-a-limit-to-adding-friends
============ Link unchanged
========== link already checked
======== We are on link 149 of 288
========== raw link https://help.pornhub.com/hc/en-us/articles/4419890948115-How-do-I-send-a-private-message
============ Checking for Redirections: https://help.pornhub.com/hc/en-us/articles/4419890948115-How-do-I-send-a-private-message
============ Link unchanged
========== link already checked
======== We are on link 150 of 288
========== raw link https://help.pornhub.com/hc/en-us/articles/4419890926355-How-do-I-tag-a-user
============ Checking for Redirections: https://help.pornhub.com/hc/en-us/articles/4419890926355-How-do-I-tag-a-user
============ Link unchanged
========== link already checked
======== We are on link 151 of 288
========== raw link https://help.pornhub.com/hc/en-us/articles/4419878378259-How-do-I-remove-my-watched-videos
============ Checking for Redirections: https://help.pornhub.com/hc/en-us/articles/4419878378259-How-do-I-remove-my-watched-videos
============ Link unchanged
========== link already checked
======== We are on link 152 of 288
========== raw link https://help.pornhub.com/hc/en-us/articles/4419890885395-How-do-I-make-a-Gif
============ Checking for Redirections: https://help.pornhub.com/hc/en-us/articles/4419890885395-How-do-I-make-a-Gif
============ Link unchanged
========== link already checked
======== We are on link 153 of 288
========== raw link https://help.pornhub.com/hc/en-us/articles/4419890835859-How-do-I-edit-my-profile-about-me
============ Checking for Redirections: https://help.pornhub.com/hc/en-us/articles/4419890835859-How-do-I-edit-my-profile-about-me
============ Link unchanged
========== link already checked
======== We are on link 154 of 288
========== raw link https://help.pornhub.com/hc/en-us/articles/4419885130131-How-do-I-edit-my-video
============ Checking for Redirections: https://help.pornhub.com/hc/en-us/articles/4419885130131-How-do-I-edit-my-video
============ Link unchanged
========== link already checked
======== We are on link 155 of 288
========== raw link https://help.pornhub.com/hc/en-us/articles/4419885104787-How-do-I-edit-my-photo-album
============ Checking for Redirections: https://help.pornhub.com/hc/en-us/articles/4419885104787-How-do-I-edit-my-photo-album
============ Link unchanged
========== link already checked
======== We are on link 156 of 288
========== raw link https://help.pornhub.com/hc/en-us/articles/4419890748563-How-do-I-delete-a-photo-album
============ Checking for Redirections: https://help.pornhub.com/hc/en-us/articles/4419890748563-How-do-I-delete-a-photo-album
============ Link unchanged
========== link already checked
======== We are on link 157 of 288
========== raw link https://help.pornhub.com/hc/en-us/articles/4419885030547-How-do-I-change-my-avatar-cover-photo
============ Checking for Redirections: https://help.pornhub.com/hc/en-us/articles/4419885030547-How-do-I-change-my-avatar-cover-photo
============ Link unchanged
========== link already checked
======== We are on link 158 of 288
========== raw link https://help.pornhub.com/hc/en-us/articles/4419884998035-How-do-I-block-unblock-a-user
============ Checking for Redirections: https://help.pornhub.com/hc/en-us/articles/4419884998035-How-do-I-block-unblock-a-user
============ Link unchanged
========== link already checked
======== We are on link 159 of 288
========== raw link https://help.pornhub.com/hc/en-us/articles/4419884973971-How-do-I-add-friends
============ Checking for Redirections: https://help.pornhub.com/hc/en-us/articles/4419884973971-How-do-I-add-friends
============ Link unchanged
========== link already checked
======== We are on link 160 of 288
========== raw link https://help.pornhub.com/hc/en-us/articles/4419890616083-How-do-I-get-more-views
============ Checking for Redirections: https://help.pornhub.com/hc/en-us/articles/4419890616083-How-do-I-get-more-views
============ Link unchanged
========== link already checked
======== We are on link 161 of 288
========== raw link https://help.pornhub.com/hc/en-us/articles/4419878027411-How-do-I-get-my-video-featured
============ Checking for Redirections: https://help.pornhub.com/hc/en-us/articles/4419878027411-How-do-I-get-my-video-featured
============ Link unchanged
========== link already checked
======== We are on link 162 of 288
========== raw link https://help.pornhub.com/hc/en-us/articles/4419890517523-Can-I-restore-my-deleted-account
============ Checking for Redirections: https://help.pornhub.com/hc/en-us/articles/4419890517523-Can-I-restore-my-deleted-account
============ Link unchanged
========== link already checked
======== We are on link 163 of 288
========== raw link https://help.pornhub.com/hc/en-us/articles/4419877936915-How-do-I-change-my-gender
============ Checking for Redirections: https://help.pornhub.com/hc/en-us/articles/4419877936915-How-do-I-change-my-gender
============ Link unchanged
========== link already checked
======== We are on link 164 of 288
========== raw link https://help.pornhub.com/hc/en-us/articles/4419884818963-How-do-I-change-my-email
============ Checking for Redirections: https://help.pornhub.com/hc/en-us/articles/4419884818963-How-do-I-change-my-email
============ Link unchanged
========== link already checked
======== We are on link 165 of 288
========== raw link https://help.pornhub.com/hc/en-us/articles/4419877879571-How-do-I-change-my-username
============ Checking for Redirections: https://help.pornhub.com/hc/en-us/articles/4419877879571-How-do-I-change-my-username
============ Link unchanged
========== link already checked
======== We are on link 166 of 288
========== raw link https://help.pornhub.com/hc/en-us/articles/4419873638547-How-do-I-change-my-password
============ Checking for Redirections: https://help.pornhub.com/hc/en-us/articles/4419873638547-How-do-I-change-my-password
============ Link unchanged
========== link already checked
======== We are on link 167 of 288
========== raw link https://help.pornhub.com/hc/en-us/articles/4419877525523-What-is-a-stream
============ Checking for Redirections: https://help.pornhub.com/hc/en-us/articles/4419877525523-What-is-a-stream
============ Link unchanged
========== link already checked
======== We are on link 168 of 288
========== raw link https://help.pornhub.com/hc/en-us/articles/4419877487635-How-do-I-delete-my-account
============ Checking for Redirections: https://help.pornhub.com/hc/en-us/articles/4419877487635-How-do-I-delete-my-account
============ Link unchanged
========== link already checked
======== We are on link 169 of 288
========== raw link https://help.pornhub.com/hc/en-us/articles/4419873225747-I-forgot-my-username-password-how-can-I-get-them-back
============ Checking for Redirections: https://help.pornhub.com/hc/en-us/articles/4419873225747-I-forgot-my-username-password-how-can-I-get-them-back
============ Link unchanged
========== link already checked
======== We are on link 170 of 288
========== raw link https://help.pornhub.com/hc/en-us/articles/4419873200147-What-is-my-feed
============ Checking for Redirections: https://help.pornhub.com/hc/en-us/articles/4419873200147-What-is-my-feed
============ Link unchanged
========== link already checked
======== We are on link 171 of 288
========== raw link https://help.pornhub.com/hc/en-us/articles/4419873168275-How-do-I-post-to-my-stream-or-someone-else-s
============ Checking for Redirections: https://help.pornhub.com/hc/en-us/articles/4419873168275-How-do-I-post-to-my-stream-or-someone-else-s
============ Link unchanged
========== link already checked
======== We are on link 172 of 288
========== raw link https://help.pornhub.com/hc/en-us/articles/4419873119635-How-do-I-make-a-playlist-Private
============ Checking for Redirections: https://help.pornhub.com/hc/en-us/articles/4419873119635-How-do-I-make-a-playlist-Private
============ Link unchanged
========== link already checked
======== We are on link 173 of 288
========== raw link https://help.pornhub.com/hc/en-us/articles/4419884181139-How-do-I-create-a-new-playlist
============ Checking for Redirections: https://help.pornhub.com/hc/en-us/articles/4419884181139-How-do-I-create-a-new-playlist
============ Link unchanged
========== link already checked
======== We are on link 174 of 288
========== raw link https://help.pornhub.com/hc/en-us/articles/4419877271571-What-are-Favorites
============ Checking for Redirections: https://help.pornhub.com/hc/en-us/articles/4419877271571-What-are-Favorites
============ Link unchanged
========== link already checked
======== We are on link 175 of 288
========== raw link https://help.pornhub.com/hc/en-us/articles/4419873015443-What-are-Playlists
============ Checking for Redirections: https://help.pornhub.com/hc/en-us/articles/4419873015443-What-are-Playlists
============ Link unchanged
========== link already checked
======== We are on link 176 of 288
========== raw link https://help.pornhub.com/hc/en-us/articles/4419884062867-How-do-I-prevent-someone-from-subscribing-to-me
============ Checking for Redirections: https://help.pornhub.com/hc/en-us/articles/4419884062867-How-do-I-prevent-someone-from-subscribing-to-me
============ Link unchanged
========== link already checked
======== We are on link 177 of 288
========== raw link https://help.pornhub.com/hc/en-us/articles/4419872932627-How-do-I-unsubscribe-to-someone
============ Checking for Redirections: https://help.pornhub.com/hc/en-us/articles/4419872932627-How-do-I-unsubscribe-to-someone
============ Link unchanged
========== link already checked
======== We are on link 178 of 288
========== raw link https://help.pornhub.com/hc/en-us/articles/4419872830483-How-do-I-remove-myself-from-the-mailing-list
============ Checking for Redirections: https://help.pornhub.com/hc/en-us/articles/4419872830483-How-do-I-remove-myself-from-the-mailing-list
============ Link unchanged
========== link already checked
======== We are on link 179 of 288
========== raw link https://help.pornhub.com/hc/en-us/articles/4419883930899-How-do-I-delete-a-video
============ Checking for Redirections: https://help.pornhub.com/hc/en-us/articles/4419883930899-How-do-I-delete-a-video
============ Link unchanged
========== link already checked
======== We are on link 180 of 288
========== raw link https://help.pornhub.com/hc/en-us/articles/4419877067923-Why-should-I-get-my-account-verified
============ Checking for Redirections: https://help.pornhub.com/hc/en-us/articles/4419877067923-Why-should-I-get-my-account-verified
============ Link unchanged
========== link already checked
======== We are on link 181 of 288
========== raw link https://help.pornhub.com/hc/en-us/articles/4419883865875-How-do-I-change-the-privacy-settings-on-my-video
============ Checking for Redirections: https://help.pornhub.com/hc/en-us/articles/4419883865875-How-do-I-change-the-privacy-settings-on-my-video
============ Link unchanged
========== link already checked
======== We are on link 182 of 288
========== raw link https://help.pornhub.com/hc/en-us/articles/4419877008787-How-do-I-see-another-member-s-profile
============ Checking for Redirections: https://help.pornhub.com/hc/en-us/articles/4419877008787-How-do-I-see-another-member-s-profile
============ Link unchanged
========== link already checked
======== We are on link 183 of 288
========== raw link https://help.pornhub.com/hc/en-us/articles/4419872662163-How-do-I-upload-videos-photos-to-Pornhub
============ Checking for Redirections: https://help.pornhub.com/hc/en-us/articles/4419872662163-How-do-I-upload-videos-photos-to-Pornhub
============ Link unchanged
========== link already checked
======== We are on link 184 of 288
========== raw link https://help.pornhub.com/hc/en-us/articles/4419876961811-What-kinds-of-videos-are-unacceptable
============ Checking for Redirections: https://help.pornhub.com/hc/en-us/articles/4419876961811-What-kinds-of-videos-are-unacceptable
============ Link unchanged
========== link already checked
======== We are on link 185 of 288
========== raw link https://help.pornhub.com/hc/en-us/articles/4419876927123-What-are-tags
============ Checking for Redirections: https://help.pornhub.com/hc/en-us/articles/4419876927123-What-are-tags
============ Link unchanged
========== link already checked
======== We are on link 186 of 288
========== raw link https://help.pornhub.com/hc/en-us/articles/4419891126931-Can-I-embed-Pornhub-videos-on-my-site-for-free
============ Checking for Redirections: https://help.pornhub.com/hc/en-us/articles/4419891126931-Can-I-embed-Pornhub-videos-on-my-site-for-free
============ Link unchanged
========== link already checked
======== We are on link 187 of 288
========== raw link https://help.pornhub.com/hc/en-us/articles/4419891113491-I-am-a-content-producer-how-can-I-make-money-on-Pornhub
============ Checking for Redirections: https://help.pornhub.com/hc/en-us/articles/4419891113491-I-am-a-content-producer-how-can-I-make-money-on-Pornhub
============ Link unchanged
========== link already checked
======== We are on link 188 of 288
========== raw link https://help.pornhub.com/hc/en-us/articles/4419878618003-I-would-like-to-advertise-on-Pornhub
============ Checking for Redirections: https://help.pornhub.com/hc/en-us/articles/4419878618003-I-would-like-to-advertise-on-Pornhub
============ Link unchanged
========== link already checked
======== We are on link 189 of 288
========== raw link https://help.pornhub.com/hc/en-us/articles/34927506861843-Verification-Upload-and-Content-Moderation-Process
============ Checking for Redirections: https://help.pornhub.com/hc/en-us/articles/34927506861843-Verification-Upload-and-Content-Moderation-Process
============ Link unchanged
========== link already checked
======== We are on link 190 of 288
========== raw link https://help.pornhub.com/hc/en-us/articles/19159382668435-Trust-and-Safety-Initiatives
============ Checking for Redirections: https://help.pornhub.com/hc/en-us/articles/19159382668435-Trust-and-Safety-Initiatives
============ Link unchanged
========== link already checked
======== We are on link 191 of 288
========== raw link https://help.pornhub.com/hc/en-us/articles/4419872596115-About-The-Community
============ Checking for Redirections: https://help.pornhub.com/hc/en-us/articles/4419872596115-About-The-Community
============ Link unchanged
========== link already checked
======== We are on link 192 of 288
========== raw link https://help.pornhub.com/hc/en-us/articles/4419871944723-Core-Values
============ Checking for Redirections: https://help.pornhub.com/hc/en-us/articles/4419871944723-Core-Values
============ Link unchanged
========== link already checked
======== We are on link 193 of 288
========== raw link https://help.pornhub.com/hc/en-us/articles/4419869864211-Accessibility
============ Checking for Redirections: https://help.pornhub.com/hc/en-us/articles/4419869864211-Accessibility
============ Link unchanged
========== link already checked
======== We are on link 194 of 288
========== raw link https://help.pornhub.com/hc/en-us/articles/6017547823763-Pornhub-Literacy
============ Checking for Redirections: https://help.pornhub.com/hc/en-us/articles/6017547823763-Pornhub-Literacy
============ Link unchanged
========== link already checked
======== We are on link 195 of 288
========== raw link https://help.pornhub.com/hc/en-us/articles/4419892571155-View-Fraud
============ Checking for Redirections: https://help.pornhub.com/hc/en-us/articles/4419892571155-View-Fraud
============ Link unchanged
========== link already checked
======== We are on link 196 of 288
========== raw link https://help.pornhub.com/hc/en-us/articles/27367068631315-Translated-Articles
============ Checking for Redirections: https://help.pornhub.com/hc/en-us/articles/27367068631315-Translated-Articles
============ Link unchanged
========== link already checked
======== We are on link 197 of 288
========== raw link https://help.pornhub.com/hc/en-us/articles/4419900587155-Community-Guidelines
============ Checking for Redirections: https://help.pornhub.com/hc/en-us/articles/4419900587155-Community-Guidelines
============ Link unchanged
========== link already checked
======== We are on link 198 of 288
========== raw link https://help.pornhub.com/hc/en-us/articles/4419869793683-Child-Sexual-Abuse-Material-Policy
============ Checking for Redirections: https://help.pornhub.com/hc/en-us/articles/4419869793683-Child-Sexual-Abuse-Material-Policy
============ Link unchanged
========== link already checked
======== We are on link 199 of 288
========== raw link https://help.pornhub.com/hc/en-us/articles/4419871787027-Non-Consensual-Content-Policy
============ Checking for Redirections: https://help.pornhub.com/hc/en-us/articles/4419871787027-Non-Consensual-Content-Policy
============ Link unchanged
========== link already checked
======== We are on link 200 of 288
========== raw link https://help.pornhub.com/hc/en-us/articles/14512634908819-Hate-Speech-Policy
============ Checking for Redirections: https://help.pornhub.com/hc/en-us/articles/14512634908819-Hate-Speech-Policy
============ Link unchanged
========== link already checked
======== We are on link 201 of 288
========== raw link https://help.pornhub.com/hc/en-us/articles/7906741373971-Animal-Welfare-Policy
============ Checking for Redirections: https://help.pornhub.com/hc/en-us/articles/7906741373971-Animal-Welfare-Policy
============ Link unchanged
========== link already checked
======== We are on link 202 of 288
========== raw link https://help.pornhub.com/hc/en-us/articles/4419863430291-Violent-Content-Policy
============ Checking for Redirections: https://help.pornhub.com/hc/en-us/articles/4419863430291-Violent-Content-Policy
============ Link unchanged
========== link already checked
======== We are on link 203 of 288
========== raw link https://help.pornhub.com/hc/en-us/articles/4419861225107-Copyright
============ Checking for Redirections: https://help.pornhub.com/hc/en-us/articles/4419861225107-Copyright
============ Link unchanged
========== link already checked
======== We are on link 204 of 288
========== raw link https://help.pornhub.com/hc/en-us/articles/36113072849171-Australian-eSafety
============ Checking for Redirections: https://help.pornhub.com/hc/en-us/articles/36113072849171-Australian-eSafety
============ Link unchanged
========== link already checked
======== We are on link 205 of 288
========== raw link https://help.pornhub.com/hc/en-us/articles/4419879221907-Pornhub-Trusted-Flagger-Program
============ Checking for Redirections: https://help.pornhub.com/hc/en-us/articles/4419879221907-Pornhub-Trusted-Flagger-Program
============ Link unchanged
========== link already checked
======== We are on link 206 of 288
========== raw link https://help.pornhub.com/hc/en-us/articles/4419875025043-Report-Harmful-Content
============ Checking for Redirections: https://help.pornhub.com/hc/en-us/articles/4419875025043-Report-Harmful-Content
============ Link unchanged
========== link already checked
======== We are on link 207 of 288
========== raw link https://help.pornhub.com/hc/en-us/articles/4419868912787-Content-Removal-Request-Form
============ Checking for Redirections: https://help.pornhub.com/hc/en-us/articles/4419868912787-Content-Removal-Request-Form
============ Link unchanged
========== link already checked
======== We are on link 208 of 288
========== raw link https://help.pornhub.com/hc/en-us/articles/4419855809171-Copyright-Removal-Requests
============ Checking for Redirections: https://help.pornhub.com/hc/en-us/articles/4419855809171-Copyright-Removal-Requests
============ Link unchanged
========== link already checked
======== We are on link 209 of 288
========== raw link https://help.pornhub.com/hc/en-us/articles/4419866547475-Feedback-General-Inquiries-and-Technical-Support
============ Checking for Redirections: https://help.pornhub.com/hc/en-us/articles/4419866547475-Feedback-General-Inquiries-and-Technical-Support
============ Link unchanged
========== link already checked
======== We are on link 210 of 288
========== raw link https://help.pornhub.com/hc/en-us/articles/38929180749587-DSA-Transparency-report-February-2025
============ Checking for Redirections: https://help.pornhub.com/hc/en-us/articles/38929180749587-DSA-Transparency-report-February-2025
============ Link unchanged
========== link already checked
======== We are on link 211 of 288
========== raw link https://help.pornhub.com/hc/en-us/articles/38743689517715-2024-Transparency-Report-Second-Half
============ Checking for Redirections: https://help.pornhub.com/hc/en-us/articles/38743689517715-2024-Transparency-Report-Second-Half
============ Link unchanged
========== link already checked
======== We are on link 212 of 288
========== raw link https://help.pornhub.com/hc/en-us/articles/33098088051475-2024-Transparency-Report-First-Half
============ Checking for Redirections: https://help.pornhub.com/hc/en-us/articles/33098088051475-2024-Transparency-Report-First-Half
============ Link unchanged
========== link already checked
======== We are on link 213 of 288
========== raw link https://help.pornhub.com/hc/en-us/articles/32596021061267-EU-DSA-Transparency-Report-August-2024
============ Checking for Redirections: https://help.pornhub.com/hc/en-us/articles/32596021061267-EU-DSA-Transparency-Report-August-2024
============ Link unchanged
========== link already checked
======== We are on link 214 of 288
========== raw link https://help.pornhub.com/hc/en-us/articles/27610703413267-2023-Transparency-Report-Second-Half
============ Checking for Redirections: https://help.pornhub.com/hc/en-us/articles/27610703413267-2023-Transparency-Report-Second-Half
============ Link unchanged
========== link already checked
======== We are on link 215 of 288
========== raw link https://help.pornhub.com/hc/en-us/articles/19464887586579-2023-Transparency-Report-First-Half
============ Checking for Redirections: https://help.pornhub.com/hc/en-us/articles/19464887586579-2023-Transparency-Report-First-Half
============ Link unchanged
========== link already checked
======== We are on link 216 of 288
========== raw link https://help.pornhub.com/hc/en-us/articles/14666334117267-2022-Transparency-Report
============ Checking for Redirections: https://help.pornhub.com/hc/en-us/articles/14666334117267-2022-Transparency-Report
============ Link unchanged
========== link already checked
======== We are on link 217 of 288
========== raw link https://help.pornhub.com/hc/en-us/articles/5357457259155-2021-Transparency-Report
============ Checking for Redirections: https://help.pornhub.com/hc/en-us/articles/5357457259155-2021-Transparency-Report
============ Link unchanged
========== link already checked
======== We are on link 218 of 288
========== raw link https://help.pornhub.com/hc/en-us/articles/4419860718483-2020-Transparency-Report
============ Checking for Redirections: https://help.pornhub.com/hc/en-us/articles/4419860718483-2020-Transparency-Report
============ Link unchanged
========== link already checked
======== We are on link 219 of 288
========== raw link https://help.pornhub.com/hc/en-us/articles/4419883155347-Sexual-Wellness-Center
============ Checking for Redirections: https://help.pornhub.com/hc/en-us/articles/4419883155347-Sexual-Wellness-Center
============ Link unchanged
========== link already checked
======== We are on link 220 of 288
========== raw link https://help.pornhub.com/hc/en-us/articles/4419874097683-Mental-Health
============ Checking for Redirections: https://help.pornhub.com/hc/en-us/articles/4419874097683-Mental-Health
============ Link unchanged
========== link already checked
======== We are on link 221 of 288
========== raw link https://help.pornhub.com/hc/en-us/articles/4419885579795-Parental-Controls
============ Checking for Redirections: https://help.pornhub.com/hc/en-us/articles/4419885579795-Parental-Controls
============ Link unchanged
========== link already checked
======== We are on link 222 of 288
========== raw link https://help.pornhub.com/hc/en-us/articles/4419878696211-Notice-To-Our-Users
============ Checking for Redirections: https://help.pornhub.com/hc/en-us/articles/4419878696211-Notice-To-Our-Users
============ Link unchanged
========== link already checked
======== We are on link 223 of 288
========== raw link https://help.pornhub.com/hc/en-us/articles/4419883182867-Notice-To-Law-Enforcement
============ Checking for Redirections: https://help.pornhub.com/hc/en-us/articles/4419883182867-Notice-To-Law-Enforcement
============ Link unchanged
========== link already checked
======== We are on link 224 of 288
========== raw link #
========== dropped link (either fragment ("#"), js, mailto, comment, pdf, or empty)
======== We are on link 225 of 288
========== raw link https://help.pornhub.com/hc/en-us/articles/5357457259155-2021-Transparency-Report
============ Checking for Redirections: https://help.pornhub.com/hc/en-us/articles/5357457259155-2021-Transparency-Report
============ Link unchanged
========== link already checked
======== We are on link 226 of 288
========== raw link https://www.pornhub.com/information/terms
============ Checking for Redirections: https://www.pornhub.com/information/terms
============ Link unchanged
========== link already checked
======== We are on link 227 of 288
========== raw link https://www.pornhub.com/content-removal
============ Checking for Redirections: https://www.pornhub.com/content-removal
============ Link unchanged
========== scraping https://www.pornhub.com/content-removal
============ New link added. Search term (AI) found on https://www.pornhub.com/content-removal.
======== We are on link 228 of 288
========== raw link https://help.pornhub.com/hc/en-us/articles/4419879760403-How-to-Sign-Up-and-Join-the-Model-Program-
============ Checking for Redirections: https://help.pornhub.com/hc/en-us/articles/4419879760403-How-to-Sign-Up-and-Join-the-Model-Program-
============ Followed Redirection to https://help.pornhub.com/hc/en-us/articles/4419879760403-How-to-Sign-Up-and-Join-the-Model-Program
============ Link after cleaning: https://help.pornhub.com/hc/en-us/articles/4419879760403-How-to-Sign-Up-and-Join-the-Model-Program
========== link already checked
======== We are on link 229 of 288
========== raw link https://help.pornhub.com/hc/en-us/articles/4419878848019-What-is-the-Content-Partner-Program-
============ Checking for Redirections: https://help.pornhub.com/hc/en-us/articles/4419878848019-What-is-the-Content-Partner-Program-
============ Followed Redirection to https://help.pornhub.com/hc/en-us/articles/4419878848019-What-is-the-Content-Partner-Program
============ Link after cleaning: https://help.pornhub.com/hc/en-us/articles/4419878848019-What-is-the-Content-Partner-Program
========== link already checked
======== We are on link 230 of 288
========== raw link https://help.pornhub.com/hc/en-us/articles/4419879760403-How-to-Sign-Up-and-Join-the-Model-Program-
============ Checking for Redirections: https://help.pornhub.com/hc/en-us/articles/4419879760403-How-to-Sign-Up-and-Join-the-Model-Program-
============ Followed Redirection to https://help.pornhub.com/hc/en-us/articles/4419879760403-How-to-Sign-Up-and-Join-the-Model-Program
============ Link after cleaning: https://help.pornhub.com/hc/en-us/articles/4419879760403-How-to-Sign-Up-and-Join-the-Model-Program
========== link already checked
======== We are on link 231 of 288
========== raw link https://help.pornhub.com/hc/en-us/articles/19159382668435-Trust-and-Safety-Initiatives
============ Checking for Redirections: https://help.pornhub.com/hc/en-us/articles/19159382668435-Trust-and-Safety-Initiatives
============ Link unchanged
========== link already checked
======== We are on link 232 of 288
========== raw link https://www.youtube.com/csai-match/
========== dropped link https://www.youtube.com/csai-match/. Didn't pass first allows/blocks test.
======== We are on link 233 of 288
========== raw link https://protectingchildren.google/intl/en/
========== dropped link https://protectingchildren.google/intl/en/. Didn't pass first allows/blocks test.
======== We are on link 234 of 288
========== raw link https://www.microsoft.com/en-us/photodna
========== dropped link https://www.microsoft.com/en-us/photodna. Didn't pass first allows/blocks test.
======== We are on link 235 of 288
========== raw link https://www.vobilegroup.com/
========== dropped link https://www.vobilegroup.com/. Didn't pass first allows/blocks test.
======== We are on link 236 of 288
========== raw link https://www.thorn.org/
========== dropped link https://www.thorn.org/. Didn't pass first allows/blocks test.
======== We are on link 237 of 288
========== raw link https://safer.io/
========== dropped link https://safer.io/. Didn't pass first allows/blocks test.
======== We are on link 238 of 288
========== raw link https://offlimits.nl/
========== dropped link https://offlimits.nl/. Didn't pass first allows/blocks test.
======== We are on link 239 of 288
========== raw link https://www.missingkids.org/
========== dropped link https://www.missingkids.org/. Didn't pass first allows/blocks test.
======== We are on link 240 of 288
========== raw link https://takeitdown.ncmec.org/
========== dropped link https://takeitdown.ncmec.org/. Didn't pass first allows/blocks test.
======== We are on link 241 of 288
========== raw link https://www.iwf.org.uk/
========== dropped link https://www.iwf.org.uk/. Didn't pass first allows/blocks test.
======== We are on link 242 of 288
========== raw link https://www.stopncii.org/
========== dropped link https://www.stopncii.org/. Didn't pass first allows/blocks test.
======== We are on link 243 of 288
========== raw link https://www.pornhub.com/information/terms
============ Checking for Redirections: https://www.pornhub.com/information/terms
============ Link unchanged
========== link already checked
======== We are on link 244 of 288
========== raw link https://help.pornhub.com/hc/en-us/articles/4419900587155-Community-Guidelines
============ Checking for Redirections: https://help.pornhub.com/hc/en-us/articles/4419900587155-Community-Guidelines
============ Link unchanged
========== link already checked
======== We are on link 245 of 288
========== raw link https://www.pornhub.com/information/terms
============ Checking for Redirections: https://www.pornhub.com/information/terms
============ Link unchanged
========== link already checked
======== We are on link 246 of 288
========== raw link https://www.pornhub.com/content-removal
============ Checking for Redirections: https://www.pornhub.com/content-removal
============ Link unchanged
========== link already checked
======== We are on link 247 of 288
========== raw link https://help.pornhub.com/hc/en-us/articles/4419879221907
============ Checking for Redirections: https://help.pornhub.com/hc/en-us/articles/4419879221907
============ Followed Redirection to https://help.pornhub.com/hc/en-us/articles/4419879221907-Pornhub-Trusted-Flagger-Program
============ Link after cleaning: https://help.pornhub.com/hc/en-us/articles/4419879221907-Pornhub-Trusted-Flagger-Program
========== link already checked
======== We are on link 248 of 288
========== raw link https://help.pornhub.com/hc/en-us/articles/4419869793683
============ Checking for Redirections: https://help.pornhub.com/hc/en-us/articles/4419869793683
============ Followed Redirection to https://help.pornhub.com/hc/en-us/articles/4419869793683-Child-Sexual-Abuse-Material-Policy
============ Link after cleaning: https://help.pornhub.com/hc/en-us/articles/4419869793683-Child-Sexual-Abuse-Material-Policy
========== link already checked
======== We are on link 249 of 288
========== raw link https://help.pornhub.com/hc/en-us/articles/5357457259155-2021-Transparency-Report
============ Checking for Redirections: https://help.pornhub.com/hc/en-us/articles/5357457259155-2021-Transparency-Report
============ Link unchanged
========== link already checked
======== We are on link 250 of 288
========== raw link /hc/en-us/sections/4419840866451-The-Pornhub-Community
============ Found Relative: joining https://help.pornhub.com/hc/en-us/categories/4419836212499 and /hc/en-us/sections/4419840866451-The-Pornhub-Community
============ Checking for Redirections: https://help.pornhub.com/hc/en-us/sections/4419840866451-The-Pornhub-Community
============ Link after cleaning: https://help.pornhub.com/hc/en-us/sections/4419840866451-The-Pornhub-Community
========== scraping https://help.pornhub.com/hc/en-us/sections/4419840866451-The-Pornhub-Community
======== We are on link 251 of 288
========== raw link /hc/en-us/articles/4419869864211-Accessibility
============ Found Relative: joining https://help.pornhub.com/hc/en-us/categories/4419836212499 and /hc/en-us/articles/4419869864211-Accessibility
============ Checking for Redirections: https://help.pornhub.com/hc/en-us/articles/4419869864211-Accessibility
============ Link after cleaning: https://help.pornhub.com/hc/en-us/articles/4419869864211-Accessibility
========== link already checked
======== We are on link 252 of 288
========== raw link /hc/en-us/articles/4419871944723-Core-Values
============ Found Relative: joining https://help.pornhub.com/hc/en-us/categories/4419836212499 and /hc/en-us/articles/4419871944723-Core-Values
============ Checking for Redirections: https://help.pornhub.com/hc/en-us/articles/4419871944723-Core-Values
============ Link after cleaning: https://help.pornhub.com/hc/en-us/articles/4419871944723-Core-Values
========== link already checked
======== We are on link 253 of 288
========== raw link /hc/en-us/articles/4419872596115-About-The-Community
============ Found Relative: joining https://help.pornhub.com/hc/en-us/categories/4419836212499 and /hc/en-us/articles/4419872596115-About-The-Community
============ Checking for Redirections: https://help.pornhub.com/hc/en-us/articles/4419872596115-About-The-Community
============ Link after cleaning: https://help.pornhub.com/hc/en-us/articles/4419872596115-About-The-Community
========== link already checked
======== We are on link 254 of 288
========== raw link /hc/en-us/articles/4419892571155-View-Fraud
============ Found Relative: joining https://help.pornhub.com/hc/en-us/categories/4419836212499 and /hc/en-us/articles/4419892571155-View-Fraud
============ Checking for Redirections: https://help.pornhub.com/hc/en-us/articles/4419892571155-View-Fraud
============ Link after cleaning: https://help.pornhub.com/hc/en-us/articles/4419892571155-View-Fraud
========== link already checked
======== We are on link 255 of 288
========== raw link /hc/en-us/articles/6017547823763-Pornhub-Literacy
============ Found Relative: joining https://help.pornhub.com/hc/en-us/categories/4419836212499 and /hc/en-us/articles/6017547823763-Pornhub-Literacy
============ Checking for Redirections: https://help.pornhub.com/hc/en-us/articles/6017547823763-Pornhub-Literacy
============ Link after cleaning: https://help.pornhub.com/hc/en-us/articles/6017547823763-Pornhub-Literacy
========== link already checked
======== We are on link 256 of 288
========== raw link /hc/en-us/articles/19159382668435-Trust-and-Safety-Initiatives
============ Found Relative: joining https://help.pornhub.com/hc/en-us/categories/4419836212499 and /hc/en-us/articles/19159382668435-Trust-and-Safety-Initiatives
============ Checking for Redirections: https://help.pornhub.com/hc/en-us/articles/19159382668435-Trust-and-Safety-Initiatives
============ Link after cleaning: https://help.pornhub.com/hc/en-us/articles/19159382668435-Trust-and-Safety-Initiatives
========== link already checked
======== We are on link 257 of 288
========== raw link /hc/en-us/sections/4419840866451-The-Pornhub-Community
============ Found Relative: joining https://help.pornhub.com/hc/en-us/categories/4419836212499 and /hc/en-us/sections/4419840866451-The-Pornhub-Community
============ Checking for Redirections: https://help.pornhub.com/hc/en-us/sections/4419840866451-The-Pornhub-Community
============ Link after cleaning: https://help.pornhub.com/hc/en-us/sections/4419840866451-The-Pornhub-Community
========== link already checked
======== We are on link 258 of 288
========== raw link /hc/en-us/sections/4419836270483-Policies-and-Related-Guidelines
============ Found Relative: joining https://help.pornhub.com/hc/en-us/categories/4419836212499 and /hc/en-us/sections/4419836270483-Policies-and-Related-Guidelines
============ Checking for Redirections: https://help.pornhub.com/hc/en-us/sections/4419836270483-Policies-and-Related-Guidelines
============ Link after cleaning: https://help.pornhub.com/hc/en-us/sections/4419836270483-Policies-and-Related-Guidelines
========== scraping https://help.pornhub.com/hc/en-us/sections/4419836270483-Policies-and-Related-Guidelines
======== We are on link 259 of 288
========== raw link /hc/en-us/articles/27367068631315-Translated-Articles
============ Found Relative: joining https://help.pornhub.com/hc/en-us/categories/4419836212499 and /hc/en-us/articles/27367068631315-Translated-Articles
============ Checking for Redirections: https://help.pornhub.com/hc/en-us/articles/27367068631315-Translated-Articles
============ Link after cleaning: https://help.pornhub.com/hc/en-us/articles/27367068631315-Translated-Articles
========== link already checked
======== We are on link 260 of 288
========== raw link /hc/en-us/articles/4419900587155-Community-Guidelines
============ Found Relative: joining https://help.pornhub.com/hc/en-us/categories/4419836212499 and /hc/en-us/articles/4419900587155-Community-Guidelines
============ Checking for Redirections: https://help.pornhub.com/hc/en-us/articles/4419900587155-Community-Guidelines
============ Link after cleaning: https://help.pornhub.com/hc/en-us/articles/4419900587155-Community-Guidelines
========== link already checked
======== We are on link 261 of 288
========== raw link /hc/en-us/articles/4419869793683-Child-Sexual-Abuse-Material-Policy
============ Found Relative: joining https://help.pornhub.com/hc/en-us/categories/4419836212499 and /hc/en-us/articles/4419869793683-Child-Sexual-Abuse-Material-Policy
============ Checking for Redirections: https://help.pornhub.com/hc/en-us/articles/4419869793683-Child-Sexual-Abuse-Material-Policy
============ Link after cleaning: https://help.pornhub.com/hc/en-us/articles/4419869793683-Child-Sexual-Abuse-Material-Policy
========== link already checked
======== We are on link 262 of 288
========== raw link /hc/en-us/articles/4419871787027-Non-Consensual-Content-Policy
============ Found Relative: joining https://help.pornhub.com/hc/en-us/categories/4419836212499 and /hc/en-us/articles/4419871787027-Non-Consensual-Content-Policy
============ Checking for Redirections: https://help.pornhub.com/hc/en-us/articles/4419871787027-Non-Consensual-Content-Policy
============ Link after cleaning: https://help.pornhub.com/hc/en-us/articles/4419871787027-Non-Consensual-Content-Policy
========== link already checked
======== We are on link 263 of 288
========== raw link /hc/en-us/articles/14512634908819-Hate-Speech-Policy
============ Found Relative: joining https://help.pornhub.com/hc/en-us/categories/4419836212499 and /hc/en-us/articles/14512634908819-Hate-Speech-Policy
============ Checking for Redirections: https://help.pornhub.com/hc/en-us/articles/14512634908819-Hate-Speech-Policy
============ Link after cleaning: https://help.pornhub.com/hc/en-us/articles/14512634908819-Hate-Speech-Policy
========== link already checked
======== We are on link 264 of 288
========== raw link /hc/en-us/articles/7906741373971-Animal-Welfare-Policy
============ Found Relative: joining https://help.pornhub.com/hc/en-us/categories/4419836212499 and /hc/en-us/articles/7906741373971-Animal-Welfare-Policy
============ Checking for Redirections: https://help.pornhub.com/hc/en-us/articles/7906741373971-Animal-Welfare-Policy
============ Link after cleaning: https://help.pornhub.com/hc/en-us/articles/7906741373971-Animal-Welfare-Policy
========== link already checked
======== We are on link 265 of 288
========== raw link /hc/en-us/sections/4419836270483-Policies-and-Related-Guidelines
============ Found Relative: joining https://help.pornhub.com/hc/en-us/categories/4419836212499 and /hc/en-us/sections/4419836270483-Policies-and-Related-Guidelines
============ Checking for Redirections: https://help.pornhub.com/hc/en-us/sections/4419836270483-Policies-and-Related-Guidelines
============ Link after cleaning: https://help.pornhub.com/hc/en-us/sections/4419836270483-Policies-and-Related-Guidelines
========== link already checked
======== We are on link 266 of 288
========== raw link /hc/en-us/sections/4419828638739-Reporting-Abuse-And-Violations
============ Found Relative: joining https://help.pornhub.com/hc/en-us/categories/4419836212499 and /hc/en-us/sections/4419828638739-Reporting-Abuse-And-Violations
============ Checking for Redirections: https://help.pornhub.com/hc/en-us/sections/4419828638739-Reporting-Abuse-And-Violations
============ Link after cleaning: https://help.pornhub.com/hc/en-us/sections/4419828638739-Reporting-Abuse-And-Violations
========== scraping https://help.pornhub.com/hc/en-us/sections/4419828638739-Reporting-Abuse-And-Violations
======== We are on link 267 of 288
========== raw link /hc/en-us/articles/36113072849171-Australian-eSafety
============ Found Relative: joining https://help.pornhub.com/hc/en-us/categories/4419836212499 and /hc/en-us/articles/36113072849171-Australian-eSafety
============ Checking for Redirections: https://help.pornhub.com/hc/en-us/articles/36113072849171-Australian-eSafety
============ Link after cleaning: https://help.pornhub.com/hc/en-us/articles/36113072849171-Australian-eSafety
========== link already checked
======== We are on link 268 of 288
========== raw link /hc/en-us/articles/4419879221907-Pornhub-Trusted-Flagger-Program
============ Found Relative: joining https://help.pornhub.com/hc/en-us/categories/4419836212499 and /hc/en-us/articles/4419879221907-Pornhub-Trusted-Flagger-Program
============ Checking for Redirections: https://help.pornhub.com/hc/en-us/articles/4419879221907-Pornhub-Trusted-Flagger-Program
============ Link after cleaning: https://help.pornhub.com/hc/en-us/articles/4419879221907-Pornhub-Trusted-Flagger-Program
========== link already checked
======== We are on link 269 of 288
========== raw link /hc/en-us/articles/4419875025043-Report-Harmful-Content
============ Found Relative: joining https://help.pornhub.com/hc/en-us/categories/4419836212499 and /hc/en-us/articles/4419875025043-Report-Harmful-Content
============ Checking for Redirections: https://help.pornhub.com/hc/en-us/articles/4419875025043-Report-Harmful-Content
============ Link after cleaning: https://help.pornhub.com/hc/en-us/articles/4419875025043-Report-Harmful-Content
========== link already checked
======== We are on link 270 of 288
========== raw link /hc/en-us/articles/4419868912787-Content-Removal-Request-Form
============ Found Relative: joining https://help.pornhub.com/hc/en-us/categories/4419836212499 and /hc/en-us/articles/4419868912787-Content-Removal-Request-Form
============ Checking for Redirections: https://help.pornhub.com/hc/en-us/articles/4419868912787-Content-Removal-Request-Form
============ Link after cleaning: https://help.pornhub.com/hc/en-us/articles/4419868912787-Content-Removal-Request-Form
========== link already checked
======== We are on link 271 of 288
========== raw link /hc/en-us/articles/4419855809171-Copyright-Removal-Requests
============ Found Relative: joining https://help.pornhub.com/hc/en-us/categories/4419836212499 and /hc/en-us/articles/4419855809171-Copyright-Removal-Requests
============ Checking for Redirections: https://help.pornhub.com/hc/en-us/articles/4419855809171-Copyright-Removal-Requests
============ Link after cleaning: https://help.pornhub.com/hc/en-us/articles/4419855809171-Copyright-Removal-Requests
========== link already checked
======== We are on link 272 of 288
========== raw link /hc/en-us/articles/4419866547475-Feedback-General-Inquiries-and-Technical-Support
============ Found Relative: joining https://help.pornhub.com/hc/en-us/categories/4419836212499 and /hc/en-us/articles/4419866547475-Feedback-General-Inquiries-and-Technical-Support
============ Checking for Redirections: https://help.pornhub.com/hc/en-us/articles/4419866547475-Feedback-General-Inquiries-and-Technical-Support
============ Link after cleaning: https://help.pornhub.com/hc/en-us/articles/4419866547475-Feedback-General-Inquiries-and-Technical-Support
========== link already checked
======== We are on link 273 of 288
========== raw link /hc/en-us/sections/5357288459027-Transparency-Report
============ Found Relative: joining https://help.pornhub.com/hc/en-us/categories/4419836212499 and /hc/en-us/sections/5357288459027-Transparency-Report
============ Checking for Redirections: https://help.pornhub.com/hc/en-us/sections/5357288459027-Transparency-Report
============ Link after cleaning: https://help.pornhub.com/hc/en-us/sections/5357288459027-Transparency-Report
========== scraping https://help.pornhub.com/hc/en-us/sections/5357288459027-Transparency-Report
======== We are on link 274 of 288
========== raw link /hc/en-us/articles/38929180749587-DSA-Transparency-report-February-2025
============ Found Relative: joining https://help.pornhub.com/hc/en-us/categories/4419836212499 and /hc/en-us/articles/38929180749587-DSA-Transparency-report-February-2025
============ Checking for Redirections: https://help.pornhub.com/hc/en-us/articles/38929180749587-DSA-Transparency-report-February-2025
============ Link after cleaning: https://help.pornhub.com/hc/en-us/articles/38929180749587-DSA-Transparency-report-February-2025
========== link already checked
======== We are on link 275 of 288
========== raw link /hc/en-us/articles/38743689517715-2024-Transparency-Report-Second-Half
============ Found Relative: joining https://help.pornhub.com/hc/en-us/categories/4419836212499 and /hc/en-us/articles/38743689517715-2024-Transparency-Report-Second-Half
============ Checking for Redirections: https://help.pornhub.com/hc/en-us/articles/38743689517715-2024-Transparency-Report-Second-Half
============ Link after cleaning: https://help.pornhub.com/hc/en-us/articles/38743689517715-2024-Transparency-Report-Second-Half
========== link already checked
======== We are on link 276 of 288
========== raw link /hc/en-us/articles/33098088051475-2024-Transparency-Report-First-Half
============ Found Relative: joining https://help.pornhub.com/hc/en-us/categories/4419836212499 and /hc/en-us/articles/33098088051475-2024-Transparency-Report-First-Half
============ Checking for Redirections: https://help.pornhub.com/hc/en-us/articles/33098088051475-2024-Transparency-Report-First-Half
============ Link after cleaning: https://help.pornhub.com/hc/en-us/articles/33098088051475-2024-Transparency-Report-First-Half
========== link already checked
======== We are on link 277 of 288
========== raw link /hc/en-us/articles/32596021061267-EU-DSA-Transparency-Report-August-2024
============ Found Relative: joining https://help.pornhub.com/hc/en-us/categories/4419836212499 and /hc/en-us/articles/32596021061267-EU-DSA-Transparency-Report-August-2024
============ Checking for Redirections: https://help.pornhub.com/hc/en-us/articles/32596021061267-EU-DSA-Transparency-Report-August-2024
============ Link after cleaning: https://help.pornhub.com/hc/en-us/articles/32596021061267-EU-DSA-Transparency-Report-August-2024
========== link already checked
======== We are on link 278 of 288
========== raw link /hc/en-us/articles/27610703413267-2023-Transparency-Report-Second-Half
============ Found Relative: joining https://help.pornhub.com/hc/en-us/categories/4419836212499 and /hc/en-us/articles/27610703413267-2023-Transparency-Report-Second-Half
============ Checking for Redirections: https://help.pornhub.com/hc/en-us/articles/27610703413267-2023-Transparency-Report-Second-Half
============ Link after cleaning: https://help.pornhub.com/hc/en-us/articles/27610703413267-2023-Transparency-Report-Second-Half
========== link already checked
======== We are on link 279 of 288
========== raw link /hc/en-us/articles/19464887586579-2023-Transparency-Report-First-Half
============ Found Relative: joining https://help.pornhub.com/hc/en-us/categories/4419836212499 and /hc/en-us/articles/19464887586579-2023-Transparency-Report-First-Half
============ Checking for Redirections: https://help.pornhub.com/hc/en-us/articles/19464887586579-2023-Transparency-Report-First-Half
============ Link after cleaning: https://help.pornhub.com/hc/en-us/articles/19464887586579-2023-Transparency-Report-First-Half
========== link already checked
======== We are on link 280 of 288
========== raw link /hc/en-us/sections/5357288459027-Transparency-Report
============ Found Relative: joining https://help.pornhub.com/hc/en-us/categories/4419836212499 and /hc/en-us/sections/5357288459027-Transparency-Report
============ Checking for Redirections: https://help.pornhub.com/hc/en-us/sections/5357288459027-Transparency-Report
============ Link after cleaning: https://help.pornhub.com/hc/en-us/sections/5357288459027-Transparency-Report
========== link already checked
======== We are on link 281 of 288
========== raw link /hc/en-us/sections/4419840947731-Sexual-Wellness-Mental-Health-Support
============ Found Relative: joining https://help.pornhub.com/hc/en-us/categories/4419836212499 and /hc/en-us/sections/4419840947731-Sexual-Wellness-Mental-Health-Support
============ Checking for Redirections: https://help.pornhub.com/hc/en-us/sections/4419840947731-Sexual-Wellness-Mental-Health-Support
============ Link after cleaning: https://help.pornhub.com/hc/en-us/sections/4419840947731-Sexual-Wellness-Mental-Health-Support
========== scraping https://help.pornhub.com/hc/en-us/sections/4419840947731-Sexual-Wellness-Mental-Health-Support
======== We are on link 282 of 288
========== raw link /hc/en-us/articles/4419883155347-Sexual-Wellness-Center
============ Found Relative: joining https://help.pornhub.com/hc/en-us/categories/4419836212499 and /hc/en-us/articles/4419883155347-Sexual-Wellness-Center
============ Checking for Redirections: https://help.pornhub.com/hc/en-us/articles/4419883155347-Sexual-Wellness-Center
============ Link after cleaning: https://help.pornhub.com/hc/en-us/articles/4419883155347-Sexual-Wellness-Center
========== link already checked
======== We are on link 283 of 288
========== raw link /hc/en-us/articles/4419874097683-Mental-Health
============ Found Relative: joining https://help.pornhub.com/hc/en-us/categories/4419836212499 and /hc/en-us/articles/4419874097683-Mental-Health
============ Checking for Redirections: https://help.pornhub.com/hc/en-us/articles/4419874097683-Mental-Health
============ Link after cleaning: https://help.pornhub.com/hc/en-us/articles/4419874097683-Mental-Health
========== link already checked
======== We are on link 284 of 288
========== raw link /hc/en-us/sections/4419828680851-RTA-Restricted-to-Adults-Compliance
============ Found Relative: joining https://help.pornhub.com/hc/en-us/categories/4419836212499 and /hc/en-us/sections/4419828680851-RTA-Restricted-to-Adults-Compliance
============ Checking for Redirections: https://help.pornhub.com/hc/en-us/sections/4419828680851-RTA-Restricted-to-Adults-Compliance
============ Link after cleaning: https://help.pornhub.com/hc/en-us/sections/4419828680851-RTA-Restricted-to-Adults-Compliance
========== scraping https://help.pornhub.com/hc/en-us/sections/4419828680851-RTA-Restricted-to-Adults-Compliance
======== We are on link 285 of 288
========== raw link /hc/en-us/articles/4419885579795-Parental-Controls
============ Found Relative: joining https://help.pornhub.com/hc/en-us/categories/4419836212499 and /hc/en-us/articles/4419885579795-Parental-Controls
============ Checking for Redirections: https://help.pornhub.com/hc/en-us/articles/4419885579795-Parental-Controls
============ Link after cleaning: https://help.pornhub.com/hc/en-us/articles/4419885579795-Parental-Controls
========== link already checked
======== We are on link 286 of 288
========== raw link /hc/en-us/sections/4419840995219-Requesting-Personal-Information
============ Found Relative: joining https://help.pornhub.com/hc/en-us/categories/4419836212499 and /hc/en-us/sections/4419840995219-Requesting-Personal-Information
============ Checking for Redirections: https://help.pornhub.com/hc/en-us/sections/4419840995219-Requesting-Personal-Information
============ Link after cleaning: https://help.pornhub.com/hc/en-us/sections/4419840995219-Requesting-Personal-Information
========== scraping https://help.pornhub.com/hc/en-us/sections/4419840995219-Requesting-Personal-Information
======== We are on link 287 of 288
========== raw link /hc/en-us/articles/4419878696211-Notice-To-Our-Users
============ Found Relative: joining https://help.pornhub.com/hc/en-us/categories/4419836212499 and /hc/en-us/articles/4419878696211-Notice-To-Our-Users
============ Checking for Redirections: https://help.pornhub.com/hc/en-us/articles/4419878696211-Notice-To-Our-Users
============ Link after cleaning: https://help.pornhub.com/hc/en-us/articles/4419878696211-Notice-To-Our-Users
========== link already checked
======== We are on link 288 of 288
========== raw link /hc/en-us/articles/4419883182867-Notice-To-Law-Enforcement
============ Found Relative: joining https://help.pornhub.com/hc/en-us/categories/4419836212499 and /hc/en-us/articles/4419883182867-Notice-To-Law-Enforcement
============ Checking for Redirections: https://help.pornhub.com/hc/en-us/articles/4419883182867-Notice-To-Law-Enforcement
============ Link after cleaning: https://help.pornhub.com/hc/en-us/articles/4419883182867-Notice-To-Law-Enforcement
========== link already checked
====== We are on page 3 of 6: https://help.pornhub.com/hc/en-us/articles/4419839721875-What-sort-of-content-is-not-allowed-on-the-site
====== Number of Links on this Page: 233
======== We are on link 1 of 233
========== raw link /hc/en-us
============ Found Relative: joining https://help.pornhub.com/hc/en-us/articles/4419839721875-What-sort-of-content-is-not-allowed-on-the-site and /hc/en-us
============ Checking for Redirections: https://help.pornhub.com/hc/en-us
============ Link after cleaning: https://help.pornhub.com/hc/en-us
========== link already checked
======== We are on link 2 of 233
========== raw link https://www.pornhub.com/support
============ Checking for Redirections: https://www.pornhub.com/support
============ Link unchanged
========== link already checked
======== We are on link 3 of 233
========== raw link /hc/en-us/signin?return_to=https%3A%2F%2Fhelp.pornhub.com%2Fhc%2Fen-us%2Farticles%2F4419839721875-What-sort-of-content-is-not-allowed-on-the-site&locale=en-us
============ Prepended scheme.
============ Checking for Redirections: https://hc/en-us/signin?return_to=https%3A%2F%2Fhelp.pornhub.com%2Fhc%2Fen-us%2Farticles%2F4419839721875-What-sort-of-content-is-not-allowed-on-the-site&locale=en-us
========== dropped link https://hc/en-us/signin?return_to=https%3A%2F%2Fhelp.pornhub.com%2Fhc%2Fen-us%2Farticles%2F4419839721875-What-sort-of-content-is-not-allowed-on-the-site&locale=en-us. Could not follow redirection (or it was a meaninglessly small page or bot blocked by sessionID).
======== We are on link 4 of 233
========== raw link /hc/en-us
============ Found Relative: joining https://help.pornhub.com/hc/en-us/articles/4419839721875-What-sort-of-content-is-not-allowed-on-the-site and /hc/en-us
============ Checking for Redirections: https://help.pornhub.com/hc/en-us
============ Link after cleaning: https://help.pornhub.com/hc/en-us
========== link already checked
======== We are on link 5 of 233
========== raw link /hc/en-us/categories/4419828547475-Content-Partner-Program
============ Found Relative: joining https://help.pornhub.com/hc/en-us/articles/4419839721875-What-sort-of-content-is-not-allowed-on-the-site and /hc/en-us/categories/4419828547475-Content-Partner-Program
============ Checking for Redirections: https://help.pornhub.com/hc/en-us/categories/4419828547475-Content-Partner-Program
============ Link after cleaning: https://help.pornhub.com/hc/en-us/categories/4419828547475-Content-Partner-Program
========== scraping https://help.pornhub.com/hc/en-us/categories/4419828547475-Content-Partner-Program
======== We are on link 6 of 233
========== raw link /hc/en-us/sections/4419840988691-Compliance
============ Found Relative: joining https://help.pornhub.com/hc/en-us/articles/4419839721875-What-sort-of-content-is-not-allowed-on-the-site and /hc/en-us/sections/4419840988691-Compliance
============ Checking for Redirections: https://help.pornhub.com/hc/en-us/sections/4419840988691-Compliance
============ Link after cleaning: https://help.pornhub.com/hc/en-us/sections/4419840988691-Compliance
========== scraping https://help.pornhub.com/hc/en-us/sections/4419840988691-Compliance
======== We are on link 7 of 233
========== raw link /hc
============ Found Relative: joining https://help.pornhub.com/hc/en-us/articles/4419839721875-What-sort-of-content-is-not-allowed-on-the-site and /hc
============ Checking for Redirections: https://help.pornhub.com/hc
============ Followed Redirection to https://help.pornhub.com/hc/en-us
============ Link after cleaning: https://help.pornhub.com/hc/en-us
========== link already checked
======== We are on link 8 of 233
========== raw link https://help.pornhub.com/hc/en-us/articles/4419879760403-How-to-Sign-Up-and-Join-the-Model-Program
============ Checking for Redirections: https://help.pornhub.com/hc/en-us/articles/4419879760403-How-to-Sign-Up-and-Join-the-Model-Program
============ Link unchanged
========== link already checked
======== We are on link 9 of 233
========== raw link https://help.pornhub.com/hc/en-us/articles/4419875178131-Model-Agreement
============ Checking for Redirections: https://help.pornhub.com/hc/en-us/articles/4419875178131-Model-Agreement
============ Link unchanged
========== link already checked
======== We are on link 10 of 233
========== raw link https://help.pornhub.com/hc/en-us/articles/22370181992083-Working-with-Co-Performers
============ Checking for Redirections: https://help.pornhub.com/hc/en-us/articles/22370181992083-Working-with-Co-Performers
============ Link unchanged
========== link already checked
======== We are on link 11 of 233
========== raw link https://help.pornhub.com/hc/en-us/articles/4419896613651-What-Co-Performer-Verification-Tools-are-Available
============ Checking for Redirections: https://help.pornhub.com/hc/en-us/articles/4419896613651-What-Co-Performer-Verification-Tools-are-Available
============ Link unchanged
========== link already checked
======== We are on link 12 of 233
========== raw link https://help.pornhub.com/hc/en-us/articles/4419856820115-Yoti-Supported-Documents-Per-Country
============ Checking for Redirections: https://help.pornhub.com/hc/en-us/articles/4419856820115-Yoti-Supported-Documents-Per-Country
============ Link unchanged
========== link already checked
======== We are on link 13 of 233
========== raw link https://help.pornhub.com/hc/en-us/articles/4419867936403-Pornhub-Model-Ranks
============ Checking for Redirections: https://help.pornhub.com/hc/en-us/articles/4419867936403-Pornhub-Model-Ranks
============ Link unchanged
========== link already checked
======== We are on link 14 of 233
========== raw link https://help.pornhub.com/hc/en-us/articles/4419860873747-Common-Questions
============ Checking for Redirections: https://help.pornhub.com/hc/en-us/articles/4419860873747-Common-Questions
============ Link unchanged
========== link already checked
======== We are on link 15 of 233
========== raw link https://help.pornhub.com/hc/en-us/articles/37688572620691-What-is-a-Verification-Image
============ Checking for Redirections: https://help.pornhub.com/hc/en-us/articles/37688572620691-What-is-a-Verification-Image
============ Link unchanged
========== link already checked
======== We are on link 16 of 233
========== raw link https://help.pornhub.com/hc/en-us/articles/30044084286099-How-do-I-set-up-Two-Factor-Authentication
============ Checking for Redirections: https://help.pornhub.com/hc/en-us/articles/30044084286099-How-do-I-set-up-Two-Factor-Authentication
============ Link unchanged
========== link already checked
======== We are on link 17 of 233
========== raw link https://help.pornhub.com/hc/en-us/articles/25071002518163-Sponsored-Content
============ Checking for Redirections: https://help.pornhub.com/hc/en-us/articles/25071002518163-Sponsored-Content
============ Link unchanged
========== link already checked
======== We are on link 18 of 233
========== raw link https://help.pornhub.com/hc/en-us/articles/4419890393619-Setting-Up-Your-Profile
============ Checking for Redirections: https://help.pornhub.com/hc/en-us/articles/4419890393619-Setting-Up-Your-Profile
============ Link unchanged
========== link already checked
======== We are on link 19 of 233
========== raw link https://help.pornhub.com/hc/en-us/articles/4419872101139-Earnings-and-Payments
============ Checking for Redirections: https://help.pornhub.com/hc/en-us/articles/4419872101139-Earnings-and-Payments
============ Link unchanged
========== link already checked
======== We are on link 20 of 233
========== raw link https://help.pornhub.com/hc/en-us/articles/4419870696083-How-To-Upload-Videos
============ Checking for Redirections: https://help.pornhub.com/hc/en-us/articles/4419870696083-How-To-Upload-Videos
============ Link unchanged
========== link already checked
======== We are on link 21 of 233
========== raw link https://help.pornhub.com/hc/en-us/articles/6371832116627-Become-a-Creator-for-Animated-Audio-Gameplay-or-Compilations-Content
============ Checking for Redirections: https://help.pornhub.com/hc/en-us/articles/6371832116627-Become-a-Creator-for-Animated-Audio-Gameplay-or-Compilations-Content
============ Link unchanged
========== link already checked
======== We are on link 22 of 233
========== raw link https://help.pornhub.com/hc/en-us/articles/4419862880787-Online-Safety-and-Content-Removal
============ Checking for Redirections: https://help.pornhub.com/hc/en-us/articles/4419862880787-Online-Safety-and-Content-Removal
============ Link unchanged
========== link already checked
======== We are on link 23 of 233
========== raw link https://help.pornhub.com/hc/en-us/articles/29831714844307-Can-I-Still-Monetize-Shorter-Videos
============ Checking for Redirections: https://help.pornhub.com/hc/en-us/articles/29831714844307-Can-I-Still-Monetize-Shorter-Videos
============ Link unchanged
========== link already checked
======== We are on link 24 of 233
========== raw link https://help.pornhub.com/hc/en-us/articles/26238818095635-What-Are-Tiers
============ Checking for Redirections: https://help.pornhub.com/hc/en-us/articles/26238818095635-What-Are-Tiers
============ Link unchanged
========== link already checked
======== We are on link 25 of 233
========== raw link https://help.pornhub.com/hc/en-us/articles/26163541571091-When-Does-the-Tiers-Program-Begin
============ Checking for Redirections: https://help.pornhub.com/hc/en-us/articles/26163541571091-When-Does-the-Tiers-Program-Begin
============ Link unchanged
========== link already checked
======== We are on link 26 of 233
========== raw link https://help.pornhub.com/hc/en-us/articles/26163716355731-Can-I-Do-Batch-Uploads-and-Scheduled-Releases
============ Checking for Redirections: https://help.pornhub.com/hc/en-us/articles/26163716355731-Can-I-Do-Batch-Uploads-and-Scheduled-Releases
============ Link unchanged
========== link already checked
======== We are on link 27 of 233
========== raw link https://help.pornhub.com/hc/en-us/articles/26163424150035-How-Do-Tiers-Work
============ Checking for Redirections: https://help.pornhub.com/hc/en-us/articles/26163424150035-How-Do-Tiers-Work
============ Link unchanged
========== link already checked
======== We are on link 28 of 233
========== raw link https://help.pornhub.com/hc/en-us/articles/26163601244307-How-Can-I-Move-Up-in-Tiers
============ Checking for Redirections: https://help.pornhub.com/hc/en-us/articles/26163601244307-How-Can-I-Move-Up-in-Tiers
============ Link unchanged
========== link already checked
======== We are on link 29 of 233
========== raw link https://help.pornhub.com/hc/en-us/articles/26163645796755-Where-Can-I-See-my-Current-Tier
============ Checking for Redirections: https://help.pornhub.com/hc/en-us/articles/26163645796755-Where-Can-I-See-my-Current-Tier
============ Link unchanged
========== link already checked
======== We are on link 30 of 233
========== raw link https://help.pornhub.com/hc/en-us/articles/26163503999763-How-Often-Will-Tiers-be-Assessed
============ Checking for Redirections: https://help.pornhub.com/hc/en-us/articles/26163503999763-How-Often-Will-Tiers-be-Assessed
============ Link unchanged
========== link already checked
======== We are on link 31 of 233
========== raw link https://help.pornhub.com/hc/en-us/articles/26163607577875-How-is-Ad-Revenue-Calculated
============ Checking for Redirections: https://help.pornhub.com/hc/en-us/articles/26163607577875-How-is-Ad-Revenue-Calculated
============ Link unchanged
========== link already checked
======== We are on link 32 of 233
========== raw link https://help.pornhub.com/hc/en-us/articles/26163687990547-How-Do-I-Remain-Active-in-the-Tiers-Program
============ Checking for Redirections: https://help.pornhub.com/hc/en-us/articles/26163687990547-How-Do-I-Remain-Active-in-the-Tiers-Program
============ Link unchanged
========== link already checked
======== We are on link 33 of 233
========== raw link https://help.pornhub.com/hc/en-us/articles/26163624356371-What-Happens-if-I-Forget-to-Upload-a-Video-Each-Quarter
============ Checking for Redirections: https://help.pornhub.com/hc/en-us/articles/26163624356371-What-Happens-if-I-Forget-to-Upload-a-Video-Each-Quarter
============ Link unchanged
========== link already checked
======== We are on link 34 of 233
========== raw link https://help.pornhub.com/hc/en-us/articles/26163637347731-What-if-I-Create-a-Model-Account-in-the-Middle-of-the-Quarter
============ Checking for Redirections: https://help.pornhub.com/hc/en-us/articles/26163637347731-What-if-I-Create-a-Model-Account-in-the-Middle-of-the-Quarter
============ Link unchanged
========== link already checked
======== We are on link 35 of 233
========== raw link https://help.pornhub.com/hc/en-us/articles/26163575091219-What-Rank-Appears-on-My-Model-Profile
============ Checking for Redirections: https://help.pornhub.com/hc/en-us/articles/26163575091219-What-Rank-Appears-on-My-Model-Profile
============ Link unchanged
========== link already checked
======== We are on link 36 of 233
========== raw link https://help.pornhub.com/hc/en-us/articles/32742698880019-Why-can-t-I-find-a-Collaborator-when-trying-to-tag-them
============ Checking for Redirections: https://help.pornhub.com/hc/en-us/articles/32742698880019-Why-can-t-I-find-a-Collaborator-when-trying-to-tag-them
============ Link unchanged
========== link already checked
======== We are on link 37 of 233
========== raw link https://help.pornhub.com/hc/en-us/articles/32742701808275-Can-I-tag-a-Model-twice-if-I-have-them-as-a-Co-Performer-and-Collaborator
============ Checking for Redirections: https://help.pornhub.com/hc/en-us/articles/32742701808275-Can-I-tag-a-Model-twice-if-I-have-them-as-a-Co-Performer-and-Collaborator
============ Link unchanged
========== link already checked
======== We are on link 38 of 233
========== raw link https://help.pornhub.com/hc/en-us/articles/32742657804563-How-do-I-tag-a-Collaborator
============ Checking for Redirections: https://help.pornhub.com/hc/en-us/articles/32742657804563-How-do-I-tag-a-Collaborator
============ Link unchanged
========== link already checked
======== We are on link 39 of 233
========== raw link https://help.pornhub.com/hc/en-us/articles/32737476610835-Will-my-tagged-Collaborators-appear-on-the-video
============ Checking for Redirections: https://help.pornhub.com/hc/en-us/articles/32737476610835-Will-my-tagged-Collaborators-appear-on-the-video
============ Link unchanged
========== link already checked
======== We are on link 40 of 233
========== raw link https://help.pornhub.com/hc/en-us/articles/31896858829075-Spam-and-Abuse-Rules-and-Consequences
============ Checking for Redirections: https://help.pornhub.com/hc/en-us/articles/31896858829075-Spam-and-Abuse-Rules-and-Consequences
============ Link unchanged
========== link already checked
======== We are on link 41 of 233
========== raw link https://help.pornhub.com/hc/en-us/articles/32737108701587-What-is-Collaborators
============ Checking for Redirections: https://help.pornhub.com/hc/en-us/articles/32737108701587-What-is-Collaborators
============ Link unchanged
========== link already checked
======== We are on link 42 of 233
========== raw link https://help.pornhub.com/hc/en-us/articles/32737163246739-How-does-Collaborators-work
============ Checking for Redirections: https://help.pornhub.com/hc/en-us/articles/32737163246739-How-does-Collaborators-work
============ Link unchanged
========== link already checked
======== We are on link 43 of 233
========== raw link https://help.pornhub.com/hc/en-us/articles/32737248805267-Can-I-still-submit-IDs-and-Release-Forms
============ Checking for Redirections: https://help.pornhub.com/hc/en-us/articles/32737248805267-Can-I-still-submit-IDs-and-Release-Forms
============ Link unchanged
========== link already checked
======== We are on link 44 of 233
========== raw link https://help.pornhub.com/hc/en-us/articles/32744739375891-Can-I-still-upload-a-Model-as-a-Co-Performer-if-my-Collaboration-Request-gets-rejected
============ Checking for Redirections: https://help.pornhub.com/hc/en-us/articles/32744739375891-Can-I-still-upload-a-Model-as-a-Co-Performer-if-my-Collaboration-Request-gets-rejected
============ Link unchanged
========== link already checked
======== We are on link 45 of 233
========== raw link https://help.pornhub.com/hc/en-us/articles/32742771883027-Why-is-my-collab-request-button-disabled
============ Checking for Redirections: https://help.pornhub.com/hc/en-us/articles/32742771883027-Why-is-my-collab-request-button-disabled
============ Link unchanged
========== link already checked
======== We are on link 46 of 233
========== raw link https://help.pornhub.com/hc/en-us/articles/32737712766867-Can-I-opt-out-of-being-a-Collaborator
============ Checking for Redirections: https://help.pornhub.com/hc/en-us/articles/32737712766867-Can-I-opt-out-of-being-a-Collaborator
============ Link unchanged
========== link already checked
======== We are on link 47 of 233
========== raw link https://help.pornhub.com/hc/en-us/articles/32753128635283-What-happens-if-I-revoke-a-collab-request
============ Checking for Redirections: https://help.pornhub.com/hc/en-us/articles/32753128635283-What-happens-if-I-revoke-a-collab-request
============ Link unchanged
========== link already checked
======== We are on link 48 of 233
========== raw link https://help.pornhub.com/hc/en-us/articles/32744687729939-What-is-the-difference-between-the-3-Collab-Request-Settings
============ Checking for Redirections: https://help.pornhub.com/hc/en-us/articles/32744687729939-What-is-the-difference-between-the-3-Collab-Request-Settings
============ Link unchanged
========== link already checked
======== We are on link 49 of 233
========== raw link https://help.pornhub.com/hc/en-us/articles/32737208736403-How-do-I-send-and-receive-collaboration-requests
============ Checking for Redirections: https://help.pornhub.com/hc/en-us/articles/32737208736403-How-do-I-send-and-receive-collaboration-requests
============ Link unchanged
========== link already checked
======== We are on link 50 of 233
========== raw link https://help.pornhub.com/hc/en-us/articles/32737650660243-Why-can-t-I-send-a-collab-request-to-a-Model
============ Checking for Redirections: https://help.pornhub.com/hc/en-us/articles/32737650660243-Why-can-t-I-send-a-collab-request-to-a-Model
============ Link unchanged
========== link already checked
======== We are on link 51 of 233
========== raw link https://help.pornhub.com/hc/en-us/articles/32737569656339-How-do-I-cancel-a-Collaboration-request
============ Checking for Redirections: https://help.pornhub.com/hc/en-us/articles/32737569656339-How-do-I-cancel-a-Collaboration-request
============ Link unchanged
========== link already checked
======== We are on link 52 of 233
========== raw link https://help.pornhub.com/hc/en-us/articles/32737675455379-What-are-the-different-collab-request-statuses
============ Checking for Redirections: https://help.pornhub.com/hc/en-us/articles/32737675455379-What-are-the-different-collab-request-statuses
============ Link unchanged
========== link already checked
======== We are on link 53 of 233
========== raw link https://help.pornhub.com/hc/en-us/articles/32737463025811-Will-I-need-to-send-a-collab-request-for-every-video
============ Checking for Redirections: https://help.pornhub.com/hc/en-us/articles/32737463025811-Will-I-need-to-send-a-collab-request-for-every-video
============ Link unchanged
========== link already checked
======== We are on link 54 of 233
========== raw link https://help.pornhub.com/hc/en-us/articles/32738638631443-What-should-I-do-if-I-made-a-mistake
============ Checking for Redirections: https://help.pornhub.com/hc/en-us/articles/32738638631443-What-should-I-do-if-I-made-a-mistake
============ Link unchanged
========== link already checked
======== We are on link 55 of 233
========== raw link https://help.pornhub.com/hc/en-us/articles/32738672854931-What-is-the-difference-between-a-Co-Performer-and-a-Collaborator
============ Checking for Redirections: https://help.pornhub.com/hc/en-us/articles/32738672854931-What-is-the-difference-between-a-Co-Performer-and-a-Collaborator
============ Link unchanged
========== link already checked
======== We are on link 56 of 233
========== raw link https://help.pornhub.com/hc/en-us/articles/32737338627859-Do-my-Co-Performers-need-to-sign-a-Release-Form-each-time-we-film
============ Checking for Redirections: https://help.pornhub.com/hc/en-us/articles/32737338627859-Do-my-Co-Performers-need-to-sign-a-Release-Form-each-time-we-film
============ Link unchanged
========== link already checked
======== We are on link 57 of 233
========== raw link https://help.pornhub.com/hc/en-us/articles/32744675868947-Do-I-still-need-to-submit-IDs-and-Release-forms-if-I-have-them-as-a-Collaborator
============ Checking for Redirections: https://help.pornhub.com/hc/en-us/articles/32744675868947-Do-I-still-need-to-submit-IDs-and-Release-forms-if-I-have-them-as-a-Collaborator
============ Link unchanged
========== link already checked
======== We are on link 58 of 233
========== raw link https://help.pornhub.com/hc/en-us/articles/19695173119251-What-are-Shorties
============ Checking for Redirections: https://help.pornhub.com/hc/en-us/articles/19695173119251-What-are-Shorties
============ Link unchanged
========== link already checked
======== We are on link 59 of 233
========== raw link https://help.pornhub.com/hc/en-us/articles/4419879098643-Viewers-Choice-Monthly-Contest
============ Checking for Redirections: https://help.pornhub.com/hc/en-us/articles/4419879098643-Viewers-Choice-Monthly-Contest
============ Link unchanged
========== link already checked
======== We are on link 60 of 233
========== raw link https://help.pornhub.com/hc/en-us/articles/4419844380819-How-to-Succeed
============ Checking for Redirections: https://help.pornhub.com/hc/en-us/articles/4419844380819-How-to-Succeed
============ Link unchanged
========== link already checked
======== We are on link 61 of 233
========== raw link https://help.pornhub.com/hc/en-us/articles/4419859334675-How-do-I-get-my-video-featured
============ Checking for Redirections: https://help.pornhub.com/hc/en-us/articles/4419859334675-How-do-I-get-my-video-featured
============ Link unchanged
========== link already checked
======== We are on link 62 of 233
========== raw link https://help.pornhub.com/hc/en-us/articles/4419847498131-How-can-I-get-my-videos-in-the-hottest-section
============ Checking for Redirections: https://help.pornhub.com/hc/en-us/articles/4419847498131-How-can-I-get-my-videos-in-the-hottest-section
============ Link unchanged
========== link already checked
======== We are on link 63 of 233
========== raw link https://help.pornhub.com/hc/en-us/articles/4419858483475-Top-Searches-on-Pornhub
============ Checking for Redirections: https://help.pornhub.com/hc/en-us/articles/4419858483475-Top-Searches-on-Pornhub
============ Link unchanged
========== link already checked
======== We are on link 64 of 233
========== raw link https://help.pornhub.com/hc/en-us/articles/4419858321555-Photo-Albums-and-Tease-Content
============ Checking for Redirections: https://help.pornhub.com/hc/en-us/articles/4419858321555-Photo-Albums-and-Tease-Content
============ Link unchanged
========== link already checked
======== We are on link 65 of 233
========== raw link https://help.pornhub.com/hc/en-us/articles/4419858238483-What-NOT-to-do
============ Checking for Redirections: https://help.pornhub.com/hc/en-us/articles/4419858238483-What-NOT-to-do
============ Link unchanged
========== link already checked
======== We are on link 66 of 233
========== raw link https://help.pornhub.com/hc/en-us/articles/4419900622355-Contests-and-Awards
============ Checking for Redirections: https://help.pornhub.com/hc/en-us/articles/4419900622355-Contests-and-Awards
============ Link unchanged
========== link already checked
======== We are on link 67 of 233
========== raw link https://help.pornhub.com/hc/en-us/articles/4419882240915-Uploading-Videos
============ Checking for Redirections: https://help.pornhub.com/hc/en-us/articles/4419882240915-Uploading-Videos
============ Link unchanged
========== link already checked
======== We are on link 68 of 233
========== raw link https://help.pornhub.com/hc/en-us/articles/4419907502611-Fan-Interaction
============ Checking for Redirections: https://help.pornhub.com/hc/en-us/articles/4419907502611-Fan-Interaction
============ Link unchanged
========== link already checked
======== We are on link 69 of 233
========== raw link https://help.pornhub.com/hc/en-us/articles/4419865717779-Social-Media-and-Self-Promotion
============ Checking for Redirections: https://help.pornhub.com/hc/en-us/articles/4419865717779-Social-Media-and-Self-Promotion
============ Link unchanged
========== link already checked
======== We are on link 70 of 233
========== raw link https://help.pornhub.com/hc/en-us/articles/4419853219219-Referral-Program
============ Checking for Redirections: https://help.pornhub.com/hc/en-us/articles/4419853219219-Referral-Program
============ Link unchanged
========== link already checked
======== We are on link 71 of 233
========== raw link https://help.pornhub.com/hc/en-us/articles/4419860087955-How-to-Add-a-Custom-Thumbnail
============ Checking for Redirections: https://help.pornhub.com/hc/en-us/articles/4419860087955-How-to-Add-a-Custom-Thumbnail
============ Link unchanged
========== link already checked
======== We are on link 72 of 233
========== raw link https://help.pornhub.com/hc/en-us/articles/4419852644627-Make-More-Money-in-the-Model-Program-with-Auto-Exports
============ Checking for Redirections: https://help.pornhub.com/hc/en-us/articles/4419852644627-Make-More-Money-in-the-Model-Program-with-Auto-Exports
============ Link unchanged
========== link already checked
======== We are on link 73 of 233
========== raw link https://help.pornhub.com/hc/en-us/articles/4419859575315-Exclusivity-Let-Pornhub-Work-For-You
============ Checking for Redirections: https://help.pornhub.com/hc/en-us/articles/4419859575315-Exclusivity-Let-Pornhub-Work-For-You
============ Link unchanged
========== link already checked
======== We are on link 74 of 233
========== raw link https://help.pornhub.com/hc/en-us/articles/4419878848019-What-is-the-Content-Partner-Program
============ Checking for Redirections: https://help.pornhub.com/hc/en-us/articles/4419878848019-What-is-the-Content-Partner-Program
============ Link unchanged
========== link already checked
======== We are on link 75 of 233
========== raw link https://help.pornhub.com/hc/en-us/articles/4419872356243-How-do-I-join
============ Checking for Redirections: https://help.pornhub.com/hc/en-us/articles/4419872356243-How-do-I-join
============ Link unchanged
========== link already checked
======== We are on link 76 of 233
========== raw link https://help.pornhub.com/hc/en-us/articles/4419882668563-What-is-a-paysite
============ Checking for Redirections: https://help.pornhub.com/hc/en-us/articles/4419882668563-What-is-a-paysite
============ Link unchanged
========== link already checked
======== We are on link 77 of 233
========== raw link https://help.pornhub.com/hc/en-us/articles/4419869391763-What-is-an-affiliate-program
============ Checking for Redirections: https://help.pornhub.com/hc/en-us/articles/4419869391763-What-is-an-affiliate-program
============ Link unchanged
========== link already checked
======== We are on link 78 of 233
========== raw link https://help.pornhub.com/hc/en-us/articles/4419848614035-What-type-of-payment-methods-are-accepted
============ Checking for Redirections: https://help.pornhub.com/hc/en-us/articles/4419848614035-What-type-of-payment-methods-are-accepted
============ Link unchanged
========== link already checked
======== We are on link 79 of 233
========== raw link https://help.pornhub.com/hc/en-us/articles/4419855988371-What-percentage-of-Revshare-or-PPS-rate-do-we-accept
============ Checking for Redirections: https://help.pornhub.com/hc/en-us/articles/4419855988371-What-percentage-of-Revshare-or-PPS-rate-do-we-accept
============ Link unchanged
========== link already checked
======== We are on link 80 of 233
========== raw link https://help.pornhub.com/hc/en-us/articles/4419867791507-Pornhub-Playbook-Content-Partner-Guide
============ Checking for Redirections: https://help.pornhub.com/hc/en-us/articles/4419867791507-Pornhub-Playbook-Content-Partner-Guide
============ Link unchanged
========== link already checked
======== We are on link 81 of 233
========== raw link https://help.pornhub.com/hc/en-us/articles/26559518891667-What-are-Tiers
============ Checking for Redirections: https://help.pornhub.com/hc/en-us/articles/26559518891667-What-are-Tiers
============ Link unchanged
========== link already checked
======== We are on link 82 of 233
========== raw link https://help.pornhub.com/hc/en-us/articles/26559514317459-How-do-Tiers-Work
============ Checking for Redirections: https://help.pornhub.com/hc/en-us/articles/26559514317459-How-do-Tiers-Work
============ Link unchanged
========== link already checked
======== We are on link 83 of 233
========== raw link https://help.pornhub.com/hc/en-us/articles/26559864230803-What-if-I-Create-a-New-Channel-in-the-Middle-of-the-Quarter
============ Checking for Redirections: https://help.pornhub.com/hc/en-us/articles/26559864230803-What-if-I-Create-a-New-Channel-in-the-Middle-of-the-Quarter
============ Link unchanged
========== link already checked
======== We are on link 84 of 233
========== raw link https://help.pornhub.com/hc/en-us/articles/26560004103059-Can-I-do-Batch-Uploads-and-Scheduled-Releases
============ Checking for Redirections: https://help.pornhub.com/hc/en-us/articles/26560004103059-Can-I-do-Batch-Uploads-and-Scheduled-Releases
============ Link unchanged
========== link already checked
======== We are on link 85 of 233
========== raw link https://help.pornhub.com/hc/en-us/articles/26560658171539-Will-Tiers-Only-Affect-Pornhub
============ Checking for Redirections: https://help.pornhub.com/hc/en-us/articles/26560658171539-Will-Tiers-Only-Affect-Pornhub
============ Link unchanged
========== link already checked
======== We are on link 86 of 233
========== raw link https://help.pornhub.com/hc/en-us/articles/26560403362835-When-Does-the-Tiers-Program-Begin
============ Checking for Redirections: https://help.pornhub.com/hc/en-us/articles/26560403362835-When-Does-the-Tiers-Program-Begin
============ Link unchanged
========== link already checked
======== We are on link 87 of 233
========== raw link https://help.pornhub.com/hc/en-us/articles/26559644325779-How-Does-Ad-Revenue-Work
============ Checking for Redirections: https://help.pornhub.com/hc/en-us/articles/26559644325779-How-Does-Ad-Revenue-Work
============ Link unchanged
========== link already checked
======== We are on link 88 of 233
========== raw link https://help.pornhub.com/hc/en-us/articles/26559669762451-How-Will-my-Overall-Revenue-Change
============ Checking for Redirections: https://help.pornhub.com/hc/en-us/articles/26559669762451-How-Will-my-Overall-Revenue-Change
============ Link unchanged
========== link already checked
======== We are on link 89 of 233
========== raw link https://help.pornhub.com/hc/en-us/articles/26559835333011-How-Often-Will-Tiers-be-Assessed
============ Checking for Redirections: https://help.pornhub.com/hc/en-us/articles/26559835333011-How-Often-Will-Tiers-be-Assessed
============ Link unchanged
========== link already checked
======== We are on link 90 of 233
========== raw link https://help.pornhub.com/hc/en-us/articles/26559565981715-How-Can-I-Move-Up-in-Tiers
============ Checking for Redirections: https://help.pornhub.com/hc/en-us/articles/26559565981715-How-Can-I-Move-Up-in-Tiers
============ Link unchanged
========== link already checked
======== We are on link 91 of 233
========== raw link https://help.pornhub.com/hc/en-us/articles/26560406689299-How-Do-I-Remain-Active-in-the-Tiers-Program
============ Checking for Redirections: https://help.pornhub.com/hc/en-us/articles/26560406689299-How-Do-I-Remain-Active-in-the-Tiers-Program
============ Link unchanged
========== link already checked
======== We are on link 92 of 233
========== raw link https://help.pornhub.com/hc/en-us/articles/26560594072083-Can-I-Move-Content-from-a-Low-Tier-Channel-to-a-High-Tier-Channel
============ Checking for Redirections: https://help.pornhub.com/hc/en-us/articles/26560594072083-Can-I-Move-Content-from-a-Low-Tier-Channel-to-a-High-Tier-Channel
============ Link unchanged
========== link already checked
======== We are on link 93 of 233
========== raw link https://help.pornhub.com/hc/en-us/articles/26559944327443-Where-Can-I-See-my-Channel-s-Current-Tier
============ Checking for Redirections: https://help.pornhub.com/hc/en-us/articles/26559944327443-Where-Can-I-See-my-Channel-s-Current-Tier
============ Link unchanged
========== link already checked
======== We are on link 94 of 233
========== raw link https://help.pornhub.com/hc/en-us/articles/26559736075667-What-Happens-if-I-Forget-to-Upload-a-Video-Each-Quarter
============ Checking for Redirections: https://help.pornhub.com/hc/en-us/articles/26559736075667-What-Happens-if-I-Forget-to-Upload-a-Video-Each-Quarter
============ Link unchanged
========== link already checked
======== We are on link 95 of 233
========== raw link https://help.pornhub.com/hc/en-us/articles/4419872377363-Ad-dimensions-and-specs
============ Checking for Redirections: https://help.pornhub.com/hc/en-us/articles/4419872377363-Ad-dimensions-and-specs
============ Link unchanged
========== link already checked
======== We are on link 96 of 233
========== raw link https://help.pornhub.com/hc/en-us/articles/4419875853715-How-do-I-update-my-channel-header-image-and-logo
============ Checking for Redirections: https://help.pornhub.com/hc/en-us/articles/4419875853715-How-do-I-update-my-channel-header-image-and-logo
============ Link unchanged
========== link already checked
======== We are on link 97 of 233
========== raw link https://help.pornhub.com/hc/en-us/articles/4419891349651-Adding-Custom-Thumbnails
============ Checking for Redirections: https://help.pornhub.com/hc/en-us/articles/4419891349651-Adding-Custom-Thumbnails
============ Link unchanged
========== link already checked
======== We are on link 98 of 233
========== raw link https://help.pornhub.com/hc/en-us/articles/4419883637907-How-do-I-upload-videos
============ Checking for Redirections: https://help.pornhub.com/hc/en-us/articles/4419883637907-How-do-I-upload-videos
============ Link unchanged
========== link already checked
======== We are on link 99 of 233
========== raw link https://help.pornhub.com/hc/en-us/articles/4419847634579-Where-can-I-find-my-videos-stats
============ Checking for Redirections: https://help.pornhub.com/hc/en-us/articles/4419847634579-Where-can-I-find-my-videos-stats
============ Link unchanged
========== link already checked
======== We are on link 100 of 233
========== raw link https://help.pornhub.com/hc/en-us/articles/4419871577875-How-long-should-my-videos-be
============ Checking for Redirections: https://help.pornhub.com/hc/en-us/articles/4419871577875-How-long-should-my-videos-be
============ Link unchanged
========== link already checked
======== We are on link 101 of 233
========== raw link https://help.pornhub.com/hc/en-us/articles/4419869437203-Upload-Schedule-and-Frequency
============ Checking for Redirections: https://help.pornhub.com/hc/en-us/articles/4419869437203-Upload-Schedule-and-Frequency
============ Link unchanged
========== link already checked
======== We are on link 102 of 233
========== raw link https://help.pornhub.com/hc/en-us/articles/4419863257747-How-to-Format-Videos
============ Checking for Redirections: https://help.pornhub.com/hc/en-us/articles/4419863257747-How-to-Format-Videos
============ Link unchanged
========== link already checked
======== We are on link 103 of 233
========== raw link https://help.pornhub.com/hc/en-us/articles/35814069634195-What-are-Shorties
============ Checking for Redirections: https://help.pornhub.com/hc/en-us/articles/35814069634195-What-are-Shorties
============ Link unchanged
========== link already checked
======== We are on link 104 of 233
========== raw link https://help.pornhub.com/hc/en-us/articles/4419855545619-Video-Titles
============ Checking for Redirections: https://help.pornhub.com/hc/en-us/articles/4419855545619-Video-Titles
============ Link unchanged
========== link already checked
======== We are on link 105 of 233
========== raw link https://help.pornhub.com/hc/en-us/articles/4419866204819-Video-Categories
============ Checking for Redirections: https://help.pornhub.com/hc/en-us/articles/4419866204819-Video-Categories
============ Link unchanged
========== link already checked
======== We are on link 106 of 233
========== raw link https://help.pornhub.com/hc/en-us/articles/4419860542483-Video-Tags
============ Checking for Redirections: https://help.pornhub.com/hc/en-us/articles/4419860542483-Video-Tags
============ Link unchanged
========== link already checked
======== We are on link 107 of 233
========== raw link https://help.pornhub.com/hc/en-us/articles/4419853116691-Video-Thumbnails
============ Checking for Redirections: https://help.pornhub.com/hc/en-us/articles/4419853116691-Video-Thumbnails
============ Link unchanged
========== link already checked
======== We are on link 108 of 233
========== raw link https://help.pornhub.com/hc/en-us/articles/4419860032531-Video-watermark
============ Checking for Redirections: https://help.pornhub.com/hc/en-us/articles/4419860032531-Video-watermark
============ Link unchanged
========== link already checked
======== We are on link 109 of 233
========== raw link https://help.pornhub.com/hc/en-us/articles/4419848014227-Can-I-delete-my-videos
============ Checking for Redirections: https://help.pornhub.com/hc/en-us/articles/4419848014227-Can-I-delete-my-videos
============ Link unchanged
========== link already checked
======== We are on link 110 of 233
========== raw link https://help.pornhub.com/hc/en-us/articles/4419859542419-Video-Specs
============ Checking for Redirections: https://help.pornhub.com/hc/en-us/articles/4419859542419-Video-Specs
============ Link unchanged
========== link already checked
======== We are on link 111 of 233
========== raw link https://help.pornhub.com/hc/en-us/articles/4419891330195-What-is-the-Viewshare-program
============ Checking for Redirections: https://help.pornhub.com/hc/en-us/articles/4419891330195-What-is-the-Viewshare-program
============ Link unchanged
========== link already checked
======== We are on link 112 of 233
========== raw link https://help.pornhub.com/hc/en-us/articles/4419871753107-How-do-I-upload-full-length-scenes-to-Premium
============ Checking for Redirections: https://help.pornhub.com/hc/en-us/articles/4419871753107-How-do-I-upload-full-length-scenes-to-Premium
============ Link unchanged
========== link already checked
======== We are on link 113 of 233
========== raw link https://help.pornhub.com/hc/en-us/articles/4419869498131-Where-can-I-see-my-Viewshare-earnings
============ Checking for Redirections: https://help.pornhub.com/hc/en-us/articles/4419869498131-Where-can-I-see-my-Viewshare-earnings
============ Link unchanged
========== link already checked
======== We are on link 114 of 233
========== raw link https://help.pornhub.com/hc/en-us/articles/4419863232403-Why-are-this-months-earnings-an-estimate
============ Checking for Redirections: https://help.pornhub.com/hc/en-us/articles/4419863232403-Why-are-this-months-earnings-an-estimate
============ Link unchanged
========== link already checked
======== We are on link 115 of 233
========== raw link https://help.pornhub.com/hc/en-us/articles/4419855431699-How-can-I-view-my-own-premium-videos
============ Checking for Redirections: https://help.pornhub.com/hc/en-us/articles/4419855431699-How-can-I-view-my-own-premium-videos
============ Link unchanged
========== link already checked
======== We are on link 116 of 233
========== raw link https://help.pornhub.com/hc/en-us/articles/4419839721875-What-sort-of-content-is-not-allowed-on-the-site
============ Checking for Redirections: https://help.pornhub.com/hc/en-us/articles/4419839721875-What-sort-of-content-is-not-allowed-on-the-site
============ Link unchanged
========== link already checked
======== We are on link 117 of 233
========== raw link https://help.pornhub.com/hc/en-us/articles/4419882855571-What-does-it-mean-if-my-content-was-removed-for-DMCA
============ Checking for Redirections: https://help.pornhub.com/hc/en-us/articles/4419882855571-What-does-it-mean-if-my-content-was-removed-for-DMCA
============ Link unchanged
========== link already checked
======== We are on link 118 of 233
========== raw link https://help.pornhub.com/hc/en-us/articles/4419869469459-Filing-a-DMCA-Notice-of-Copyright-Infringement
============ Checking for Redirections: https://help.pornhub.com/hc/en-us/articles/4419869469459-Filing-a-DMCA-Notice-of-Copyright-Infringement
============ Link unchanged
========== link already checked
======== We are on link 119 of 233
========== raw link https://help.pornhub.com/hc/en-us/articles/4419868442643-DMCA-counter-notification-instructions
============ Checking for Redirections: https://help.pornhub.com/hc/en-us/articles/4419868442643-DMCA-counter-notification-instructions
============ Link unchanged
========== link already checked
======== We are on link 120 of 233
========== raw link https://help.pornhub.com/hc/en-us/articles/4419854363411-Do-I-have-to-send-in-2257s
============ Checking for Redirections: https://help.pornhub.com/hc/en-us/articles/4419854363411-Do-I-have-to-send-in-2257s
============ Link unchanged
========== link already checked
======== We are on link 121 of 233
========== raw link https://help.pornhub.com/hc/en-us/articles/31846202423059-What-is-Pornhub-org
============ Checking for Redirections: https://help.pornhub.com/hc/en-us/articles/31846202423059-What-is-Pornhub-org
============ Link unchanged
========== link already checked
======== We are on link 122 of 233
========== raw link https://help.pornhub.com/hc/en-us/articles/27608180788755-Tiers-Monetization-Program
============ Checking for Redirections: https://help.pornhub.com/hc/en-us/articles/27608180788755-Tiers-Monetization-Program
============ Link unchanged
========== link already checked
======== We are on link 123 of 233
========== raw link https://help.pornhub.com/hc/en-us/articles/20404403877651-Why-are-some-videos-not-playing-on-Pornhub
============ Checking for Redirections: https://help.pornhub.com/hc/en-us/articles/20404403877651-Why-are-some-videos-not-playing-on-Pornhub
============ Link unchanged
========== link already checked
======== We are on link 124 of 233
========== raw link https://help.pornhub.com/hc/en-us/articles/19866717326867-Is-Pornhub-Safe
============ Checking for Redirections: https://help.pornhub.com/hc/en-us/articles/19866717326867-Is-Pornhub-Safe
============ Link unchanged
========== link already checked
======== We are on link 125 of 233
========== raw link https://help.pornhub.com/hc/en-us/articles/6954469475347-How-can-I-watch-Pornhub-on-my-TV
============ Checking for Redirections: https://help.pornhub.com/hc/en-us/articles/6954469475347-How-can-I-watch-Pornhub-on-my-TV
============ Link unchanged
========== link already checked
======== We are on link 126 of 233
========== raw link https://help.pornhub.com/hc/en-us/articles/4419885457555-How-do-I-switch-back-to-mobile-view
============ Checking for Redirections: https://help.pornhub.com/hc/en-us/articles/4419885457555-How-do-I-switch-back-to-mobile-view
============ Link unchanged
========== link already checked
======== We are on link 127 of 233
========== raw link https://help.pornhub.com/hc/en-us/articles/4419852306707-Someone-uploaded-a-photo-or-video-of-me-without-my-consent-please-remove-it
============ Checking for Redirections: https://help.pornhub.com/hc/en-us/articles/4419852306707-Someone-uploaded-a-photo-or-video-of-me-without-my-consent-please-remove-it
============ Link unchanged
========== link already checked
======== We are on link 128 of 233
========== raw link https://help.pornhub.com/hc/en-us/articles/4419852136979-How-do-I-make-sure-a-video-of-me-or-my-content-never-gets-uploaded-to-Pornhub
============ Checking for Redirections: https://help.pornhub.com/hc/en-us/articles/4419852136979-How-do-I-make-sure-a-video-of-me-or-my-content-never-gets-uploaded-to-Pornhub
============ Link unchanged
========== link already checked
======== We are on link 129 of 233
========== raw link https://help.pornhub.com/hc/en-us/articles/4419871999251-How-do-I-watch-a-private-video
============ Checking for Redirections: https://help.pornhub.com/hc/en-us/articles/4419871999251-How-do-I-watch-a-private-video
============ Link unchanged
========== link already checked
======== We are on link 130 of 233
========== raw link https://help.pornhub.com/hc/en-us/articles/4419873971859-How-do-I-change-the-language
============ Checking for Redirections: https://help.pornhub.com/hc/en-us/articles/4419873971859-How-do-I-change-the-language
============ Link unchanged
========== link already checked
======== We are on link 131 of 233
========== raw link https://help.pornhub.com/hc/en-us/articles/4419868064147-How-do-I-get-in-touch-with-you-if-something-goes-wrong
============ Checking for Redirections: https://help.pornhub.com/hc/en-us/articles/4419868064147-How-do-I-get-in-touch-with-you-if-something-goes-wrong
============ Link unchanged
========== link already checked
======== We are on link 132 of 233
========== raw link https://help.pornhub.com/hc/en-us/articles/4419854220435-I-have-a-great-idea-for-your-site-how-can-I-tell-you
============ Checking for Redirections: https://help.pornhub.com/hc/en-us/articles/4419854220435-I-have-a-great-idea-for-your-site-how-can-I-tell-you
============ Link unchanged
========== link already checked
======== We are on link 133 of 233
========== raw link https://help.pornhub.com/hc/en-us/articles/4419860680979-Can-you-find-this-video-insert-name-here-it-has-been-deleted
============ Checking for Redirections: https://help.pornhub.com/hc/en-us/articles/4419860680979-Can-you-find-this-video-insert-name-here-it-has-been-deleted
============ Link unchanged
========== link already checked
======== We are on link 134 of 233
========== raw link https://help.pornhub.com/hc/en-us/articles/4419853296915-I-want-to-make-money-on-Pornhub-how-do-I-do-it
============ Checking for Redirections: https://help.pornhub.com/hc/en-us/articles/4419853296915-I-want-to-make-money-on-Pornhub-how-do-I-do-it
============ Link unchanged
========== link already checked
======== We are on link 135 of 233
========== raw link https://help.pornhub.com/hc/en-us/articles/4419853032595-How-much-does-it-cost-to-become-a-member
============ Checking for Redirections: https://help.pornhub.com/hc/en-us/articles/4419853032595-How-much-does-it-cost-to-become-a-member
============ Link unchanged
========== link already checked
======== We are on link 136 of 233
========== raw link https://help.pornhub.com/hc/en-us/articles/4419859913875-I-see-that-you-have-a-porn-community-Why-should-I-become-a-member-of-Pornhub
============ Checking for Redirections: https://help.pornhub.com/hc/en-us/articles/4419859913875-I-see-that-you-have-a-porn-community-Why-should-I-become-a-member-of-Pornhub
============ Link unchanged
========== link already checked
======== We are on link 137 of 233
========== raw link https://help.pornhub.com/hc/en-us/articles/4419859654035-How-do-I-cancel-my-Premium-Membership
============ Checking for Redirections: https://help.pornhub.com/hc/en-us/articles/4419859654035-How-do-I-cancel-my-Premium-Membership
============ Link unchanged
========== link already checked
======== We are on link 138 of 233
========== raw link https://help.pornhub.com/hc/en-us/articles/4419873610643-Can-I-cancel-anytime
============ Checking for Redirections: https://help.pornhub.com/hc/en-us/articles/4419873610643-Can-I-cancel-anytime
============ Link unchanged
========== link already checked
======== We are on link 139 of 233
========== raw link https://help.pornhub.com/hc/en-us/articles/4419884685459-What-features-do-I-get
============ Checking for Redirections: https://help.pornhub.com/hc/en-us/articles/4419884685459-What-features-do-I-get
============ Link unchanged
========== link already checked
======== We are on link 140 of 233
========== raw link https://help.pornhub.com/hc/en-us/articles/4419877651987-Who-are-your-content-partners
============ Checking for Redirections: https://help.pornhub.com/hc/en-us/articles/4419877651987-Who-are-your-content-partners
============ Link unchanged
========== link already checked
======== We are on link 141 of 233
========== raw link https://help.pornhub.com/hc/en-us/articles/4419877632787-How-much-is-it
============ Checking for Redirections: https://help.pornhub.com/hc/en-us/articles/4419877632787-How-much-is-it
============ Link unchanged
========== link already checked
======== We are on link 142 of 233
========== raw link https://help.pornhub.com/hc/en-us/articles/4419884534675-How-can-I-contact-support-to-cancel-or-for-help-with-my-account
============ Checking for Redirections: https://help.pornhub.com/hc/en-us/articles/4419884534675-How-can-I-contact-support-to-cancel-or-for-help-with-my-account
============ Link unchanged
========== link already checked
======== We are on link 143 of 233
========== raw link https://help.pornhub.com/hc/en-us/articles/4419884512147-Is-it-secure-and-discreet
============ Checking for Redirections: https://help.pornhub.com/hc/en-us/articles/4419884512147-Is-it-secure-and-discreet
============ Link unchanged
========== link already checked
======== We are on link 144 of 233
========== raw link https://help.pornhub.com/hc/en-us/articles/4419873379731-What-is-Pornhub-Premium
============ Checking for Redirections: https://help.pornhub.com/hc/en-us/articles/4419873379731-What-is-Pornhub-Premium
============ Link unchanged
========== link already checked
======== We are on link 145 of 233
========== raw link https://help.pornhub.com/hc/en-us/articles/4419884438675-Can-I-download-videos
============ Checking for Redirections: https://help.pornhub.com/hc/en-us/articles/4419884438675-Can-I-download-videos
============ Link unchanged
========== link already checked
======== We are on link 146 of 233
========== raw link https://help.pornhub.com/hc/en-us/articles/4419877504275-Is-there-gay-premium-content
============ Checking for Redirections: https://help.pornhub.com/hc/en-us/articles/4419877504275-Is-there-gay-premium-content
============ Link unchanged
========== link already checked
======== We are on link 147 of 233
========== raw link https://help.pornhub.com/hc/en-us/articles/4419878586515-How-do-I-become-a-translator
============ Checking for Redirections: https://help.pornhub.com/hc/en-us/articles/4419878586515-How-do-I-become-a-translator
============ Link unchanged
========== link already checked
======== We are on link 148 of 233
========== raw link https://help.pornhub.com/hc/en-us/articles/4419878556947-Why-can-t-I-see-my-friend-s-private-videos
============ Checking for Redirections: https://help.pornhub.com/hc/en-us/articles/4419878556947-Why-can-t-I-see-my-friend-s-private-videos
============ Link unchanged
========== link already checked
======== We are on link 149 of 233
========== raw link https://help.pornhub.com/hc/en-us/articles/4419891001875-What-is-the-difference-between-subscribers-and-friends
============ Checking for Redirections: https://help.pornhub.com/hc/en-us/articles/4419891001875-What-is-the-difference-between-subscribers-and-friends
============ Link unchanged
========== link already checked
======== We are on link 150 of 233
========== raw link https://help.pornhub.com/hc/en-us/articles/4419885333395-Is-there-a-limit-to-adding-friends
============ Checking for Redirections: https://help.pornhub.com/hc/en-us/articles/4419885333395-Is-there-a-limit-to-adding-friends
============ Link unchanged
========== link already checked
======== We are on link 151 of 233
========== raw link https://help.pornhub.com/hc/en-us/articles/4419890948115-How-do-I-send-a-private-message
============ Checking for Redirections: https://help.pornhub.com/hc/en-us/articles/4419890948115-How-do-I-send-a-private-message
============ Link unchanged
========== link already checked
======== We are on link 152 of 233
========== raw link https://help.pornhub.com/hc/en-us/articles/4419890926355-How-do-I-tag-a-user
============ Checking for Redirections: https://help.pornhub.com/hc/en-us/articles/4419890926355-How-do-I-tag-a-user
============ Link unchanged
========== link already checked
======== We are on link 153 of 233
========== raw link https://help.pornhub.com/hc/en-us/articles/4419878378259-How-do-I-remove-my-watched-videos
============ Checking for Redirections: https://help.pornhub.com/hc/en-us/articles/4419878378259-How-do-I-remove-my-watched-videos
============ Link unchanged
========== link already checked
======== We are on link 154 of 233
========== raw link https://help.pornhub.com/hc/en-us/articles/4419890885395-How-do-I-make-a-Gif
============ Checking for Redirections: https://help.pornhub.com/hc/en-us/articles/4419890885395-How-do-I-make-a-Gif
============ Link unchanged
========== link already checked
======== We are on link 155 of 233
========== raw link https://help.pornhub.com/hc/en-us/articles/4419890835859-How-do-I-edit-my-profile-about-me
============ Checking for Redirections: https://help.pornhub.com/hc/en-us/articles/4419890835859-How-do-I-edit-my-profile-about-me
============ Link unchanged
========== link already checked
======== We are on link 156 of 233
========== raw link https://help.pornhub.com/hc/en-us/articles/4419885130131-How-do-I-edit-my-video
============ Checking for Redirections: https://help.pornhub.com/hc/en-us/articles/4419885130131-How-do-I-edit-my-video
============ Link unchanged
========== link already checked
======== We are on link 157 of 233
========== raw link https://help.pornhub.com/hc/en-us/articles/4419885104787-How-do-I-edit-my-photo-album
============ Checking for Redirections: https://help.pornhub.com/hc/en-us/articles/4419885104787-How-do-I-edit-my-photo-album
============ Link unchanged
========== link already checked
======== We are on link 158 of 233
========== raw link https://help.pornhub.com/hc/en-us/articles/4419890748563-How-do-I-delete-a-photo-album
============ Checking for Redirections: https://help.pornhub.com/hc/en-us/articles/4419890748563-How-do-I-delete-a-photo-album
============ Link unchanged
========== link already checked
======== We are on link 159 of 233
========== raw link https://help.pornhub.com/hc/en-us/articles/4419885030547-How-do-I-change-my-avatar-cover-photo
============ Checking for Redirections: https://help.pornhub.com/hc/en-us/articles/4419885030547-How-do-I-change-my-avatar-cover-photo
============ Link unchanged
========== link already checked
======== We are on link 160 of 233
========== raw link https://help.pornhub.com/hc/en-us/articles/4419884998035-How-do-I-block-unblock-a-user
============ Checking for Redirections: https://help.pornhub.com/hc/en-us/articles/4419884998035-How-do-I-block-unblock-a-user
============ Link unchanged
========== link already checked
======== We are on link 161 of 233
========== raw link https://help.pornhub.com/hc/en-us/articles/4419884973971-How-do-I-add-friends
============ Checking for Redirections: https://help.pornhub.com/hc/en-us/articles/4419884973971-How-do-I-add-friends
============ Link unchanged
========== link already checked
======== We are on link 162 of 233
========== raw link https://help.pornhub.com/hc/en-us/articles/4419890616083-How-do-I-get-more-views
============ Checking for Redirections: https://help.pornhub.com/hc/en-us/articles/4419890616083-How-do-I-get-more-views
============ Link unchanged
========== link already checked
======== We are on link 163 of 233
========== raw link https://help.pornhub.com/hc/en-us/articles/4419878027411-How-do-I-get-my-video-featured
============ Checking for Redirections: https://help.pornhub.com/hc/en-us/articles/4419878027411-How-do-I-get-my-video-featured
============ Link unchanged
========== link already checked
======== We are on link 164 of 233
========== raw link https://help.pornhub.com/hc/en-us/articles/4419890517523-Can-I-restore-my-deleted-account
============ Checking for Redirections: https://help.pornhub.com/hc/en-us/articles/4419890517523-Can-I-restore-my-deleted-account
============ Link unchanged
========== link already checked
======== We are on link 165 of 233
========== raw link https://help.pornhub.com/hc/en-us/articles/4419877936915-How-do-I-change-my-gender
============ Checking for Redirections: https://help.pornhub.com/hc/en-us/articles/4419877936915-How-do-I-change-my-gender
============ Link unchanged
========== link already checked
======== We are on link 166 of 233
========== raw link https://help.pornhub.com/hc/en-us/articles/4419884818963-How-do-I-change-my-email
============ Checking for Redirections: https://help.pornhub.com/hc/en-us/articles/4419884818963-How-do-I-change-my-email
============ Link unchanged
========== link already checked
======== We are on link 167 of 233
========== raw link https://help.pornhub.com/hc/en-us/articles/4419877879571-How-do-I-change-my-username
============ Checking for Redirections: https://help.pornhub.com/hc/en-us/articles/4419877879571-How-do-I-change-my-username
============ Link unchanged
========== link already checked
======== We are on link 168 of 233
========== raw link https://help.pornhub.com/hc/en-us/articles/4419873638547-How-do-I-change-my-password
============ Checking for Redirections: https://help.pornhub.com/hc/en-us/articles/4419873638547-How-do-I-change-my-password
============ Link unchanged
========== link already checked
======== We are on link 169 of 233
========== raw link https://help.pornhub.com/hc/en-us/articles/4419877525523-What-is-a-stream
============ Checking for Redirections: https://help.pornhub.com/hc/en-us/articles/4419877525523-What-is-a-stream
============ Link unchanged
========== link already checked
======== We are on link 170 of 233
========== raw link https://help.pornhub.com/hc/en-us/articles/4419877487635-How-do-I-delete-my-account
============ Checking for Redirections: https://help.pornhub.com/hc/en-us/articles/4419877487635-How-do-I-delete-my-account
============ Link unchanged
========== link already checked
======== We are on link 171 of 233
========== raw link https://help.pornhub.com/hc/en-us/articles/4419873225747-I-forgot-my-username-password-how-can-I-get-them-back
============ Checking for Redirections: https://help.pornhub.com/hc/en-us/articles/4419873225747-I-forgot-my-username-password-how-can-I-get-them-back
============ Link unchanged
========== link already checked
======== We are on link 172 of 233
========== raw link https://help.pornhub.com/hc/en-us/articles/4419873200147-What-is-my-feed
============ Checking for Redirections: https://help.pornhub.com/hc/en-us/articles/4419873200147-What-is-my-feed
============ Link unchanged
========== link already checked
======== We are on link 173 of 233
========== raw link https://help.pornhub.com/hc/en-us/articles/4419873168275-How-do-I-post-to-my-stream-or-someone-else-s
============ Checking for Redirections: https://help.pornhub.com/hc/en-us/articles/4419873168275-How-do-I-post-to-my-stream-or-someone-else-s
============ Link unchanged
========== link already checked
======== We are on link 174 of 233
========== raw link https://help.pornhub.com/hc/en-us/articles/4419873119635-How-do-I-make-a-playlist-Private
============ Checking for Redirections: https://help.pornhub.com/hc/en-us/articles/4419873119635-How-do-I-make-a-playlist-Private
============ Link unchanged
========== link already checked
======== We are on link 175 of 233
========== raw link https://help.pornhub.com/hc/en-us/articles/4419884181139-How-do-I-create-a-new-playlist
============ Checking for Redirections: https://help.pornhub.com/hc/en-us/articles/4419884181139-How-do-I-create-a-new-playlist
============ Link unchanged
========== link already checked
======== We are on link 176 of 233
========== raw link https://help.pornhub.com/hc/en-us/articles/4419877271571-What-are-Favorites
============ Checking for Redirections: https://help.pornhub.com/hc/en-us/articles/4419877271571-What-are-Favorites
============ Link unchanged
========== link already checked
======== We are on link 177 of 233
========== raw link https://help.pornhub.com/hc/en-us/articles/4419873015443-What-are-Playlists
============ Checking for Redirections: https://help.pornhub.com/hc/en-us/articles/4419873015443-What-are-Playlists
============ Link unchanged
========== link already checked
======== We are on link 178 of 233
========== raw link https://help.pornhub.com/hc/en-us/articles/4419884062867-How-do-I-prevent-someone-from-subscribing-to-me
============ Checking for Redirections: https://help.pornhub.com/hc/en-us/articles/4419884062867-How-do-I-prevent-someone-from-subscribing-to-me
============ Link unchanged
========== link already checked
======== We are on link 179 of 233
========== raw link https://help.pornhub.com/hc/en-us/articles/4419872932627-How-do-I-unsubscribe-to-someone
============ Checking for Redirections: https://help.pornhub.com/hc/en-us/articles/4419872932627-How-do-I-unsubscribe-to-someone
============ Link unchanged
========== link already checked
======== We are on link 180 of 233
========== raw link https://help.pornhub.com/hc/en-us/articles/4419872830483-How-do-I-remove-myself-from-the-mailing-list
============ Checking for Redirections: https://help.pornhub.com/hc/en-us/articles/4419872830483-How-do-I-remove-myself-from-the-mailing-list
============ Link unchanged
========== link already checked
======== We are on link 181 of 233
========== raw link https://help.pornhub.com/hc/en-us/articles/4419883930899-How-do-I-delete-a-video
============ Checking for Redirections: https://help.pornhub.com/hc/en-us/articles/4419883930899-How-do-I-delete-a-video
============ Link unchanged
========== link already checked
======== We are on link 182 of 233
========== raw link https://help.pornhub.com/hc/en-us/articles/4419877067923-Why-should-I-get-my-account-verified
============ Checking for Redirections: https://help.pornhub.com/hc/en-us/articles/4419877067923-Why-should-I-get-my-account-verified
============ Link unchanged
========== link already checked
======== We are on link 183 of 233
========== raw link https://help.pornhub.com/hc/en-us/articles/4419883865875-How-do-I-change-the-privacy-settings-on-my-video
============ Checking for Redirections: https://help.pornhub.com/hc/en-us/articles/4419883865875-How-do-I-change-the-privacy-settings-on-my-video
============ Link unchanged
========== link already checked
======== We are on link 184 of 233
========== raw link https://help.pornhub.com/hc/en-us/articles/4419877008787-How-do-I-see-another-member-s-profile
============ Checking for Redirections: https://help.pornhub.com/hc/en-us/articles/4419877008787-How-do-I-see-another-member-s-profile
============ Link unchanged
========== link already checked
======== We are on link 185 of 233
========== raw link https://help.pornhub.com/hc/en-us/articles/4419872662163-How-do-I-upload-videos-photos-to-Pornhub
============ Checking for Redirections: https://help.pornhub.com/hc/en-us/articles/4419872662163-How-do-I-upload-videos-photos-to-Pornhub
============ Link unchanged
========== link already checked
======== We are on link 186 of 233
========== raw link https://help.pornhub.com/hc/en-us/articles/4419876961811-What-kinds-of-videos-are-unacceptable
============ Checking for Redirections: https://help.pornhub.com/hc/en-us/articles/4419876961811-What-kinds-of-videos-are-unacceptable
============ Link unchanged
========== link already checked
======== We are on link 187 of 233
========== raw link https://help.pornhub.com/hc/en-us/articles/4419876927123-What-are-tags
============ Checking for Redirections: https://help.pornhub.com/hc/en-us/articles/4419876927123-What-are-tags
============ Link unchanged
========== link already checked
======== We are on link 188 of 233
========== raw link https://help.pornhub.com/hc/en-us/articles/4419891126931-Can-I-embed-Pornhub-videos-on-my-site-for-free
============ Checking for Redirections: https://help.pornhub.com/hc/en-us/articles/4419891126931-Can-I-embed-Pornhub-videos-on-my-site-for-free
============ Link unchanged
========== link already checked
======== We are on link 189 of 233
========== raw link https://help.pornhub.com/hc/en-us/articles/4419891113491-I-am-a-content-producer-how-can-I-make-money-on-Pornhub
============ Checking for Redirections: https://help.pornhub.com/hc/en-us/articles/4419891113491-I-am-a-content-producer-how-can-I-make-money-on-Pornhub
============ Link unchanged
========== link already checked
======== We are on link 190 of 233
========== raw link https://help.pornhub.com/hc/en-us/articles/4419878618003-I-would-like-to-advertise-on-Pornhub
============ Checking for Redirections: https://help.pornhub.com/hc/en-us/articles/4419878618003-I-would-like-to-advertise-on-Pornhub
============ Link unchanged
========== link already checked
======== We are on link 191 of 233
========== raw link https://help.pornhub.com/hc/en-us/articles/34927506861843-Verification-Upload-and-Content-Moderation-Process
============ Checking for Redirections: https://help.pornhub.com/hc/en-us/articles/34927506861843-Verification-Upload-and-Content-Moderation-Process
============ Link unchanged
========== link already checked
======== We are on link 192 of 233
========== raw link https://help.pornhub.com/hc/en-us/articles/19159382668435-Trust-and-Safety-Initiatives
============ Checking for Redirections: https://help.pornhub.com/hc/en-us/articles/19159382668435-Trust-and-Safety-Initiatives
============ Link unchanged
========== link already checked
======== We are on link 193 of 233
========== raw link https://help.pornhub.com/hc/en-us/articles/4419872596115-About-The-Community
============ Checking for Redirections: https://help.pornhub.com/hc/en-us/articles/4419872596115-About-The-Community
============ Link unchanged
========== link already checked
======== We are on link 194 of 233
========== raw link https://help.pornhub.com/hc/en-us/articles/4419871944723-Core-Values
============ Checking for Redirections: https://help.pornhub.com/hc/en-us/articles/4419871944723-Core-Values
============ Link unchanged
========== link already checked
======== We are on link 195 of 233
========== raw link https://help.pornhub.com/hc/en-us/articles/4419869864211-Accessibility
============ Checking for Redirections: https://help.pornhub.com/hc/en-us/articles/4419869864211-Accessibility
============ Link unchanged
========== link already checked
======== We are on link 196 of 233
========== raw link https://help.pornhub.com/hc/en-us/articles/6017547823763-Pornhub-Literacy
============ Checking for Redirections: https://help.pornhub.com/hc/en-us/articles/6017547823763-Pornhub-Literacy
============ Link unchanged
========== link already checked
======== We are on link 197 of 233
========== raw link https://help.pornhub.com/hc/en-us/articles/4419892571155-View-Fraud
============ Checking for Redirections: https://help.pornhub.com/hc/en-us/articles/4419892571155-View-Fraud
============ Link unchanged
========== link already checked
======== We are on link 198 of 233
========== raw link https://help.pornhub.com/hc/en-us/articles/27367068631315-Translated-Articles
============ Checking for Redirections: https://help.pornhub.com/hc/en-us/articles/27367068631315-Translated-Articles
============ Link unchanged
========== link already checked
======== We are on link 199 of 233
========== raw link https://help.pornhub.com/hc/en-us/articles/4419900587155-Community-Guidelines
============ Checking for Redirections: https://help.pornhub.com/hc/en-us/articles/4419900587155-Community-Guidelines
============ Link unchanged
========== link already checked
======== We are on link 200 of 233
========== raw link https://help.pornhub.com/hc/en-us/articles/4419869793683-Child-Sexual-Abuse-Material-Policy
============ Checking for Redirections: https://help.pornhub.com/hc/en-us/articles/4419869793683-Child-Sexual-Abuse-Material-Policy
============ Link unchanged
========== link already checked
======== We are on link 201 of 233
========== raw link https://help.pornhub.com/hc/en-us/articles/4419871787027-Non-Consensual-Content-Policy
============ Checking for Redirections: https://help.pornhub.com/hc/en-us/articles/4419871787027-Non-Consensual-Content-Policy
============ Link unchanged
========== link already checked
======== We are on link 202 of 233
========== raw link https://help.pornhub.com/hc/en-us/articles/14512634908819-Hate-Speech-Policy
============ Checking for Redirections: https://help.pornhub.com/hc/en-us/articles/14512634908819-Hate-Speech-Policy
============ Link unchanged
========== link already checked
======== We are on link 203 of 233
========== raw link https://help.pornhub.com/hc/en-us/articles/7906741373971-Animal-Welfare-Policy
============ Checking for Redirections: https://help.pornhub.com/hc/en-us/articles/7906741373971-Animal-Welfare-Policy
============ Link unchanged
========== link already checked
======== We are on link 204 of 233
========== raw link https://help.pornhub.com/hc/en-us/articles/4419863430291-Violent-Content-Policy
============ Checking for Redirections: https://help.pornhub.com/hc/en-us/articles/4419863430291-Violent-Content-Policy
============ Link unchanged
========== link already checked
======== We are on link 205 of 233
========== raw link https://help.pornhub.com/hc/en-us/articles/4419861225107-Copyright
============ Checking for Redirections: https://help.pornhub.com/hc/en-us/articles/4419861225107-Copyright
============ Link unchanged
========== link already checked
======== We are on link 206 of 233
========== raw link https://help.pornhub.com/hc/en-us/articles/36113072849171-Australian-eSafety
============ Checking for Redirections: https://help.pornhub.com/hc/en-us/articles/36113072849171-Australian-eSafety
============ Link unchanged
========== link already checked
======== We are on link 207 of 233
========== raw link https://help.pornhub.com/hc/en-us/articles/4419879221907-Pornhub-Trusted-Flagger-Program
============ Checking for Redirections: https://help.pornhub.com/hc/en-us/articles/4419879221907-Pornhub-Trusted-Flagger-Program
============ Link unchanged
========== link already checked
======== We are on link 208 of 233
========== raw link https://help.pornhub.com/hc/en-us/articles/4419875025043-Report-Harmful-Content
============ Checking for Redirections: https://help.pornhub.com/hc/en-us/articles/4419875025043-Report-Harmful-Content
============ Link unchanged
========== link already checked
======== We are on link 209 of 233
========== raw link https://help.pornhub.com/hc/en-us/articles/4419868912787-Content-Removal-Request-Form
============ Checking for Redirections: https://help.pornhub.com/hc/en-us/articles/4419868912787-Content-Removal-Request-Form
============ Link unchanged
========== link already checked
======== We are on link 210 of 233
========== raw link https://help.pornhub.com/hc/en-us/articles/4419855809171-Copyright-Removal-Requests
============ Checking for Redirections: https://help.pornhub.com/hc/en-us/articles/4419855809171-Copyright-Removal-Requests
============ Link unchanged
========== link already checked
======== We are on link 211 of 233
========== raw link https://help.pornhub.com/hc/en-us/articles/4419866547475-Feedback-General-Inquiries-and-Technical-Support
============ Checking for Redirections: https://help.pornhub.com/hc/en-us/articles/4419866547475-Feedback-General-Inquiries-and-Technical-Support
============ Link unchanged
========== link already checked
======== We are on link 212 of 233
========== raw link https://help.pornhub.com/hc/en-us/articles/38929180749587-DSA-Transparency-report-February-2025
============ Checking for Redirections: https://help.pornhub.com/hc/en-us/articles/38929180749587-DSA-Transparency-report-February-2025
============ Link unchanged
========== link already checked
======== We are on link 213 of 233
========== raw link https://help.pornhub.com/hc/en-us/articles/38743689517715-2024-Transparency-Report-Second-Half
============ Checking for Redirections: https://help.pornhub.com/hc/en-us/articles/38743689517715-2024-Transparency-Report-Second-Half
============ Link unchanged
========== link already checked
======== We are on link 214 of 233
========== raw link https://help.pornhub.com/hc/en-us/articles/33098088051475-2024-Transparency-Report-First-Half
============ Checking for Redirections: https://help.pornhub.com/hc/en-us/articles/33098088051475-2024-Transparency-Report-First-Half
============ Link unchanged
========== link already checked
======== We are on link 215 of 233
========== raw link https://help.pornhub.com/hc/en-us/articles/32596021061267-EU-DSA-Transparency-Report-August-2024
============ Checking for Redirections: https://help.pornhub.com/hc/en-us/articles/32596021061267-EU-DSA-Transparency-Report-August-2024
============ Link unchanged
========== link already checked
======== We are on link 216 of 233
========== raw link https://help.pornhub.com/hc/en-us/articles/27610703413267-2023-Transparency-Report-Second-Half
============ Checking for Redirections: https://help.pornhub.com/hc/en-us/articles/27610703413267-2023-Transparency-Report-Second-Half
============ Link unchanged
========== link already checked
======== We are on link 217 of 233
========== raw link https://help.pornhub.com/hc/en-us/articles/19464887586579-2023-Transparency-Report-First-Half
============ Checking for Redirections: https://help.pornhub.com/hc/en-us/articles/19464887586579-2023-Transparency-Report-First-Half
============ Link unchanged
========== link already checked
======== We are on link 218 of 233
========== raw link https://help.pornhub.com/hc/en-us/articles/14666334117267-2022-Transparency-Report
============ Checking for Redirections: https://help.pornhub.com/hc/en-us/articles/14666334117267-2022-Transparency-Report
============ Link unchanged
========== link already checked
======== We are on link 219 of 233
========== raw link https://help.pornhub.com/hc/en-us/articles/5357457259155-2021-Transparency-Report
============ Checking for Redirections: https://help.pornhub.com/hc/en-us/articles/5357457259155-2021-Transparency-Report
============ Link unchanged
========== link already checked
======== We are on link 220 of 233
========== raw link https://help.pornhub.com/hc/en-us/articles/4419860718483-2020-Transparency-Report
============ Checking for Redirections: https://help.pornhub.com/hc/en-us/articles/4419860718483-2020-Transparency-Report
============ Link unchanged
========== link already checked
======== We are on link 221 of 233
========== raw link https://help.pornhub.com/hc/en-us/articles/4419883155347-Sexual-Wellness-Center
============ Checking for Redirections: https://help.pornhub.com/hc/en-us/articles/4419883155347-Sexual-Wellness-Center
============ Link unchanged
========== link already checked
======== We are on link 222 of 233
========== raw link https://help.pornhub.com/hc/en-us/articles/4419874097683-Mental-Health
============ Checking for Redirections: https://help.pornhub.com/hc/en-us/articles/4419874097683-Mental-Health
============ Link unchanged
========== link already checked
======== We are on link 223 of 233
========== raw link https://help.pornhub.com/hc/en-us/articles/4419885579795-Parental-Controls
============ Checking for Redirections: https://help.pornhub.com/hc/en-us/articles/4419885579795-Parental-Controls
============ Link unchanged
========== link already checked
======== We are on link 224 of 233
========== raw link https://help.pornhub.com/hc/en-us/articles/4419878696211-Notice-To-Our-Users
============ Checking for Redirections: https://help.pornhub.com/hc/en-us/articles/4419878696211-Notice-To-Our-Users
============ Link unchanged
========== link already checked
======== We are on link 225 of 233
========== raw link https://help.pornhub.com/hc/en-us/articles/4419883182867-Notice-To-Law-Enforcement
============ Checking for Redirections: https://help.pornhub.com/hc/en-us/articles/4419883182867-Notice-To-Law-Enforcement
============ Link unchanged
========== link already checked
======== We are on link 226 of 233
========== raw link #
========== dropped link (either fragment ("#"), js, mailto, comment, pdf, or empty)
======== We are on link 227 of 233
========== raw link https://help.pornhub.com/hc/en-us/articles/4419900587155-Community-Guidelines
============ Checking for Redirections: https://help.pornhub.com/hc/en-us/articles/4419900587155-Community-Guidelines
============ Link unchanged
========== link already checked
======== We are on link 228 of 233
========== raw link https://www.pornhub.com/information/terms
============ Checking for Redirections: https://www.pornhub.com/information/terms
============ Link unchanged
========== link already checked
======== We are on link 229 of 233
========== raw link https://www.pornhub.com/information#terms
============ Checking for Redirections: https://www.pornhub.com/information#terms
============ Followed Redirection to https://www.pornhub.com/information/terms#terms
============ Link after cleaning: https://www.pornhub.com/information/terms
========== link already checked
======== We are on link 230 of 233
========== raw link https://help.pornhub.com/hc/en-us/articles/4419900587155
============ Checking for Redirections: https://help.pornhub.com/hc/en-us/articles/4419900587155
============ Followed Redirection to https://help.pornhub.com/hc/en-us/articles/4419900587155-Community-Guidelines
============ Link after cleaning: https://help.pornhub.com/hc/en-us/articles/4419900587155-Community-Guidelines
========== link already checked
======== We are on link 231 of 233
========== raw link https://www.pornhub.com/information#terms
============ Checking for Redirections: https://www.pornhub.com/information#terms
============ Followed Redirection to https://www.pornhub.com/information/terms#terms
============ Link after cleaning: https://www.pornhub.com/information/terms
========== link already checked
======== We are on link 232 of 233
========== raw link /hc/en-us/signin?return_to=https%3A%2F%2Fhelp.pornhub.com%2Fhc%2Fen-us%2Farticles%2F4419839721875-What-sort-of-content-is-not-allowed-on-the-site
============ Prepended scheme.
============ Checking for Redirections: https://hc/en-us/signin?return_to=https%3A%2F%2Fhelp.pornhub.com%2Fhc%2Fen-us%2Farticles%2F4419839721875-What-sort-of-content-is-not-allowed-on-the-site
========== dropped link https://hc/en-us/signin?return_to=https%3A%2F%2Fhelp.pornhub.com%2Fhc%2Fen-us%2Farticles%2F4419839721875-What-sort-of-content-is-not-allowed-on-the-site. Could not follow redirection (or it was a meaninglessly small page or bot blocked by sessionID).
======== We are on link 233 of 233
========== raw link /hc/en-us/signin?return_to=https%3A%2F%2Fhelp.pornhub.com%2Fhc%2Fen-us%2Farticles%2F4419839721875-What-sort-of-content-is-not-allowed-on-the-site
============ Prepended scheme.
============ Checking for Redirections: https://hc/en-us/signin?return_to=https%3A%2F%2Fhelp.pornhub.com%2Fhc%2Fen-us%2Farticles%2F4419839721875-What-sort-of-content-is-not-allowed-on-the-site
========== dropped link https://hc/en-us/signin?return_to=https%3A%2F%2Fhelp.pornhub.com%2Fhc%2Fen-us%2Farticles%2F4419839721875-What-sort-of-content-is-not-allowed-on-the-site. Could not follow redirection (or it was a meaninglessly small page or bot blocked by sessionID).
====== We are on page 4 of 6: https://help.pornhub.com/hc/en-us/articles/4419900587155-Community-Guidelines
====== Number of Links on this Page: 255
======== We are on link 1 of 255
========== raw link /hc/en-us
============ Found Relative: joining https://help.pornhub.com/hc/en-us/articles/4419900587155-Community-Guidelines and /hc/en-us
============ Checking for Redirections: https://help.pornhub.com/hc/en-us
============ Link after cleaning: https://help.pornhub.com/hc/en-us
========== link already checked
======== We are on link 2 of 255
========== raw link https://www.pornhub.com/support
============ Checking for Redirections: https://www.pornhub.com/support
============ Link unchanged
========== link already checked
======== We are on link 3 of 255
========== raw link /hc/en-us/signin?return_to=https%3A%2F%2Fhelp.pornhub.com%2Fhc%2Fen-us%2Farticles%2F4419900587155-Community-Guidelines&locale=en-us
============ Prepended scheme.
============ Checking for Redirections: https://hc/en-us/signin?return_to=https%3A%2F%2Fhelp.pornhub.com%2Fhc%2Fen-us%2Farticles%2F4419900587155-Community-Guidelines&locale=en-us
========== dropped link https://hc/en-us/signin?return_to=https%3A%2F%2Fhelp.pornhub.com%2Fhc%2Fen-us%2Farticles%2F4419900587155-Community-Guidelines&locale=en-us. Could not follow redirection (or it was a meaninglessly small page or bot blocked by sessionID).
======== We are on link 4 of 255
========== raw link /hc/en-us
============ Found Relative: joining https://help.pornhub.com/hc/en-us/articles/4419900587155-Community-Guidelines and /hc/en-us
============ Checking for Redirections: https://help.pornhub.com/hc/en-us
============ Link after cleaning: https://help.pornhub.com/hc/en-us
========== link already checked
======== We are on link 5 of 255
========== raw link /hc/en-us/categories/4419836212499-Our-Commitment-to-Trust-and-Safety
============ Found Relative: joining https://help.pornhub.com/hc/en-us/articles/4419900587155-Community-Guidelines and /hc/en-us/categories/4419836212499-Our-Commitment-to-Trust-and-Safety
============ Checking for Redirections: https://help.pornhub.com/hc/en-us/categories/4419836212499-Our-Commitment-to-Trust-and-Safety
============ Link after cleaning: https://help.pornhub.com/hc/en-us/categories/4419836212499-Our-Commitment-to-Trust-and-Safety
========== scraping https://help.pornhub.com/hc/en-us/categories/4419836212499-Our-Commitment-to-Trust-and-Safety
============ New link added. Search term (artificial intelligen) found on https://help.pornhub.com/hc/en-us/categories/4419836212499-Our-Commitment-to-Trust-and-Safety.
======== We are on link 6 of 255
========== raw link /hc/en-us/sections/4419836270483-Policies-and-Related-Guidelines
============ Found Relative: joining https://help.pornhub.com/hc/en-us/articles/4419900587155-Community-Guidelines and /hc/en-us/sections/4419836270483-Policies-and-Related-Guidelines
============ Checking for Redirections: https://help.pornhub.com/hc/en-us/sections/4419836270483-Policies-and-Related-Guidelines
============ Link after cleaning: https://help.pornhub.com/hc/en-us/sections/4419836270483-Policies-and-Related-Guidelines
========== link already checked
======== We are on link 7 of 255
========== raw link /hc
============ Found Relative: joining https://help.pornhub.com/hc/en-us/articles/4419900587155-Community-Guidelines and /hc
============ Checking for Redirections: https://help.pornhub.com/hc
============ Followed Redirection to https://help.pornhub.com/hc/en-us
============ Link after cleaning: https://help.pornhub.com/hc/en-us
========== link already checked
======== We are on link 8 of 255
========== raw link https://help.pornhub.com/hc/en-us/articles/4419879760403-How-to-Sign-Up-and-Join-the-Model-Program
============ Checking for Redirections: https://help.pornhub.com/hc/en-us/articles/4419879760403-How-to-Sign-Up-and-Join-the-Model-Program
============ Link unchanged
========== link already checked
======== We are on link 9 of 255
========== raw link https://help.pornhub.com/hc/en-us/articles/4419875178131-Model-Agreement
============ Checking for Redirections: https://help.pornhub.com/hc/en-us/articles/4419875178131-Model-Agreement
============ Link unchanged
========== link already checked
======== We are on link 10 of 255
========== raw link https://help.pornhub.com/hc/en-us/articles/22370181992083-Working-with-Co-Performers
============ Checking for Redirections: https://help.pornhub.com/hc/en-us/articles/22370181992083-Working-with-Co-Performers
============ Link unchanged
========== link already checked
======== We are on link 11 of 255
========== raw link https://help.pornhub.com/hc/en-us/articles/4419896613651-What-Co-Performer-Verification-Tools-are-Available
============ Checking for Redirections: https://help.pornhub.com/hc/en-us/articles/4419896613651-What-Co-Performer-Verification-Tools-are-Available
============ Link unchanged
========== link already checked
======== We are on link 12 of 255
========== raw link https://help.pornhub.com/hc/en-us/articles/4419856820115-Yoti-Supported-Documents-Per-Country
============ Checking for Redirections: https://help.pornhub.com/hc/en-us/articles/4419856820115-Yoti-Supported-Documents-Per-Country
============ Link unchanged
========== link already checked
======== We are on link 13 of 255
========== raw link https://help.pornhub.com/hc/en-us/articles/4419867936403-Pornhub-Model-Ranks
============ Checking for Redirections: https://help.pornhub.com/hc/en-us/articles/4419867936403-Pornhub-Model-Ranks
============ Link unchanged
========== link already checked
======== We are on link 14 of 255
========== raw link https://help.pornhub.com/hc/en-us/articles/4419860873747-Common-Questions
============ Checking for Redirections: https://help.pornhub.com/hc/en-us/articles/4419860873747-Common-Questions
============ Link unchanged
========== link already checked
======== We are on link 15 of 255
========== raw link https://help.pornhub.com/hc/en-us/articles/37688572620691-What-is-a-Verification-Image
============ Checking for Redirections: https://help.pornhub.com/hc/en-us/articles/37688572620691-What-is-a-Verification-Image
============ Link unchanged
========== link already checked
======== We are on link 16 of 255
========== raw link https://help.pornhub.com/hc/en-us/articles/30044084286099-How-do-I-set-up-Two-Factor-Authentication
============ Checking for Redirections: https://help.pornhub.com/hc/en-us/articles/30044084286099-How-do-I-set-up-Two-Factor-Authentication
============ Link unchanged
========== link already checked
======== We are on link 17 of 255
========== raw link https://help.pornhub.com/hc/en-us/articles/25071002518163-Sponsored-Content
============ Checking for Redirections: https://help.pornhub.com/hc/en-us/articles/25071002518163-Sponsored-Content
============ Link unchanged
========== link already checked
======== We are on link 18 of 255
========== raw link https://help.pornhub.com/hc/en-us/articles/4419890393619-Setting-Up-Your-Profile
============ Checking for Redirections: https://help.pornhub.com/hc/en-us/articles/4419890393619-Setting-Up-Your-Profile
============ Link unchanged
========== link already checked
======== We are on link 19 of 255
========== raw link https://help.pornhub.com/hc/en-us/articles/4419872101139-Earnings-and-Payments
============ Checking for Redirections: https://help.pornhub.com/hc/en-us/articles/4419872101139-Earnings-and-Payments
============ Link unchanged
========== link already checked
======== We are on link 20 of 255
========== raw link https://help.pornhub.com/hc/en-us/articles/4419870696083-How-To-Upload-Videos
============ Checking for Redirections: https://help.pornhub.com/hc/en-us/articles/4419870696083-How-To-Upload-Videos
============ Link unchanged
========== link already checked
======== We are on link 21 of 255
========== raw link https://help.pornhub.com/hc/en-us/articles/6371832116627-Become-a-Creator-for-Animated-Audio-Gameplay-or-Compilations-Content
============ Checking for Redirections: https://help.pornhub.com/hc/en-us/articles/6371832116627-Become-a-Creator-for-Animated-Audio-Gameplay-or-Compilations-Content
============ Link unchanged
========== link already checked
======== We are on link 22 of 255
========== raw link https://help.pornhub.com/hc/en-us/articles/4419862880787-Online-Safety-and-Content-Removal
============ Checking for Redirections: https://help.pornhub.com/hc/en-us/articles/4419862880787-Online-Safety-and-Content-Removal
============ Link unchanged
========== link already checked
======== We are on link 23 of 255
========== raw link https://help.pornhub.com/hc/en-us/articles/29831714844307-Can-I-Still-Monetize-Shorter-Videos
============ Checking for Redirections: https://help.pornhub.com/hc/en-us/articles/29831714844307-Can-I-Still-Monetize-Shorter-Videos
============ Link unchanged
========== link already checked
======== We are on link 24 of 255
========== raw link https://help.pornhub.com/hc/en-us/articles/26238818095635-What-Are-Tiers
============ Checking for Redirections: https://help.pornhub.com/hc/en-us/articles/26238818095635-What-Are-Tiers
============ Link unchanged
========== link already checked
======== We are on link 25 of 255
========== raw link https://help.pornhub.com/hc/en-us/articles/26163541571091-When-Does-the-Tiers-Program-Begin
============ Checking for Redirections: https://help.pornhub.com/hc/en-us/articles/26163541571091-When-Does-the-Tiers-Program-Begin
============ Link unchanged
========== link already checked
======== We are on link 26 of 255
========== raw link https://help.pornhub.com/hc/en-us/articles/26163716355731-Can-I-Do-Batch-Uploads-and-Scheduled-Releases
============ Checking for Redirections: https://help.pornhub.com/hc/en-us/articles/26163716355731-Can-I-Do-Batch-Uploads-and-Scheduled-Releases
============ Link unchanged
========== link already checked
======== We are on link 27 of 255
========== raw link https://help.pornhub.com/hc/en-us/articles/26163424150035-How-Do-Tiers-Work
============ Checking for Redirections: https://help.pornhub.com/hc/en-us/articles/26163424150035-How-Do-Tiers-Work
============ Link unchanged
========== link already checked
======== We are on link 28 of 255
========== raw link https://help.pornhub.com/hc/en-us/articles/26163601244307-How-Can-I-Move-Up-in-Tiers
============ Checking for Redirections: https://help.pornhub.com/hc/en-us/articles/26163601244307-How-Can-I-Move-Up-in-Tiers
============ Link unchanged
========== link already checked
======== We are on link 29 of 255
========== raw link https://help.pornhub.com/hc/en-us/articles/26163645796755-Where-Can-I-See-my-Current-Tier
============ Checking for Redirections: https://help.pornhub.com/hc/en-us/articles/26163645796755-Where-Can-I-See-my-Current-Tier
============ Link unchanged
========== link already checked
======== We are on link 30 of 255
========== raw link https://help.pornhub.com/hc/en-us/articles/26163503999763-How-Often-Will-Tiers-be-Assessed
============ Checking for Redirections: https://help.pornhub.com/hc/en-us/articles/26163503999763-How-Often-Will-Tiers-be-Assessed
============ Link unchanged
========== link already checked
======== We are on link 31 of 255
========== raw link https://help.pornhub.com/hc/en-us/articles/26163607577875-How-is-Ad-Revenue-Calculated
============ Checking for Redirections: https://help.pornhub.com/hc/en-us/articles/26163607577875-How-is-Ad-Revenue-Calculated
============ Link unchanged
========== link already checked
======== We are on link 32 of 255
========== raw link https://help.pornhub.com/hc/en-us/articles/26163687990547-How-Do-I-Remain-Active-in-the-Tiers-Program
============ Checking for Redirections: https://help.pornhub.com/hc/en-us/articles/26163687990547-How-Do-I-Remain-Active-in-the-Tiers-Program
============ Link unchanged
========== link already checked
======== We are on link 33 of 255
========== raw link https://help.pornhub.com/hc/en-us/articles/26163624356371-What-Happens-if-I-Forget-to-Upload-a-Video-Each-Quarter
============ Checking for Redirections: https://help.pornhub.com/hc/en-us/articles/26163624356371-What-Happens-if-I-Forget-to-Upload-a-Video-Each-Quarter
============ Link unchanged
========== link already checked
======== We are on link 34 of 255
========== raw link https://help.pornhub.com/hc/en-us/articles/26163637347731-What-if-I-Create-a-Model-Account-in-the-Middle-of-the-Quarter
============ Checking for Redirections: https://help.pornhub.com/hc/en-us/articles/26163637347731-What-if-I-Create-a-Model-Account-in-the-Middle-of-the-Quarter
============ Link unchanged
========== link already checked
======== We are on link 35 of 255
========== raw link https://help.pornhub.com/hc/en-us/articles/26163575091219-What-Rank-Appears-on-My-Model-Profile
============ Checking for Redirections: https://help.pornhub.com/hc/en-us/articles/26163575091219-What-Rank-Appears-on-My-Model-Profile
============ Link unchanged
========== link already checked
======== We are on link 36 of 255
========== raw link https://help.pornhub.com/hc/en-us/articles/32742698880019-Why-can-t-I-find-a-Collaborator-when-trying-to-tag-them
============ Checking for Redirections: https://help.pornhub.com/hc/en-us/articles/32742698880019-Why-can-t-I-find-a-Collaborator-when-trying-to-tag-them
============ Link unchanged
========== link already checked
======== We are on link 37 of 255
========== raw link https://help.pornhub.com/hc/en-us/articles/32742701808275-Can-I-tag-a-Model-twice-if-I-have-them-as-a-Co-Performer-and-Collaborator
============ Checking for Redirections: https://help.pornhub.com/hc/en-us/articles/32742701808275-Can-I-tag-a-Model-twice-if-I-have-them-as-a-Co-Performer-and-Collaborator
============ Link unchanged
========== link already checked
======== We are on link 38 of 255
========== raw link https://help.pornhub.com/hc/en-us/articles/32742657804563-How-do-I-tag-a-Collaborator
============ Checking for Redirections: https://help.pornhub.com/hc/en-us/articles/32742657804563-How-do-I-tag-a-Collaborator
============ Link unchanged
========== link already checked
======== We are on link 39 of 255
========== raw link https://help.pornhub.com/hc/en-us/articles/32737476610835-Will-my-tagged-Collaborators-appear-on-the-video
============ Checking for Redirections: https://help.pornhub.com/hc/en-us/articles/32737476610835-Will-my-tagged-Collaborators-appear-on-the-video
============ Link unchanged
========== link already checked
======== We are on link 40 of 255
========== raw link https://help.pornhub.com/hc/en-us/articles/31896858829075-Spam-and-Abuse-Rules-and-Consequences
============ Checking for Redirections: https://help.pornhub.com/hc/en-us/articles/31896858829075-Spam-and-Abuse-Rules-and-Consequences
============ Link unchanged
========== link already checked
======== We are on link 41 of 255
========== raw link https://help.pornhub.com/hc/en-us/articles/32737108701587-What-is-Collaborators
============ Checking for Redirections: https://help.pornhub.com/hc/en-us/articles/32737108701587-What-is-Collaborators
============ Link unchanged
========== link already checked
======== We are on link 42 of 255
========== raw link https://help.pornhub.com/hc/en-us/articles/32737163246739-How-does-Collaborators-work
============ Checking for Redirections: https://help.pornhub.com/hc/en-us/articles/32737163246739-How-does-Collaborators-work
============ Link unchanged
========== link already checked
======== We are on link 43 of 255
========== raw link https://help.pornhub.com/hc/en-us/articles/32737248805267-Can-I-still-submit-IDs-and-Release-Forms
============ Checking for Redirections: https://help.pornhub.com/hc/en-us/articles/32737248805267-Can-I-still-submit-IDs-and-Release-Forms
============ Link unchanged
========== link already checked
======== We are on link 44 of 255
========== raw link https://help.pornhub.com/hc/en-us/articles/32744739375891-Can-I-still-upload-a-Model-as-a-Co-Performer-if-my-Collaboration-Request-gets-rejected
============ Checking for Redirections: https://help.pornhub.com/hc/en-us/articles/32744739375891-Can-I-still-upload-a-Model-as-a-Co-Performer-if-my-Collaboration-Request-gets-rejected
============ Link unchanged
========== link already checked
======== We are on link 45 of 255
========== raw link https://help.pornhub.com/hc/en-us/articles/32742771883027-Why-is-my-collab-request-button-disabled
============ Checking for Redirections: https://help.pornhub.com/hc/en-us/articles/32742771883027-Why-is-my-collab-request-button-disabled
============ Link unchanged
========== link already checked
======== We are on link 46 of 255
========== raw link https://help.pornhub.com/hc/en-us/articles/32737712766867-Can-I-opt-out-of-being-a-Collaborator
============ Checking for Redirections: https://help.pornhub.com/hc/en-us/articles/32737712766867-Can-I-opt-out-of-being-a-Collaborator
============ Link unchanged
========== link already checked
======== We are on link 47 of 255
========== raw link https://help.pornhub.com/hc/en-us/articles/32753128635283-What-happens-if-I-revoke-a-collab-request
============ Checking for Redirections: https://help.pornhub.com/hc/en-us/articles/32753128635283-What-happens-if-I-revoke-a-collab-request
============ Link unchanged
========== link already checked
======== We are on link 48 of 255
========== raw link https://help.pornhub.com/hc/en-us/articles/32744687729939-What-is-the-difference-between-the-3-Collab-Request-Settings
============ Checking for Redirections: https://help.pornhub.com/hc/en-us/articles/32744687729939-What-is-the-difference-between-the-3-Collab-Request-Settings
============ Link unchanged
========== link already checked
======== We are on link 49 of 255
========== raw link https://help.pornhub.com/hc/en-us/articles/32737208736403-How-do-I-send-and-receive-collaboration-requests
============ Checking for Redirections: https://help.pornhub.com/hc/en-us/articles/32737208736403-How-do-I-send-and-receive-collaboration-requests
============ Link unchanged
========== link already checked
======== We are on link 50 of 255
========== raw link https://help.pornhub.com/hc/en-us/articles/32737650660243-Why-can-t-I-send-a-collab-request-to-a-Model
============ Checking for Redirections: https://help.pornhub.com/hc/en-us/articles/32737650660243-Why-can-t-I-send-a-collab-request-to-a-Model
============ Link unchanged
========== link already checked
======== We are on link 51 of 255
========== raw link https://help.pornhub.com/hc/en-us/articles/32737569656339-How-do-I-cancel-a-Collaboration-request
============ Checking for Redirections: https://help.pornhub.com/hc/en-us/articles/32737569656339-How-do-I-cancel-a-Collaboration-request
============ Link unchanged
========== link already checked
======== We are on link 52 of 255
========== raw link https://help.pornhub.com/hc/en-us/articles/32737675455379-What-are-the-different-collab-request-statuses
============ Checking for Redirections: https://help.pornhub.com/hc/en-us/articles/32737675455379-What-are-the-different-collab-request-statuses
============ Link unchanged
========== link already checked
======== We are on link 53 of 255
========== raw link https://help.pornhub.com/hc/en-us/articles/32737463025811-Will-I-need-to-send-a-collab-request-for-every-video
============ Checking for Redirections: https://help.pornhub.com/hc/en-us/articles/32737463025811-Will-I-need-to-send-a-collab-request-for-every-video
============ Link unchanged
========== link already checked
======== We are on link 54 of 255
========== raw link https://help.pornhub.com/hc/en-us/articles/32738638631443-What-should-I-do-if-I-made-a-mistake
============ Checking for Redirections: https://help.pornhub.com/hc/en-us/articles/32738638631443-What-should-I-do-if-I-made-a-mistake
============ Link unchanged
========== link already checked
======== We are on link 55 of 255
========== raw link https://help.pornhub.com/hc/en-us/articles/32738672854931-What-is-the-difference-between-a-Co-Performer-and-a-Collaborator
============ Checking for Redirections: https://help.pornhub.com/hc/en-us/articles/32738672854931-What-is-the-difference-between-a-Co-Performer-and-a-Collaborator
============ Link unchanged
========== link already checked
======== We are on link 56 of 255
========== raw link https://help.pornhub.com/hc/en-us/articles/32737338627859-Do-my-Co-Performers-need-to-sign-a-Release-Form-each-time-we-film
============ Checking for Redirections: https://help.pornhub.com/hc/en-us/articles/32737338627859-Do-my-Co-Performers-need-to-sign-a-Release-Form-each-time-we-film
============ Link unchanged
========== link already checked
======== We are on link 57 of 255
========== raw link https://help.pornhub.com/hc/en-us/articles/32744675868947-Do-I-still-need-to-submit-IDs-and-Release-forms-if-I-have-them-as-a-Collaborator
============ Checking for Redirections: https://help.pornhub.com/hc/en-us/articles/32744675868947-Do-I-still-need-to-submit-IDs-and-Release-forms-if-I-have-them-as-a-Collaborator
============ Link unchanged
========== link already checked
======== We are on link 58 of 255
========== raw link https://help.pornhub.com/hc/en-us/articles/19695173119251-What-are-Shorties
============ Checking for Redirections: https://help.pornhub.com/hc/en-us/articles/19695173119251-What-are-Shorties
============ Link unchanged
========== link already checked
======== We are on link 59 of 255
========== raw link https://help.pornhub.com/hc/en-us/articles/4419879098643-Viewers-Choice-Monthly-Contest
============ Checking for Redirections: https://help.pornhub.com/hc/en-us/articles/4419879098643-Viewers-Choice-Monthly-Contest
============ Link unchanged
========== link already checked
======== We are on link 60 of 255
========== raw link https://help.pornhub.com/hc/en-us/articles/4419844380819-How-to-Succeed
============ Checking for Redirections: https://help.pornhub.com/hc/en-us/articles/4419844380819-How-to-Succeed
============ Link unchanged
========== link already checked
======== We are on link 61 of 255
========== raw link https://help.pornhub.com/hc/en-us/articles/4419859334675-How-do-I-get-my-video-featured
============ Checking for Redirections: https://help.pornhub.com/hc/en-us/articles/4419859334675-How-do-I-get-my-video-featured
============ Link unchanged
========== link already checked
======== We are on link 62 of 255
========== raw link https://help.pornhub.com/hc/en-us/articles/4419847498131-How-can-I-get-my-videos-in-the-hottest-section
============ Checking for Redirections: https://help.pornhub.com/hc/en-us/articles/4419847498131-How-can-I-get-my-videos-in-the-hottest-section
============ Link unchanged
========== link already checked
======== We are on link 63 of 255
========== raw link https://help.pornhub.com/hc/en-us/articles/4419858483475-Top-Searches-on-Pornhub
============ Checking for Redirections: https://help.pornhub.com/hc/en-us/articles/4419858483475-Top-Searches-on-Pornhub
============ Link unchanged
========== link already checked
======== We are on link 64 of 255
========== raw link https://help.pornhub.com/hc/en-us/articles/4419858321555-Photo-Albums-and-Tease-Content
============ Checking for Redirections: https://help.pornhub.com/hc/en-us/articles/4419858321555-Photo-Albums-and-Tease-Content
============ Link unchanged
========== link already checked
======== We are on link 65 of 255
========== raw link https://help.pornhub.com/hc/en-us/articles/4419858238483-What-NOT-to-do
============ Checking for Redirections: https://help.pornhub.com/hc/en-us/articles/4419858238483-What-NOT-to-do
============ Link unchanged
========== link already checked
======== We are on link 66 of 255
========== raw link https://help.pornhub.com/hc/en-us/articles/4419900622355-Contests-and-Awards
============ Checking for Redirections: https://help.pornhub.com/hc/en-us/articles/4419900622355-Contests-and-Awards
============ Link unchanged
========== link already checked
======== We are on link 67 of 255
========== raw link https://help.pornhub.com/hc/en-us/articles/4419882240915-Uploading-Videos
============ Checking for Redirections: https://help.pornhub.com/hc/en-us/articles/4419882240915-Uploading-Videos
============ Link unchanged
========== link already checked
======== We are on link 68 of 255
========== raw link https://help.pornhub.com/hc/en-us/articles/4419907502611-Fan-Interaction
============ Checking for Redirections: https://help.pornhub.com/hc/en-us/articles/4419907502611-Fan-Interaction
============ Link unchanged
========== link already checked
======== We are on link 69 of 255
========== raw link https://help.pornhub.com/hc/en-us/articles/4419865717779-Social-Media-and-Self-Promotion
============ Checking for Redirections: https://help.pornhub.com/hc/en-us/articles/4419865717779-Social-Media-and-Self-Promotion
============ Link unchanged
========== link already checked
======== We are on link 70 of 255
========== raw link https://help.pornhub.com/hc/en-us/articles/4419853219219-Referral-Program
============ Checking for Redirections: https://help.pornhub.com/hc/en-us/articles/4419853219219-Referral-Program
============ Link unchanged
========== link already checked
======== We are on link 71 of 255
========== raw link https://help.pornhub.com/hc/en-us/articles/4419860087955-How-to-Add-a-Custom-Thumbnail
============ Checking for Redirections: https://help.pornhub.com/hc/en-us/articles/4419860087955-How-to-Add-a-Custom-Thumbnail
============ Link unchanged
========== link already checked
======== We are on link 72 of 255
========== raw link https://help.pornhub.com/hc/en-us/articles/4419852644627-Make-More-Money-in-the-Model-Program-with-Auto-Exports
============ Checking for Redirections: https://help.pornhub.com/hc/en-us/articles/4419852644627-Make-More-Money-in-the-Model-Program-with-Auto-Exports
============ Link unchanged
========== link already checked
======== We are on link 73 of 255
========== raw link https://help.pornhub.com/hc/en-us/articles/4419859575315-Exclusivity-Let-Pornhub-Work-For-You
============ Checking for Redirections: https://help.pornhub.com/hc/en-us/articles/4419859575315-Exclusivity-Let-Pornhub-Work-For-You
============ Link unchanged
========== link already checked
======== We are on link 74 of 255
========== raw link https://help.pornhub.com/hc/en-us/articles/4419878848019-What-is-the-Content-Partner-Program
============ Checking for Redirections: https://help.pornhub.com/hc/en-us/articles/4419878848019-What-is-the-Content-Partner-Program
============ Link unchanged
========== link already checked
======== We are on link 75 of 255
========== raw link https://help.pornhub.com/hc/en-us/articles/4419872356243-How-do-I-join
============ Checking for Redirections: https://help.pornhub.com/hc/en-us/articles/4419872356243-How-do-I-join
============ Link unchanged
========== link already checked
======== We are on link 76 of 255
========== raw link https://help.pornhub.com/hc/en-us/articles/4419882668563-What-is-a-paysite
============ Checking for Redirections: https://help.pornhub.com/hc/en-us/articles/4419882668563-What-is-a-paysite
============ Link unchanged
========== link already checked
======== We are on link 77 of 255
========== raw link https://help.pornhub.com/hc/en-us/articles/4419869391763-What-is-an-affiliate-program
============ Checking for Redirections: https://help.pornhub.com/hc/en-us/articles/4419869391763-What-is-an-affiliate-program
============ Link unchanged
========== link already checked
======== We are on link 78 of 255
========== raw link https://help.pornhub.com/hc/en-us/articles/4419848614035-What-type-of-payment-methods-are-accepted
============ Checking for Redirections: https://help.pornhub.com/hc/en-us/articles/4419848614035-What-type-of-payment-methods-are-accepted
============ Link unchanged
========== link already checked
======== We are on link 79 of 255
========== raw link https://help.pornhub.com/hc/en-us/articles/4419855988371-What-percentage-of-Revshare-or-PPS-rate-do-we-accept
============ Checking for Redirections: https://help.pornhub.com/hc/en-us/articles/4419855988371-What-percentage-of-Revshare-or-PPS-rate-do-we-accept
============ Link unchanged
========== link already checked
======== We are on link 80 of 255
========== raw link https://help.pornhub.com/hc/en-us/articles/4419867791507-Pornhub-Playbook-Content-Partner-Guide
============ Checking for Redirections: https://help.pornhub.com/hc/en-us/articles/4419867791507-Pornhub-Playbook-Content-Partner-Guide
============ Link unchanged
========== link already checked
======== We are on link 81 of 255
========== raw link https://help.pornhub.com/hc/en-us/articles/26559518891667-What-are-Tiers
============ Checking for Redirections: https://help.pornhub.com/hc/en-us/articles/26559518891667-What-are-Tiers
============ Link unchanged
========== link already checked
======== We are on link 82 of 255
========== raw link https://help.pornhub.com/hc/en-us/articles/26559514317459-How-do-Tiers-Work
============ Checking for Redirections: https://help.pornhub.com/hc/en-us/articles/26559514317459-How-do-Tiers-Work
============ Link unchanged
========== link already checked
======== We are on link 83 of 255
========== raw link https://help.pornhub.com/hc/en-us/articles/26559864230803-What-if-I-Create-a-New-Channel-in-the-Middle-of-the-Quarter
============ Checking for Redirections: https://help.pornhub.com/hc/en-us/articles/26559864230803-What-if-I-Create-a-New-Channel-in-the-Middle-of-the-Quarter
============ Link unchanged
========== link already checked
======== We are on link 84 of 255
========== raw link https://help.pornhub.com/hc/en-us/articles/26560004103059-Can-I-do-Batch-Uploads-and-Scheduled-Releases
============ Checking for Redirections: https://help.pornhub.com/hc/en-us/articles/26560004103059-Can-I-do-Batch-Uploads-and-Scheduled-Releases
============ Link unchanged
========== link already checked
======== We are on link 85 of 255
========== raw link https://help.pornhub.com/hc/en-us/articles/26560658171539-Will-Tiers-Only-Affect-Pornhub
============ Checking for Redirections: https://help.pornhub.com/hc/en-us/articles/26560658171539-Will-Tiers-Only-Affect-Pornhub
============ Link unchanged
========== link already checked
======== We are on link 86 of 255
========== raw link https://help.pornhub.com/hc/en-us/articles/26560403362835-When-Does-the-Tiers-Program-Begin
============ Checking for Redirections: https://help.pornhub.com/hc/en-us/articles/26560403362835-When-Does-the-Tiers-Program-Begin
============ Link unchanged
========== link already checked
======== We are on link 87 of 255
========== raw link https://help.pornhub.com/hc/en-us/articles/26559644325779-How-Does-Ad-Revenue-Work
============ Checking for Redirections: https://help.pornhub.com/hc/en-us/articles/26559644325779-How-Does-Ad-Revenue-Work
============ Link unchanged
========== link already checked
======== We are on link 88 of 255
========== raw link https://help.pornhub.com/hc/en-us/articles/26559669762451-How-Will-my-Overall-Revenue-Change
============ Checking for Redirections: https://help.pornhub.com/hc/en-us/articles/26559669762451-How-Will-my-Overall-Revenue-Change
============ Link unchanged
========== link already checked
======== We are on link 89 of 255
========== raw link https://help.pornhub.com/hc/en-us/articles/26559835333011-How-Often-Will-Tiers-be-Assessed
============ Checking for Redirections: https://help.pornhub.com/hc/en-us/articles/26559835333011-How-Often-Will-Tiers-be-Assessed
============ Link unchanged
========== link already checked
======== We are on link 90 of 255
========== raw link https://help.pornhub.com/hc/en-us/articles/26559565981715-How-Can-I-Move-Up-in-Tiers
============ Checking for Redirections: https://help.pornhub.com/hc/en-us/articles/26559565981715-How-Can-I-Move-Up-in-Tiers
============ Link unchanged
========== link already checked
======== We are on link 91 of 255
========== raw link https://help.pornhub.com/hc/en-us/articles/26560406689299-How-Do-I-Remain-Active-in-the-Tiers-Program
============ Checking for Redirections: https://help.pornhub.com/hc/en-us/articles/26560406689299-How-Do-I-Remain-Active-in-the-Tiers-Program
============ Link unchanged
========== link already checked
======== We are on link 92 of 255
========== raw link https://help.pornhub.com/hc/en-us/articles/26560594072083-Can-I-Move-Content-from-a-Low-Tier-Channel-to-a-High-Tier-Channel
============ Checking for Redirections: https://help.pornhub.com/hc/en-us/articles/26560594072083-Can-I-Move-Content-from-a-Low-Tier-Channel-to-a-High-Tier-Channel
============ Link unchanged
========== link already checked
======== We are on link 93 of 255
========== raw link https://help.pornhub.com/hc/en-us/articles/26559944327443-Where-Can-I-See-my-Channel-s-Current-Tier
============ Checking for Redirections: https://help.pornhub.com/hc/en-us/articles/26559944327443-Where-Can-I-See-my-Channel-s-Current-Tier
============ Link unchanged
========== link already checked
======== We are on link 94 of 255
========== raw link https://help.pornhub.com/hc/en-us/articles/26559736075667-What-Happens-if-I-Forget-to-Upload-a-Video-Each-Quarter
============ Checking for Redirections: https://help.pornhub.com/hc/en-us/articles/26559736075667-What-Happens-if-I-Forget-to-Upload-a-Video-Each-Quarter
============ Link unchanged
========== link already checked
======== We are on link 95 of 255
========== raw link https://help.pornhub.com/hc/en-us/articles/4419872377363-Ad-dimensions-and-specs
============ Checking for Redirections: https://help.pornhub.com/hc/en-us/articles/4419872377363-Ad-dimensions-and-specs
============ Link unchanged
========== link already checked
======== We are on link 96 of 255
========== raw link https://help.pornhub.com/hc/en-us/articles/4419875853715-How-do-I-update-my-channel-header-image-and-logo
============ Checking for Redirections: https://help.pornhub.com/hc/en-us/articles/4419875853715-How-do-I-update-my-channel-header-image-and-logo
============ Link unchanged
========== link already checked
======== We are on link 97 of 255
========== raw link https://help.pornhub.com/hc/en-us/articles/4419891349651-Adding-Custom-Thumbnails
============ Checking for Redirections: https://help.pornhub.com/hc/en-us/articles/4419891349651-Adding-Custom-Thumbnails
============ Link unchanged
========== link already checked
======== We are on link 98 of 255
========== raw link https://help.pornhub.com/hc/en-us/articles/4419883637907-How-do-I-upload-videos
============ Checking for Redirections: https://help.pornhub.com/hc/en-us/articles/4419883637907-How-do-I-upload-videos
============ Link unchanged
========== link already checked
======== We are on link 99 of 255
========== raw link https://help.pornhub.com/hc/en-us/articles/4419847634579-Where-can-I-find-my-videos-stats
============ Checking for Redirections: https://help.pornhub.com/hc/en-us/articles/4419847634579-Where-can-I-find-my-videos-stats
============ Link unchanged
========== link already checked
======== We are on link 100 of 255
========== raw link https://help.pornhub.com/hc/en-us/articles/4419871577875-How-long-should-my-videos-be
============ Checking for Redirections: https://help.pornhub.com/hc/en-us/articles/4419871577875-How-long-should-my-videos-be
============ Link unchanged
========== link already checked
======== We are on link 101 of 255
========== raw link https://help.pornhub.com/hc/en-us/articles/4419869437203-Upload-Schedule-and-Frequency
============ Checking for Redirections: https://help.pornhub.com/hc/en-us/articles/4419869437203-Upload-Schedule-and-Frequency
============ Link unchanged
========== link already checked
======== We are on link 102 of 255
========== raw link https://help.pornhub.com/hc/en-us/articles/4419863257747-How-to-Format-Videos
============ Checking for Redirections: https://help.pornhub.com/hc/en-us/articles/4419863257747-How-to-Format-Videos
============ Link unchanged
========== link already checked
======== We are on link 103 of 255
========== raw link https://help.pornhub.com/hc/en-us/articles/35814069634195-What-are-Shorties
============ Checking for Redirections: https://help.pornhub.com/hc/en-us/articles/35814069634195-What-are-Shorties
============ Link unchanged
========== link already checked
======== We are on link 104 of 255
========== raw link https://help.pornhub.com/hc/en-us/articles/4419855545619-Video-Titles
============ Checking for Redirections: https://help.pornhub.com/hc/en-us/articles/4419855545619-Video-Titles
============ Link unchanged
========== link already checked
======== We are on link 105 of 255
========== raw link https://help.pornhub.com/hc/en-us/articles/4419866204819-Video-Categories
============ Checking for Redirections: https://help.pornhub.com/hc/en-us/articles/4419866204819-Video-Categories
============ Link unchanged
========== link already checked
======== We are on link 106 of 255
========== raw link https://help.pornhub.com/hc/en-us/articles/4419860542483-Video-Tags
============ Checking for Redirections: https://help.pornhub.com/hc/en-us/articles/4419860542483-Video-Tags
============ Link unchanged
========== link already checked
======== We are on link 107 of 255
========== raw link https://help.pornhub.com/hc/en-us/articles/4419853116691-Video-Thumbnails
============ Checking for Redirections: https://help.pornhub.com/hc/en-us/articles/4419853116691-Video-Thumbnails
============ Link unchanged
========== link already checked
======== We are on link 108 of 255
========== raw link https://help.pornhub.com/hc/en-us/articles/4419860032531-Video-watermark
============ Checking for Redirections: https://help.pornhub.com/hc/en-us/articles/4419860032531-Video-watermark
============ Link unchanged
========== link already checked
======== We are on link 109 of 255
========== raw link https://help.pornhub.com/hc/en-us/articles/4419848014227-Can-I-delete-my-videos
============ Checking for Redirections: https://help.pornhub.com/hc/en-us/articles/4419848014227-Can-I-delete-my-videos
============ Link unchanged
========== link already checked
======== We are on link 110 of 255
========== raw link https://help.pornhub.com/hc/en-us/articles/4419859542419-Video-Specs
============ Checking for Redirections: https://help.pornhub.com/hc/en-us/articles/4419859542419-Video-Specs
============ Link unchanged
========== link already checked
======== We are on link 111 of 255
========== raw link https://help.pornhub.com/hc/en-us/articles/4419891330195-What-is-the-Viewshare-program
============ Checking for Redirections: https://help.pornhub.com/hc/en-us/articles/4419891330195-What-is-the-Viewshare-program
============ Link unchanged
========== link already checked
======== We are on link 112 of 255
========== raw link https://help.pornhub.com/hc/en-us/articles/4419871753107-How-do-I-upload-full-length-scenes-to-Premium
============ Checking for Redirections: https://help.pornhub.com/hc/en-us/articles/4419871753107-How-do-I-upload-full-length-scenes-to-Premium
============ Link unchanged
========== link already checked
======== We are on link 113 of 255
========== raw link https://help.pornhub.com/hc/en-us/articles/4419869498131-Where-can-I-see-my-Viewshare-earnings
============ Checking for Redirections: https://help.pornhub.com/hc/en-us/articles/4419869498131-Where-can-I-see-my-Viewshare-earnings
============ Link unchanged
========== link already checked
======== We are on link 114 of 255
========== raw link https://help.pornhub.com/hc/en-us/articles/4419863232403-Why-are-this-months-earnings-an-estimate
============ Checking for Redirections: https://help.pornhub.com/hc/en-us/articles/4419863232403-Why-are-this-months-earnings-an-estimate
============ Link unchanged
========== link already checked
======== We are on link 115 of 255
========== raw link https://help.pornhub.com/hc/en-us/articles/4419855431699-How-can-I-view-my-own-premium-videos
============ Checking for Redirections: https://help.pornhub.com/hc/en-us/articles/4419855431699-How-can-I-view-my-own-premium-videos
============ Link unchanged
========== link already checked
======== We are on link 116 of 255
========== raw link https://help.pornhub.com/hc/en-us/articles/4419839721875-What-sort-of-content-is-not-allowed-on-the-site
============ Checking for Redirections: https://help.pornhub.com/hc/en-us/articles/4419839721875-What-sort-of-content-is-not-allowed-on-the-site
============ Link unchanged
========== link already checked
======== We are on link 117 of 255
========== raw link https://help.pornhub.com/hc/en-us/articles/4419882855571-What-does-it-mean-if-my-content-was-removed-for-DMCA
============ Checking for Redirections: https://help.pornhub.com/hc/en-us/articles/4419882855571-What-does-it-mean-if-my-content-was-removed-for-DMCA
============ Link unchanged
========== link already checked
======== We are on link 118 of 255
========== raw link https://help.pornhub.com/hc/en-us/articles/4419869469459-Filing-a-DMCA-Notice-of-Copyright-Infringement
============ Checking for Redirections: https://help.pornhub.com/hc/en-us/articles/4419869469459-Filing-a-DMCA-Notice-of-Copyright-Infringement
============ Link unchanged
========== link already checked
======== We are on link 119 of 255
========== raw link https://help.pornhub.com/hc/en-us/articles/4419868442643-DMCA-counter-notification-instructions
============ Checking for Redirections: https://help.pornhub.com/hc/en-us/articles/4419868442643-DMCA-counter-notification-instructions
============ Link unchanged
========== link already checked
======== We are on link 120 of 255
========== raw link https://help.pornhub.com/hc/en-us/articles/4419854363411-Do-I-have-to-send-in-2257s
============ Checking for Redirections: https://help.pornhub.com/hc/en-us/articles/4419854363411-Do-I-have-to-send-in-2257s
============ Link unchanged
========== link already checked
======== We are on link 121 of 255
========== raw link https://help.pornhub.com/hc/en-us/articles/31846202423059-What-is-Pornhub-org
============ Checking for Redirections: https://help.pornhub.com/hc/en-us/articles/31846202423059-What-is-Pornhub-org
============ Link unchanged
========== link already checked
======== We are on link 122 of 255
========== raw link https://help.pornhub.com/hc/en-us/articles/27608180788755-Tiers-Monetization-Program
============ Checking for Redirections: https://help.pornhub.com/hc/en-us/articles/27608180788755-Tiers-Monetization-Program
============ Link unchanged
========== link already checked
======== We are on link 123 of 255
========== raw link https://help.pornhub.com/hc/en-us/articles/20404403877651-Why-are-some-videos-not-playing-on-Pornhub
============ Checking for Redirections: https://help.pornhub.com/hc/en-us/articles/20404403877651-Why-are-some-videos-not-playing-on-Pornhub
============ Link unchanged
========== link already checked
======== We are on link 124 of 255
========== raw link https://help.pornhub.com/hc/en-us/articles/19866717326867-Is-Pornhub-Safe
============ Checking for Redirections: https://help.pornhub.com/hc/en-us/articles/19866717326867-Is-Pornhub-Safe
============ Link unchanged
========== link already checked
======== We are on link 125 of 255
========== raw link https://help.pornhub.com/hc/en-us/articles/6954469475347-How-can-I-watch-Pornhub-on-my-TV
============ Checking for Redirections: https://help.pornhub.com/hc/en-us/articles/6954469475347-How-can-I-watch-Pornhub-on-my-TV
============ Link unchanged
========== link already checked
======== We are on link 126 of 255
========== raw link https://help.pornhub.com/hc/en-us/articles/4419885457555-How-do-I-switch-back-to-mobile-view
============ Checking for Redirections: https://help.pornhub.com/hc/en-us/articles/4419885457555-How-do-I-switch-back-to-mobile-view
============ Link unchanged
========== link already checked
======== We are on link 127 of 255
========== raw link https://help.pornhub.com/hc/en-us/articles/4419852306707-Someone-uploaded-a-photo-or-video-of-me-without-my-consent-please-remove-it
============ Checking for Redirections: https://help.pornhub.com/hc/en-us/articles/4419852306707-Someone-uploaded-a-photo-or-video-of-me-without-my-consent-please-remove-it
============ Link unchanged
========== link already checked
======== We are on link 128 of 255
========== raw link https://help.pornhub.com/hc/en-us/articles/4419852136979-How-do-I-make-sure-a-video-of-me-or-my-content-never-gets-uploaded-to-Pornhub
============ Checking for Redirections: https://help.pornhub.com/hc/en-us/articles/4419852136979-How-do-I-make-sure-a-video-of-me-or-my-content-never-gets-uploaded-to-Pornhub
============ Link unchanged
========== link already checked
======== We are on link 129 of 255
========== raw link https://help.pornhub.com/hc/en-us/articles/4419871999251-How-do-I-watch-a-private-video
============ Checking for Redirections: https://help.pornhub.com/hc/en-us/articles/4419871999251-How-do-I-watch-a-private-video
============ Link unchanged
========== link already checked
======== We are on link 130 of 255
========== raw link https://help.pornhub.com/hc/en-us/articles/4419873971859-How-do-I-change-the-language
============ Checking for Redirections: https://help.pornhub.com/hc/en-us/articles/4419873971859-How-do-I-change-the-language
============ Link unchanged
========== link already checked
======== We are on link 131 of 255
========== raw link https://help.pornhub.com/hc/en-us/articles/4419868064147-How-do-I-get-in-touch-with-you-if-something-goes-wrong
============ Checking for Redirections: https://help.pornhub.com/hc/en-us/articles/4419868064147-How-do-I-get-in-touch-with-you-if-something-goes-wrong
============ Link unchanged
========== link already checked
======== We are on link 132 of 255
========== raw link https://help.pornhub.com/hc/en-us/articles/4419854220435-I-have-a-great-idea-for-your-site-how-can-I-tell-you
============ Checking for Redirections: https://help.pornhub.com/hc/en-us/articles/4419854220435-I-have-a-great-idea-for-your-site-how-can-I-tell-you
============ Link unchanged
========== link already checked
======== We are on link 133 of 255
========== raw link https://help.pornhub.com/hc/en-us/articles/4419860680979-Can-you-find-this-video-insert-name-here-it-has-been-deleted
============ Checking for Redirections: https://help.pornhub.com/hc/en-us/articles/4419860680979-Can-you-find-this-video-insert-name-here-it-has-been-deleted
============ Link unchanged
========== link already checked
======== We are on link 134 of 255
========== raw link https://help.pornhub.com/hc/en-us/articles/4419853296915-I-want-to-make-money-on-Pornhub-how-do-I-do-it
============ Checking for Redirections: https://help.pornhub.com/hc/en-us/articles/4419853296915-I-want-to-make-money-on-Pornhub-how-do-I-do-it
============ Link unchanged
========== link already checked
======== We are on link 135 of 255
========== raw link https://help.pornhub.com/hc/en-us/articles/4419853032595-How-much-does-it-cost-to-become-a-member
============ Checking for Redirections: https://help.pornhub.com/hc/en-us/articles/4419853032595-How-much-does-it-cost-to-become-a-member
============ Link unchanged
========== link already checked
======== We are on link 136 of 255
========== raw link https://help.pornhub.com/hc/en-us/articles/4419859913875-I-see-that-you-have-a-porn-community-Why-should-I-become-a-member-of-Pornhub
============ Checking for Redirections: https://help.pornhub.com/hc/en-us/articles/4419859913875-I-see-that-you-have-a-porn-community-Why-should-I-become-a-member-of-Pornhub
============ Link unchanged
========== link already checked
======== We are on link 137 of 255
========== raw link https://help.pornhub.com/hc/en-us/articles/4419859654035-How-do-I-cancel-my-Premium-Membership
============ Checking for Redirections: https://help.pornhub.com/hc/en-us/articles/4419859654035-How-do-I-cancel-my-Premium-Membership
============ Link unchanged
========== link already checked
======== We are on link 138 of 255
========== raw link https://help.pornhub.com/hc/en-us/articles/4419873610643-Can-I-cancel-anytime
============ Checking for Redirections: https://help.pornhub.com/hc/en-us/articles/4419873610643-Can-I-cancel-anytime
============ Link unchanged
========== link already checked
======== We are on link 139 of 255
========== raw link https://help.pornhub.com/hc/en-us/articles/4419884685459-What-features-do-I-get
============ Checking for Redirections: https://help.pornhub.com/hc/en-us/articles/4419884685459-What-features-do-I-get
============ Link unchanged
========== link already checked
======== We are on link 140 of 255
========== raw link https://help.pornhub.com/hc/en-us/articles/4419877651987-Who-are-your-content-partners
============ Checking for Redirections: https://help.pornhub.com/hc/en-us/articles/4419877651987-Who-are-your-content-partners
============ Link unchanged
========== link already checked
======== We are on link 141 of 255
========== raw link https://help.pornhub.com/hc/en-us/articles/4419877632787-How-much-is-it
============ Checking for Redirections: https://help.pornhub.com/hc/en-us/articles/4419877632787-How-much-is-it
============ Link unchanged
========== link already checked
======== We are on link 142 of 255
========== raw link https://help.pornhub.com/hc/en-us/articles/4419884534675-How-can-I-contact-support-to-cancel-or-for-help-with-my-account
============ Checking for Redirections: https://help.pornhub.com/hc/en-us/articles/4419884534675-How-can-I-contact-support-to-cancel-or-for-help-with-my-account
============ Link unchanged
========== link already checked
======== We are on link 143 of 255
========== raw link https://help.pornhub.com/hc/en-us/articles/4419884512147-Is-it-secure-and-discreet
============ Checking for Redirections: https://help.pornhub.com/hc/en-us/articles/4419884512147-Is-it-secure-and-discreet
============ Link unchanged
========== link already checked
======== We are on link 144 of 255
========== raw link https://help.pornhub.com/hc/en-us/articles/4419873379731-What-is-Pornhub-Premium
============ Checking for Redirections: https://help.pornhub.com/hc/en-us/articles/4419873379731-What-is-Pornhub-Premium
============ Link unchanged
========== link already checked
======== We are on link 145 of 255
========== raw link https://help.pornhub.com/hc/en-us/articles/4419884438675-Can-I-download-videos
============ Checking for Redirections: https://help.pornhub.com/hc/en-us/articles/4419884438675-Can-I-download-videos
============ Link unchanged
========== link already checked
======== We are on link 146 of 255
========== raw link https://help.pornhub.com/hc/en-us/articles/4419877504275-Is-there-gay-premium-content
============ Checking for Redirections: https://help.pornhub.com/hc/en-us/articles/4419877504275-Is-there-gay-premium-content
============ Link unchanged
========== link already checked
======== We are on link 147 of 255
========== raw link https://help.pornhub.com/hc/en-us/articles/4419878586515-How-do-I-become-a-translator
============ Checking for Redirections: https://help.pornhub.com/hc/en-us/articles/4419878586515-How-do-I-become-a-translator
============ Link unchanged
========== link already checked
======== We are on link 148 of 255
========== raw link https://help.pornhub.com/hc/en-us/articles/4419878556947-Why-can-t-I-see-my-friend-s-private-videos
============ Checking for Redirections: https://help.pornhub.com/hc/en-us/articles/4419878556947-Why-can-t-I-see-my-friend-s-private-videos
============ Link unchanged
========== link already checked
======== We are on link 149 of 255
========== raw link https://help.pornhub.com/hc/en-us/articles/4419891001875-What-is-the-difference-between-subscribers-and-friends
============ Checking for Redirections: https://help.pornhub.com/hc/en-us/articles/4419891001875-What-is-the-difference-between-subscribers-and-friends
============ Link unchanged
========== link already checked
======== We are on link 150 of 255
========== raw link https://help.pornhub.com/hc/en-us/articles/4419885333395-Is-there-a-limit-to-adding-friends
============ Checking for Redirections: https://help.pornhub.com/hc/en-us/articles/4419885333395-Is-there-a-limit-to-adding-friends
============ Link unchanged
========== link already checked
======== We are on link 151 of 255
========== raw link https://help.pornhub.com/hc/en-us/articles/4419890948115-How-do-I-send-a-private-message
============ Checking for Redirections: https://help.pornhub.com/hc/en-us/articles/4419890948115-How-do-I-send-a-private-message
============ Link unchanged
========== link already checked
======== We are on link 152 of 255
========== raw link https://help.pornhub.com/hc/en-us/articles/4419890926355-How-do-I-tag-a-user
============ Checking for Redirections: https://help.pornhub.com/hc/en-us/articles/4419890926355-How-do-I-tag-a-user
============ Link unchanged
========== link already checked
======== We are on link 153 of 255
========== raw link https://help.pornhub.com/hc/en-us/articles/4419878378259-How-do-I-remove-my-watched-videos
============ Checking for Redirections: https://help.pornhub.com/hc/en-us/articles/4419878378259-How-do-I-remove-my-watched-videos
============ Link unchanged
========== link already checked
======== We are on link 154 of 255
========== raw link https://help.pornhub.com/hc/en-us/articles/4419890885395-How-do-I-make-a-Gif
============ Checking for Redirections: https://help.pornhub.com/hc/en-us/articles/4419890885395-How-do-I-make-a-Gif
============ Link unchanged
========== link already checked
======== We are on link 155 of 255
========== raw link https://help.pornhub.com/hc/en-us/articles/4419890835859-How-do-I-edit-my-profile-about-me
============ Checking for Redirections: https://help.pornhub.com/hc/en-us/articles/4419890835859-How-do-I-edit-my-profile-about-me
============ Link unchanged
========== link already checked
======== We are on link 156 of 255
========== raw link https://help.pornhub.com/hc/en-us/articles/4419885130131-How-do-I-edit-my-video
============ Checking for Redirections: https://help.pornhub.com/hc/en-us/articles/4419885130131-How-do-I-edit-my-video
============ Link unchanged
========== link already checked
======== We are on link 157 of 255
========== raw link https://help.pornhub.com/hc/en-us/articles/4419885104787-How-do-I-edit-my-photo-album
============ Checking for Redirections: https://help.pornhub.com/hc/en-us/articles/4419885104787-How-do-I-edit-my-photo-album
============ Link unchanged
========== link already checked
======== We are on link 158 of 255
========== raw link https://help.pornhub.com/hc/en-us/articles/4419890748563-How-do-I-delete-a-photo-album
============ Checking for Redirections: https://help.pornhub.com/hc/en-us/articles/4419890748563-How-do-I-delete-a-photo-album
============ Link unchanged
========== link already checked
======== We are on link 159 of 255
========== raw link https://help.pornhub.com/hc/en-us/articles/4419885030547-How-do-I-change-my-avatar-cover-photo
============ Checking for Redirections: https://help.pornhub.com/hc/en-us/articles/4419885030547-How-do-I-change-my-avatar-cover-photo
============ Link unchanged
========== link already checked
======== We are on link 160 of 255
========== raw link https://help.pornhub.com/hc/en-us/articles/4419884998035-How-do-I-block-unblock-a-user
============ Checking for Redirections: https://help.pornhub.com/hc/en-us/articles/4419884998035-How-do-I-block-unblock-a-user
============ Link unchanged
========== link already checked
======== We are on link 161 of 255
========== raw link https://help.pornhub.com/hc/en-us/articles/4419884973971-How-do-I-add-friends
============ Checking for Redirections: https://help.pornhub.com/hc/en-us/articles/4419884973971-How-do-I-add-friends
============ Link unchanged
========== link already checked
======== We are on link 162 of 255
========== raw link https://help.pornhub.com/hc/en-us/articles/4419890616083-How-do-I-get-more-views
============ Checking for Redirections: https://help.pornhub.com/hc/en-us/articles/4419890616083-How-do-I-get-more-views
============ Link unchanged
========== link already checked
======== We are on link 163 of 255
========== raw link https://help.pornhub.com/hc/en-us/articles/4419878027411-How-do-I-get-my-video-featured
============ Checking for Redirections: https://help.pornhub.com/hc/en-us/articles/4419878027411-How-do-I-get-my-video-featured
============ Link unchanged
========== link already checked
======== We are on link 164 of 255
========== raw link https://help.pornhub.com/hc/en-us/articles/4419890517523-Can-I-restore-my-deleted-account
============ Checking for Redirections: https://help.pornhub.com/hc/en-us/articles/4419890517523-Can-I-restore-my-deleted-account
============ Link unchanged
========== link already checked
======== We are on link 165 of 255
========== raw link https://help.pornhub.com/hc/en-us/articles/4419877936915-How-do-I-change-my-gender
============ Checking for Redirections: https://help.pornhub.com/hc/en-us/articles/4419877936915-How-do-I-change-my-gender
============ Link unchanged
========== link already checked
======== We are on link 166 of 255
========== raw link https://help.pornhub.com/hc/en-us/articles/4419884818963-How-do-I-change-my-email
============ Checking for Redirections: https://help.pornhub.com/hc/en-us/articles/4419884818963-How-do-I-change-my-email
============ Link unchanged
========== link already checked
======== We are on link 167 of 255
========== raw link https://help.pornhub.com/hc/en-us/articles/4419877879571-How-do-I-change-my-username
============ Checking for Redirections: https://help.pornhub.com/hc/en-us/articles/4419877879571-How-do-I-change-my-username
============ Link unchanged
========== link already checked
======== We are on link 168 of 255
========== raw link https://help.pornhub.com/hc/en-us/articles/4419873638547-How-do-I-change-my-password
============ Checking for Redirections: https://help.pornhub.com/hc/en-us/articles/4419873638547-How-do-I-change-my-password
============ Link unchanged
========== link already checked
======== We are on link 169 of 255
========== raw link https://help.pornhub.com/hc/en-us/articles/4419877525523-What-is-a-stream
============ Checking for Redirections: https://help.pornhub.com/hc/en-us/articles/4419877525523-What-is-a-stream
============ Link unchanged
========== link already checked
======== We are on link 170 of 255
========== raw link https://help.pornhub.com/hc/en-us/articles/4419877487635-How-do-I-delete-my-account
============ Checking for Redirections: https://help.pornhub.com/hc/en-us/articles/4419877487635-How-do-I-delete-my-account
============ Link unchanged
========== link already checked
======== We are on link 171 of 255
========== raw link https://help.pornhub.com/hc/en-us/articles/4419873225747-I-forgot-my-username-password-how-can-I-get-them-back
============ Checking for Redirections: https://help.pornhub.com/hc/en-us/articles/4419873225747-I-forgot-my-username-password-how-can-I-get-them-back
============ Link unchanged
========== link already checked
======== We are on link 172 of 255
========== raw link https://help.pornhub.com/hc/en-us/articles/4419873200147-What-is-my-feed
============ Checking for Redirections: https://help.pornhub.com/hc/en-us/articles/4419873200147-What-is-my-feed
============ Link unchanged
========== link already checked
======== We are on link 173 of 255
========== raw link https://help.pornhub.com/hc/en-us/articles/4419873168275-How-do-I-post-to-my-stream-or-someone-else-s
============ Checking for Redirections: https://help.pornhub.com/hc/en-us/articles/4419873168275-How-do-I-post-to-my-stream-or-someone-else-s
============ Link unchanged
========== link already checked
======== We are on link 174 of 255
========== raw link https://help.pornhub.com/hc/en-us/articles/4419873119635-How-do-I-make-a-playlist-Private
============ Checking for Redirections: https://help.pornhub.com/hc/en-us/articles/4419873119635-How-do-I-make-a-playlist-Private
============ Link unchanged
========== link already checked
======== We are on link 175 of 255
========== raw link https://help.pornhub.com/hc/en-us/articles/4419884181139-How-do-I-create-a-new-playlist
============ Checking for Redirections: https://help.pornhub.com/hc/en-us/articles/4419884181139-How-do-I-create-a-new-playlist
============ Link unchanged
========== link already checked
======== We are on link 176 of 255
========== raw link https://help.pornhub.com/hc/en-us/articles/4419877271571-What-are-Favorites
============ Checking for Redirections: https://help.pornhub.com/hc/en-us/articles/4419877271571-What-are-Favorites
============ Link unchanged
========== link already checked
======== We are on link 177 of 255
========== raw link https://help.pornhub.com/hc/en-us/articles/4419873015443-What-are-Playlists
============ Checking for Redirections: https://help.pornhub.com/hc/en-us/articles/4419873015443-What-are-Playlists
============ Link unchanged
========== link already checked
======== We are on link 178 of 255
========== raw link https://help.pornhub.com/hc/en-us/articles/4419884062867-How-do-I-prevent-someone-from-subscribing-to-me
============ Checking for Redirections: https://help.pornhub.com/hc/en-us/articles/4419884062867-How-do-I-prevent-someone-from-subscribing-to-me
============ Link unchanged
========== link already checked
======== We are on link 179 of 255
========== raw link https://help.pornhub.com/hc/en-us/articles/4419872932627-How-do-I-unsubscribe-to-someone
============ Checking for Redirections: https://help.pornhub.com/hc/en-us/articles/4419872932627-How-do-I-unsubscribe-to-someone
============ Link unchanged
========== link already checked
======== We are on link 180 of 255
========== raw link https://help.pornhub.com/hc/en-us/articles/4419872830483-How-do-I-remove-myself-from-the-mailing-list
============ Checking for Redirections: https://help.pornhub.com/hc/en-us/articles/4419872830483-How-do-I-remove-myself-from-the-mailing-list
============ Link unchanged
========== link already checked
======== We are on link 181 of 255
========== raw link https://help.pornhub.com/hc/en-us/articles/4419883930899-How-do-I-delete-a-video
============ Checking for Redirections: https://help.pornhub.com/hc/en-us/articles/4419883930899-How-do-I-delete-a-video
============ Link unchanged
========== link already checked
======== We are on link 182 of 255
========== raw link https://help.pornhub.com/hc/en-us/articles/4419877067923-Why-should-I-get-my-account-verified
============ Checking for Redirections: https://help.pornhub.com/hc/en-us/articles/4419877067923-Why-should-I-get-my-account-verified
============ Link unchanged
========== link already checked
======== We are on link 183 of 255
========== raw link https://help.pornhub.com/hc/en-us/articles/4419883865875-How-do-I-change-the-privacy-settings-on-my-video
============ Checking for Redirections: https://help.pornhub.com/hc/en-us/articles/4419883865875-How-do-I-change-the-privacy-settings-on-my-video
============ Link unchanged
========== link already checked
======== We are on link 184 of 255
========== raw link https://help.pornhub.com/hc/en-us/articles/4419877008787-How-do-I-see-another-member-s-profile
============ Checking for Redirections: https://help.pornhub.com/hc/en-us/articles/4419877008787-How-do-I-see-another-member-s-profile
============ Link unchanged
========== link already checked
======== We are on link 185 of 255
========== raw link https://help.pornhub.com/hc/en-us/articles/4419872662163-How-do-I-upload-videos-photos-to-Pornhub
============ Checking for Redirections: https://help.pornhub.com/hc/en-us/articles/4419872662163-How-do-I-upload-videos-photos-to-Pornhub
============ Link unchanged
========== link already checked
======== We are on link 186 of 255
========== raw link https://help.pornhub.com/hc/en-us/articles/4419876961811-What-kinds-of-videos-are-unacceptable
============ Checking for Redirections: https://help.pornhub.com/hc/en-us/articles/4419876961811-What-kinds-of-videos-are-unacceptable
============ Link unchanged
========== link already checked
======== We are on link 187 of 255
========== raw link https://help.pornhub.com/hc/en-us/articles/4419876927123-What-are-tags
============ Checking for Redirections: https://help.pornhub.com/hc/en-us/articles/4419876927123-What-are-tags
============ Link unchanged
========== link already checked
======== We are on link 188 of 255
========== raw link https://help.pornhub.com/hc/en-us/articles/4419891126931-Can-I-embed-Pornhub-videos-on-my-site-for-free
============ Checking for Redirections: https://help.pornhub.com/hc/en-us/articles/4419891126931-Can-I-embed-Pornhub-videos-on-my-site-for-free
============ Link unchanged
========== link already checked
======== We are on link 189 of 255
========== raw link https://help.pornhub.com/hc/en-us/articles/4419891113491-I-am-a-content-producer-how-can-I-make-money-on-Pornhub
============ Checking for Redirections: https://help.pornhub.com/hc/en-us/articles/4419891113491-I-am-a-content-producer-how-can-I-make-money-on-Pornhub
============ Link unchanged
========== link already checked
======== We are on link 190 of 255
========== raw link https://help.pornhub.com/hc/en-us/articles/4419878618003-I-would-like-to-advertise-on-Pornhub
============ Checking for Redirections: https://help.pornhub.com/hc/en-us/articles/4419878618003-I-would-like-to-advertise-on-Pornhub
============ Link unchanged
========== link already checked
======== We are on link 191 of 255
========== raw link https://help.pornhub.com/hc/en-us/articles/34927506861843-Verification-Upload-and-Content-Moderation-Process
============ Checking for Redirections: https://help.pornhub.com/hc/en-us/articles/34927506861843-Verification-Upload-and-Content-Moderation-Process
============ Link unchanged
========== link already checked
======== We are on link 192 of 255
========== raw link https://help.pornhub.com/hc/en-us/articles/19159382668435-Trust-and-Safety-Initiatives
============ Checking for Redirections: https://help.pornhub.com/hc/en-us/articles/19159382668435-Trust-and-Safety-Initiatives
============ Link unchanged
========== link already checked
======== We are on link 193 of 255
========== raw link https://help.pornhub.com/hc/en-us/articles/4419872596115-About-The-Community
============ Checking for Redirections: https://help.pornhub.com/hc/en-us/articles/4419872596115-About-The-Community
============ Link unchanged
========== link already checked
======== We are on link 194 of 255
========== raw link https://help.pornhub.com/hc/en-us/articles/4419871944723-Core-Values
============ Checking for Redirections: https://help.pornhub.com/hc/en-us/articles/4419871944723-Core-Values
============ Link unchanged
========== link already checked
======== We are on link 195 of 255
========== raw link https://help.pornhub.com/hc/en-us/articles/4419869864211-Accessibility
============ Checking for Redirections: https://help.pornhub.com/hc/en-us/articles/4419869864211-Accessibility
============ Link unchanged
========== link already checked
======== We are on link 196 of 255
========== raw link https://help.pornhub.com/hc/en-us/articles/6017547823763-Pornhub-Literacy
============ Checking for Redirections: https://help.pornhub.com/hc/en-us/articles/6017547823763-Pornhub-Literacy
============ Link unchanged
========== link already checked
======== We are on link 197 of 255
========== raw link https://help.pornhub.com/hc/en-us/articles/4419892571155-View-Fraud
============ Checking for Redirections: https://help.pornhub.com/hc/en-us/articles/4419892571155-View-Fraud
============ Link unchanged
========== link already checked
======== We are on link 198 of 255
========== raw link https://help.pornhub.com/hc/en-us/articles/27367068631315-Translated-Articles
============ Checking for Redirections: https://help.pornhub.com/hc/en-us/articles/27367068631315-Translated-Articles
============ Link unchanged
========== link already checked
======== We are on link 199 of 255
========== raw link https://help.pornhub.com/hc/en-us/articles/4419900587155-Community-Guidelines
============ Checking for Redirections: https://help.pornhub.com/hc/en-us/articles/4419900587155-Community-Guidelines
============ Link unchanged
========== link already checked
======== We are on link 200 of 255
========== raw link https://help.pornhub.com/hc/en-us/articles/4419869793683-Child-Sexual-Abuse-Material-Policy
============ Checking for Redirections: https://help.pornhub.com/hc/en-us/articles/4419869793683-Child-Sexual-Abuse-Material-Policy
============ Link unchanged
========== link already checked
======== We are on link 201 of 255
========== raw link https://help.pornhub.com/hc/en-us/articles/4419871787027-Non-Consensual-Content-Policy
============ Checking for Redirections: https://help.pornhub.com/hc/en-us/articles/4419871787027-Non-Consensual-Content-Policy
============ Link unchanged
========== link already checked
======== We are on link 202 of 255
========== raw link https://help.pornhub.com/hc/en-us/articles/14512634908819-Hate-Speech-Policy
============ Checking for Redirections: https://help.pornhub.com/hc/en-us/articles/14512634908819-Hate-Speech-Policy
============ Link unchanged
========== link already checked
======== We are on link 203 of 255
========== raw link https://help.pornhub.com/hc/en-us/articles/7906741373971-Animal-Welfare-Policy
============ Checking for Redirections: https://help.pornhub.com/hc/en-us/articles/7906741373971-Animal-Welfare-Policy
============ Link unchanged
========== link already checked
======== We are on link 204 of 255
========== raw link https://help.pornhub.com/hc/en-us/articles/4419863430291-Violent-Content-Policy
============ Checking for Redirections: https://help.pornhub.com/hc/en-us/articles/4419863430291-Violent-Content-Policy
============ Link unchanged
========== link already checked
======== We are on link 205 of 255
========== raw link https://help.pornhub.com/hc/en-us/articles/4419861225107-Copyright
============ Checking for Redirections: https://help.pornhub.com/hc/en-us/articles/4419861225107-Copyright
============ Link unchanged
========== link already checked
======== We are on link 206 of 255
========== raw link https://help.pornhub.com/hc/en-us/articles/36113072849171-Australian-eSafety
============ Checking for Redirections: https://help.pornhub.com/hc/en-us/articles/36113072849171-Australian-eSafety
============ Link unchanged
========== link already checked
======== We are on link 207 of 255
========== raw link https://help.pornhub.com/hc/en-us/articles/4419879221907-Pornhub-Trusted-Flagger-Program
============ Checking for Redirections: https://help.pornhub.com/hc/en-us/articles/4419879221907-Pornhub-Trusted-Flagger-Program
============ Link unchanged
========== link already checked
======== We are on link 208 of 255
========== raw link https://help.pornhub.com/hc/en-us/articles/4419875025043-Report-Harmful-Content
============ Checking for Redirections: https://help.pornhub.com/hc/en-us/articles/4419875025043-Report-Harmful-Content
============ Link unchanged
========== link already checked
======== We are on link 209 of 255
========== raw link https://help.pornhub.com/hc/en-us/articles/4419868912787-Content-Removal-Request-Form
============ Checking for Redirections: https://help.pornhub.com/hc/en-us/articles/4419868912787-Content-Removal-Request-Form
============ Link unchanged
========== link already checked
======== We are on link 210 of 255
========== raw link https://help.pornhub.com/hc/en-us/articles/4419855809171-Copyright-Removal-Requests
============ Checking for Redirections: https://help.pornhub.com/hc/en-us/articles/4419855809171-Copyright-Removal-Requests
============ Link unchanged
========== link already checked
======== We are on link 211 of 255
========== raw link https://help.pornhub.com/hc/en-us/articles/4419866547475-Feedback-General-Inquiries-and-Technical-Support
============ Checking for Redirections: https://help.pornhub.com/hc/en-us/articles/4419866547475-Feedback-General-Inquiries-and-Technical-Support
============ Link unchanged
========== link already checked
======== We are on link 212 of 255
========== raw link https://help.pornhub.com/hc/en-us/articles/38929180749587-DSA-Transparency-report-February-2025
============ Checking for Redirections: https://help.pornhub.com/hc/en-us/articles/38929180749587-DSA-Transparency-report-February-2025
============ Link unchanged
========== link already checked
======== We are on link 213 of 255
========== raw link https://help.pornhub.com/hc/en-us/articles/38743689517715-2024-Transparency-Report-Second-Half
============ Checking for Redirections: https://help.pornhub.com/hc/en-us/articles/38743689517715-2024-Transparency-Report-Second-Half
============ Link unchanged
========== link already checked
======== We are on link 214 of 255
========== raw link https://help.pornhub.com/hc/en-us/articles/33098088051475-2024-Transparency-Report-First-Half
============ Checking for Redirections: https://help.pornhub.com/hc/en-us/articles/33098088051475-2024-Transparency-Report-First-Half
============ Link unchanged
========== link already checked
======== We are on link 215 of 255
========== raw link https://help.pornhub.com/hc/en-us/articles/32596021061267-EU-DSA-Transparency-Report-August-2024
============ Checking for Redirections: https://help.pornhub.com/hc/en-us/articles/32596021061267-EU-DSA-Transparency-Report-August-2024
============ Link unchanged
========== link already checked
======== We are on link 216 of 255
========== raw link https://help.pornhub.com/hc/en-us/articles/27610703413267-2023-Transparency-Report-Second-Half
============ Checking for Redirections: https://help.pornhub.com/hc/en-us/articles/27610703413267-2023-Transparency-Report-Second-Half
============ Link unchanged
========== link already checked
======== We are on link 217 of 255
========== raw link https://help.pornhub.com/hc/en-us/articles/19464887586579-2023-Transparency-Report-First-Half
============ Checking for Redirections: https://help.pornhub.com/hc/en-us/articles/19464887586579-2023-Transparency-Report-First-Half
============ Link unchanged
========== link already checked
======== We are on link 218 of 255
========== raw link https://help.pornhub.com/hc/en-us/articles/14666334117267-2022-Transparency-Report
============ Checking for Redirections: https://help.pornhub.com/hc/en-us/articles/14666334117267-2022-Transparency-Report
============ Link unchanged
========== link already checked
======== We are on link 219 of 255
========== raw link https://help.pornhub.com/hc/en-us/articles/5357457259155-2021-Transparency-Report
============ Checking for Redirections: https://help.pornhub.com/hc/en-us/articles/5357457259155-2021-Transparency-Report
============ Link unchanged
========== link already checked
======== We are on link 220 of 255
========== raw link https://help.pornhub.com/hc/en-us/articles/4419860718483-2020-Transparency-Report
============ Checking for Redirections: https://help.pornhub.com/hc/en-us/articles/4419860718483-2020-Transparency-Report
============ Link unchanged
========== link already checked
======== We are on link 221 of 255
========== raw link https://help.pornhub.com/hc/en-us/articles/4419883155347-Sexual-Wellness-Center
============ Checking for Redirections: https://help.pornhub.com/hc/en-us/articles/4419883155347-Sexual-Wellness-Center
============ Link unchanged
========== link already checked
======== We are on link 222 of 255
========== raw link https://help.pornhub.com/hc/en-us/articles/4419874097683-Mental-Health
============ Checking for Redirections: https://help.pornhub.com/hc/en-us/articles/4419874097683-Mental-Health
============ Link unchanged
========== link already checked
======== We are on link 223 of 255
========== raw link https://help.pornhub.com/hc/en-us/articles/4419885579795-Parental-Controls
============ Checking for Redirections: https://help.pornhub.com/hc/en-us/articles/4419885579795-Parental-Controls
============ Link unchanged
========== link already checked
======== We are on link 224 of 255
========== raw link https://help.pornhub.com/hc/en-us/articles/4419878696211-Notice-To-Our-Users
============ Checking for Redirections: https://help.pornhub.com/hc/en-us/articles/4419878696211-Notice-To-Our-Users
============ Link unchanged
========== link already checked
======== We are on link 225 of 255
========== raw link https://help.pornhub.com/hc/en-us/articles/4419883182867-Notice-To-Law-Enforcement
============ Checking for Redirections: https://help.pornhub.com/hc/en-us/articles/4419883182867-Notice-To-Law-Enforcement
============ Link unchanged
========== link already checked
======== We are on link 226 of 255
========== raw link #
========== dropped link (either fragment ("#"), js, mailto, comment, pdf, or empty)
======== We are on link 227 of 255
========== raw link https://www.pornhub.com/information#terms
============ Checking for Redirections: https://www.pornhub.com/information#terms
============ Followed Redirection to https://www.pornhub.com/information/terms#terms
============ Link after cleaning: https://www.pornhub.com/information/terms
========== link already checked
======== We are on link 228 of 255
========== raw link https://help.pornhub.com/hc/en-us/articles/4419869793683-Child-Sexual-Abuse-Material-Policy
============ Checking for Redirections: https://help.pornhub.com/hc/en-us/articles/4419869793683-Child-Sexual-Abuse-Material-Policy
============ Link unchanged
========== link already checked
======== We are on link 229 of 255
========== raw link https://help.pornhub.com/hc/en-us/articles/7906741373971-Animal-Welfare-Policy
============ Checking for Redirections: https://help.pornhub.com/hc/en-us/articles/7906741373971-Animal-Welfare-Policy
============ Link unchanged
========== link already checked
======== We are on link 230 of 255
========== raw link https://help.pornhub.com/hc/en-us/articles/4419863430291-Violent-Content-Policy
============ Checking for Redirections: https://help.pornhub.com/hc/en-us/articles/4419863430291-Violent-Content-Policy
============ Link unchanged
========== link already checked
======== We are on link 231 of 255
========== raw link https://help.pornhub.com/hc/en-us/articles/4419871787027-Non-Consensual-Content-Policy
============ Checking for Redirections: https://help.pornhub.com/hc/en-us/articles/4419871787027-Non-Consensual-Content-Policy
============ Link unchanged
========== link already checked
======== We are on link 232 of 255
========== raw link https://help.pornhub.com/hc/en-us/articles/14512634908819-Hate-Speech-Policy
============ Checking for Redirections: https://help.pornhub.com/hc/en-us/articles/14512634908819-Hate-Speech-Policy
============ Link unchanged
========== link already checked
======== We are on link 233 of 255
========== raw link https://help.pornhub.com/hc/en-us/articles/4419861225107-Copyright
============ Checking for Redirections: https://help.pornhub.com/hc/en-us/articles/4419861225107-Copyright
============ Link unchanged
========== link already checked
======== We are on link 234 of 255
========== raw link https://www.pornhub.com/information#terms
============ Checking for Redirections: https://www.pornhub.com/information#terms
============ Followed Redirection to https://www.pornhub.com/information/terms#terms
============ Link after cleaning: https://www.pornhub.com/information/terms
========== link already checked
======== We are on link 235 of 255
========== raw link https://www.pornhub.com/information#terms
============ Checking for Redirections: https://www.pornhub.com/information#terms
============ Followed Redirection to https://www.pornhub.com/information/terms#terms
============ Link after cleaning: https://www.pornhub.com/information/terms
========== link already checked
======== We are on link 236 of 255
========== raw link https://www.pornhub.com/information/terms
============ Checking for Redirections: https://www.pornhub.com/information/terms
============ Link unchanged
========== link already checked
======== We are on link 237 of 255
========== raw link https://www.pornhub.com/information/terms
============ Checking for Redirections: https://www.pornhub.com/information/terms
============ Link unchanged
========== link already checked
======== We are on link 238 of 255
========== raw link https://help.pornhub.com/hc/en-us/articles/360055147653-Report-Harmful-Content
============ Checking for Redirections: https://help.pornhub.com/hc/en-us/articles/360055147653-Report-Harmful-Content
============ Followed Redirection to https://help.pornhub.com/hc/en-us/articles/4419875025043-Report-Harmful-Content
============ Link after cleaning: https://help.pornhub.com/hc/en-us/articles/4419875025043-Report-Harmful-Content
========== link already checked
======== We are on link 239 of 255
========== raw link https://www.pornhub.com/content-removal
============ Checking for Redirections: https://www.pornhub.com/content-removal
============ Link unchanged
========== link already checked
======== We are on link 240 of 255
========== raw link https://www.youtube.com/csai-match/
========== dropped link https://www.youtube.com/csai-match/. Didn't pass first allows/blocks test.
======== We are on link 241 of 255
========== raw link https://www.microsoft.com/en-us/photodna
========== dropped link https://www.microsoft.com/en-us/photodna. Didn't pass first allows/blocks test.
======== We are on link 242 of 255
========== raw link https://protectingchildren.google/intl/en/#introduction
========== dropped link https://protectingchildren.google/intl/en/#introduction. Didn't pass first allows/blocks test.
======== We are on link 243 of 255
========== raw link https://safer.io/
========== dropped link https://safer.io/. Didn't pass first allows/blocks test.
======== We are on link 244 of 255
========== raw link https://www.eokm.nl/
========== dropped link https://www.eokm.nl/. Didn't pass first allows/blocks test.
======== We are on link 245 of 255
========== raw link https://www.vobilegroup.com/
========== dropped link https://www.vobilegroup.com/. Didn't pass first allows/blocks test.
======== We are on link 246 of 255
========== raw link https://www.missingkids.org/
========== dropped link https://www.missingkids.org/. Didn't pass first allows/blocks test.
======== We are on link 247 of 255
========== raw link https://takeitdown.ncmec.org/
========== dropped link https://takeitdown.ncmec.org/. Didn't pass first allows/blocks test.
======== We are on link 248 of 255
========== raw link https://www.iwf.org.uk/
========== dropped link https://www.iwf.org.uk/. Didn't pass first allows/blocks test.
======== We are on link 249 of 255
========== raw link https://stopncii.org/
========== dropped link https://stopncii.org/. Didn't pass first allows/blocks test.
======== We are on link 250 of 255
========== raw link https://www.pornhub.com/information/terms
============ Checking for Redirections: https://www.pornhub.com/information/terms
============ Link unchanged
========== link already checked
======== We are on link 251 of 255
========== raw link https://www.pornhub.com/information/terms
============ Checking for Redirections: https://www.pornhub.com/information/terms
============ Link unchanged
========== link already checked
======== We are on link 252 of 255
========== raw link https://help.pornhub.com/hc/en-us/articles/4419869793683-Child-Sexual-Abuse-Material-Policy
============ Checking for Redirections: https://help.pornhub.com/hc/en-us/articles/4419869793683-Child-Sexual-Abuse-Material-Policy
============ Link unchanged
========== link already checked
======== We are on link 253 of 255
========== raw link https://www.missingkids.org/
========== dropped link https://www.missingkids.org/. Didn't pass first allows/blocks test.
======== We are on link 254 of 255
========== raw link /hc/en-us/signin?return_to=https%3A%2F%2Fhelp.pornhub.com%2Fhc%2Fen-us%2Farticles%2F4419900587155-Community-Guidelines
============ Prepended scheme.
============ Checking for Redirections: https://hc/en-us/signin?return_to=https%3A%2F%2Fhelp.pornhub.com%2Fhc%2Fen-us%2Farticles%2F4419900587155-Community-Guidelines
========== dropped link https://hc/en-us/signin?return_to=https%3A%2F%2Fhelp.pornhub.com%2Fhc%2Fen-us%2Farticles%2F4419900587155-Community-Guidelines. Could not follow redirection (or it was a meaninglessly small page or bot blocked by sessionID).
======== We are on link 255 of 255
========== raw link /hc/en-us/signin?return_to=https%3A%2F%2Fhelp.pornhub.com%2Fhc%2Fen-us%2Farticles%2F4419900587155-Community-Guidelines
============ Prepended scheme.
============ Checking for Redirections: https://hc/en-us/signin?return_to=https%3A%2F%2Fhelp.pornhub.com%2Fhc%2Fen-us%2Farticles%2F4419900587155-Community-Guidelines
========== dropped link https://hc/en-us/signin?return_to=https%3A%2F%2Fhelp.pornhub.com%2Fhc%2Fen-us%2Farticles%2F4419900587155-Community-Guidelines. Could not follow redirection (or it was a meaninglessly small page or bot blocked by sessionID).
====== We are on page 5 of 6: https://help.pornhub.com/hc/en-us/articles/4419871787027-Non-Consensual-Content-Policy
====== Number of Links on this Page: 299
======== We are on link 1 of 299
========== raw link /hc/en-us
============ Found Relative: joining https://help.pornhub.com/hc/en-us/articles/4419871787027-Non-Consensual-Content-Policy and /hc/en-us
============ Checking for Redirections: https://help.pornhub.com/hc/en-us
============ Link after cleaning: https://help.pornhub.com/hc/en-us
========== link already checked
======== We are on link 2 of 299
========== raw link https://www.pornhub.com/support
============ Checking for Redirections: https://www.pornhub.com/support
============ Link unchanged
========== link already checked
======== We are on link 3 of 299
========== raw link /hc/en-us/signin?return_to=https%3A%2F%2Fhelp.pornhub.com%2Fhc%2Fen-us%2Farticles%2F4419871787027-Non-Consensual-Content-Policy&locale=en-us
============ Prepended scheme.
============ Checking for Redirections: https://hc/en-us/signin?return_to=https%3A%2F%2Fhelp.pornhub.com%2Fhc%2Fen-us%2Farticles%2F4419871787027-Non-Consensual-Content-Policy&locale=en-us
========== dropped link https://hc/en-us/signin?return_to=https%3A%2F%2Fhelp.pornhub.com%2Fhc%2Fen-us%2Farticles%2F4419871787027-Non-Consensual-Content-Policy&locale=en-us. Could not follow redirection (or it was a meaninglessly small page or bot blocked by sessionID).
======== We are on link 4 of 299
========== raw link /hc/en-us
============ Found Relative: joining https://help.pornhub.com/hc/en-us/articles/4419871787027-Non-Consensual-Content-Policy and /hc/en-us
============ Checking for Redirections: https://help.pornhub.com/hc/en-us
============ Link after cleaning: https://help.pornhub.com/hc/en-us
========== link already checked
======== We are on link 5 of 299
========== raw link /hc/en-us/categories/4419836212499-Our-Commitment-to-Trust-and-Safety
============ Found Relative: joining https://help.pornhub.com/hc/en-us/articles/4419871787027-Non-Consensual-Content-Policy and /hc/en-us/categories/4419836212499-Our-Commitment-to-Trust-and-Safety
============ Checking for Redirections: https://help.pornhub.com/hc/en-us/categories/4419836212499-Our-Commitment-to-Trust-and-Safety
============ Link after cleaning: https://help.pornhub.com/hc/en-us/categories/4419836212499-Our-Commitment-to-Trust-and-Safety
========== link already checked
======== We are on link 6 of 299
========== raw link /hc/en-us/sections/4419836270483-Policies-and-Related-Guidelines
============ Found Relative: joining https://help.pornhub.com/hc/en-us/articles/4419871787027-Non-Consensual-Content-Policy and /hc/en-us/sections/4419836270483-Policies-and-Related-Guidelines
============ Checking for Redirections: https://help.pornhub.com/hc/en-us/sections/4419836270483-Policies-and-Related-Guidelines
============ Link after cleaning: https://help.pornhub.com/hc/en-us/sections/4419836270483-Policies-and-Related-Guidelines
========== link already checked
======== We are on link 7 of 299
========== raw link /hc
============ Found Relative: joining https://help.pornhub.com/hc/en-us/articles/4419871787027-Non-Consensual-Content-Policy and /hc
============ Checking for Redirections: https://help.pornhub.com/hc
============ Followed Redirection to https://help.pornhub.com/hc/en-us
============ Link after cleaning: https://help.pornhub.com/hc/en-us
========== link already checked
======== We are on link 8 of 299
========== raw link https://help.pornhub.com/hc/en-us/articles/4419879760403-How-to-Sign-Up-and-Join-the-Model-Program
============ Checking for Redirections: https://help.pornhub.com/hc/en-us/articles/4419879760403-How-to-Sign-Up-and-Join-the-Model-Program
============ Link unchanged
========== link already checked
======== We are on link 9 of 299
========== raw link https://help.pornhub.com/hc/en-us/articles/4419875178131-Model-Agreement
============ Checking for Redirections: https://help.pornhub.com/hc/en-us/articles/4419875178131-Model-Agreement
============ Link unchanged
========== link already checked
======== We are on link 10 of 299
========== raw link https://help.pornhub.com/hc/en-us/articles/22370181992083-Working-with-Co-Performers
============ Checking for Redirections: https://help.pornhub.com/hc/en-us/articles/22370181992083-Working-with-Co-Performers
============ Link unchanged
========== link already checked
======== We are on link 11 of 299
========== raw link https://help.pornhub.com/hc/en-us/articles/4419896613651-What-Co-Performer-Verification-Tools-are-Available
============ Checking for Redirections: https://help.pornhub.com/hc/en-us/articles/4419896613651-What-Co-Performer-Verification-Tools-are-Available
============ Link unchanged
========== link already checked
======== We are on link 12 of 299
========== raw link https://help.pornhub.com/hc/en-us/articles/4419856820115-Yoti-Supported-Documents-Per-Country
============ Checking for Redirections: https://help.pornhub.com/hc/en-us/articles/4419856820115-Yoti-Supported-Documents-Per-Country
============ Link unchanged
========== link already checked
======== We are on link 13 of 299
========== raw link https://help.pornhub.com/hc/en-us/articles/4419867936403-Pornhub-Model-Ranks
============ Checking for Redirections: https://help.pornhub.com/hc/en-us/articles/4419867936403-Pornhub-Model-Ranks
============ Link unchanged
========== link already checked
======== We are on link 14 of 299
========== raw link https://help.pornhub.com/hc/en-us/articles/4419860873747-Common-Questions
============ Checking for Redirections: https://help.pornhub.com/hc/en-us/articles/4419860873747-Common-Questions
============ Link unchanged
========== link already checked
======== We are on link 15 of 299
========== raw link https://help.pornhub.com/hc/en-us/articles/37688572620691-What-is-a-Verification-Image
============ Checking for Redirections: https://help.pornhub.com/hc/en-us/articles/37688572620691-What-is-a-Verification-Image
============ Link unchanged
========== link already checked
======== We are on link 16 of 299
========== raw link https://help.pornhub.com/hc/en-us/articles/30044084286099-How-do-I-set-up-Two-Factor-Authentication
============ Checking for Redirections: https://help.pornhub.com/hc/en-us/articles/30044084286099-How-do-I-set-up-Two-Factor-Authentication
============ Link unchanged
========== link already checked
======== We are on link 17 of 299
========== raw link https://help.pornhub.com/hc/en-us/articles/25071002518163-Sponsored-Content
============ Checking for Redirections: https://help.pornhub.com/hc/en-us/articles/25071002518163-Sponsored-Content
============ Link unchanged
========== link already checked
======== We are on link 18 of 299
========== raw link https://help.pornhub.com/hc/en-us/articles/4419890393619-Setting-Up-Your-Profile
============ Checking for Redirections: https://help.pornhub.com/hc/en-us/articles/4419890393619-Setting-Up-Your-Profile
============ Link unchanged
========== link already checked
======== We are on link 19 of 299
========== raw link https://help.pornhub.com/hc/en-us/articles/4419872101139-Earnings-and-Payments
============ Checking for Redirections: https://help.pornhub.com/hc/en-us/articles/4419872101139-Earnings-and-Payments
============ Link unchanged
========== link already checked
======== We are on link 20 of 299
========== raw link https://help.pornhub.com/hc/en-us/articles/4419870696083-How-To-Upload-Videos
============ Checking for Redirections: https://help.pornhub.com/hc/en-us/articles/4419870696083-How-To-Upload-Videos
============ Link unchanged
========== link already checked
======== We are on link 21 of 299
========== raw link https://help.pornhub.com/hc/en-us/articles/6371832116627-Become-a-Creator-for-Animated-Audio-Gameplay-or-Compilations-Content
============ Checking for Redirections: https://help.pornhub.com/hc/en-us/articles/6371832116627-Become-a-Creator-for-Animated-Audio-Gameplay-or-Compilations-Content
============ Link unchanged
========== link already checked
======== We are on link 22 of 299
========== raw link https://help.pornhub.com/hc/en-us/articles/4419862880787-Online-Safety-and-Content-Removal
============ Checking for Redirections: https://help.pornhub.com/hc/en-us/articles/4419862880787-Online-Safety-and-Content-Removal
============ Link unchanged
========== link already checked
======== We are on link 23 of 299
========== raw link https://help.pornhub.com/hc/en-us/articles/29831714844307-Can-I-Still-Monetize-Shorter-Videos
============ Checking for Redirections: https://help.pornhub.com/hc/en-us/articles/29831714844307-Can-I-Still-Monetize-Shorter-Videos
============ Link unchanged
========== link already checked
======== We are on link 24 of 299
========== raw link https://help.pornhub.com/hc/en-us/articles/26238818095635-What-Are-Tiers
============ Checking for Redirections: https://help.pornhub.com/hc/en-us/articles/26238818095635-What-Are-Tiers
============ Link unchanged
========== link already checked
======== We are on link 25 of 299
========== raw link https://help.pornhub.com/hc/en-us/articles/26163541571091-When-Does-the-Tiers-Program-Begin
============ Checking for Redirections: https://help.pornhub.com/hc/en-us/articles/26163541571091-When-Does-the-Tiers-Program-Begin
============ Link unchanged
========== link already checked
======== We are on link 26 of 299
========== raw link https://help.pornhub.com/hc/en-us/articles/26163716355731-Can-I-Do-Batch-Uploads-and-Scheduled-Releases
============ Checking for Redirections: https://help.pornhub.com/hc/en-us/articles/26163716355731-Can-I-Do-Batch-Uploads-and-Scheduled-Releases
============ Link unchanged
========== link already checked
======== We are on link 27 of 299
========== raw link https://help.pornhub.com/hc/en-us/articles/26163424150035-How-Do-Tiers-Work
============ Checking for Redirections: https://help.pornhub.com/hc/en-us/articles/26163424150035-How-Do-Tiers-Work
============ Link unchanged
========== link already checked
======== We are on link 28 of 299
========== raw link https://help.pornhub.com/hc/en-us/articles/26163601244307-How-Can-I-Move-Up-in-Tiers
============ Checking for Redirections: https://help.pornhub.com/hc/en-us/articles/26163601244307-How-Can-I-Move-Up-in-Tiers
============ Link unchanged
========== link already checked
======== We are on link 29 of 299
========== raw link https://help.pornhub.com/hc/en-us/articles/26163645796755-Where-Can-I-See-my-Current-Tier
============ Checking for Redirections: https://help.pornhub.com/hc/en-us/articles/26163645796755-Where-Can-I-See-my-Current-Tier
============ Link unchanged
========== link already checked
======== We are on link 30 of 299
========== raw link https://help.pornhub.com/hc/en-us/articles/26163503999763-How-Often-Will-Tiers-be-Assessed
============ Checking for Redirections: https://help.pornhub.com/hc/en-us/articles/26163503999763-How-Often-Will-Tiers-be-Assessed
============ Link unchanged
========== link already checked
======== We are on link 31 of 299
========== raw link https://help.pornhub.com/hc/en-us/articles/26163607577875-How-is-Ad-Revenue-Calculated
============ Checking for Redirections: https://help.pornhub.com/hc/en-us/articles/26163607577875-How-is-Ad-Revenue-Calculated
============ Link unchanged
========== link already checked
======== We are on link 32 of 299
========== raw link https://help.pornhub.com/hc/en-us/articles/26163687990547-How-Do-I-Remain-Active-in-the-Tiers-Program
============ Checking for Redirections: https://help.pornhub.com/hc/en-us/articles/26163687990547-How-Do-I-Remain-Active-in-the-Tiers-Program
============ Link unchanged
========== link already checked
======== We are on link 33 of 299
========== raw link https://help.pornhub.com/hc/en-us/articles/26163624356371-What-Happens-if-I-Forget-to-Upload-a-Video-Each-Quarter
============ Checking for Redirections: https://help.pornhub.com/hc/en-us/articles/26163624356371-What-Happens-if-I-Forget-to-Upload-a-Video-Each-Quarter
============ Link unchanged
========== link already checked
======== We are on link 34 of 299
========== raw link https://help.pornhub.com/hc/en-us/articles/26163637347731-What-if-I-Create-a-Model-Account-in-the-Middle-of-the-Quarter
============ Checking for Redirections: https://help.pornhub.com/hc/en-us/articles/26163637347731-What-if-I-Create-a-Model-Account-in-the-Middle-of-the-Quarter
============ Link unchanged
========== link already checked
======== We are on link 35 of 299
========== raw link https://help.pornhub.com/hc/en-us/articles/26163575091219-What-Rank-Appears-on-My-Model-Profile
============ Checking for Redirections: https://help.pornhub.com/hc/en-us/articles/26163575091219-What-Rank-Appears-on-My-Model-Profile
============ Link unchanged
========== link already checked
======== We are on link 36 of 299
========== raw link https://help.pornhub.com/hc/en-us/articles/32742698880019-Why-can-t-I-find-a-Collaborator-when-trying-to-tag-them
============ Checking for Redirections: https://help.pornhub.com/hc/en-us/articles/32742698880019-Why-can-t-I-find-a-Collaborator-when-trying-to-tag-them
============ Link unchanged
========== link already checked
======== We are on link 37 of 299
========== raw link https://help.pornhub.com/hc/en-us/articles/32742701808275-Can-I-tag-a-Model-twice-if-I-have-them-as-a-Co-Performer-and-Collaborator
============ Checking for Redirections: https://help.pornhub.com/hc/en-us/articles/32742701808275-Can-I-tag-a-Model-twice-if-I-have-them-as-a-Co-Performer-and-Collaborator
============ Link unchanged
========== link already checked
======== We are on link 38 of 299
========== raw link https://help.pornhub.com/hc/en-us/articles/32742657804563-How-do-I-tag-a-Collaborator
============ Checking for Redirections: https://help.pornhub.com/hc/en-us/articles/32742657804563-How-do-I-tag-a-Collaborator
============ Link unchanged
========== link already checked
======== We are on link 39 of 299
========== raw link https://help.pornhub.com/hc/en-us/articles/32737476610835-Will-my-tagged-Collaborators-appear-on-the-video
============ Checking for Redirections: https://help.pornhub.com/hc/en-us/articles/32737476610835-Will-my-tagged-Collaborators-appear-on-the-video
============ Link unchanged
========== link already checked
======== We are on link 40 of 299
========== raw link https://help.pornhub.com/hc/en-us/articles/31896858829075-Spam-and-Abuse-Rules-and-Consequences
============ Checking for Redirections: https://help.pornhub.com/hc/en-us/articles/31896858829075-Spam-and-Abuse-Rules-and-Consequences
============ Link unchanged
========== link already checked
======== We are on link 41 of 299
========== raw link https://help.pornhub.com/hc/en-us/articles/32737108701587-What-is-Collaborators
============ Checking for Redirections: https://help.pornhub.com/hc/en-us/articles/32737108701587-What-is-Collaborators
============ Link unchanged
========== link already checked
======== We are on link 42 of 299
========== raw link https://help.pornhub.com/hc/en-us/articles/32737163246739-How-does-Collaborators-work
============ Checking for Redirections: https://help.pornhub.com/hc/en-us/articles/32737163246739-How-does-Collaborators-work
============ Link unchanged
========== link already checked
======== We are on link 43 of 299
========== raw link https://help.pornhub.com/hc/en-us/articles/32737248805267-Can-I-still-submit-IDs-and-Release-Forms
============ Checking for Redirections: https://help.pornhub.com/hc/en-us/articles/32737248805267-Can-I-still-submit-IDs-and-Release-Forms
============ Link unchanged
========== link already checked
======== We are on link 44 of 299
========== raw link https://help.pornhub.com/hc/en-us/articles/32744739375891-Can-I-still-upload-a-Model-as-a-Co-Performer-if-my-Collaboration-Request-gets-rejected
============ Checking for Redirections: https://help.pornhub.com/hc/en-us/articles/32744739375891-Can-I-still-upload-a-Model-as-a-Co-Performer-if-my-Collaboration-Request-gets-rejected
============ Link unchanged
========== link already checked
======== We are on link 45 of 299
========== raw link https://help.pornhub.com/hc/en-us/articles/32742771883027-Why-is-my-collab-request-button-disabled
============ Checking for Redirections: https://help.pornhub.com/hc/en-us/articles/32742771883027-Why-is-my-collab-request-button-disabled
============ Link unchanged
========== link already checked
======== We are on link 46 of 299
========== raw link https://help.pornhub.com/hc/en-us/articles/32737712766867-Can-I-opt-out-of-being-a-Collaborator
============ Checking for Redirections: https://help.pornhub.com/hc/en-us/articles/32737712766867-Can-I-opt-out-of-being-a-Collaborator
============ Link unchanged
========== link already checked
======== We are on link 47 of 299
========== raw link https://help.pornhub.com/hc/en-us/articles/32753128635283-What-happens-if-I-revoke-a-collab-request
============ Checking for Redirections: https://help.pornhub.com/hc/en-us/articles/32753128635283-What-happens-if-I-revoke-a-collab-request
============ Link unchanged
========== link already checked
======== We are on link 48 of 299
========== raw link https://help.pornhub.com/hc/en-us/articles/32744687729939-What-is-the-difference-between-the-3-Collab-Request-Settings
============ Checking for Redirections: https://help.pornhub.com/hc/en-us/articles/32744687729939-What-is-the-difference-between-the-3-Collab-Request-Settings
============ Link unchanged
========== link already checked
======== We are on link 49 of 299
========== raw link https://help.pornhub.com/hc/en-us/articles/32737208736403-How-do-I-send-and-receive-collaboration-requests
============ Checking for Redirections: https://help.pornhub.com/hc/en-us/articles/32737208736403-How-do-I-send-and-receive-collaboration-requests
============ Link unchanged
========== link already checked
======== We are on link 50 of 299
========== raw link https://help.pornhub.com/hc/en-us/articles/32737650660243-Why-can-t-I-send-a-collab-request-to-a-Model
============ Checking for Redirections: https://help.pornhub.com/hc/en-us/articles/32737650660243-Why-can-t-I-send-a-collab-request-to-a-Model
============ Link unchanged
========== link already checked
======== We are on link 51 of 299
========== raw link https://help.pornhub.com/hc/en-us/articles/32737569656339-How-do-I-cancel-a-Collaboration-request
============ Checking for Redirections: https://help.pornhub.com/hc/en-us/articles/32737569656339-How-do-I-cancel-a-Collaboration-request
============ Link unchanged
========== link already checked
======== We are on link 52 of 299
========== raw link https://help.pornhub.com/hc/en-us/articles/32737675455379-What-are-the-different-collab-request-statuses
============ Checking for Redirections: https://help.pornhub.com/hc/en-us/articles/32737675455379-What-are-the-different-collab-request-statuses
============ Link unchanged
========== link already checked
======== We are on link 53 of 299
========== raw link https://help.pornhub.com/hc/en-us/articles/32737463025811-Will-I-need-to-send-a-collab-request-for-every-video
============ Checking for Redirections: https://help.pornhub.com/hc/en-us/articles/32737463025811-Will-I-need-to-send-a-collab-request-for-every-video
============ Link unchanged
========== link already checked
======== We are on link 54 of 299
========== raw link https://help.pornhub.com/hc/en-us/articles/32738638631443-What-should-I-do-if-I-made-a-mistake
============ Checking for Redirections: https://help.pornhub.com/hc/en-us/articles/32738638631443-What-should-I-do-if-I-made-a-mistake
============ Link unchanged
========== link already checked
======== We are on link 55 of 299
========== raw link https://help.pornhub.com/hc/en-us/articles/32738672854931-What-is-the-difference-between-a-Co-Performer-and-a-Collaborator
============ Checking for Redirections: https://help.pornhub.com/hc/en-us/articles/32738672854931-What-is-the-difference-between-a-Co-Performer-and-a-Collaborator
============ Link unchanged
========== link already checked
======== We are on link 56 of 299
========== raw link https://help.pornhub.com/hc/en-us/articles/32737338627859-Do-my-Co-Performers-need-to-sign-a-Release-Form-each-time-we-film
============ Checking for Redirections: https://help.pornhub.com/hc/en-us/articles/32737338627859-Do-my-Co-Performers-need-to-sign-a-Release-Form-each-time-we-film
============ Link unchanged
========== link already checked
======== We are on link 57 of 299
========== raw link https://help.pornhub.com/hc/en-us/articles/32744675868947-Do-I-still-need-to-submit-IDs-and-Release-forms-if-I-have-them-as-a-Collaborator
============ Checking for Redirections: https://help.pornhub.com/hc/en-us/articles/32744675868947-Do-I-still-need-to-submit-IDs-and-Release-forms-if-I-have-them-as-a-Collaborator
============ Link unchanged
========== link already checked
======== We are on link 58 of 299
========== raw link https://help.pornhub.com/hc/en-us/articles/19695173119251-What-are-Shorties
============ Checking for Redirections: https://help.pornhub.com/hc/en-us/articles/19695173119251-What-are-Shorties
============ Link unchanged
========== link already checked
======== We are on link 59 of 299
========== raw link https://help.pornhub.com/hc/en-us/articles/4419879098643-Viewers-Choice-Monthly-Contest
============ Checking for Redirections: https://help.pornhub.com/hc/en-us/articles/4419879098643-Viewers-Choice-Monthly-Contest
============ Link unchanged
========== link already checked
======== We are on link 60 of 299
========== raw link https://help.pornhub.com/hc/en-us/articles/4419844380819-How-to-Succeed
============ Checking for Redirections: https://help.pornhub.com/hc/en-us/articles/4419844380819-How-to-Succeed
============ Link unchanged
========== link already checked
======== We are on link 61 of 299
========== raw link https://help.pornhub.com/hc/en-us/articles/4419859334675-How-do-I-get-my-video-featured
============ Checking for Redirections: https://help.pornhub.com/hc/en-us/articles/4419859334675-How-do-I-get-my-video-featured
============ Link unchanged
========== link already checked
======== We are on link 62 of 299
========== raw link https://help.pornhub.com/hc/en-us/articles/4419847498131-How-can-I-get-my-videos-in-the-hottest-section
============ Checking for Redirections: https://help.pornhub.com/hc/en-us/articles/4419847498131-How-can-I-get-my-videos-in-the-hottest-section
============ Link unchanged
========== link already checked
======== We are on link 63 of 299
========== raw link https://help.pornhub.com/hc/en-us/articles/4419858483475-Top-Searches-on-Pornhub
============ Checking for Redirections: https://help.pornhub.com/hc/en-us/articles/4419858483475-Top-Searches-on-Pornhub
============ Link unchanged
========== link already checked
======== We are on link 64 of 299
========== raw link https://help.pornhub.com/hc/en-us/articles/4419858321555-Photo-Albums-and-Tease-Content
============ Checking for Redirections: https://help.pornhub.com/hc/en-us/articles/4419858321555-Photo-Albums-and-Tease-Content
============ Link unchanged
========== link already checked
======== We are on link 65 of 299
========== raw link https://help.pornhub.com/hc/en-us/articles/4419858238483-What-NOT-to-do
============ Checking for Redirections: https://help.pornhub.com/hc/en-us/articles/4419858238483-What-NOT-to-do
============ Link unchanged
========== link already checked
======== We are on link 66 of 299
========== raw link https://help.pornhub.com/hc/en-us/articles/4419900622355-Contests-and-Awards
============ Checking for Redirections: https://help.pornhub.com/hc/en-us/articles/4419900622355-Contests-and-Awards
============ Link unchanged
========== link already checked
======== We are on link 67 of 299
========== raw link https://help.pornhub.com/hc/en-us/articles/4419882240915-Uploading-Videos
============ Checking for Redirections: https://help.pornhub.com/hc/en-us/articles/4419882240915-Uploading-Videos
============ Link unchanged
========== link already checked
======== We are on link 68 of 299
========== raw link https://help.pornhub.com/hc/en-us/articles/4419907502611-Fan-Interaction
============ Checking for Redirections: https://help.pornhub.com/hc/en-us/articles/4419907502611-Fan-Interaction
============ Link unchanged
========== link already checked
======== We are on link 69 of 299
========== raw link https://help.pornhub.com/hc/en-us/articles/4419865717779-Social-Media-and-Self-Promotion
============ Checking for Redirections: https://help.pornhub.com/hc/en-us/articles/4419865717779-Social-Media-and-Self-Promotion
============ Link unchanged
========== link already checked
======== We are on link 70 of 299
========== raw link https://help.pornhub.com/hc/en-us/articles/4419853219219-Referral-Program
============ Checking for Redirections: https://help.pornhub.com/hc/en-us/articles/4419853219219-Referral-Program
============ Link unchanged
========== link already checked
======== We are on link 71 of 299
========== raw link https://help.pornhub.com/hc/en-us/articles/4419860087955-How-to-Add-a-Custom-Thumbnail
============ Checking for Redirections: https://help.pornhub.com/hc/en-us/articles/4419860087955-How-to-Add-a-Custom-Thumbnail
============ Link unchanged
========== link already checked
======== We are on link 72 of 299
========== raw link https://help.pornhub.com/hc/en-us/articles/4419852644627-Make-More-Money-in-the-Model-Program-with-Auto-Exports
============ Checking for Redirections: https://help.pornhub.com/hc/en-us/articles/4419852644627-Make-More-Money-in-the-Model-Program-with-Auto-Exports
============ Link unchanged
========== link already checked
======== We are on link 73 of 299
========== raw link https://help.pornhub.com/hc/en-us/articles/4419859575315-Exclusivity-Let-Pornhub-Work-For-You
============ Checking for Redirections: https://help.pornhub.com/hc/en-us/articles/4419859575315-Exclusivity-Let-Pornhub-Work-For-You
============ Link unchanged
========== link already checked
======== We are on link 74 of 299
========== raw link https://help.pornhub.com/hc/en-us/articles/4419878848019-What-is-the-Content-Partner-Program
============ Checking for Redirections: https://help.pornhub.com/hc/en-us/articles/4419878848019-What-is-the-Content-Partner-Program
============ Link unchanged
========== link already checked
======== We are on link 75 of 299
========== raw link https://help.pornhub.com/hc/en-us/articles/4419872356243-How-do-I-join
============ Checking for Redirections: https://help.pornhub.com/hc/en-us/articles/4419872356243-How-do-I-join
============ Link unchanged
========== link already checked
======== We are on link 76 of 299
========== raw link https://help.pornhub.com/hc/en-us/articles/4419882668563-What-is-a-paysite
============ Checking for Redirections: https://help.pornhub.com/hc/en-us/articles/4419882668563-What-is-a-paysite
============ Link unchanged
========== link already checked
======== We are on link 77 of 299
========== raw link https://help.pornhub.com/hc/en-us/articles/4419869391763-What-is-an-affiliate-program
============ Checking for Redirections: https://help.pornhub.com/hc/en-us/articles/4419869391763-What-is-an-affiliate-program
============ Link unchanged
========== link already checked
======== We are on link 78 of 299
========== raw link https://help.pornhub.com/hc/en-us/articles/4419848614035-What-type-of-payment-methods-are-accepted
============ Checking for Redirections: https://help.pornhub.com/hc/en-us/articles/4419848614035-What-type-of-payment-methods-are-accepted
============ Link unchanged
========== link already checked
======== We are on link 79 of 299
========== raw link https://help.pornhub.com/hc/en-us/articles/4419855988371-What-percentage-of-Revshare-or-PPS-rate-do-we-accept
============ Checking for Redirections: https://help.pornhub.com/hc/en-us/articles/4419855988371-What-percentage-of-Revshare-or-PPS-rate-do-we-accept
============ Link unchanged
========== link already checked
======== We are on link 80 of 299
========== raw link https://help.pornhub.com/hc/en-us/articles/4419867791507-Pornhub-Playbook-Content-Partner-Guide
============ Checking for Redirections: https://help.pornhub.com/hc/en-us/articles/4419867791507-Pornhub-Playbook-Content-Partner-Guide
============ Link unchanged
========== link already checked
======== We are on link 81 of 299
========== raw link https://help.pornhub.com/hc/en-us/articles/26559518891667-What-are-Tiers
============ Checking for Redirections: https://help.pornhub.com/hc/en-us/articles/26559518891667-What-are-Tiers
============ Link unchanged
========== link already checked
======== We are on link 82 of 299
========== raw link https://help.pornhub.com/hc/en-us/articles/26559514317459-How-do-Tiers-Work
============ Checking for Redirections: https://help.pornhub.com/hc/en-us/articles/26559514317459-How-do-Tiers-Work
============ Link unchanged
========== link already checked
======== We are on link 83 of 299
========== raw link https://help.pornhub.com/hc/en-us/articles/26559864230803-What-if-I-Create-a-New-Channel-in-the-Middle-of-the-Quarter
============ Checking for Redirections: https://help.pornhub.com/hc/en-us/articles/26559864230803-What-if-I-Create-a-New-Channel-in-the-Middle-of-the-Quarter
============ Link unchanged
========== link already checked
======== We are on link 84 of 299
========== raw link https://help.pornhub.com/hc/en-us/articles/26560004103059-Can-I-do-Batch-Uploads-and-Scheduled-Releases
============ Checking for Redirections: https://help.pornhub.com/hc/en-us/articles/26560004103059-Can-I-do-Batch-Uploads-and-Scheduled-Releases
============ Link unchanged
========== link already checked
======== We are on link 85 of 299
========== raw link https://help.pornhub.com/hc/en-us/articles/26560658171539-Will-Tiers-Only-Affect-Pornhub
============ Checking for Redirections: https://help.pornhub.com/hc/en-us/articles/26560658171539-Will-Tiers-Only-Affect-Pornhub
============ Link unchanged
========== link already checked
======== We are on link 86 of 299
========== raw link https://help.pornhub.com/hc/en-us/articles/26560403362835-When-Does-the-Tiers-Program-Begin
============ Checking for Redirections: https://help.pornhub.com/hc/en-us/articles/26560403362835-When-Does-the-Tiers-Program-Begin
============ Link unchanged
========== link already checked
======== We are on link 87 of 299
========== raw link https://help.pornhub.com/hc/en-us/articles/26559644325779-How-Does-Ad-Revenue-Work
============ Checking for Redirections: https://help.pornhub.com/hc/en-us/articles/26559644325779-How-Does-Ad-Revenue-Work
============ Link unchanged
========== link already checked
======== We are on link 88 of 299
========== raw link https://help.pornhub.com/hc/en-us/articles/26559669762451-How-Will-my-Overall-Revenue-Change
============ Checking for Redirections: https://help.pornhub.com/hc/en-us/articles/26559669762451-How-Will-my-Overall-Revenue-Change
============ Link unchanged
========== link already checked
======== We are on link 89 of 299
========== raw link https://help.pornhub.com/hc/en-us/articles/26559835333011-How-Often-Will-Tiers-be-Assessed
============ Checking for Redirections: https://help.pornhub.com/hc/en-us/articles/26559835333011-How-Often-Will-Tiers-be-Assessed
============ Link unchanged
========== link already checked
======== We are on link 90 of 299
========== raw link https://help.pornhub.com/hc/en-us/articles/26559565981715-How-Can-I-Move-Up-in-Tiers
============ Checking for Redirections: https://help.pornhub.com/hc/en-us/articles/26559565981715-How-Can-I-Move-Up-in-Tiers
============ Link unchanged
========== link already checked
======== We are on link 91 of 299
========== raw link https://help.pornhub.com/hc/en-us/articles/26560406689299-How-Do-I-Remain-Active-in-the-Tiers-Program
============ Checking for Redirections: https://help.pornhub.com/hc/en-us/articles/26560406689299-How-Do-I-Remain-Active-in-the-Tiers-Program
============ Link unchanged
========== link already checked
======== We are on link 92 of 299
========== raw link https://help.pornhub.com/hc/en-us/articles/26560594072083-Can-I-Move-Content-from-a-Low-Tier-Channel-to-a-High-Tier-Channel
============ Checking for Redirections: https://help.pornhub.com/hc/en-us/articles/26560594072083-Can-I-Move-Content-from-a-Low-Tier-Channel-to-a-High-Tier-Channel
============ Link unchanged
========== link already checked
======== We are on link 93 of 299
========== raw link https://help.pornhub.com/hc/en-us/articles/26559944327443-Where-Can-I-See-my-Channel-s-Current-Tier
============ Checking for Redirections: https://help.pornhub.com/hc/en-us/articles/26559944327443-Where-Can-I-See-my-Channel-s-Current-Tier
============ Link unchanged
========== link already checked
======== We are on link 94 of 299
========== raw link https://help.pornhub.com/hc/en-us/articles/26559736075667-What-Happens-if-I-Forget-to-Upload-a-Video-Each-Quarter
============ Checking for Redirections: https://help.pornhub.com/hc/en-us/articles/26559736075667-What-Happens-if-I-Forget-to-Upload-a-Video-Each-Quarter
============ Link unchanged
========== link already checked
======== We are on link 95 of 299
========== raw link https://help.pornhub.com/hc/en-us/articles/4419872377363-Ad-dimensions-and-specs
============ Checking for Redirections: https://help.pornhub.com/hc/en-us/articles/4419872377363-Ad-dimensions-and-specs
============ Link unchanged
========== link already checked
======== We are on link 96 of 299
========== raw link https://help.pornhub.com/hc/en-us/articles/4419875853715-How-do-I-update-my-channel-header-image-and-logo
============ Checking for Redirections: https://help.pornhub.com/hc/en-us/articles/4419875853715-How-do-I-update-my-channel-header-image-and-logo
============ Link unchanged
========== link already checked
======== We are on link 97 of 299
========== raw link https://help.pornhub.com/hc/en-us/articles/4419891349651-Adding-Custom-Thumbnails
============ Checking for Redirections: https://help.pornhub.com/hc/en-us/articles/4419891349651-Adding-Custom-Thumbnails
============ Link unchanged
========== link already checked
======== We are on link 98 of 299
========== raw link https://help.pornhub.com/hc/en-us/articles/4419883637907-How-do-I-upload-videos
============ Checking for Redirections: https://help.pornhub.com/hc/en-us/articles/4419883637907-How-do-I-upload-videos
============ Link unchanged
========== link already checked
======== We are on link 99 of 299
========== raw link https://help.pornhub.com/hc/en-us/articles/4419847634579-Where-can-I-find-my-videos-stats
============ Checking for Redirections: https://help.pornhub.com/hc/en-us/articles/4419847634579-Where-can-I-find-my-videos-stats
============ Link unchanged
========== link already checked
======== We are on link 100 of 299
========== raw link https://help.pornhub.com/hc/en-us/articles/4419871577875-How-long-should-my-videos-be
============ Checking for Redirections: https://help.pornhub.com/hc/en-us/articles/4419871577875-How-long-should-my-videos-be
============ Link unchanged
========== link already checked
======== We are on link 101 of 299
========== raw link https://help.pornhub.com/hc/en-us/articles/4419869437203-Upload-Schedule-and-Frequency
============ Checking for Redirections: https://help.pornhub.com/hc/en-us/articles/4419869437203-Upload-Schedule-and-Frequency
============ Link unchanged
========== link already checked
======== We are on link 102 of 299
========== raw link https://help.pornhub.com/hc/en-us/articles/4419863257747-How-to-Format-Videos
============ Checking for Redirections: https://help.pornhub.com/hc/en-us/articles/4419863257747-How-to-Format-Videos
============ Link unchanged
========== link already checked
======== We are on link 103 of 299
========== raw link https://help.pornhub.com/hc/en-us/articles/35814069634195-What-are-Shorties
============ Checking for Redirections: https://help.pornhub.com/hc/en-us/articles/35814069634195-What-are-Shorties
============ Link unchanged
========== link already checked
======== We are on link 104 of 299
========== raw link https://help.pornhub.com/hc/en-us/articles/4419855545619-Video-Titles
============ Checking for Redirections: https://help.pornhub.com/hc/en-us/articles/4419855545619-Video-Titles
============ Link unchanged
========== link already checked
======== We are on link 105 of 299
========== raw link https://help.pornhub.com/hc/en-us/articles/4419866204819-Video-Categories
============ Checking for Redirections: https://help.pornhub.com/hc/en-us/articles/4419866204819-Video-Categories
============ Link unchanged
========== link already checked
======== We are on link 106 of 299
========== raw link https://help.pornhub.com/hc/en-us/articles/4419860542483-Video-Tags
============ Checking for Redirections: https://help.pornhub.com/hc/en-us/articles/4419860542483-Video-Tags
============ Link unchanged
========== link already checked
======== We are on link 107 of 299
========== raw link https://help.pornhub.com/hc/en-us/articles/4419853116691-Video-Thumbnails
============ Checking for Redirections: https://help.pornhub.com/hc/en-us/articles/4419853116691-Video-Thumbnails
============ Link unchanged
========== link already checked
======== We are on link 108 of 299
========== raw link https://help.pornhub.com/hc/en-us/articles/4419860032531-Video-watermark
============ Checking for Redirections: https://help.pornhub.com/hc/en-us/articles/4419860032531-Video-watermark
============ Link unchanged
========== link already checked
======== We are on link 109 of 299
========== raw link https://help.pornhub.com/hc/en-us/articles/4419848014227-Can-I-delete-my-videos
============ Checking for Redirections: https://help.pornhub.com/hc/en-us/articles/4419848014227-Can-I-delete-my-videos
============ Link unchanged
========== link already checked
======== We are on link 110 of 299
========== raw link https://help.pornhub.com/hc/en-us/articles/4419859542419-Video-Specs
============ Checking for Redirections: https://help.pornhub.com/hc/en-us/articles/4419859542419-Video-Specs
============ Link unchanged
========== link already checked
======== We are on link 111 of 299
========== raw link https://help.pornhub.com/hc/en-us/articles/4419891330195-What-is-the-Viewshare-program
============ Checking for Redirections: https://help.pornhub.com/hc/en-us/articles/4419891330195-What-is-the-Viewshare-program
============ Link unchanged
========== link already checked
======== We are on link 112 of 299
========== raw link https://help.pornhub.com/hc/en-us/articles/4419871753107-How-do-I-upload-full-length-scenes-to-Premium
============ Checking for Redirections: https://help.pornhub.com/hc/en-us/articles/4419871753107-How-do-I-upload-full-length-scenes-to-Premium
============ Link unchanged
========== link already checked
======== We are on link 113 of 299
========== raw link https://help.pornhub.com/hc/en-us/articles/4419869498131-Where-can-I-see-my-Viewshare-earnings
============ Checking for Redirections: https://help.pornhub.com/hc/en-us/articles/4419869498131-Where-can-I-see-my-Viewshare-earnings
============ Link unchanged
========== link already checked
======== We are on link 114 of 299
========== raw link https://help.pornhub.com/hc/en-us/articles/4419863232403-Why-are-this-months-earnings-an-estimate
============ Checking for Redirections: https://help.pornhub.com/hc/en-us/articles/4419863232403-Why-are-this-months-earnings-an-estimate
============ Link unchanged
========== link already checked
======== We are on link 115 of 299
========== raw link https://help.pornhub.com/hc/en-us/articles/4419855431699-How-can-I-view-my-own-premium-videos
============ Checking for Redirections: https://help.pornhub.com/hc/en-us/articles/4419855431699-How-can-I-view-my-own-premium-videos
============ Link unchanged
========== link already checked
======== We are on link 116 of 299
========== raw link https://help.pornhub.com/hc/en-us/articles/4419839721875-What-sort-of-content-is-not-allowed-on-the-site
============ Checking for Redirections: https://help.pornhub.com/hc/en-us/articles/4419839721875-What-sort-of-content-is-not-allowed-on-the-site
============ Link unchanged
========== link already checked
======== We are on link 117 of 299
========== raw link https://help.pornhub.com/hc/en-us/articles/4419882855571-What-does-it-mean-if-my-content-was-removed-for-DMCA
============ Checking for Redirections: https://help.pornhub.com/hc/en-us/articles/4419882855571-What-does-it-mean-if-my-content-was-removed-for-DMCA
============ Link unchanged
========== link already checked
======== We are on link 118 of 299
========== raw link https://help.pornhub.com/hc/en-us/articles/4419869469459-Filing-a-DMCA-Notice-of-Copyright-Infringement
============ Checking for Redirections: https://help.pornhub.com/hc/en-us/articles/4419869469459-Filing-a-DMCA-Notice-of-Copyright-Infringement
============ Link unchanged
========== link already checked
======== We are on link 119 of 299
========== raw link https://help.pornhub.com/hc/en-us/articles/4419868442643-DMCA-counter-notification-instructions
============ Checking for Redirections: https://help.pornhub.com/hc/en-us/articles/4419868442643-DMCA-counter-notification-instructions
============ Link unchanged
========== link already checked
======== We are on link 120 of 299
========== raw link https://help.pornhub.com/hc/en-us/articles/4419854363411-Do-I-have-to-send-in-2257s
============ Checking for Redirections: https://help.pornhub.com/hc/en-us/articles/4419854363411-Do-I-have-to-send-in-2257s
============ Link unchanged
========== link already checked
======== We are on link 121 of 299
========== raw link https://help.pornhub.com/hc/en-us/articles/31846202423059-What-is-Pornhub-org
============ Checking for Redirections: https://help.pornhub.com/hc/en-us/articles/31846202423059-What-is-Pornhub-org
============ Link unchanged
========== link already checked
======== We are on link 122 of 299
========== raw link https://help.pornhub.com/hc/en-us/articles/27608180788755-Tiers-Monetization-Program
============ Checking for Redirections: https://help.pornhub.com/hc/en-us/articles/27608180788755-Tiers-Monetization-Program
============ Link unchanged
========== link already checked
======== We are on link 123 of 299
========== raw link https://help.pornhub.com/hc/en-us/articles/20404403877651-Why-are-some-videos-not-playing-on-Pornhub
============ Checking for Redirections: https://help.pornhub.com/hc/en-us/articles/20404403877651-Why-are-some-videos-not-playing-on-Pornhub
============ Link unchanged
========== link already checked
======== We are on link 124 of 299
========== raw link https://help.pornhub.com/hc/en-us/articles/19866717326867-Is-Pornhub-Safe
============ Checking for Redirections: https://help.pornhub.com/hc/en-us/articles/19866717326867-Is-Pornhub-Safe
============ Link unchanged
========== link already checked
======== We are on link 125 of 299
========== raw link https://help.pornhub.com/hc/en-us/articles/6954469475347-How-can-I-watch-Pornhub-on-my-TV
============ Checking for Redirections: https://help.pornhub.com/hc/en-us/articles/6954469475347-How-can-I-watch-Pornhub-on-my-TV
============ Link unchanged
========== link already checked
======== We are on link 126 of 299
========== raw link https://help.pornhub.com/hc/en-us/articles/4419885457555-How-do-I-switch-back-to-mobile-view
============ Checking for Redirections: https://help.pornhub.com/hc/en-us/articles/4419885457555-How-do-I-switch-back-to-mobile-view
============ Link unchanged
========== link already checked
======== We are on link 127 of 299
========== raw link https://help.pornhub.com/hc/en-us/articles/4419852306707-Someone-uploaded-a-photo-or-video-of-me-without-my-consent-please-remove-it
============ Checking for Redirections: https://help.pornhub.com/hc/en-us/articles/4419852306707-Someone-uploaded-a-photo-or-video-of-me-without-my-consent-please-remove-it
============ Link unchanged
========== link already checked
======== We are on link 128 of 299
========== raw link https://help.pornhub.com/hc/en-us/articles/4419852136979-How-do-I-make-sure-a-video-of-me-or-my-content-never-gets-uploaded-to-Pornhub
============ Checking for Redirections: https://help.pornhub.com/hc/en-us/articles/4419852136979-How-do-I-make-sure-a-video-of-me-or-my-content-never-gets-uploaded-to-Pornhub
============ Link unchanged
========== link already checked
======== We are on link 129 of 299
========== raw link https://help.pornhub.com/hc/en-us/articles/4419871999251-How-do-I-watch-a-private-video
============ Checking for Redirections: https://help.pornhub.com/hc/en-us/articles/4419871999251-How-do-I-watch-a-private-video
============ Link unchanged
========== link already checked
======== We are on link 130 of 299
========== raw link https://help.pornhub.com/hc/en-us/articles/4419873971859-How-do-I-change-the-language
============ Checking for Redirections: https://help.pornhub.com/hc/en-us/articles/4419873971859-How-do-I-change-the-language
============ Link unchanged
========== link already checked
======== We are on link 131 of 299
========== raw link https://help.pornhub.com/hc/en-us/articles/4419868064147-How-do-I-get-in-touch-with-you-if-something-goes-wrong
============ Checking for Redirections: https://help.pornhub.com/hc/en-us/articles/4419868064147-How-do-I-get-in-touch-with-you-if-something-goes-wrong
============ Link unchanged
========== link already checked
======== We are on link 132 of 299
========== raw link https://help.pornhub.com/hc/en-us/articles/4419854220435-I-have-a-great-idea-for-your-site-how-can-I-tell-you
============ Checking for Redirections: https://help.pornhub.com/hc/en-us/articles/4419854220435-I-have-a-great-idea-for-your-site-how-can-I-tell-you
============ Link unchanged
========== link already checked
======== We are on link 133 of 299
========== raw link https://help.pornhub.com/hc/en-us/articles/4419860680979-Can-you-find-this-video-insert-name-here-it-has-been-deleted
============ Checking for Redirections: https://help.pornhub.com/hc/en-us/articles/4419860680979-Can-you-find-this-video-insert-name-here-it-has-been-deleted
============ Link unchanged
========== link already checked
======== We are on link 134 of 299
========== raw link https://help.pornhub.com/hc/en-us/articles/4419853296915-I-want-to-make-money-on-Pornhub-how-do-I-do-it
============ Checking for Redirections: https://help.pornhub.com/hc/en-us/articles/4419853296915-I-want-to-make-money-on-Pornhub-how-do-I-do-it
============ Link unchanged
========== link already checked
======== We are on link 135 of 299
========== raw link https://help.pornhub.com/hc/en-us/articles/4419853032595-How-much-does-it-cost-to-become-a-member
============ Checking for Redirections: https://help.pornhub.com/hc/en-us/articles/4419853032595-How-much-does-it-cost-to-become-a-member
============ Link unchanged
========== link already checked
======== We are on link 136 of 299
========== raw link https://help.pornhub.com/hc/en-us/articles/4419859913875-I-see-that-you-have-a-porn-community-Why-should-I-become-a-member-of-Pornhub
============ Checking for Redirections: https://help.pornhub.com/hc/en-us/articles/4419859913875-I-see-that-you-have-a-porn-community-Why-should-I-become-a-member-of-Pornhub
============ Link unchanged
========== link already checked
======== We are on link 137 of 299
========== raw link https://help.pornhub.com/hc/en-us/articles/4419859654035-How-do-I-cancel-my-Premium-Membership
============ Checking for Redirections: https://help.pornhub.com/hc/en-us/articles/4419859654035-How-do-I-cancel-my-Premium-Membership
============ Link unchanged
========== link already checked
======== We are on link 138 of 299
========== raw link https://help.pornhub.com/hc/en-us/articles/4419873610643-Can-I-cancel-anytime
============ Checking for Redirections: https://help.pornhub.com/hc/en-us/articles/4419873610643-Can-I-cancel-anytime
============ Link unchanged
========== link already checked
======== We are on link 139 of 299
========== raw link https://help.pornhub.com/hc/en-us/articles/4419884685459-What-features-do-I-get
============ Checking for Redirections: https://help.pornhub.com/hc/en-us/articles/4419884685459-What-features-do-I-get
============ Link unchanged
========== link already checked
======== We are on link 140 of 299
========== raw link https://help.pornhub.com/hc/en-us/articles/4419877651987-Who-are-your-content-partners
============ Checking for Redirections: https://help.pornhub.com/hc/en-us/articles/4419877651987-Who-are-your-content-partners
============ Link unchanged
========== link already checked
======== We are on link 141 of 299
========== raw link https://help.pornhub.com/hc/en-us/articles/4419877632787-How-much-is-it
============ Checking for Redirections: https://help.pornhub.com/hc/en-us/articles/4419877632787-How-much-is-it
============ Link unchanged
========== link already checked
======== We are on link 142 of 299
========== raw link https://help.pornhub.com/hc/en-us/articles/4419884534675-How-can-I-contact-support-to-cancel-or-for-help-with-my-account
============ Checking for Redirections: https://help.pornhub.com/hc/en-us/articles/4419884534675-How-can-I-contact-support-to-cancel-or-for-help-with-my-account
============ Link unchanged
========== link already checked
======== We are on link 143 of 299
========== raw link https://help.pornhub.com/hc/en-us/articles/4419884512147-Is-it-secure-and-discreet
============ Checking for Redirections: https://help.pornhub.com/hc/en-us/articles/4419884512147-Is-it-secure-and-discreet
============ Link unchanged
========== link already checked
======== We are on link 144 of 299
========== raw link https://help.pornhub.com/hc/en-us/articles/4419873379731-What-is-Pornhub-Premium
============ Checking for Redirections: https://help.pornhub.com/hc/en-us/articles/4419873379731-What-is-Pornhub-Premium
============ Link unchanged
========== link already checked
======== We are on link 145 of 299
========== raw link https://help.pornhub.com/hc/en-us/articles/4419884438675-Can-I-download-videos
============ Checking for Redirections: https://help.pornhub.com/hc/en-us/articles/4419884438675-Can-I-download-videos
============ Link unchanged
========== link already checked
======== We are on link 146 of 299
========== raw link https://help.pornhub.com/hc/en-us/articles/4419877504275-Is-there-gay-premium-content
============ Checking for Redirections: https://help.pornhub.com/hc/en-us/articles/4419877504275-Is-there-gay-premium-content
============ Link unchanged
========== link already checked
======== We are on link 147 of 299
========== raw link https://help.pornhub.com/hc/en-us/articles/4419878586515-How-do-I-become-a-translator
============ Checking for Redirections: https://help.pornhub.com/hc/en-us/articles/4419878586515-How-do-I-become-a-translator
============ Link unchanged
========== link already checked
======== We are on link 148 of 299
========== raw link https://help.pornhub.com/hc/en-us/articles/4419878556947-Why-can-t-I-see-my-friend-s-private-videos
============ Checking for Redirections: https://help.pornhub.com/hc/en-us/articles/4419878556947-Why-can-t-I-see-my-friend-s-private-videos
============ Link unchanged
========== link already checked
======== We are on link 149 of 299
========== raw link https://help.pornhub.com/hc/en-us/articles/4419891001875-What-is-the-difference-between-subscribers-and-friends
============ Checking for Redirections: https://help.pornhub.com/hc/en-us/articles/4419891001875-What-is-the-difference-between-subscribers-and-friends
============ Link unchanged
========== link already checked
======== We are on link 150 of 299
========== raw link https://help.pornhub.com/hc/en-us/articles/4419885333395-Is-there-a-limit-to-adding-friends
============ Checking for Redirections: https://help.pornhub.com/hc/en-us/articles/4419885333395-Is-there-a-limit-to-adding-friends
============ Link unchanged
========== link already checked
======== We are on link 151 of 299
========== raw link https://help.pornhub.com/hc/en-us/articles/4419890948115-How-do-I-send-a-private-message
============ Checking for Redirections: https://help.pornhub.com/hc/en-us/articles/4419890948115-How-do-I-send-a-private-message
============ Link unchanged
========== link already checked
======== We are on link 152 of 299
========== raw link https://help.pornhub.com/hc/en-us/articles/4419890926355-How-do-I-tag-a-user
============ Checking for Redirections: https://help.pornhub.com/hc/en-us/articles/4419890926355-How-do-I-tag-a-user
============ Link unchanged
========== link already checked
======== We are on link 153 of 299
========== raw link https://help.pornhub.com/hc/en-us/articles/4419878378259-How-do-I-remove-my-watched-videos
============ Checking for Redirections: https://help.pornhub.com/hc/en-us/articles/4419878378259-How-do-I-remove-my-watched-videos
============ Link unchanged
========== link already checked
======== We are on link 154 of 299
========== raw link https://help.pornhub.com/hc/en-us/articles/4419890885395-How-do-I-make-a-Gif
============ Checking for Redirections: https://help.pornhub.com/hc/en-us/articles/4419890885395-How-do-I-make-a-Gif
============ Link unchanged
========== link already checked
======== We are on link 155 of 299
========== raw link https://help.pornhub.com/hc/en-us/articles/4419890835859-How-do-I-edit-my-profile-about-me
============ Checking for Redirections: https://help.pornhub.com/hc/en-us/articles/4419890835859-How-do-I-edit-my-profile-about-me
============ Link unchanged
========== link already checked
======== We are on link 156 of 299
========== raw link https://help.pornhub.com/hc/en-us/articles/4419885130131-How-do-I-edit-my-video
============ Checking for Redirections: https://help.pornhub.com/hc/en-us/articles/4419885130131-How-do-I-edit-my-video
============ Link unchanged
========== link already checked
======== We are on link 157 of 299
========== raw link https://help.pornhub.com/hc/en-us/articles/4419885104787-How-do-I-edit-my-photo-album
============ Checking for Redirections: https://help.pornhub.com/hc/en-us/articles/4419885104787-How-do-I-edit-my-photo-album
============ Link unchanged
========== link already checked
======== We are on link 158 of 299
========== raw link https://help.pornhub.com/hc/en-us/articles/4419890748563-How-do-I-delete-a-photo-album
============ Checking for Redirections: https://help.pornhub.com/hc/en-us/articles/4419890748563-How-do-I-delete-a-photo-album
============ Link unchanged
========== link already checked
======== We are on link 159 of 299
========== raw link https://help.pornhub.com/hc/en-us/articles/4419885030547-How-do-I-change-my-avatar-cover-photo
============ Checking for Redirections: https://help.pornhub.com/hc/en-us/articles/4419885030547-How-do-I-change-my-avatar-cover-photo
============ Link unchanged
========== link already checked
======== We are on link 160 of 299
========== raw link https://help.pornhub.com/hc/en-us/articles/4419884998035-How-do-I-block-unblock-a-user
============ Checking for Redirections: https://help.pornhub.com/hc/en-us/articles/4419884998035-How-do-I-block-unblock-a-user
============ Link unchanged
========== link already checked
======== We are on link 161 of 299
========== raw link https://help.pornhub.com/hc/en-us/articles/4419884973971-How-do-I-add-friends
============ Checking for Redirections: https://help.pornhub.com/hc/en-us/articles/4419884973971-How-do-I-add-friends
============ Link unchanged
========== link already checked
======== We are on link 162 of 299
========== raw link https://help.pornhub.com/hc/en-us/articles/4419890616083-How-do-I-get-more-views
============ Checking for Redirections: https://help.pornhub.com/hc/en-us/articles/4419890616083-How-do-I-get-more-views
============ Link unchanged
========== link already checked
======== We are on link 163 of 299
========== raw link https://help.pornhub.com/hc/en-us/articles/4419878027411-How-do-I-get-my-video-featured
============ Checking for Redirections: https://help.pornhub.com/hc/en-us/articles/4419878027411-How-do-I-get-my-video-featured
============ Link unchanged
========== link already checked
======== We are on link 164 of 299
========== raw link https://help.pornhub.com/hc/en-us/articles/4419890517523-Can-I-restore-my-deleted-account
============ Checking for Redirections: https://help.pornhub.com/hc/en-us/articles/4419890517523-Can-I-restore-my-deleted-account
============ Link unchanged
========== link already checked
======== We are on link 165 of 299
========== raw link https://help.pornhub.com/hc/en-us/articles/4419877936915-How-do-I-change-my-gender
============ Checking for Redirections: https://help.pornhub.com/hc/en-us/articles/4419877936915-How-do-I-change-my-gender
============ Link unchanged
========== link already checked
======== We are on link 166 of 299
========== raw link https://help.pornhub.com/hc/en-us/articles/4419884818963-How-do-I-change-my-email
============ Checking for Redirections: https://help.pornhub.com/hc/en-us/articles/4419884818963-How-do-I-change-my-email
============ Link unchanged
========== link already checked
======== We are on link 167 of 299
========== raw link https://help.pornhub.com/hc/en-us/articles/4419877879571-How-do-I-change-my-username
============ Checking for Redirections: https://help.pornhub.com/hc/en-us/articles/4419877879571-How-do-I-change-my-username
============ Link unchanged
========== link already checked
======== We are on link 168 of 299
========== raw link https://help.pornhub.com/hc/en-us/articles/4419873638547-How-do-I-change-my-password
============ Checking for Redirections: https://help.pornhub.com/hc/en-us/articles/4419873638547-How-do-I-change-my-password
============ Link unchanged
========== link already checked
======== We are on link 169 of 299
========== raw link https://help.pornhub.com/hc/en-us/articles/4419877525523-What-is-a-stream
============ Checking for Redirections: https://help.pornhub.com/hc/en-us/articles/4419877525523-What-is-a-stream
============ Link unchanged
========== link already checked
======== We are on link 170 of 299
========== raw link https://help.pornhub.com/hc/en-us/articles/4419877487635-How-do-I-delete-my-account
============ Checking for Redirections: https://help.pornhub.com/hc/en-us/articles/4419877487635-How-do-I-delete-my-account
============ Link unchanged
========== link already checked
======== We are on link 171 of 299
========== raw link https://help.pornhub.com/hc/en-us/articles/4419873225747-I-forgot-my-username-password-how-can-I-get-them-back
============ Checking for Redirections: https://help.pornhub.com/hc/en-us/articles/4419873225747-I-forgot-my-username-password-how-can-I-get-them-back
============ Link unchanged
========== link already checked
======== We are on link 172 of 299
========== raw link https://help.pornhub.com/hc/en-us/articles/4419873200147-What-is-my-feed
============ Checking for Redirections: https://help.pornhub.com/hc/en-us/articles/4419873200147-What-is-my-feed
============ Link unchanged
========== link already checked
======== We are on link 173 of 299
========== raw link https://help.pornhub.com/hc/en-us/articles/4419873168275-How-do-I-post-to-my-stream-or-someone-else-s
============ Checking for Redirections: https://help.pornhub.com/hc/en-us/articles/4419873168275-How-do-I-post-to-my-stream-or-someone-else-s
============ Link unchanged
========== link already checked
======== We are on link 174 of 299
========== raw link https://help.pornhub.com/hc/en-us/articles/4419873119635-How-do-I-make-a-playlist-Private
============ Checking for Redirections: https://help.pornhub.com/hc/en-us/articles/4419873119635-How-do-I-make-a-playlist-Private
============ Link unchanged
========== link already checked
======== We are on link 175 of 299
========== raw link https://help.pornhub.com/hc/en-us/articles/4419884181139-How-do-I-create-a-new-playlist
============ Checking for Redirections: https://help.pornhub.com/hc/en-us/articles/4419884181139-How-do-I-create-a-new-playlist
============ Link unchanged
========== link already checked
======== We are on link 176 of 299
========== raw link https://help.pornhub.com/hc/en-us/articles/4419877271571-What-are-Favorites
============ Checking for Redirections: https://help.pornhub.com/hc/en-us/articles/4419877271571-What-are-Favorites
============ Link unchanged
========== link already checked
======== We are on link 177 of 299
========== raw link https://help.pornhub.com/hc/en-us/articles/4419873015443-What-are-Playlists
============ Checking for Redirections: https://help.pornhub.com/hc/en-us/articles/4419873015443-What-are-Playlists
============ Link unchanged
========== link already checked
======== We are on link 178 of 299
========== raw link https://help.pornhub.com/hc/en-us/articles/4419884062867-How-do-I-prevent-someone-from-subscribing-to-me
============ Checking for Redirections: https://help.pornhub.com/hc/en-us/articles/4419884062867-How-do-I-prevent-someone-from-subscribing-to-me
============ Link unchanged
========== link already checked
======== We are on link 179 of 299
========== raw link https://help.pornhub.com/hc/en-us/articles/4419872932627-How-do-I-unsubscribe-to-someone
============ Checking for Redirections: https://help.pornhub.com/hc/en-us/articles/4419872932627-How-do-I-unsubscribe-to-someone
============ Link unchanged
========== link already checked
======== We are on link 180 of 299
========== raw link https://help.pornhub.com/hc/en-us/articles/4419872830483-How-do-I-remove-myself-from-the-mailing-list
============ Checking for Redirections: https://help.pornhub.com/hc/en-us/articles/4419872830483-How-do-I-remove-myself-from-the-mailing-list
============ Link unchanged
========== link already checked
======== We are on link 181 of 299
========== raw link https://help.pornhub.com/hc/en-us/articles/4419883930899-How-do-I-delete-a-video
============ Checking for Redirections: https://help.pornhub.com/hc/en-us/articles/4419883930899-How-do-I-delete-a-video
============ Link unchanged
========== link already checked
======== We are on link 182 of 299
========== raw link https://help.pornhub.com/hc/en-us/articles/4419877067923-Why-should-I-get-my-account-verified
============ Checking for Redirections: https://help.pornhub.com/hc/en-us/articles/4419877067923-Why-should-I-get-my-account-verified
============ Link unchanged
========== link already checked
======== We are on link 183 of 299
========== raw link https://help.pornhub.com/hc/en-us/articles/4419883865875-How-do-I-change-the-privacy-settings-on-my-video
============ Checking for Redirections: https://help.pornhub.com/hc/en-us/articles/4419883865875-How-do-I-change-the-privacy-settings-on-my-video
============ Link unchanged
========== link already checked
======== We are on link 184 of 299
========== raw link https://help.pornhub.com/hc/en-us/articles/4419877008787-How-do-I-see-another-member-s-profile
============ Checking for Redirections: https://help.pornhub.com/hc/en-us/articles/4419877008787-How-do-I-see-another-member-s-profile
============ Link unchanged
========== link already checked
======== We are on link 185 of 299
========== raw link https://help.pornhub.com/hc/en-us/articles/4419872662163-How-do-I-upload-videos-photos-to-Pornhub
============ Checking for Redirections: https://help.pornhub.com/hc/en-us/articles/4419872662163-How-do-I-upload-videos-photos-to-Pornhub
============ Link unchanged
========== link already checked
======== We are on link 186 of 299
========== raw link https://help.pornhub.com/hc/en-us/articles/4419876961811-What-kinds-of-videos-are-unacceptable
============ Checking for Redirections: https://help.pornhub.com/hc/en-us/articles/4419876961811-What-kinds-of-videos-are-unacceptable
============ Link unchanged
========== link already checked
======== We are on link 187 of 299
========== raw link https://help.pornhub.com/hc/en-us/articles/4419876927123-What-are-tags
============ Checking for Redirections: https://help.pornhub.com/hc/en-us/articles/4419876927123-What-are-tags
============ Link unchanged
========== link already checked
======== We are on link 188 of 299
========== raw link https://help.pornhub.com/hc/en-us/articles/4419891126931-Can-I-embed-Pornhub-videos-on-my-site-for-free
============ Checking for Redirections: https://help.pornhub.com/hc/en-us/articles/4419891126931-Can-I-embed-Pornhub-videos-on-my-site-for-free
============ Link unchanged
========== link already checked
======== We are on link 189 of 299
========== raw link https://help.pornhub.com/hc/en-us/articles/4419891113491-I-am-a-content-producer-how-can-I-make-money-on-Pornhub
============ Checking for Redirections: https://help.pornhub.com/hc/en-us/articles/4419891113491-I-am-a-content-producer-how-can-I-make-money-on-Pornhub
============ Link unchanged
========== link already checked
======== We are on link 190 of 299
========== raw link https://help.pornhub.com/hc/en-us/articles/4419878618003-I-would-like-to-advertise-on-Pornhub
============ Checking for Redirections: https://help.pornhub.com/hc/en-us/articles/4419878618003-I-would-like-to-advertise-on-Pornhub
============ Link unchanged
========== link already checked
======== We are on link 191 of 299
========== raw link https://help.pornhub.com/hc/en-us/articles/34927506861843-Verification-Upload-and-Content-Moderation-Process
============ Checking for Redirections: https://help.pornhub.com/hc/en-us/articles/34927506861843-Verification-Upload-and-Content-Moderation-Process
============ Link unchanged
========== link already checked
======== We are on link 192 of 299
========== raw link https://help.pornhub.com/hc/en-us/articles/19159382668435-Trust-and-Safety-Initiatives
============ Checking for Redirections: https://help.pornhub.com/hc/en-us/articles/19159382668435-Trust-and-Safety-Initiatives
============ Link unchanged
========== link already checked
======== We are on link 193 of 299
========== raw link https://help.pornhub.com/hc/en-us/articles/4419872596115-About-The-Community
============ Checking for Redirections: https://help.pornhub.com/hc/en-us/articles/4419872596115-About-The-Community
============ Link unchanged
========== link already checked
======== We are on link 194 of 299
========== raw link https://help.pornhub.com/hc/en-us/articles/4419871944723-Core-Values
============ Checking for Redirections: https://help.pornhub.com/hc/en-us/articles/4419871944723-Core-Values
============ Link unchanged
========== link already checked
======== We are on link 195 of 299
========== raw link https://help.pornhub.com/hc/en-us/articles/4419869864211-Accessibility
============ Checking for Redirections: https://help.pornhub.com/hc/en-us/articles/4419869864211-Accessibility
============ Link unchanged
========== link already checked
======== We are on link 196 of 299
========== raw link https://help.pornhub.com/hc/en-us/articles/6017547823763-Pornhub-Literacy
============ Checking for Redirections: https://help.pornhub.com/hc/en-us/articles/6017547823763-Pornhub-Literacy
============ Link unchanged
========== link already checked
======== We are on link 197 of 299
========== raw link https://help.pornhub.com/hc/en-us/articles/4419892571155-View-Fraud
============ Checking for Redirections: https://help.pornhub.com/hc/en-us/articles/4419892571155-View-Fraud
============ Link unchanged
========== link already checked
======== We are on link 198 of 299
========== raw link https://help.pornhub.com/hc/en-us/articles/27367068631315-Translated-Articles
============ Checking for Redirections: https://help.pornhub.com/hc/en-us/articles/27367068631315-Translated-Articles
============ Link unchanged
========== link already checked
======== We are on link 199 of 299
========== raw link https://help.pornhub.com/hc/en-us/articles/4419900587155-Community-Guidelines
============ Checking for Redirections: https://help.pornhub.com/hc/en-us/articles/4419900587155-Community-Guidelines
============ Link unchanged
========== link already checked
======== We are on link 200 of 299
========== raw link https://help.pornhub.com/hc/en-us/articles/4419869793683-Child-Sexual-Abuse-Material-Policy
============ Checking for Redirections: https://help.pornhub.com/hc/en-us/articles/4419869793683-Child-Sexual-Abuse-Material-Policy
============ Link unchanged
========== link already checked
======== We are on link 201 of 299
========== raw link https://help.pornhub.com/hc/en-us/articles/4419871787027-Non-Consensual-Content-Policy
============ Checking for Redirections: https://help.pornhub.com/hc/en-us/articles/4419871787027-Non-Consensual-Content-Policy
============ Link unchanged
========== link already checked
======== We are on link 202 of 299
========== raw link https://help.pornhub.com/hc/en-us/articles/14512634908819-Hate-Speech-Policy
============ Checking for Redirections: https://help.pornhub.com/hc/en-us/articles/14512634908819-Hate-Speech-Policy
============ Link unchanged
========== link already checked
======== We are on link 203 of 299
========== raw link https://help.pornhub.com/hc/en-us/articles/7906741373971-Animal-Welfare-Policy
============ Checking for Redirections: https://help.pornhub.com/hc/en-us/articles/7906741373971-Animal-Welfare-Policy
============ Link unchanged
========== link already checked
======== We are on link 204 of 299
========== raw link https://help.pornhub.com/hc/en-us/articles/4419863430291-Violent-Content-Policy
============ Checking for Redirections: https://help.pornhub.com/hc/en-us/articles/4419863430291-Violent-Content-Policy
============ Link unchanged
========== link already checked
======== We are on link 205 of 299
========== raw link https://help.pornhub.com/hc/en-us/articles/4419861225107-Copyright
============ Checking for Redirections: https://help.pornhub.com/hc/en-us/articles/4419861225107-Copyright
============ Link unchanged
========== link already checked
======== We are on link 206 of 299
========== raw link https://help.pornhub.com/hc/en-us/articles/36113072849171-Australian-eSafety
============ Checking for Redirections: https://help.pornhub.com/hc/en-us/articles/36113072849171-Australian-eSafety
============ Link unchanged
========== link already checked
======== We are on link 207 of 299
========== raw link https://help.pornhub.com/hc/en-us/articles/4419879221907-Pornhub-Trusted-Flagger-Program
============ Checking for Redirections: https://help.pornhub.com/hc/en-us/articles/4419879221907-Pornhub-Trusted-Flagger-Program
============ Link unchanged
========== link already checked
======== We are on link 208 of 299
========== raw link https://help.pornhub.com/hc/en-us/articles/4419875025043-Report-Harmful-Content
============ Checking for Redirections: https://help.pornhub.com/hc/en-us/articles/4419875025043-Report-Harmful-Content
============ Link unchanged
========== link already checked
======== We are on link 209 of 299
========== raw link https://help.pornhub.com/hc/en-us/articles/4419868912787-Content-Removal-Request-Form
============ Checking for Redirections: https://help.pornhub.com/hc/en-us/articles/4419868912787-Content-Removal-Request-Form
============ Link unchanged
========== link already checked
======== We are on link 210 of 299
========== raw link https://help.pornhub.com/hc/en-us/articles/4419855809171-Copyright-Removal-Requests
============ Checking for Redirections: https://help.pornhub.com/hc/en-us/articles/4419855809171-Copyright-Removal-Requests
============ Link unchanged
========== link already checked
======== We are on link 211 of 299
========== raw link https://help.pornhub.com/hc/en-us/articles/4419866547475-Feedback-General-Inquiries-and-Technical-Support
============ Checking for Redirections: https://help.pornhub.com/hc/en-us/articles/4419866547475-Feedback-General-Inquiries-and-Technical-Support
============ Link unchanged
========== link already checked
======== We are on link 212 of 299
========== raw link https://help.pornhub.com/hc/en-us/articles/38929180749587-DSA-Transparency-report-February-2025
============ Checking for Redirections: https://help.pornhub.com/hc/en-us/articles/38929180749587-DSA-Transparency-report-February-2025
============ Link unchanged
========== link already checked
======== We are on link 213 of 299
========== raw link https://help.pornhub.com/hc/en-us/articles/38743689517715-2024-Transparency-Report-Second-Half
============ Checking for Redirections: https://help.pornhub.com/hc/en-us/articles/38743689517715-2024-Transparency-Report-Second-Half
============ Link unchanged
========== link already checked
======== We are on link 214 of 299
========== raw link https://help.pornhub.com/hc/en-us/articles/33098088051475-2024-Transparency-Report-First-Half
============ Checking for Redirections: https://help.pornhub.com/hc/en-us/articles/33098088051475-2024-Transparency-Report-First-Half
============ Link unchanged
========== link already checked
======== We are on link 215 of 299
========== raw link https://help.pornhub.com/hc/en-us/articles/32596021061267-EU-DSA-Transparency-Report-August-2024
============ Checking for Redirections: https://help.pornhub.com/hc/en-us/articles/32596021061267-EU-DSA-Transparency-Report-August-2024
============ Link unchanged
========== link already checked
======== We are on link 216 of 299
========== raw link https://help.pornhub.com/hc/en-us/articles/27610703413267-2023-Transparency-Report-Second-Half
============ Checking for Redirections: https://help.pornhub.com/hc/en-us/articles/27610703413267-2023-Transparency-Report-Second-Half
============ Link unchanged
========== link already checked
======== We are on link 217 of 299
========== raw link https://help.pornhub.com/hc/en-us/articles/19464887586579-2023-Transparency-Report-First-Half
============ Checking for Redirections: https://help.pornhub.com/hc/en-us/articles/19464887586579-2023-Transparency-Report-First-Half
============ Link unchanged
========== link already checked
======== We are on link 218 of 299
========== raw link https://help.pornhub.com/hc/en-us/articles/14666334117267-2022-Transparency-Report
============ Checking for Redirections: https://help.pornhub.com/hc/en-us/articles/14666334117267-2022-Transparency-Report
============ Link unchanged
========== link already checked
======== We are on link 219 of 299
========== raw link https://help.pornhub.com/hc/en-us/articles/5357457259155-2021-Transparency-Report
============ Checking for Redirections: https://help.pornhub.com/hc/en-us/articles/5357457259155-2021-Transparency-Report
============ Link unchanged
========== link already checked
======== We are on link 220 of 299
========== raw link https://help.pornhub.com/hc/en-us/articles/4419860718483-2020-Transparency-Report
============ Checking for Redirections: https://help.pornhub.com/hc/en-us/articles/4419860718483-2020-Transparency-Report
============ Link unchanged
========== link already checked
======== We are on link 221 of 299
========== raw link https://help.pornhub.com/hc/en-us/articles/4419883155347-Sexual-Wellness-Center
============ Checking for Redirections: https://help.pornhub.com/hc/en-us/articles/4419883155347-Sexual-Wellness-Center
============ Link unchanged
========== link already checked
======== We are on link 222 of 299
========== raw link https://help.pornhub.com/hc/en-us/articles/4419874097683-Mental-Health
============ Checking for Redirections: https://help.pornhub.com/hc/en-us/articles/4419874097683-Mental-Health
============ Link unchanged
========== link already checked
======== We are on link 223 of 299
========== raw link https://help.pornhub.com/hc/en-us/articles/4419885579795-Parental-Controls
============ Checking for Redirections: https://help.pornhub.com/hc/en-us/articles/4419885579795-Parental-Controls
============ Link unchanged
========== link already checked
======== We are on link 224 of 299
========== raw link https://help.pornhub.com/hc/en-us/articles/4419878696211-Notice-To-Our-Users
============ Checking for Redirections: https://help.pornhub.com/hc/en-us/articles/4419878696211-Notice-To-Our-Users
============ Link unchanged
========== link already checked
======== We are on link 225 of 299
========== raw link https://help.pornhub.com/hc/en-us/articles/4419883182867-Notice-To-Law-Enforcement
============ Checking for Redirections: https://help.pornhub.com/hc/en-us/articles/4419883182867-Notice-To-Law-Enforcement
============ Link unchanged
========== link already checked
======== We are on link 226 of 299
========== raw link #
========== dropped link (either fragment ("#"), js, mailto, comment, pdf, or empty)
======== We are on link 227 of 299
========== raw link https://help.pornhub.com/hc/en-us/articles/360041768014-Core-Values
============ Checking for Redirections: https://help.pornhub.com/hc/en-us/articles/360041768014-Core-Values
============ Followed Redirection to https://help.pornhub.com/hc/en-us/articles/4419871944723-Core-Values
============ Link after cleaning: https://help.pornhub.com/hc/en-us/articles/4419871944723-Core-Values
========== link already checked
======== We are on link 228 of 299
========== raw link https://help.pornhub.com/hc/en-us/articles/360041768014-Core-Values
============ Checking for Redirections: https://help.pornhub.com/hc/en-us/articles/360041768014-Core-Values
============ Followed Redirection to https://help.pornhub.com/hc/en-us/articles/4419871944723-Core-Values
============ Link after cleaning: https://help.pornhub.com/hc/en-us/articles/4419871944723-Core-Values
========== link already checked
======== We are on link 229 of 299
========== raw link https://www.pornhub.com/information/terms
============ Checking for Redirections: https://www.pornhub.com/information/terms
============ Link unchanged
========== link already checked
======== We are on link 230 of 299
========== raw link https://www.pornhub.com/information/terms
============ Checking for Redirections: https://www.pornhub.com/information/terms
============ Link unchanged
========== link already checked
======== We are on link 231 of 299
========== raw link https://help.pornhub.com/hc/en-us/articles/360041768014-Core-Values
============ Checking for Redirections: https://help.pornhub.com/hc/en-us/articles/360041768014-Core-Values
============ Followed Redirection to https://help.pornhub.com/hc/en-us/articles/4419871944723-Core-Values
============ Link after cleaning: https://help.pornhub.com/hc/en-us/articles/4419871944723-Core-Values
========== link already checked
======== We are on link 232 of 299
========== raw link https://www.pornhub.com/information/terms
============ Checking for Redirections: https://www.pornhub.com/information/terms
============ Link unchanged
========== link already checked
======== We are on link 233 of 299
========== raw link https://www.pornhub.com/information/terms
============ Checking for Redirections: https://www.pornhub.com/information/terms
============ Link unchanged
========== link already checked
======== We are on link 234 of 299
========== raw link https://www.pornhub.com/information/terms
============ Checking for Redirections: https://www.pornhub.com/information/terms
============ Link unchanged
========== link already checked
======== We are on link 235 of 299
========== raw link https://www.pornhub.com/information/terms
============ Checking for Redirections: https://www.pornhub.com/information/terms
============ Link unchanged
========== link already checked
======== We are on link 236 of 299
========== raw link https://www.pornhub.com/content-removal
============ Checking for Redirections: https://www.pornhub.com/content-removal
============ Link unchanged
========== link already checked
======== We are on link 237 of 299
========== raw link https://help.pornhub.com/hc/en-us/articles/360055147653-Report-Harmful-Content
============ Checking for Redirections: https://help.pornhub.com/hc/en-us/articles/360055147653-Report-Harmful-Content
============ Followed Redirection to https://help.pornhub.com/hc/en-us/articles/4419875025043-Report-Harmful-Content
============ Link after cleaning: https://help.pornhub.com/hc/en-us/articles/4419875025043-Report-Harmful-Content
========== link already checked
======== We are on link 238 of 299
========== raw link https://stopncii.org/
========== dropped link https://stopncii.org/. Didn't pass first allows/blocks test.
======== We are on link 239 of 299
========== raw link https://www.vobilegroup.com/
========== dropped link https://www.vobilegroup.com/. Didn't pass first allows/blocks test.
======== We are on link 240 of 299
========== raw link https://www.pornhub.com/information/terms
============ Checking for Redirections: https://www.pornhub.com/information/terms
============ Link unchanged
========== link already checked
======== We are on link 241 of 299
========== raw link https://help.pornhub.com/hc/en-us/articles/4419900587155-Community-Guidelines
============ Checking for Redirections: https://help.pornhub.com/hc/en-us/articles/4419900587155-Community-Guidelines
============ Link unchanged
========== link already checked
======== We are on link 242 of 299
========== raw link https://vobile.com/about/contact/
========== dropped link https://vobile.com/about/contact/. Didn't pass first allows/blocks test.
======== We are on link 243 of 299
========== raw link https://www.pornhub.com/information#terms
============ Checking for Redirections: https://www.pornhub.com/information#terms
============ Followed Redirection to https://www.pornhub.com/information/terms#terms
============ Link after cleaning: https://www.pornhub.com/information/terms
========== link already checked
======== We are on link 244 of 299
========== raw link https://www.pornhub.com/content-removal
============ Checking for Redirections: https://www.pornhub.com/content-removal
============ Link unchanged
========== link already checked
======== We are on link 245 of 299
========== raw link https://www.pornhub.com/information/terms
============ Checking for Redirections: https://www.pornhub.com/information/terms
============ Link unchanged
========== link already checked
======== We are on link 246 of 299
========== raw link https://help.pornhub.com/hc/en-us/articles/360055147653-Report-Harmful-Content
============ Checking for Redirections: https://help.pornhub.com/hc/en-us/articles/360055147653-Report-Harmful-Content
============ Followed Redirection to https://help.pornhub.com/hc/en-us/articles/4419875025043-Report-Harmful-Content
============ Link after cleaning: https://help.pornhub.com/hc/en-us/articles/4419875025043-Report-Harmful-Content
========== link already checked
======== We are on link 247 of 299
========== raw link https://www.pornhub.com/content-removal
============ Checking for Redirections: https://www.pornhub.com/content-removal
============ Link unchanged
========== link already checked
======== We are on link 248 of 299
========== raw link https://www.pornhub.com/content-removal
============ Checking for Redirections: https://www.pornhub.com/content-removal
============ Link unchanged
========== link already checked
======== We are on link 249 of 299
========== raw link http://www.lila.help
========== dropped link http://www.lila.help. Didn't pass first allows/blocks test.
======== We are on link 250 of 299
========== raw link mailto:lila@gnws.org
========== dropped link (either fragment ("#"), js, mailto, comment, pdf, or empty)
======== We are on link 251 of 299
========== raw link https://www.esafety.gov.au/about-us
========== dropped link https://www.esafety.gov.au/about-us. Didn't pass first allows/blocks test.
======== We are on link 252 of 299
========== raw link https://www.esafety.gov.au/report/forms
========== dropped link https://www.esafety.gov.au/report/forms. Didn't pass first allows/blocks test.
======== We are on link 253 of 299
========== raw link http://www.safernet.org.br/site/webline
========== dropped link http://www.safernet.org.br/site/webline. Didn't pass first allows/blocks test.
======== We are on link 254 of 299
========== raw link https://igvm-iefh.belgium.be/fr/institut
========== dropped link https://igvm-iefh.belgium.be/fr/institut. Didn't pass first allows/blocks test.
======== We are on link 255 of 299
========== raw link mailto:egalite.hommesfemmes@iefh.belgique.be
========== dropped link (either fragment ("#"), js, mailto, comment, pdf, or empty)
======== We are on link 256 of 299
========== raw link https://ywcacanada.ca/what-we-do/create-change/end-gender-based-violence/
========== dropped link https://ywcacanada.ca/what-we-do/create-change/end-gender-based-violence/. Didn't pass first allows/blocks test.
======== We are on link 257 of 299
========== raw link https://ywcacanada.ca/guide-on-sexual-image-based-abuse/
========== dropped link https://ywcacanada.ca/guide-on-sexual-image-based-abuse/. Didn't pass first allows/blocks test.
======== We are on link 258 of 299
========== raw link https://stopchikane.nu/om-stopchikane/hvem-er-stopchikane/
========== dropped link https://stopchikane.nu/om-stopchikane/hvem-er-stopchikane/. Didn't pass first allows/blocks test.
======== We are on link 259 of 299
========== raw link mailto:kontakt@stopchikane.nu
========== dropped link (either fragment ("#"), js, mailto, comment, pdf, or empty)
======== We are on link 260 of 299
========== raw link https://service-public.fr/particuliers/vosdroits/F32103
========== dropped link https://service-public.fr/particuliers/vosdroits/F32103. Didn't pass first allows/blocks test.
======== We are on link 261 of 299
========== raw link https://www.hilfetelefon.de
========== dropped link https://www.hilfetelefon.de. Didn't pass first allows/blocks test.
======== We are on link 262 of 299
========== raw link https://rainlily.org.hk/chi/about
========== dropped link https://rainlily.org.hk/chi/about. Didn't pass first allows/blocks test.
======== We are on link 263 of 299
========== raw link mailto:safechat@rainlily.org.hk
========== dropped link (either fragment ("#"), js, mailto, comment, pdf, or empty)
======== We are on link 264 of 299
========== raw link http://bcpparihar.org/about-us/
========== dropped link http://bcpparihar.org/about-us/. Didn't pass first allows/blocks test.
======== We are on link 265 of 299
========== raw link mailto:pariharfcc.vsv@gmail.com
========== dropped link (either fragment ("#"), js, mailto, comment, pdf, or empty)
======== We are on link 266 of 299
========== raw link https://www.womensaid.ie/
========== dropped link https://www.womensaid.ie/. Didn't pass first allows/blocks test.
======== We are on link 267 of 299
========== raw link mailto:info@womensaid.ie
========== dropped link (either fragment ("#"), js, mailto, comment, pdf, or empty)
======== We are on link 268 of 299
========== raw link https://www.projectmaat.com/
========== dropped link https://www.projectmaat.com/. Didn't pass first allows/blocks test.
======== We are on link 269 of 299
========== raw link mailto:hello@projectmaat.com
========== dropped link (either fragment ("#"), js, mailto, comment, pdf, or empty)
======== We are on link 270 of 299
========== raw link https://www.permessonegato.it/
========== dropped link https://www.permessonegato.it/. Didn't pass first allows/blocks test.
======== We are on link 271 of 299
========== raw link https://www.saferinternet.or.jp
========== dropped link https://www.saferinternet.or.jp. Didn't pass first allows/blocks test.
======== We are on link 272 of 299
========== raw link www.saferinternet.or.jp/form
========== dropped link www.saferinternet.or.jp/form. Didn't pass first allows/blocks test.
======== We are on link 273 of 299
========== raw link https://acoso.online/
========== dropped link https://acoso.online/. Didn't pass first allows/blocks test.
======== We are on link 274 of 299
========== raw link https://cultivandogeneroac.wixsite.com/misitio/nosotras
========== dropped link https://cultivandogeneroac.wixsite.com/misitio/nosotras. Didn't pass first allows/blocks test.
======== We are on link 275 of 299
========== raw link mailto:helpdesk@digitalrightsfoundation.pk?subject=Digital%20Rights%20Foundation%E2%80%99s%20Cyber%20Harassment%20Helpline
========== dropped link (either fragment ("#"), js, mailto, comment, pdf, or empty)
======== We are on link 276 of 299
========== raw link https://www.helpwanted.nl/over-ons
========== dropped link https://www.helpwanted.nl/over-ons. Didn't pass first allows/blocks test.
======== We are on link 277 of 299
========== raw link https://www.netsafe.org.nz/aboutnetsafe/
========== dropped link https://www.netsafe.org.nz/aboutnetsafe/. Didn't pass first allows/blocks test.
======== We are on link 278 of 299
========== raw link mailto:help@netsafe.org.nz
========== dropped link (either fragment ("#"), js, mailto, comment, pdf, or empty)
======== We are on link 279 of 299
========== raw link https://digitalrightsfoundation.pk/cyber-harassment-helpline/
========== dropped link https://digitalrightsfoundation.pk/cyber-harassment-helpline/. Didn't pass first allows/blocks test.
======== We are on link 280 of 299
========== raw link mailto:helpdesk@digitalrightsfoundation.pk?subject=Digital%20Rights%20Foundation%E2%80%99s%20Cyber%20Harassment%20Helpline
========== dropped link (either fragment ("#"), js, mailto, comment, pdf, or empty)
======== We are on link 281 of 299
========== raw link mailto:helpdesk@digitalrightsfoundation.pk?subject=Digital%20Rights%20Foundation%E2%80%99s%20Cyber%20Harassment%20Helpline
========== dropped link (either fragment ("#"), js, mailto, comment, pdf, or empty)
======== We are on link 282 of 299
========== raw link http://dyzurnet.pl
========== dropped link http://dyzurnet.pl. Didn't pass first allows/blocks test.
======== We are on link 283 of 299
========== raw link mailto:dyzurnet@dyzurnet.pl
========== dropped link (either fragment ("#"), js, mailto, comment, pdf, or empty)
======== We are on link 284 of 299
========== raw link https://soprotivlenie.org/
========== dropped link https://soprotivlenie.org/. Didn't pass first allows/blocks test.
======== We are on link 285 of 299
========== raw link mailto:info@fondpp.org
========== dropped link (either fragment ("#"), js, mailto, comment, pdf, or empty)
======== We are on link 286 of 299
========== raw link http://cyber-lion.com/?fbclid=IwAR33Shl8KSKKLmRqQ1Ygtq6V62FY2J9ucsZW3G7-dXhgCSRyuYdE6pntdbg
========== dropped link http://cyber-lion.com/?fbclid=IwAR33Shl8KSKKLmRqQ1Ygtq6V62FY2J9ucsZW3G7-dXhgCSRyuYdE6pntdbg. Didn't pass first allows/blocks test.
======== We are on link 287 of 299
========== raw link mailto:hotline@cyber-lion.com
========== dropped link (either fragment ("#"), js, mailto, comment, pdf, or empty)
======== We are on link 288 of 299
========== raw link https://www.osi.es/es/quienes-somos
========== dropped link https://www.osi.es/es/quienes-somos. Didn't pass first allows/blocks test.
======== We are on link 289 of 299
========== raw link https://www.ncsc.admin.ch/ncsc/en/home/ueber-ncsc/das-ncsc.html
========== dropped link https://www.ncsc.admin.ch/ncsc/en/home/ueber-ncsc/das-ncsc.html. Didn't pass first allows/blocks test.
======== We are on link 290 of 299
========== raw link https://revengepornhelpline.org.uk/
========== dropped link https://revengepornhelpline.org.uk/. Didn't pass first allows/blocks test.
======== We are on link 291 of 299
========== raw link https://swgflwhisper.org.uk/report/SWG9
========== dropped link https://swgflwhisper.org.uk/report/SWG9. Didn't pass first allows/blocks test.
======== We are on link 292 of 299
========== raw link https://www.saferinternet.org.uk/
========== dropped link https://www.saferinternet.org.uk/. Didn't pass first allows/blocks test.
======== We are on link 293 of 299
========== raw link https://la-strada.org.ua/
========== dropped link https://la-strada.org.ua/. Didn't pass first allows/blocks test.
======== We are on link 294 of 299
========== raw link https://la-strada.org.ua/
========== dropped link https://la-strada.org.ua/. Didn't pass first allows/blocks test.
======== We are on link 295 of 299
========== raw link mailto:info@la-strada.org.ua
========== dropped link (either fragment ("#"), js, mailto, comment, pdf, or empty)
======== We are on link 296 of 299
========== raw link https://www.cybercivilrights.org/
========== dropped link https://www.cybercivilrights.org/. Didn't pass first allows/blocks test.
======== We are on link 297 of 299
========== raw link https://www.loveisrespect.org/
========== dropped link https://www.loveisrespect.org/. Didn't pass first allows/blocks test.
======== We are on link 298 of 299
========== raw link /hc/en-us/signin?return_to=https%3A%2F%2Fhelp.pornhub.com%2Fhc%2Fen-us%2Farticles%2F4419871787027-Non-Consensual-Content-Policy
============ Prepended scheme.
============ Checking for Redirections: https://hc/en-us/signin?return_to=https%3A%2F%2Fhelp.pornhub.com%2Fhc%2Fen-us%2Farticles%2F4419871787027-Non-Consensual-Content-Policy
========== dropped link https://hc/en-us/signin?return_to=https%3A%2F%2Fhelp.pornhub.com%2Fhc%2Fen-us%2Farticles%2F4419871787027-Non-Consensual-Content-Policy. Could not follow redirection (or it was a meaninglessly small page or bot blocked by sessionID).
======== We are on link 299 of 299
========== raw link /hc/en-us/signin?return_to=https%3A%2F%2Fhelp.pornhub.com%2Fhc%2Fen-us%2Farticles%2F4419871787027-Non-Consensual-Content-Policy
============ Prepended scheme.
============ Checking for Redirections: https://hc/en-us/signin?return_to=https%3A%2F%2Fhelp.pornhub.com%2Fhc%2Fen-us%2Farticles%2F4419871787027-Non-Consensual-Content-Policy
========== dropped link https://hc/en-us/signin?return_to=https%3A%2F%2Fhelp.pornhub.com%2Fhc%2Fen-us%2Farticles%2F4419871787027-Non-Consensual-Content-Policy. Could not follow redirection (or it was a meaninglessly small page or bot blocked by sessionID).
====== We are on page 6 of 6: https://www.pornhub.com/information/terms
====== Number of Links on this Page: 406
======== We are on link 1 of 406
========== raw link https://www.rtalabel.org
========== dropped link https://www.rtalabel.org. Didn't pass first allows/blocks test.
======== We are on link 2 of 406
========== raw link https://help.pornhub.com/hc/en-us/articles/4419885579795
============ Checking for Redirections: https://help.pornhub.com/hc/en-us/articles/4419885579795
============ Followed Redirection to https://help.pornhub.com/hc/en-us/articles/4419885579795-Parental-Controls
============ Link after cleaning: https://help.pornhub.com/hc/en-us/articles/4419885579795-Parental-Controls
========== link already checked
======== We are on link 3 of 406
========== raw link https://www.rtalabel.org
========== dropped link https://www.rtalabel.org. Didn't pass first allows/blocks test.
======== We are on link 4 of 406
========== raw link https://landing.spicevids.com/?ats=eyJhIjo4NDcyMSwiYyI6NTk5NTYyODgsIm4iOjEyMCwicyI6NjgwLCJlIjoxMDQzMiwicCI6MzkzfQ==
========== dropped link https://landing.spicevids.com/?ats=eyJhIjo4NDcyMSwiYyI6NTk5NTYyODgsIm4iOjEyMCwicyI6NjgwLCJlIjoxMDQzMiwicCI6MzkzfQ==. Didn't pass first allows/blocks test.
======== We are on link 5 of 406
========== raw link https://www.pornhub.com/sex/?utm_source=pornhub&utm_medium=network-bar&utm_campaign=pornhub-networkbar
============ Checking for Redirections: https://www.pornhub.com/sex/?utm_source=pornhub&utm_medium=network-bar&utm_campaign=pornhub-networkbar
============ Link after cleaning: https://www.pornhub.com/sex/
========== scraping https://www.pornhub.com/sex/
======== We are on link 6 of 406
========== raw link https://www.pornhub.com/insights/?utm_source=pornhub&utm_medium=network-bar&utm_campaign=pornhub-networkbar
============ Checking for Redirections: https://www.pornhub.com/insights/?utm_source=pornhub&utm_medium=network-bar&utm_campaign=pornhub-networkbar
============ Link after cleaning: https://www.pornhub.com/insights/
========== scraping https://www.pornhub.com/insights/
======== We are on link 7 of 406
========== raw link https://www.youporn.com/?utm_source=pornhub&utm_medium=network-bar&utm_campaign=pornhub-networkbar
========== dropped link https://www.youporn.com/?utm_source=pornhub&utm_medium=network-bar&utm_campaign=pornhub-networkbar. Didn't pass first allows/blocks test.
======== We are on link 8 of 406
========== raw link https://www.redtube.com/?utm_source=pornhub&utm_medium=network-bar&utm_campaign=pornhub-networkbar
========== dropped link https://www.redtube.com/?utm_source=pornhub&utm_medium=network-bar&utm_campaign=pornhub-networkbar. Didn't pass first allows/blocks test.
======== We are on link 9 of 406
========== raw link https://www.tube8.com/?utm_source=pornhub&utm_medium=network-bar&utm_campaign=pornhub-networkbar
========== dropped link https://www.tube8.com/?utm_source=pornhub&utm_medium=network-bar&utm_campaign=pornhub-networkbar. Didn't pass first allows/blocks test.
======== We are on link 10 of 406
========== raw link https://www.thumbzilla.com/?utm_source=pornhub&utm_medium=network-bar&utm_campaign=pornhub-networkbar
========== dropped link https://www.thumbzilla.com/?utm_source=pornhub&utm_medium=network-bar&utm_campaign=pornhub-networkbar. Didn't pass first allows/blocks test.
======== We are on link 11 of 406
========== raw link https://pornhubapparel.com
========== dropped link https://pornhubapparel.com. Didn't pass first allows/blocks test.
======== We are on link 12 of 406
========== raw link https://help.pornhub.com/hc/en-us/categories/4419836212499
============ Checking for Redirections: https://help.pornhub.com/hc/en-us/categories/4419836212499
============ Link unchanged
========== link already checked
======== We are on link 13 of 406
========== raw link https://www.pornhub.com/information/terms
============ Checking for Redirections: https://www.pornhub.com/information/terms
============ Link unchanged
========== link already checked
======== We are on link 14 of 406
========== raw link https://de.pornhub.com/information/terms
============ Checking for Redirections: https://de.pornhub.com/information/terms
============ Link unchanged
========== scraping https://de.pornhub.com/information/terms
============ Dropping non-English link: https://de.pornhub.com/information/terms
======== We are on link 15 of 406
========== raw link https://fr.pornhub.com/information/terms
============ Checking for Redirections: https://fr.pornhub.com/information/terms
============ Link unchanged
========== scraping https://fr.pornhub.com/information/terms
============ Dropping non-English link: https://fr.pornhub.com/information/terms
======== We are on link 16 of 406
========== raw link https://es.pornhub.com/information/terms
========== dropped link https://es.pornhub.com/information/terms. Didn't pass first allows/blocks test.
======== We are on link 17 of 406
========== raw link https://it.pornhub.com/information/terms
============ Checking for Redirections: https://it.pornhub.com/information/terms
============ Link unchanged
========== scraping https://it.pornhub.com/information/terms
============ Dropping non-English link: https://it.pornhub.com/information/terms
======== We are on link 18 of 406
========== raw link https://pt.pornhub.com/information/terms
========== dropped link https://pt.pornhub.com/information/terms. Didn't pass first allows/blocks test.
======== We are on link 19 of 406
========== raw link https://pl.pornhub.com/information/terms
========== dropped link https://pl.pornhub.com/information/terms. Didn't pass first allows/blocks test.
======== We are on link 20 of 406
========== raw link https://rt.pornhub.com/information/terms
============ Checking for Redirections: https://rt.pornhub.com/information/terms
============ Link unchanged
========== scraping https://rt.pornhub.com/information/terms
============ Dropping non-English link: https://rt.pornhub.com/information/terms
======== We are on link 21 of 406
========== raw link https://jp.pornhub.com/information/terms
========== dropped link https://jp.pornhub.com/information/terms. Didn't pass first allows/blocks test.
======== We are on link 22 of 406
========== raw link https://nl.pornhub.com/information/terms
========== dropped link https://nl.pornhub.com/information/terms. Didn't pass first allows/blocks test.
======== We are on link 23 of 406
========== raw link https://cz.pornhub.com/information/terms
========== dropped link https://cz.pornhub.com/information/terms. Didn't pass first allows/blocks test.
======== We are on link 24 of 406
========== raw link https://cn.pornhub.com/information/terms
========== dropped link https://cn.pornhub.com/information/terms. Didn't pass first allows/blocks test.
======== We are on link 25 of 406
========== raw link javascript:void(0)
========== dropped link (either fragment ("#"), js, mailto, comment, pdf, or empty)
======== We are on link 26 of 406
========== raw link /front/lost_password
============ Found Relative: joining https://www.pornhub.com/information/terms and /front/lost_password
============ Checking for Redirections: https://www.pornhub.com/front/lost_password
============ Link after cleaning: https://www.pornhub.com/front/lost_password
========== scraping https://www.pornhub.com/front/lost_password
============ New link added. Search term (AI) found on https://www.pornhub.com/front/lost_password.
======== We are on link 27 of 406
========== raw link #
========== dropped link (either fragment ("#"), js, mailto, comment, pdf, or empty)
======== We are on link 28 of 406
========== raw link mailto:support@pornhub.com
========== dropped link (either fragment ("#"), js, mailto, comment, pdf, or empty)
======== We are on link 29 of 406
========== raw link /
========== dropped link (either fragment ("#"), js, mailto, comment, pdf, or empty)
======== We are on link 30 of 406
========== raw link /video
============ Found Relative: joining https://www.pornhub.com/information/terms and /video
============ Checking for Redirections: https://www.pornhub.com/video
============ Link after cleaning: https://www.pornhub.com/video
========== scraping https://www.pornhub.com/video
============ New link added. Search term (AI) found on https://www.pornhub.com/video.
======== We are on link 31 of 406
========== raw link /shorties
============ Found Relative: joining https://www.pornhub.com/information/terms and /shorties
============ Checking for Redirections: https://www.pornhub.com/shorties
============ Followed Redirection to https://www.pornhub.com/shorties/ph5cdbbe260d1ef
============ Link after cleaning: https://www.pornhub.com/shorties/ph5cdbbe260d1ef
========== scraping https://www.pornhub.com/shorties/ph5cdbbe260d1ef
======== We are on link 32 of 406
========== raw link /recommended
============ Found Relative: joining https://www.pornhub.com/information/terms and /recommended
============ Checking for Redirections: https://www.pornhub.com/recommended
============ Link after cleaning: https://www.pornhub.com/recommended
========== scraping https://www.pornhub.com/recommended
============ New link added. Search term (AI) found on https://www.pornhub.com/recommended.
======== We are on link 33 of 406
========== raw link /video?o=ht&cc=us
============ Found Relative: joining https://www.pornhub.com/information/terms and /video?o=ht&cc=us
============ Checking for Redirections: https://www.pornhub.com/video?o=ht&cc=us
============ Link after cleaning: https://www.pornhub.com/video
========== link already checked
======== We are on link 34 of 406
========== raw link /pornstars?o=t
============ Found Relative: joining https://www.pornhub.com/information/terms and /pornstars?o=t
============ Checking for Redirections: https://www.pornhub.com/pornstars?o=t
============ Link after cleaning: https://www.pornhub.com/pornstars
========== scraping https://www.pornhub.com/pornstars
============ New link added. Search term (AI) found on https://www.pornhub.com/pornstars.
======== We are on link 35 of 406
========== raw link /pornstars?performerType=pornstar
============ Found Relative: joining https://www.pornhub.com/information/terms and /pornstars?performerType=pornstar
============ Checking for Redirections: https://www.pornhub.com/pornstars?performerType=pornstar
============ Link after cleaning: https://www.pornhub.com/pornstars
========== link already checked
======== We are on link 36 of 406
========== raw link /video?c=138
============ Found Relative: joining https://www.pornhub.com/information/terms and /video?c=138
============ Checking for Redirections: https://www.pornhub.com/video?c=138
============ Link after cleaning: https://www.pornhub.com/video
========== link already checked
======== We are on link 37 of 406
========== raw link /pornstars
============ Found Relative: joining https://www.pornhub.com/information/terms and /pornstars
============ Checking for Redirections: https://www.pornhub.com/pornstars
============ Link after cleaning: https://www.pornhub.com/pornstars
========== link already checked
======== We are on link 38 of 406
========== raw link /
========== dropped link (either fragment ("#"), js, mailto, comment, pdf, or empty)
======== We are on link 39 of 406
========== raw link /gayporn
============ Found Relative: joining https://www.pornhub.com/information/terms and /gayporn
============ Checking for Redirections: https://www.pornhub.com/gayporn
============ Link after cleaning: https://www.pornhub.com/gayporn
========== scraping https://www.pornhub.com/gayporn
============ New link added. Search term (AI) found on https://www.pornhub.com/gayporn.
======== We are on link 40 of 406
========== raw link /transgender
============ Found Relative: joining https://www.pornhub.com/information/terms and /transgender
============ Checking for Redirections: https://www.pornhub.com/transgender
============ Link after cleaning: https://www.pornhub.com/transgender
========== scraping https://www.pornhub.com/transgender
============ New link added. Search term (AI) found on https://www.pornhub.com/transgender.
======== We are on link 41 of 406
========== raw link /video?c=27
============ Found Relative: joining https://www.pornhub.com/information/terms and /video?c=27
============ Checking for Redirections: https://www.pornhub.com/video?c=27
============ Link after cleaning: https://www.pornhub.com/video
========== link already checked
======== We are on link 42 of 406
========== raw link /channels
============ Found Relative: joining https://www.pornhub.com/information/terms and /channels
============ Checking for Redirections: https://www.pornhub.com/channels
============ Link after cleaning: https://www.pornhub.com/channels
========== scraping https://www.pornhub.com/channels
============ New link added. Search term (AI) found on https://www.pornhub.com/channels.
======== We are on link 43 of 406
========== raw link /categories
============ Found Relative: joining https://www.pornhub.com/information/terms and /categories
============ Checking for Redirections: https://www.pornhub.com/categories
============ Link after cleaning: https://www.pornhub.com/categories
========== scraping https://www.pornhub.com/categories
============ New link added. Search term (AI) found on https://www.pornhub.com/categories.
======== We are on link 44 of 406
========== raw link /categories/teen
============ Found Relative: joining https://www.pornhub.com/information/terms and /categories/teen
============ Checking for Redirections: https://www.pornhub.com/categories/teen
============ Link after cleaning: https://www.pornhub.com/categories/teen
========== scraping https://www.pornhub.com/categories/teen
============ New link added. Search term (AI) found on https://www.pornhub.com/categories/teen.
======== We are on link 45 of 406
========== raw link /video?c=29
============ Found Relative: joining https://www.pornhub.com/information/terms and /video?c=29
============ Checking for Redirections: https://www.pornhub.com/video?c=29
============ Link after cleaning: https://www.pornhub.com/video
========== link already checked
======== We are on link 46 of 406
========== raw link /popularwithwomen
============ Found Relative: joining https://www.pornhub.com/information/terms and /popularwithwomen
============ Checking for Redirections: https://www.pornhub.com/popularwithwomen
============ Link after cleaning: https://www.pornhub.com/popularwithwomen
========== scraping https://www.pornhub.com/popularwithwomen
============ New link added. Search term (AI) found on https://www.pornhub.com/popularwithwomen.
======== We are on link 47 of 406
========== raw link /video?c=35
============ Found Relative: joining https://www.pornhub.com/information/terms and /video?c=35
============ Checking for Redirections: https://www.pornhub.com/video?c=35
============ Link after cleaning: https://www.pornhub.com/video
========== link already checked
======== We are on link 48 of 406
========== raw link /video?c=65
============ Found Relative: joining https://www.pornhub.com/information/terms and /video?c=65
============ Checking for Redirections: https://www.pornhub.com/video?c=65
============ Link after cleaning: https://www.pornhub.com/video
========== link already checked
======== We are on link 49 of 406
========== raw link /video?c=28
============ Found Relative: joining https://www.pornhub.com/information/terms and /video?c=28
============ Checking for Redirections: https://www.pornhub.com/video?c=28
============ Link after cleaning: https://www.pornhub.com/video
========== link already checked
======== We are on link 50 of 406
========== raw link /categories/hentai
============ Found Relative: joining https://www.pornhub.com/information/terms and /categories/hentai
============ Checking for Redirections: https://www.pornhub.com/categories/hentai
============ Link after cleaning: https://www.pornhub.com/categories/hentai
========== scraping https://www.pornhub.com/categories/hentai
============ New link added. Search term (AI) found on https://www.pornhub.com/categories/hentai.
======== We are on link 51 of 406
========== raw link /video?c=17
============ Found Relative: joining https://www.pornhub.com/information/terms and /video?c=17
============ Checking for Redirections: https://www.pornhub.com/video?c=17
============ Link after cleaning: https://www.pornhub.com/video
========== link already checked
======== We are on link 52 of 406
========== raw link /video?c=111
============ Found Relative: joining https://www.pornhub.com/information/terms and /video?c=111
============ Checking for Redirections: https://www.pornhub.com/video?c=111
============ Link after cleaning: https://www.pornhub.com/video
========== link already checked
======== We are on link 53 of 406
========== raw link /vr
============ Found Relative: joining https://www.pornhub.com/information/terms and /vr
============ Checking for Redirections: https://www.pornhub.com/vr
============ Link after cleaning: https://www.pornhub.com/vr
========== scraping https://www.pornhub.com/vr
============ New link added. Search term (AI) found on https://www.pornhub.com/vr.
======== We are on link 54 of 406
========== raw link /categories
============ Found Relative: joining https://www.pornhub.com/information/terms and /categories
============ Checking for Redirections: https://www.pornhub.com/categories
============ Link after cleaning: https://www.pornhub.com/categories
========== link already checked
======== We are on link 55 of 406
========== raw link /playlists
============ Found Relative: joining https://www.pornhub.com/information/terms and /playlists
============ Checking for Redirections: https://www.pornhub.com/playlists
============ Link after cleaning: https://www.pornhub.com/playlists
========== scraping https://www.pornhub.com/playlists
============ New link added. Search term (AI) found on https://www.pornhub.com/playlists.
======== We are on link 56 of 406
========== raw link /gifs
============ Found Relative: joining https://www.pornhub.com/information/terms and /gifs
============ Checking for Redirections: https://www.pornhub.com/gifs
============ Link after cleaning: https://www.pornhub.com/gifs
========== scraping https://www.pornhub.com/gifs
============ New link added. Search term (AI) found on https://www.pornhub.com/gifs.
======== We are on link 57 of 406
========== raw link /albums
============ Found Relative: joining https://www.pornhub.com/information/terms and /albums
============ Checking for Redirections: https://www.pornhub.com/albums
============ Link after cleaning: https://www.pornhub.com/albums
========== scraping https://www.pornhub.com/albums
============ New link added. Search term (AI) found on https://www.pornhub.com/albums.
======== We are on link 58 of 406
========== raw link /contest_hub
============ Found Relative: joining https://www.pornhub.com/information/terms and /contest_hub
============ Checking for Redirections: https://www.pornhub.com/contest_hub
============ Link after cleaning: https://www.pornhub.com/contest_hub
========== scraping https://www.pornhub.com/contest_hub
============ New link added. Search term (AI) found on https://www.pornhub.com/contest_hub.
======== We are on link 59 of 406
========== raw link /contest_hub/viewers_choice
============ Found Relative: joining https://www.pornhub.com/information/terms and /contest_hub/viewers_choice
============ Checking for Redirections: https://www.pornhub.com/contest_hub/viewers_choice
============ Link after cleaning: https://www.pornhub.com/contest_hub/viewers_choice
========== scraping https://www.pornhub.com/contest_hub/viewers_choice
============ New link added. Search term (AI) found on https://www.pornhub.com/contest_hub/viewers_choice.
======== We are on link 60 of 406
========== raw link /user/discover
============ Found Relative: joining https://www.pornhub.com/information/terms and /user/discover
============ Checking for Redirections: https://www.pornhub.com/user/discover
============ Link after cleaning: https://www.pornhub.com/user/discover
========== scraping https://www.pornhub.com/user/discover
============ New link added. Search term (AI) found on https://www.pornhub.com/user/discover.
======== We are on link 61 of 406
========== raw link /contest_hub/top_earners
============ Found Relative: joining https://www.pornhub.com/information/terms and /contest_hub/top_earners
============ Checking for Redirections: https://www.pornhub.com/contest_hub/top_earners
============ Link after cleaning: https://www.pornhub.com/contest_hub/top_earners
========== scraping https://www.pornhub.com/contest_hub/top_earners
============ New link added. Search term (AI) found on https://www.pornhub.com/contest_hub/top_earners.
======== We are on link 62 of 406
========== raw link /model/halloffame
============ Found Relative: joining https://www.pornhub.com/information/terms and /model/halloffame
============ Checking for Redirections: https://www.pornhub.com/model/halloffame
============ Link after cleaning: https://www.pornhub.com/model/halloffame
========== scraping https://www.pornhub.com/model/halloffame
============ New link added. Search term (AI) found on https://www.pornhub.com/model/halloffame.
======== We are on link 63 of 406
========== raw link /user/search
============ Found Relative: joining https://www.pornhub.com/information/terms and /user/search
============ Checking for Redirections: https://www.pornhub.com/user/search
============ Link after cleaning: https://www.pornhub.com/user/search
========== scraping https://www.pornhub.com/user/search
============ New link added. Search term (AI) found on https://www.pornhub.com/user/search.
======== We are on link 64 of 406
========== raw link https://www.spicevids.com/?ats=eyJhIjo4NDcyMSwiYyI6NjA0NDcyMzMsIm4iOjEyMCwicyI6NjgwLCJlIjoxMDQzMCwicCI6MzkzfQ
========== dropped link https://www.spicevids.com/?ats=eyJhIjo4NDcyMSwiYyI6NjA0NDcyMzMsIm4iOjEyMCwicyI6NjgwLCJlIjoxMDQzMCwicCI6MzkzfQ. Didn't pass first allows/blocks test.
======== We are on link 65 of 406
========== raw link https://help.pornhub.com/hc/en-us/categories/4419836212499
============ Checking for Redirections: https://help.pornhub.com/hc/en-us/categories/4419836212499
============ Link unchanged
========== link already checked
======== We are on link 66 of 406
========== raw link /blog
============ Found Relative: joining https://www.pornhub.com/information/terms and /blog
============ Checking for Redirections: https://www.pornhub.com/blog
============ Link after cleaning: https://www.pornhub.com/blog
========== scraping https://www.pornhub.com/blog
======== We are on link 67 of 406
========== raw link https://www.pornhub.com/insights/
============ Checking for Redirections: https://www.pornhub.com/insights/
============ Link unchanged
========== link already checked
======== We are on link 68 of 406
========== raw link https://www.pornhub.com/sex/
============ Checking for Redirections: https://www.pornhub.com/sex/
============ Link unchanged
========== link already checked
======== We are on link 69 of 406
========== raw link https://pornhubapparel.com/
========== dropped link https://pornhubapparel.com/. Didn't pass first allows/blocks test.
======== We are on link 70 of 406
========== raw link /video/search?search=effy+cutie
============ Found Relative: joining https://www.pornhub.com/information/terms and /video/search?search=effy+cutie
============ Checking for Redirections: https://www.pornhub.com/video/search?search=effy+cutie
============ Link after cleaning: https://www.pornhub.com/video/search
========== scraping https://www.pornhub.com/video/search
============ New link added. Search term (AI) found on https://www.pornhub.com/video/search.
======== We are on link 71 of 406
========== raw link /video/search?search=violet+myers+anal
============ Found Relative: joining https://www.pornhub.com/information/terms and /video/search?search=violet+myers+anal
============ Checking for Redirections: https://www.pornhub.com/video/search?search=violet+myers+anal
============ Link after cleaning: https://www.pornhub.com/video/search
========== link already checked
======== We are on link 72 of 406
========== raw link /video/search?search=coworker
============ Found Relative: joining https://www.pornhub.com/information/terms and /video/search?search=coworker
============ Checking for Redirections: https://www.pornhub.com/video/search?search=coworker
============ Link after cleaning: https://www.pornhub.com/video/search
========== link already checked
======== We are on link 73 of 406
========== raw link /video/search?search=sloppy+seconds
============ Found Relative: joining https://www.pornhub.com/information/terms and /video/search?search=sloppy+seconds
============ Checking for Redirections: https://www.pornhub.com/video/search?search=sloppy+seconds
============ Link after cleaning: https://www.pornhub.com/video/search
========== link already checked
======== We are on link 74 of 406
========== raw link /video/search?search=girthmaster
============ Found Relative: joining https://www.pornhub.com/information/terms and /video/search?search=girthmaster
============ Checking for Redirections: https://www.pornhub.com/video/search?search=girthmaster
============ Link after cleaning: https://www.pornhub.com/video/search
========== link already checked
======== We are on link 75 of 406
========== raw link /video/search?search=kat+marie
============ Found Relative: joining https://www.pornhub.com/information/terms and /video/search?search=kat+marie
============ Checking for Redirections: https://www.pornhub.com/video/search?search=kat+marie
============ Link after cleaning: https://www.pornhub.com/video/search
========== link already checked
======== We are on link 76 of 406
========== raw link /video/search?search=girthmasterr
============ Found Relative: joining https://www.pornhub.com/information/terms and /video/search?search=girthmasterr
============ Checking for Redirections: https://www.pornhub.com/video/search?search=girthmasterr
============ Link after cleaning: https://www.pornhub.com/video/search
========== link already checked
======== We are on link 77 of 406
========== raw link /video/search?search=prom
============ Found Relative: joining https://www.pornhub.com/information/terms and /video/search?search=prom
============ Checking for Redirections: https://www.pornhub.com/video/search?search=prom
============ Link after cleaning: https://www.pornhub.com/video/search
========== link already checked
======== We are on link 78 of 406
========== raw link /video/search?search=yasmina+khan
============ Found Relative: joining https://www.pornhub.com/information/terms and /video/search?search=yasmina+khan
============ Checking for Redirections: https://www.pornhub.com/video/search?search=yasmina+khan
============ Link after cleaning: https://www.pornhub.com/video/search
========== link already checked
======== We are on link 79 of 406
========== raw link /video/search?search=pakistani
============ Found Relative: joining https://www.pornhub.com/information/terms and /video/search?search=pakistani
============ Checking for Redirections: https://www.pornhub.com/video/search?search=pakistani
============ Link after cleaning: https://www.pornhub.com/video/search
========== link already checked
======== We are on link 80 of 406
========== raw link /pornstars?o=t
============ Found Relative: joining https://www.pornhub.com/information/terms and /pornstars?o=t
============ Checking for Redirections: https://www.pornhub.com/pornstars?o=t
============ Link after cleaning: https://www.pornhub.com/pornstars
========== link already checked
======== We are on link 81 of 406
========== raw link /pornstar/aidra-fox
============ Found Relative: joining https://www.pornhub.com/information/terms and /pornstar/aidra-fox
============ Checking for Redirections: https://www.pornhub.com/pornstar/aidra-fox
============ Link after cleaning: https://www.pornhub.com/pornstar/aidra-fox
========== scraping https://www.pornhub.com/pornstar/aidra-fox
============ New link added. Search term (AI) found on https://www.pornhub.com/pornstar/aidra-fox.
======== We are on link 82 of 406
========== raw link /model/anna-cherry7
============ Found Relative: joining https://www.pornhub.com/information/terms and /model/anna-cherry7
============ Checking for Redirections: https://www.pornhub.com/model/anna-cherry7
============ Link after cleaning: https://www.pornhub.com/model/anna-cherry7
========== scraping https://www.pornhub.com/model/anna-cherry7
============ New link added. Search term (AI) found on https://www.pornhub.com/model/anna-cherry7.
======== We are on link 83 of 406
========== raw link /pornstar/elsa-jean
============ Found Relative: joining https://www.pornhub.com/information/terms and /pornstar/elsa-jean
============ Checking for Redirections: https://www.pornhub.com/pornstar/elsa-jean
============ Link after cleaning: https://www.pornhub.com/pornstar/elsa-jean
========== scraping https://www.pornhub.com/pornstar/elsa-jean
============ New link added. Search term (AI) found on https://www.pornhub.com/pornstar/elsa-jean.
======== We are on link 84 of 406
========== raw link /model/brooke-tilli
============ Found Relative: joining https://www.pornhub.com/information/terms and /model/brooke-tilli
============ Checking for Redirections: https://www.pornhub.com/model/brooke-tilli
============ Link after cleaning: https://www.pornhub.com/model/brooke-tilli
========== scraping https://www.pornhub.com/model/brooke-tilli
============ New link added. Search term (AI) found on https://www.pornhub.com/model/brooke-tilli.
======== We are on link 85 of 406
========== raw link /pornstar/adriana-chechik
============ Found Relative: joining https://www.pornhub.com/information/terms and /pornstar/adriana-chechik
============ Checking for Redirections: https://www.pornhub.com/pornstar/adriana-chechik
============ Link after cleaning: https://www.pornhub.com/pornstar/adriana-chechik
========== scraping https://www.pornhub.com/pornstar/adriana-chechik
============ New link added. Search term (AI) found on https://www.pornhub.com/pornstar/adriana-chechik.
======== We are on link 86 of 406
========== raw link https://a.candyai.world/7cf82c9a-fbdb-412f-9fca-5675b2e2c3ef?creative=1&spot=pcbutton
========== dropped link https://a.candyai.world/7cf82c9a-fbdb-412f-9fca-5675b2e2c3ef?creative=1&spot=pcbutton. Didn't pass first allows/blocks test.
======== We are on link 87 of 406
========== raw link javascript:signinbox.show({step:'signUp'});updateClogTracking('upload-video');userClogTracking(currentDomain, 'signup-open', originPart, originUrl, clickedElement, '');
========== dropped link (either fragment ("#"), js, mailto, comment, pdf, or empty)
======== We are on link 88 of 406
========== raw link javascript:signinbox.show({step:'signUp'});updateClogTracking('upload-photo');userClogTracking(currentDomain, 'signup-open', originPart, originUrl, clickedElement, '');
========== dropped link (either fragment ("#"), js, mailto, comment, pdf, or empty)
======== We are on link 89 of 406
========== raw link /front/signup?redirect=J43%2FUAV%2Bus9lrHaR06%2Bo8w3wgS0H059MMicgo%2FUVkQI1uLL%2FcavZB7KAEDxkLFnaoq%2BEQt3ubpf1y%2BZ4absP9ekqZ8G7ON%2FgWi8I%2FWR11QfukAQaexwA7mG4h0ay3hV97NU%3D
============ Found Relative: joining https://www.pornhub.com/information/terms and /front/signup?redirect=J43%2FUAV%2Bus9lrHaR06%2Bo8w3wgS0H059MMicgo%2FUVkQI1uLL%2FcavZB7KAEDxkLFnaoq%2BEQt3ubpf1y%2BZ4absP9ekqZ8G7ON%2FgWi8I%2FWR11QfukAQaexwA7mG4h0ay3hV97NU%3D
========== dropped link https://www.pornhub.com/front/signup?redirect=J43%2FUAV%2Bus9lrHaR06%2Bo8w3wgS0H059MMicgo%2FUVkQI1uLL%2FcavZB7KAEDxkLFnaoq%2BEQt3ubpf1y%2BZ4absP9ekqZ8G7ON%2FgWi8I%2FWR11QfukAQaexwA7mG4h0ay3hV97NU%3D. Didn't pass first allows/blocks test.
======== We are on link 90 of 406
========== raw link /login?redirect=2bSqrHbSyISnYdHoih6Vfn9eVeUM2E6sNzDr2A%2BA6AftMsGMPEgKN%2FiUF3uqkvCZ23oU7PzsSkFTId0rzqZOl4NbTsYLy88I1kwq%2BnXakSA3ZdezzaWPYV2p17cIH0W8aH8%3D
============ Found Relative: joining https://www.pornhub.com/information/terms and /login?redirect=2bSqrHbSyISnYdHoih6Vfn9eVeUM2E6sNzDr2A%2BA6AftMsGMPEgKN%2FiUF3uqkvCZ23oU7PzsSkFTId0rzqZOl4NbTsYLy88I1kwq%2BnXakSA3ZdezzaWPYV2p17cIH0W8aH8%3D
========== dropped link https://www.pornhub.com/login?redirect=2bSqrHbSyISnYdHoih6Vfn9eVeUM2E6sNzDr2A%2BA6AftMsGMPEgKN%2FiUF3uqkvCZ23oU7PzsSkFTId0rzqZOl4NbTsYLy88I1kwq%2BnXakSA3ZdezzaWPYV2p17cIH0W8aH8%3D. Didn't pass first allows/blocks test.
======== We are on link 91 of 406
========== raw link /likedvideos
============ Found Relative: joining https://www.pornhub.com/information/terms and /likedvideos
============ Checking for Redirections: https://www.pornhub.com/likedvideos
============ Link after cleaning: https://www.pornhub.com/likedvideos
========== scraping https://www.pornhub.com/likedvideos
============ New link added. Search term (AI) found on https://www.pornhub.com/likedvideos.
======== We are on link 92 of 406
========== raw link javascript:signinbox.show({step:'signUp'});userClogTracking(currentDomain, 'signup-open', originPart, originUrl, 'upload-video', '');
========== dropped link (either fragment ("#"), js, mailto, comment, pdf, or empty)
======== We are on link 93 of 406
========== raw link https://help.pornhub.com/hc/en-us/categories/4419836205203
============ Checking for Redirections: https://help.pornhub.com/hc/en-us/categories/4419836205203
============ Link unchanged
========== scraping https://help.pornhub.com/hc/en-us/categories/4419836205203
======== We are on link 94 of 406
========== raw link /support
============ Found Relative: joining https://www.pornhub.com/information/terms and /support
============ Checking for Redirections: https://www.pornhub.com/support
============ Link after cleaning: https://www.pornhub.com/support
========== link already checked
======== We are on link 95 of 406
========== raw link /
========== dropped link (either fragment ("#"), js, mailto, comment, pdf, or empty)
======== We are on link 96 of 406
========== raw link /video
============ Found Relative: joining https://www.pornhub.com/information/terms and /video
============ Checking for Redirections: https://www.pornhub.com/video
============ Link after cleaning: https://www.pornhub.com/video
========== link already checked
======== We are on link 97 of 406
========== raw link /video
============ Found Relative: joining https://www.pornhub.com/information/terms and /video
============ Checking for Redirections: https://www.pornhub.com/video
============ Link after cleaning: https://www.pornhub.com/video
========== link already checked
======== We are on link 98 of 406
========== raw link /recommended
============ Found Relative: joining https://www.pornhub.com/information/terms and /recommended
============ Checking for Redirections: https://www.pornhub.com/recommended
============ Link after cleaning: https://www.pornhub.com/recommended
========== link already checked
======== We are on link 99 of 406
========== raw link /video?o=ht&cc=us
============ Found Relative: joining https://www.pornhub.com/information/terms and /video?o=ht&cc=us
============ Checking for Redirections: https://www.pornhub.com/video?o=ht&cc=us
============ Link after cleaning: https://www.pornhub.com/video
========== link already checked
======== We are on link 100 of 406
========== raw link /video?o=mv&cc=us
============ Found Relative: joining https://www.pornhub.com/information/terms and /video?o=mv&cc=us
============ Checking for Redirections: https://www.pornhub.com/video?o=mv&cc=us
============ Link after cleaning: https://www.pornhub.com/video
========== link already checked
======== We are on link 101 of 406
========== raw link /video?o=tr
============ Found Relative: joining https://www.pornhub.com/information/terms and /video?o=tr
============ Checking for Redirections: https://www.pornhub.com/video?o=tr
============ Link after cleaning: https://www.pornhub.com/video
========== link already checked
======== We are on link 102 of 406
========== raw link /video?p=homemade&o=tr
============ Found Relative: joining https://www.pornhub.com/information/terms and /video?p=homemade&o=tr
============ Checking for Redirections: https://www.pornhub.com/video?p=homemade&o=tr
============ Link after cleaning: https://www.pornhub.com/video
========== link already checked
======== We are on link 103 of 406
========== raw link /shorties
============ Found Relative: joining https://www.pornhub.com/information/terms and /shorties
============ Checking for Redirections: https://www.pornhub.com/shorties
============ Followed Redirection to https://www.pornhub.com/shorties/67cd7dcb5971e
============ Link after cleaning: https://www.pornhub.com/shorties/67cd7dcb5971e
========== scraping https://www.pornhub.com/shorties/67cd7dcb5971e
======== We are on link 104 of 406
========== raw link /playlists
============ Found Relative: joining https://www.pornhub.com/information/terms and /playlists
============ Checking for Redirections: https://www.pornhub.com/playlists
============ Link after cleaning: https://www.pornhub.com/playlists
========== link already checked
======== We are on link 105 of 406
========== raw link /channels
============ Found Relative: joining https://www.pornhub.com/information/terms and /channels
============ Checking for Redirections: https://www.pornhub.com/channels
============ Link after cleaning: https://www.pornhub.com/channels
========== link already checked
======== We are on link 106 of 406
========== raw link /video/random
============ Found Relative: joining https://www.pornhub.com/information/terms and /video/random
============ Checking for Redirections: https://www.pornhub.com/video/random
============ Followed Redirection to https://www.pornhub.com/view_video.php?viewkey=ph5bd6da3a94b31
============ Link after cleaning: https://www.pornhub.com/view_video.php
========== scraping https://www.pornhub.com/view_video.php
============ New link added. Search term (AI) found on https://www.pornhub.com/view_video.php.
======== We are on link 107 of 406
========== raw link /video?o=cm
============ Found Relative: joining https://www.pornhub.com/information/terms and /video?o=cm
============ Checking for Redirections: https://www.pornhub.com/video?o=cm
============ Link after cleaning: https://www.pornhub.com/video
========== link already checked
======== We are on link 108 of 406
========== raw link /contest_hub/viewers_choice
============ Found Relative: joining https://www.pornhub.com/information/terms and /contest_hub/viewers_choice
============ Checking for Redirections: https://www.pornhub.com/contest_hub/viewers_choice
============ Link after cleaning: https://www.pornhub.com/contest_hub/viewers_choice
========== link already checked
======== We are on link 109 of 406
========== raw link /video?o=ht&cc=us
============ Found Relative: joining https://www.pornhub.com/information/terms and /video?o=ht&cc=us
============ Checking for Redirections: https://www.pornhub.com/video?o=ht&cc=us
============ Link after cleaning: https://www.pornhub.com/video
========== link already checked
======== We are on link 110 of 406
========== raw link /view_video.php?viewkey=68028fe471cdf
============ Found Relative: joining https://www.pornhub.com/information/terms and /view_video.php?viewkey=68028fe471cdf
============ Checking for Redirections: https://www.pornhub.com/view_video.php?viewkey=68028fe471cdf
============ Link after cleaning: https://www.pornhub.com/view_video.php
========== link already checked
======== We are on link 111 of 406
========== raw link /view_video.php?viewkey=68028fe471cdf
============ Found Relative: joining https://www.pornhub.com/information/terms and /view_video.php?viewkey=68028fe471cdf
============ Checking for Redirections: https://www.pornhub.com/view_video.php?viewkey=68028fe471cdf
============ Link after cleaning: https://www.pornhub.com/view_video.php
========== link already checked
======== We are on link 112 of 406
========== raw link /model/teen-meat
============ Found Relative: joining https://www.pornhub.com/information/terms and /model/teen-meat
============ Checking for Redirections: https://www.pornhub.com/model/teen-meat
============ Link after cleaning: https://www.pornhub.com/model/teen-meat
========== scraping https://www.pornhub.com/model/teen-meat
============ New link added. Search term (AI) found on https://www.pornhub.com/model/teen-meat.
======== We are on link 113 of 406
========== raw link /view_video.php?viewkey=67f558f6b697c
============ Found Relative: joining https://www.pornhub.com/information/terms and /view_video.php?viewkey=67f558f6b697c
============ Checking for Redirections: https://www.pornhub.com/view_video.php?viewkey=67f558f6b697c
============ Link after cleaning: https://www.pornhub.com/view_video.php
========== link already checked
======== We are on link 114 of 406
========== raw link /view_video.php?viewkey=67f558f6b697c
============ Found Relative: joining https://www.pornhub.com/information/terms and /view_video.php?viewkey=67f558f6b697c
============ Checking for Redirections: https://www.pornhub.com/view_video.php?viewkey=67f558f6b697c
============ Link after cleaning: https://www.pornhub.com/view_video.php
========== link already checked
======== We are on link 115 of 406
========== raw link /channels/step-siblings-caught
============ Found Relative: joining https://www.pornhub.com/information/terms and /channels/step-siblings-caught
============ Checking for Redirections: https://www.pornhub.com/channels/step-siblings-caught
============ Link after cleaning: https://www.pornhub.com/channels/step-siblings-caught
========== scraping https://www.pornhub.com/channels/step-siblings-caught
============ New link added. Search term (AI) found on https://www.pornhub.com/channels/step-siblings-caught.
======== We are on link 116 of 406
========== raw link /recommended
============ Found Relative: joining https://www.pornhub.com/information/terms and /recommended
============ Checking for Redirections: https://www.pornhub.com/recommended
============ Link after cleaning: https://www.pornhub.com/recommended
========== link already checked
======== We are on link 117 of 406
========== raw link /view_video.php?viewkey=ph5e6c1df2484c2
============ Found Relative: joining https://www.pornhub.com/information/terms and /view_video.php?viewkey=ph5e6c1df2484c2
============ Checking for Redirections: https://www.pornhub.com/view_video.php?viewkey=ph5e6c1df2484c2
============ Link after cleaning: https://www.pornhub.com/view_video.php
========== link already checked
======== We are on link 118 of 406
========== raw link /view_video.php?viewkey=ph5e6c1df2484c2
============ Found Relative: joining https://www.pornhub.com/information/terms and /view_video.php?viewkey=ph5e6c1df2484c2
============ Checking for Redirections: https://www.pornhub.com/view_video.php?viewkey=ph5e6c1df2484c2
============ Link after cleaning: https://www.pornhub.com/view_video.php
========== link already checked
======== We are on link 119 of 406
========== raw link /channels/perv-mom
============ Found Relative: joining https://www.pornhub.com/information/terms and /channels/perv-mom
============ Checking for Redirections: https://www.pornhub.com/channels/perv-mom
============ Link after cleaning: https://www.pornhub.com/channels/perv-mom
========== scraping https://www.pornhub.com/channels/perv-mom
============ New link added. Search term (AI) found on https://www.pornhub.com/channels/perv-mom.
======== We are on link 120 of 406
========== raw link /view_video.php?viewkey=ph601c752169a9f
============ Found Relative: joining https://www.pornhub.com/information/terms and /view_video.php?viewkey=ph601c752169a9f
============ Checking for Redirections: https://www.pornhub.com/view_video.php?viewkey=ph601c752169a9f
============ Link after cleaning: https://www.pornhub.com/view_video.php
========== link already checked
======== We are on link 121 of 406
========== raw link /view_video.php?viewkey=ph601c752169a9f
============ Found Relative: joining https://www.pornhub.com/information/terms and /view_video.php?viewkey=ph601c752169a9f
============ Checking for Redirections: https://www.pornhub.com/view_video.php?viewkey=ph601c752169a9f
============ Link after cleaning: https://www.pornhub.com/view_video.php
========== link already checked
======== We are on link 122 of 406
========== raw link /channels/perv-mom
============ Found Relative: joining https://www.pornhub.com/information/terms and /channels/perv-mom
============ Checking for Redirections: https://www.pornhub.com/channels/perv-mom
============ Link after cleaning: https://www.pornhub.com/channels/perv-mom
========== link already checked
======== We are on link 123 of 406
========== raw link /playlists
============ Found Relative: joining https://www.pornhub.com/information/terms and /playlists
============ Checking for Redirections: https://www.pornhub.com/playlists
============ Link after cleaning: https://www.pornhub.com/playlists
========== link already checked
======== We are on link 124 of 406
========== raw link /view_video.php?viewkey=1674956508&pkey=141278012
============ Found Relative: joining https://www.pornhub.com/information/terms and /view_video.php?viewkey=1674956508&pkey=141278012
============ Checking for Redirections: https://www.pornhub.com/view_video.php?viewkey=1674956508&pkey=141278012
============ Link after cleaning: https://www.pornhub.com/view_video.php
========== link already checked
======== We are on link 125 of 406
========== raw link /playlist/141278012
============ Found Relative: joining https://www.pornhub.com/information/terms and /playlist/141278012
============ Checking for Redirections: https://www.pornhub.com/playlist/141278012
============ Link after cleaning: https://www.pornhub.com/playlist/141278012
========== scraping https://www.pornhub.com/playlist/141278012
============ New link added. Search term (AI) found on https://www.pornhub.com/playlist/141278012.
======== We are on link 126 of 406
========== raw link /playlist/141278012
============ Found Relative: joining https://www.pornhub.com/information/terms and /playlist/141278012
============ Checking for Redirections: https://www.pornhub.com/playlist/141278012
============ Link after cleaning: https://www.pornhub.com/playlist/141278012
========== link already checked
======== We are on link 127 of 406
========== raw link /users/maszlagfetish
============ Found Relative: joining https://www.pornhub.com/information/terms and /users/maszlagfetish
============ Checking for Redirections: https://www.pornhub.com/users/maszlagfetish
============ Link after cleaning: https://www.pornhub.com/users/maszlagfetish
========== scraping https://www.pornhub.com/users/maszlagfetish
============ New link added. Search term (AI) found on https://www.pornhub.com/users/maszlagfetish.
======== We are on link 128 of 406
========== raw link /view_video.php?viewkey=772289093&pkey=141024872
============ Found Relative: joining https://www.pornhub.com/information/terms and /view_video.php?viewkey=772289093&pkey=141024872
============ Checking for Redirections: https://www.pornhub.com/view_video.php?viewkey=772289093&pkey=141024872
============ Link after cleaning: https://www.pornhub.com/view_video.php
========== link already checked
======== We are on link 129 of 406
========== raw link /playlist/141024872
============ Found Relative: joining https://www.pornhub.com/information/terms and /playlist/141024872
============ Checking for Redirections: https://www.pornhub.com/playlist/141024872
============ Link after cleaning: https://www.pornhub.com/playlist/141024872
========== scraping https://www.pornhub.com/playlist/141024872
============ New link added. Search term (AI) found on https://www.pornhub.com/playlist/141024872.
======== We are on link 130 of 406
========== raw link /playlist/141024872
============ Found Relative: joining https://www.pornhub.com/information/terms and /playlist/141024872
============ Checking for Redirections: https://www.pornhub.com/playlist/141024872
============ Link after cleaning: https://www.pornhub.com/playlist/141024872
========== link already checked
======== We are on link 131 of 406
========== raw link /users/walker077
============ Found Relative: joining https://www.pornhub.com/information/terms and /users/walker077
============ Checking for Redirections: https://www.pornhub.com/users/walker077
============ Link after cleaning: https://www.pornhub.com/users/walker077
========== scraping https://www.pornhub.com/users/walker077
============ New link added. Search term (AI) found on https://www.pornhub.com/users/walker077.
======== We are on link 132 of 406
========== raw link /channels
============ Found Relative: joining https://www.pornhub.com/information/terms and /channels
============ Checking for Redirections: https://www.pornhub.com/channels
============ Link after cleaning: https://www.pornhub.com/channels
========== link already checked
======== We are on link 133 of 406
========== raw link /channels/brazzers
============ Found Relative: joining https://www.pornhub.com/information/terms and /channels/brazzers
============ Checking for Redirections: https://www.pornhub.com/channels/brazzers
============ Link after cleaning: https://www.pornhub.com/channels/brazzers
========== scraping https://www.pornhub.com/channels/brazzers
============ New link added. Search term (AI) found on https://www.pornhub.com/channels/brazzers.
======== We are on link 134 of 406
========== raw link /channels/brazzers
============ Found Relative: joining https://www.pornhub.com/information/terms and /channels/brazzers
============ Checking for Redirections: https://www.pornhub.com/channels/brazzers
============ Link after cleaning: https://www.pornhub.com/channels/brazzers
========== link already checked
======== We are on link 135 of 406
========== raw link /channels/public-agent
============ Found Relative: joining https://www.pornhub.com/information/terms and /channels/public-agent
============ Checking for Redirections: https://www.pornhub.com/channels/public-agent
============ Link after cleaning: https://www.pornhub.com/channels/public-agent
========== scraping https://www.pornhub.com/channels/public-agent
============ New link added. Search term (AI) found on https://www.pornhub.com/channels/public-agent.
======== We are on link 136 of 406
========== raw link /channels/public-agent
============ Found Relative: joining https://www.pornhub.com/information/terms and /channels/public-agent
============ Checking for Redirections: https://www.pornhub.com/channels/public-agent
============ Link after cleaning: https://www.pornhub.com/channels/public-agent
========== link already checked
======== We are on link 137 of 406
========== raw link /video/search?search=effy+cutie
============ Found Relative: joining https://www.pornhub.com/information/terms and /video/search?search=effy+cutie
============ Checking for Redirections: https://www.pornhub.com/video/search?search=effy+cutie
============ Link after cleaning: https://www.pornhub.com/video/search
========== link already checked
======== We are on link 138 of 406
========== raw link /video/search?search=violet+myers+anal
============ Found Relative: joining https://www.pornhub.com/information/terms and /video/search?search=violet+myers+anal
============ Checking for Redirections: https://www.pornhub.com/video/search?search=violet+myers+anal
============ Link after cleaning: https://www.pornhub.com/video/search
========== link already checked
======== We are on link 139 of 406
========== raw link /video/search?search=coworker
============ Found Relative: joining https://www.pornhub.com/information/terms and /video/search?search=coworker
============ Checking for Redirections: https://www.pornhub.com/video/search?search=coworker
============ Link after cleaning: https://www.pornhub.com/video/search
========== link already checked
======== We are on link 140 of 406
========== raw link /video/search?search=sloppy+seconds
============ Found Relative: joining https://www.pornhub.com/information/terms and /video/search?search=sloppy+seconds
============ Checking for Redirections: https://www.pornhub.com/video/search?search=sloppy+seconds
============ Link after cleaning: https://www.pornhub.com/video/search
========== link already checked
======== We are on link 141 of 406
========== raw link /video/search?search=girthmaster
============ Found Relative: joining https://www.pornhub.com/information/terms and /video/search?search=girthmaster
============ Checking for Redirections: https://www.pornhub.com/video/search?search=girthmaster
============ Link after cleaning: https://www.pornhub.com/video/search
========== link already checked
======== We are on link 142 of 406
========== raw link /video/search?search=kat+marie
============ Found Relative: joining https://www.pornhub.com/information/terms and /video/search?search=kat+marie
============ Checking for Redirections: https://www.pornhub.com/video/search?search=kat+marie
============ Link after cleaning: https://www.pornhub.com/video/search
========== link already checked
======== We are on link 143 of 406
========== raw link /video/search?search=girthmasterr
============ Found Relative: joining https://www.pornhub.com/information/terms and /video/search?search=girthmasterr
============ Checking for Redirections: https://www.pornhub.com/video/search?search=girthmasterr
============ Link after cleaning: https://www.pornhub.com/video/search
========== link already checked
======== We are on link 144 of 406
========== raw link /video/search?search=prom
============ Found Relative: joining https://www.pornhub.com/information/terms and /video/search?search=prom
============ Checking for Redirections: https://www.pornhub.com/video/search?search=prom
============ Link after cleaning: https://www.pornhub.com/video/search
========== link already checked
======== We are on link 145 of 406
========== raw link /categories
============ Found Relative: joining https://www.pornhub.com/information/terms and /categories
============ Checking for Redirections: https://www.pornhub.com/categories
============ Link after cleaning: https://www.pornhub.com/categories
========== link already checked
======== We are on link 146 of 406
========== raw link /categories
============ Found Relative: joining https://www.pornhub.com/information/terms and /categories
============ Checking for Redirections: https://www.pornhub.com/categories
============ Link after cleaning: https://www.pornhub.com/categories
========== link already checked
======== We are on link 147 of 406
========== raw link /gay/categories
============ Found Relative: joining https://www.pornhub.com/information/terms and /gay/categories
============ Checking for Redirections: https://www.pornhub.com/gay/categories
============ Link after cleaning: https://www.pornhub.com/gay/categories
========== scraping https://www.pornhub.com/gay/categories
============ New link added. Search term (AI) found on https://www.pornhub.com/gay/categories.
======== We are on link 148 of 406
========== raw link /transgender
============ Found Relative: joining https://www.pornhub.com/information/terms and /transgender
============ Checking for Redirections: https://www.pornhub.com/transgender
============ Link after cleaning: https://www.pornhub.com/transgender
========== link already checked
======== We are on link 149 of 406
========== raw link /categories
============ Found Relative: joining https://www.pornhub.com/information/terms and /categories
============ Checking for Redirections: https://www.pornhub.com/categories
============ Link after cleaning: https://www.pornhub.com/categories
========== link already checked
======== We are on link 150 of 406
========== raw link /video?c=28
============ Found Relative: joining https://www.pornhub.com/information/terms and /video?c=28
============ Checking for Redirections: https://www.pornhub.com/video?c=28
============ Link after cleaning: https://www.pornhub.com/video
========== link already checked
======== We are on link 151 of 406
========== raw link /categories/teen
============ Found Relative: joining https://www.pornhub.com/information/terms and /categories/teen
============ Checking for Redirections: https://www.pornhub.com/categories/teen
============ Link after cleaning: https://www.pornhub.com/categories/teen
========== link already checked
======== We are on link 152 of 406
========== raw link /video?c=29
============ Found Relative: joining https://www.pornhub.com/information/terms and /video?c=29
============ Checking for Redirections: https://www.pornhub.com/video?c=29
============ Link after cleaning: https://www.pornhub.com/video
========== link already checked
======== We are on link 153 of 406
========== raw link /video?c=17
============ Found Relative: joining https://www.pornhub.com/information/terms and /video?c=17
============ Checking for Redirections: https://www.pornhub.com/video?c=17
============ Link after cleaning: https://www.pornhub.com/video
========== link already checked
======== We are on link 154 of 406
========== raw link /video?c=35
============ Found Relative: joining https://www.pornhub.com/information/terms and /video?c=35
============ Checking for Redirections: https://www.pornhub.com/video?c=35
============ Link after cleaning: https://www.pornhub.com/video
========== link already checked
======== We are on link 155 of 406
========== raw link /video?c=181
============ Found Relative: joining https://www.pornhub.com/information/terms and /video?c=181
============ Checking for Redirections: https://www.pornhub.com/video?c=181
============ Link after cleaning: https://www.pornhub.com/video
========== link already checked
======== We are on link 156 of 406
========== raw link /video?c=27
============ Found Relative: joining https://www.pornhub.com/information/terms and /video?c=27
============ Checking for Redirections: https://www.pornhub.com/video?c=27
============ Link after cleaning: https://www.pornhub.com/video
========== link already checked
======== We are on link 157 of 406
========== raw link /video?c=65
============ Found Relative: joining https://www.pornhub.com/information/terms and /video?c=65
============ Checking for Redirections: https://www.pornhub.com/video?c=65
============ Link after cleaning: https://www.pornhub.com/video
========== link already checked
======== We are on link 158 of 406
========== raw link /video?c=111
============ Found Relative: joining https://www.pornhub.com/information/terms and /video?c=111
============ Checking for Redirections: https://www.pornhub.com/video?c=111
============ Link after cleaning: https://www.pornhub.com/video
========== link already checked
======== We are on link 159 of 406
========== raw link /categories/hentai
============ Found Relative: joining https://www.pornhub.com/information/terms and /categories/hentai
============ Checking for Redirections: https://www.pornhub.com/categories/hentai
============ Link after cleaning: https://www.pornhub.com/categories/hentai
========== link already checked
======== We are on link 160 of 406
========== raw link /video?c=8
============ Found Relative: joining https://www.pornhub.com/information/terms and /video?c=8
============ Checking for Redirections: https://www.pornhub.com/video?c=8
============ Link after cleaning: https://www.pornhub.com/video
========== link already checked
======== We are on link 161 of 406
========== raw link /video?c=24
============ Found Relative: joining https://www.pornhub.com/information/terms and /video?c=24
============ Checking for Redirections: https://www.pornhub.com/video?c=24
============ Link after cleaning: https://www.pornhub.com/video
========== link already checked
======== We are on link 162 of 406
========== raw link /video?c=86
============ Found Relative: joining https://www.pornhub.com/information/terms and /video?c=86
============ Checking for Redirections: https://www.pornhub.com/video?c=86
============ Link after cleaning: https://www.pornhub.com/video
========== link already checked
======== We are on link 163 of 406
========== raw link /video?c=10
============ Found Relative: joining https://www.pornhub.com/information/terms and /video?c=10
============ Checking for Redirections: https://www.pornhub.com/video?c=10
============ Link after cleaning: https://www.pornhub.com/video
========== link already checked
======== We are on link 164 of 406
========== raw link /video?c=15
============ Found Relative: joining https://www.pornhub.com/information/terms and /video?c=15
============ Checking for Redirections: https://www.pornhub.com/video?c=15
============ Link after cleaning: https://www.pornhub.com/video
========== link already checked
======== We are on link 165 of 406
========== raw link /transgender
============ Found Relative: joining https://www.pornhub.com/information/terms and /transgender
============ Checking for Redirections: https://www.pornhub.com/transgender
============ Link after cleaning: https://www.pornhub.com/transgender
========== link already checked
======== We are on link 166 of 406
========== raw link /video?c=80
============ Found Relative: joining https://www.pornhub.com/information/terms and /video?c=80
============ Checking for Redirections: https://www.pornhub.com/video?c=80
============ Link after cleaning: https://www.pornhub.com/video
========== link already checked
======== We are on link 167 of 406
========== raw link /video?c=7
============ Found Relative: joining https://www.pornhub.com/information/terms and /video?c=7
============ Checking for Redirections: https://www.pornhub.com/video?c=7
============ Link after cleaning: https://www.pornhub.com/video
========== link already checked
======== We are on link 168 of 406
========== raw link /video?c=22
============ Found Relative: joining https://www.pornhub.com/information/terms and /video?c=22
============ Checking for Redirections: https://www.pornhub.com/video?c=22
============ Link after cleaning: https://www.pornhub.com/video
========== link already checked
======== We are on link 169 of 406
========== raw link /video?c=69
============ Found Relative: joining https://www.pornhub.com/information/terms and /video?c=69
============ Checking for Redirections: https://www.pornhub.com/video?c=69
============ Link after cleaning: https://www.pornhub.com/video
========== link already checked
======== We are on link 170 of 406
========== raw link /video/search?search=effy+cutie
============ Found Relative: joining https://www.pornhub.com/information/terms and /video/search?search=effy+cutie
============ Checking for Redirections: https://www.pornhub.com/video/search?search=effy+cutie
============ Link after cleaning: https://www.pornhub.com/video/search
========== link already checked
======== We are on link 171 of 406
========== raw link /video/search?search=violet+myers+anal
============ Found Relative: joining https://www.pornhub.com/information/terms and /video/search?search=violet+myers+anal
============ Checking for Redirections: https://www.pornhub.com/video/search?search=violet+myers+anal
============ Link after cleaning: https://www.pornhub.com/video/search
========== link already checked
======== We are on link 172 of 406
========== raw link /video/search?search=coworker
============ Found Relative: joining https://www.pornhub.com/information/terms and /video/search?search=coworker
============ Checking for Redirections: https://www.pornhub.com/video/search?search=coworker
============ Link after cleaning: https://www.pornhub.com/video/search
========== link already checked
======== We are on link 173 of 406
========== raw link /video/search?search=sloppy+seconds
============ Found Relative: joining https://www.pornhub.com/information/terms and /video/search?search=sloppy+seconds
============ Checking for Redirections: https://www.pornhub.com/video/search?search=sloppy+seconds
============ Link after cleaning: https://www.pornhub.com/video/search
========== link already checked
======== We are on link 174 of 406
========== raw link /video/search?search=girthmaster
============ Found Relative: joining https://www.pornhub.com/information/terms and /video/search?search=girthmaster
============ Checking for Redirections: https://www.pornhub.com/video/search?search=girthmaster
============ Link after cleaning: https://www.pornhub.com/video/search
========== link already checked
======== We are on link 175 of 406
========== raw link /video/search?search=kat+marie
============ Found Relative: joining https://www.pornhub.com/information/terms and /video/search?search=kat+marie
============ Checking for Redirections: https://www.pornhub.com/video/search?search=kat+marie
============ Link after cleaning: https://www.pornhub.com/video/search
========== link already checked
======== We are on link 176 of 406
========== raw link /video/search?search=girthmasterr
============ Found Relative: joining https://www.pornhub.com/information/terms and /video/search?search=girthmasterr
============ Checking for Redirections: https://www.pornhub.com/video/search?search=girthmasterr
============ Link after cleaning: https://www.pornhub.com/video/search
========== link already checked
======== We are on link 177 of 406
========== raw link /video/search?search=prom
============ Found Relative: joining https://www.pornhub.com/information/terms and /video/search?search=prom
============ Checking for Redirections: https://www.pornhub.com/video/search?search=prom
============ Link after cleaning: https://www.pornhub.com/video/search
========== link already checked
======== We are on link 178 of 406
========== raw link /video/search?search=yasmina+khan
============ Found Relative: joining https://www.pornhub.com/information/terms and /video/search?search=yasmina+khan
============ Checking for Redirections: https://www.pornhub.com/video/search?search=yasmina+khan
============ Link after cleaning: https://www.pornhub.com/video/search
========== link already checked
======== We are on link 179 of 406
========== raw link /video/search?search=pakistani
============ Found Relative: joining https://www.pornhub.com/information/terms and /video/search?search=pakistani
============ Checking for Redirections: https://www.pornhub.com/video/search?search=pakistani
============ Link after cleaning: https://www.pornhub.com/video/search
========== link already checked
======== We are on link 180 of 406
========== raw link https://livehdcams.com/?AFNO=1-60000
========== dropped link https://livehdcams.com/?AFNO=1-60000. Didn't pass first allows/blocks test.
======== We are on link 181 of 406
========== raw link /pornstars
============ Found Relative: joining https://www.pornhub.com/information/terms and /pornstars
============ Checking for Redirections: https://www.pornhub.com/pornstars
============ Link after cleaning: https://www.pornhub.com/pornstars
========== link already checked
======== We are on link 182 of 406
========== raw link /pornstars
============ Found Relative: joining https://www.pornhub.com/information/terms and /pornstars
============ Checking for Redirections: https://www.pornhub.com/pornstars
============ Link after cleaning: https://www.pornhub.com/pornstars
========== link already checked
======== We are on link 183 of 406
========== raw link /pornstars?performerType=amateur
============ Found Relative: joining https://www.pornhub.com/information/terms and /pornstars?performerType=amateur
============ Checking for Redirections: https://www.pornhub.com/pornstars?performerType=amateur
============ Link after cleaning: https://www.pornhub.com/pornstars
========== link already checked
======== We are on link 184 of 406
========== raw link /pornstars?performerType=pornstar
============ Found Relative: joining https://www.pornhub.com/information/terms and /pornstars?performerType=pornstar
============ Checking for Redirections: https://www.pornhub.com/pornstars?performerType=pornstar
============ Link after cleaning: https://www.pornhub.com/pornstars
========== link already checked
======== We are on link 185 of 406
========== raw link /pornstars?gender=male
============ Found Relative: joining https://www.pornhub.com/information/terms and /pornstars?gender=male
============ Checking for Redirections: https://www.pornhub.com/pornstars?gender=male
============ Link after cleaning: https://www.pornhub.com/pornstars
========== link already checked
======== We are on link 186 of 406
========== raw link /pornstars?o=t
============ Found Relative: joining https://www.pornhub.com/information/terms and /pornstars?o=t
============ Checking for Redirections: https://www.pornhub.com/pornstars?o=t
============ Link after cleaning: https://www.pornhub.com/pornstars
========== link already checked
======== We are on link 187 of 406
========== raw link /pornstars?o=t
============ Found Relative: joining https://www.pornhub.com/information/terms and /pornstars?o=t
============ Checking for Redirections: https://www.pornhub.com/pornstars?o=t
============ Link after cleaning: https://www.pornhub.com/pornstars
========== link already checked
======== We are on link 188 of 406
========== raw link /pornstar/adriana-chechik
============ Found Relative: joining https://www.pornhub.com/information/terms and /pornstar/adriana-chechik
============ Checking for Redirections: https://www.pornhub.com/pornstar/adriana-chechik
============ Link after cleaning: https://www.pornhub.com/pornstar/adriana-chechik
========== link already checked
======== We are on link 189 of 406
========== raw link /pornstar/adriana-chechik
============ Found Relative: joining https://www.pornhub.com/information/terms and /pornstar/adriana-chechik
============ Checking for Redirections: https://www.pornhub.com/pornstar/adriana-chechik
============ Link after cleaning: https://www.pornhub.com/pornstar/adriana-chechik
========== link already checked
======== We are on link 190 of 406
========== raw link /pornstar/kat-marie
============ Found Relative: joining https://www.pornhub.com/information/terms and /pornstar/kat-marie
============ Checking for Redirections: https://www.pornhub.com/pornstar/kat-marie
============ Link after cleaning: https://www.pornhub.com/pornstar/kat-marie
========== scraping https://www.pornhub.com/pornstar/kat-marie
============ New link added. Search term (AI) found on https://www.pornhub.com/pornstar/kat-marie.
======== We are on link 191 of 406
========== raw link /pornstar/kat-marie
============ Found Relative: joining https://www.pornhub.com/information/terms and /pornstar/kat-marie
============ Checking for Redirections: https://www.pornhub.com/pornstar/kat-marie
============ Link after cleaning: https://www.pornhub.com/pornstar/kat-marie
========== link already checked
======== We are on link 192 of 406
========== raw link /pornstars
============ Found Relative: joining https://www.pornhub.com/information/terms and /pornstars
============ Checking for Redirections: https://www.pornhub.com/pornstars
============ Link after cleaning: https://www.pornhub.com/pornstars
========== link already checked
======== We are on link 193 of 406
========== raw link /pornstars
============ Found Relative: joining https://www.pornhub.com/information/terms and /pornstars
============ Checking for Redirections: https://www.pornhub.com/pornstars
============ Link after cleaning: https://www.pornhub.com/pornstars
========== link already checked
======== We are on link 194 of 406
========== raw link /pornstar/ava-addams
============ Found Relative: joining https://www.pornhub.com/information/terms and /pornstar/ava-addams
============ Checking for Redirections: https://www.pornhub.com/pornstar/ava-addams
============ Link after cleaning: https://www.pornhub.com/pornstar/ava-addams
========== scraping https://www.pornhub.com/pornstar/ava-addams
============ New link added. Search term (AI) found on https://www.pornhub.com/pornstar/ava-addams.
======== We are on link 195 of 406
========== raw link /pornstar/ava-addams
============ Found Relative: joining https://www.pornhub.com/information/terms and /pornstar/ava-addams
============ Checking for Redirections: https://www.pornhub.com/pornstar/ava-addams
============ Link after cleaning: https://www.pornhub.com/pornstar/ava-addams
========== link already checked
======== We are on link 196 of 406
========== raw link /pornstar/eliza-ibarra
============ Found Relative: joining https://www.pornhub.com/information/terms and /pornstar/eliza-ibarra
============ Checking for Redirections: https://www.pornhub.com/pornstar/eliza-ibarra
============ Link after cleaning: https://www.pornhub.com/pornstar/eliza-ibarra
========== scraping https://www.pornhub.com/pornstar/eliza-ibarra
============ New link added. Search term (AI) found on https://www.pornhub.com/pornstar/eliza-ibarra.
======== We are on link 197 of 406
========== raw link /pornstar/eliza-ibarra
============ Found Relative: joining https://www.pornhub.com/information/terms and /pornstar/eliza-ibarra
============ Checking for Redirections: https://www.pornhub.com/pornstar/eliza-ibarra
============ Link after cleaning: https://www.pornhub.com/pornstar/eliza-ibarra
========== link already checked
======== We are on link 198 of 406
========== raw link /pornstars?o=mv
============ Found Relative: joining https://www.pornhub.com/information/terms and /pornstars?o=mv
============ Checking for Redirections: https://www.pornhub.com/pornstars?o=mv
============ Link after cleaning: https://www.pornhub.com/pornstars
========== link already checked
======== We are on link 199 of 406
========== raw link /pornstars?o=mv
============ Found Relative: joining https://www.pornhub.com/information/terms and /pornstars?o=mv
============ Checking for Redirections: https://www.pornhub.com/pornstars?o=mv
============ Link after cleaning: https://www.pornhub.com/pornstars
========== link already checked
======== We are on link 200 of 406
========== raw link /pornstar/lily-phillips
============ Found Relative: joining https://www.pornhub.com/information/terms and /pornstar/lily-phillips
============ Checking for Redirections: https://www.pornhub.com/pornstar/lily-phillips
============ Link after cleaning: https://www.pornhub.com/pornstar/lily-phillips
========== scraping https://www.pornhub.com/pornstar/lily-phillips
============ New link added. Search term (AI) found on https://www.pornhub.com/pornstar/lily-phillips.
======== We are on link 201 of 406
========== raw link /pornstar/lily-phillips
============ Found Relative: joining https://www.pornhub.com/information/terms and /pornstar/lily-phillips
============ Checking for Redirections: https://www.pornhub.com/pornstar/lily-phillips
============ Link after cleaning: https://www.pornhub.com/pornstar/lily-phillips
========== link already checked
======== We are on link 202 of 406
========== raw link /pornstar/brandi-love
============ Found Relative: joining https://www.pornhub.com/information/terms and /pornstar/brandi-love
============ Checking for Redirections: https://www.pornhub.com/pornstar/brandi-love
============ Link after cleaning: https://www.pornhub.com/pornstar/brandi-love
========== scraping https://www.pornhub.com/pornstar/brandi-love
============ New link added. Search term (AI) found on https://www.pornhub.com/pornstar/brandi-love.
======== We are on link 203 of 406
========== raw link /pornstar/brandi-love
============ Found Relative: joining https://www.pornhub.com/information/terms and /pornstar/brandi-love
============ Checking for Redirections: https://www.pornhub.com/pornstar/brandi-love
============ Link after cleaning: https://www.pornhub.com/pornstar/brandi-love
========== link already checked
======== We are on link 204 of 406
========== raw link /pornstars?breasttype=fake
============ Found Relative: joining https://www.pornhub.com/information/terms and /pornstars?breasttype=fake
============ Checking for Redirections: https://www.pornhub.com/pornstars?breasttype=fake
============ Link after cleaning: https://www.pornhub.com/pornstars
========== link already checked
======== We are on link 205 of 406
========== raw link /pornstars?breasttype=natural
============ Found Relative: joining https://www.pornhub.com/information/terms and /pornstars?breasttype=natural
============ Checking for Redirections: https://www.pornhub.com/pornstars?breasttype=natural
============ Link after cleaning: https://www.pornhub.com/pornstars
========== link already checked
======== We are on link 206 of 406
========== raw link /pornstars?cup=a
============ Found Relative: joining https://www.pornhub.com/information/terms and /pornstars?cup=a
============ Checking for Redirections: https://www.pornhub.com/pornstars?cup=a
============ Link after cleaning: https://www.pornhub.com/pornstars
========== link already checked
======== We are on link 207 of 406
========== raw link /pornstars?cup=f-z
============ Found Relative: joining https://www.pornhub.com/information/terms and /pornstars?cup=f-z
============ Checking for Redirections: https://www.pornhub.com/pornstars?cup=f-z
============ Link after cleaning: https://www.pornhub.com/pornstars
========== link already checked
======== We are on link 208 of 406
========== raw link /pornstars?hair=red
============ Found Relative: joining https://www.pornhub.com/information/terms and /pornstars?hair=red
============ Checking for Redirections: https://www.pornhub.com/pornstars?hair=red
============ Link after cleaning: https://www.pornhub.com/pornstars
========== link already checked
======== We are on link 209 of 406
========== raw link /pornstars?hair=blonde
============ Found Relative: joining https://www.pornhub.com/information/terms and /pornstars?hair=blonde
============ Checking for Redirections: https://www.pornhub.com/pornstars?hair=blonde
============ Link after cleaning: https://www.pornhub.com/pornstars
========== link already checked
======== We are on link 210 of 406
========== raw link /pornstars?hair=brunette
============ Found Relative: joining https://www.pornhub.com/information/terms and /pornstars?hair=brunette
============ Checking for Redirections: https://www.pornhub.com/pornstars?hair=brunette
============ Link after cleaning: https://www.pornhub.com/pornstars
========== link already checked
======== We are on link 211 of 406
========== raw link /pornstars?piercings=yes
============ Found Relative: joining https://www.pornhub.com/information/terms and /pornstars?piercings=yes
============ Checking for Redirections: https://www.pornhub.com/pornstars?piercings=yes
============ Link after cleaning: https://www.pornhub.com/pornstars
========== link already checked
======== We are on link 212 of 406
========== raw link /pornstars?tattoos=yes
============ Found Relative: joining https://www.pornhub.com/information/terms and /pornstars?tattoos=yes
============ Checking for Redirections: https://www.pornhub.com/pornstars?tattoos=yes
============ Link after cleaning: https://www.pornhub.com/pornstars
========== link already checked
======== We are on link 213 of 406
========== raw link /pornstars?ethnicity=asian
============ Found Relative: joining https://www.pornhub.com/information/terms and /pornstars?ethnicity=asian
============ Checking for Redirections: https://www.pornhub.com/pornstars?ethnicity=asian
============ Link after cleaning: https://www.pornhub.com/pornstars
========== link already checked
======== We are on link 214 of 406
========== raw link /pornstars?ethnicity=middle+eastern
============ Found Relative: joining https://www.pornhub.com/information/terms and /pornstars?ethnicity=middle+eastern
============ Checking for Redirections: https://www.pornhub.com/pornstars?ethnicity=middle+eastern
============ Link after cleaning: https://www.pornhub.com/pornstars
========== link already checked
======== We are on link 215 of 406
========== raw link /pornstars?ethnicity=latin
============ Found Relative: joining https://www.pornhub.com/information/terms and /pornstars?ethnicity=latin
============ Checking for Redirections: https://www.pornhub.com/pornstars?ethnicity=latin
============ Link after cleaning: https://www.pornhub.com/pornstars
========== link already checked
======== We are on link 216 of 406
========== raw link /pornstars?ethnicity=black
============ Found Relative: joining https://www.pornhub.com/information/terms and /pornstars?ethnicity=black
============ Checking for Redirections: https://www.pornhub.com/pornstars?ethnicity=black
============ Link after cleaning: https://www.pornhub.com/pornstars
========== link already checked
======== We are on link 217 of 406
========== raw link /pornstars?ethnicity=indian
============ Found Relative: joining https://www.pornhub.com/information/terms and /pornstars?ethnicity=indian
============ Checking for Redirections: https://www.pornhub.com/pornstars?ethnicity=indian
============ Link after cleaning: https://www.pornhub.com/pornstars
========== link already checked
======== We are on link 218 of 406
========== raw link /pornstars?ethnicity=white
============ Found Relative: joining https://www.pornhub.com/information/terms and /pornstars?ethnicity=white
============ Checking for Redirections: https://www.pornhub.com/pornstars?ethnicity=white
============ Link after cleaning: https://www.pornhub.com/pornstars
========== link already checked
======== We are on link 219 of 406
========== raw link /pornstars?age=18-20
============ Found Relative: joining https://www.pornhub.com/information/terms and /pornstars?age=18-20
============ Checking for Redirections: https://www.pornhub.com/pornstars?age=18-20
============ Link after cleaning: https://www.pornhub.com/pornstars
========== link already checked
======== We are on link 220 of 406
========== raw link /pornstars?age=30-40
============ Found Relative: joining https://www.pornhub.com/information/terms and /pornstars?age=30-40
============ Checking for Redirections: https://www.pornhub.com/pornstars?age=30-40
============ Link after cleaning: https://www.pornhub.com/pornstars
========== link already checked
======== We are on link 221 of 406
========== raw link /pornstars?age=40-99
============ Found Relative: joining https://www.pornhub.com/information/terms and /pornstars?age=40-99
============ Checking for Redirections: https://www.pornhub.com/pornstars?age=40-99
============ Link after cleaning: https://www.pornhub.com/pornstars
========== link already checked
======== We are on link 222 of 406
========== raw link http://ads.trafficjunky.net/ads?zone_id=9642&format=directLP&noc=0
========== dropped link http://ads.trafficjunky.net/ads?zone_id=9642&format=directLP&noc=0. Didn't pass first allows/blocks test.
======== We are on link 223 of 406
========== raw link /community
============ Found Relative: joining https://www.pornhub.com/information/terms and /community
============ Checking for Redirections: https://www.pornhub.com/community
============ Link after cleaning: https://www.pornhub.com/community
========== scraping https://www.pornhub.com/community
============ New link added. Search term (AI) found on https://www.pornhub.com/community.
======== We are on link 224 of 406
========== raw link /community
============ Found Relative: joining https://www.pornhub.com/information/terms and /community
============ Checking for Redirections: https://www.pornhub.com/community
============ Link after cleaning: https://www.pornhub.com/community
========== link already checked
======== We are on link 225 of 406
========== raw link /contest_hub
============ Found Relative: joining https://www.pornhub.com/information/terms and /contest_hub
============ Checking for Redirections: https://www.pornhub.com/contest_hub
============ Link after cleaning: https://www.pornhub.com/contest_hub
========== link already checked
======== We are on link 226 of 406
========== raw link /community
============ Found Relative: joining https://www.pornhub.com/information/terms and /community
============ Checking for Redirections: https://www.pornhub.com/community
============ Link after cleaning: https://www.pornhub.com/community
========== link already checked
======== We are on link 227 of 406
========== raw link /user/discover
============ Found Relative: joining https://www.pornhub.com/information/terms and /user/discover
============ Checking for Redirections: https://www.pornhub.com/user/discover
============ Link after cleaning: https://www.pornhub.com/user/discover
========== link already checked
======== We are on link 228 of 406
========== raw link /user/search?verified=1&gender=2&orientation=0&relation=0&o=newest&age1=0&age2=0
============ Found Relative: joining https://www.pornhub.com/information/terms and /user/search?verified=1&gender=2&orientation=0&relation=0&o=newest&age1=0&age2=0
============ Checking for Redirections: https://www.pornhub.com/user/search?verified=1&gender=2&orientation=0&relation=0&o=newest&age1=0&age2=0
============ Link after cleaning: https://www.pornhub.com/user/search
========== link already checked
======== We are on link 229 of 406
========== raw link /user/search?verified=1&gender=3&orientation=0&relation=0&o=newest&age1=0&age2=0
============ Found Relative: joining https://www.pornhub.com/information/terms and /user/search?verified=1&gender=3&orientation=0&relation=0&o=newest&age1=0&age2=0
============ Checking for Redirections: https://www.pornhub.com/user/search?verified=1&gender=3&orientation=0&relation=0&o=newest&age1=0&age2=0
============ Link after cleaning: https://www.pornhub.com/user/search
========== link already checked
======== We are on link 230 of 406
========== raw link /user/search?verified=1&gender=1&orientation=0&relation=0&o=newest&age1=0&age2=0
============ Found Relative: joining https://www.pornhub.com/information/terms and /user/search?verified=1&gender=1&orientation=0&relation=0&o=newest&age1=0&age2=0
============ Checking for Redirections: https://www.pornhub.com/user/search?verified=1&gender=1&orientation=0&relation=0&o=newest&age1=0&age2=0
============ Link after cleaning: https://www.pornhub.com/user/search
========== link already checked
======== We are on link 231 of 406
========== raw link /user/discover/popular_verified_members
============ Found Relative: joining https://www.pornhub.com/information/terms and /user/discover/popular_verified_members
============ Checking for Redirections: https://www.pornhub.com/user/discover/popular_verified_members
============ Link after cleaning: https://www.pornhub.com/user/discover/popular_verified_members
========== scraping https://www.pornhub.com/user/discover/popular_verified_members
============ New link added. Search term (AI) found on https://www.pornhub.com/user/discover/popular_verified_members.
======== We are on link 232 of 406
========== raw link /user/search?online=1&verified=1&gender=0&orientation=0&relation=0&o=newest&age1=0&age2=0
============ Found Relative: joining https://www.pornhub.com/information/terms and /user/search?online=1&verified=1&gender=0&orientation=0&relation=0&o=newest&age1=0&age2=0
============ Checking for Redirections: https://www.pornhub.com/user/search?online=1&verified=1&gender=0&orientation=0&relation=0&o=newest&age1=0&age2=0
============ Link after cleaning: https://www.pornhub.com/user/search
========== link already checked
======== We are on link 233 of 406
========== raw link /user/search
============ Found Relative: joining https://www.pornhub.com/information/terms and /user/search
============ Checking for Redirections: https://www.pornhub.com/user/search
============ Link after cleaning: https://www.pornhub.com/user/search
========== link already checked
======== We are on link 234 of 406
========== raw link /contest_hub/viewers_choice
============ Found Relative: joining https://www.pornhub.com/information/terms and /contest_hub/viewers_choice
============ Checking for Redirections: https://www.pornhub.com/contest_hub/viewers_choice
============ Link after cleaning: https://www.pornhub.com/contest_hub/viewers_choice
========== link already checked
======== We are on link 235 of 406
========== raw link /contest_hub/viewers_choice/sweetie-fox
============ Found Relative: joining https://www.pornhub.com/information/terms and /contest_hub/viewers_choice/sweetie-fox
============ Checking for Redirections: https://www.pornhub.com/contest_hub/viewers_choice/sweetie-fox
============ Link after cleaning: https://www.pornhub.com/contest_hub/viewers_choice/sweetie-fox
========== scraping https://www.pornhub.com/contest_hub/viewers_choice/sweetie-fox
============ New link added. Search term (AI) found on https://www.pornhub.com/contest_hub/viewers_choice/sweetie-fox.
======== We are on link 236 of 406
========== raw link /contest_hub/viewers_choice/candy-love
============ Found Relative: joining https://www.pornhub.com/information/terms and /contest_hub/viewers_choice/candy-love
============ Checking for Redirections: https://www.pornhub.com/contest_hub/viewers_choice/candy-love
============ Link after cleaning: https://www.pornhub.com/contest_hub/viewers_choice/candy-love
========== scraping https://www.pornhub.com/contest_hub/viewers_choice/candy-love
============ New link added. Search term (AI) found on https://www.pornhub.com/contest_hub/viewers_choice/candy-love.
======== We are on link 237 of 406
========== raw link /contest_hub/viewers_choice/comatozze
============ Found Relative: joining https://www.pornhub.com/information/terms and /contest_hub/viewers_choice/comatozze
============ Checking for Redirections: https://www.pornhub.com/contest_hub/viewers_choice/comatozze
============ Link after cleaning: https://www.pornhub.com/contest_hub/viewers_choice/comatozze
========== scraping https://www.pornhub.com/contest_hub/viewers_choice/comatozze
============ New link added. Search term (AI) found on https://www.pornhub.com/contest_hub/viewers_choice/comatozze.
======== We are on link 238 of 406
========== raw link /contest_hub/viewers_choice/evakeks
============ Found Relative: joining https://www.pornhub.com/information/terms and /contest_hub/viewers_choice/evakeks
============ Checking for Redirections: https://www.pornhub.com/contest_hub/viewers_choice/evakeks
============ Link after cleaning: https://www.pornhub.com/contest_hub/viewers_choice/evakeks
========== scraping https://www.pornhub.com/contest_hub/viewers_choice/evakeks
============ New link added. Search term (AI) found on https://www.pornhub.com/contest_hub/viewers_choice/evakeks.
======== We are on link 239 of 406
========== raw link /model/halloffame
============ Found Relative: joining https://www.pornhub.com/information/terms and /model/halloffame
============ Checking for Redirections: https://www.pornhub.com/model/halloffame
============ Link after cleaning: https://www.pornhub.com/model/halloffame
========== link already checked
======== We are on link 240 of 406
========== raw link /model/vibewithmommy
============ Found Relative: joining https://www.pornhub.com/information/terms and /model/vibewithmommy
============ Checking for Redirections: https://www.pornhub.com/model/vibewithmommy
============ Link after cleaning: https://www.pornhub.com/model/vibewithmommy
========== scraping https://www.pornhub.com/model/vibewithmommy
============ New link added. Search term (AI) found on https://www.pornhub.com/model/vibewithmommy.
======== We are on link 241 of 406
========== raw link /model/johnny-sins
============ Found Relative: joining https://www.pornhub.com/information/terms and /model/johnny-sins
============ Checking for Redirections: https://www.pornhub.com/model/johnny-sins
============ Followed Redirection to https://www.pornhub.com/pornstar/johnny-sins
============ Link after cleaning: https://www.pornhub.com/pornstar/johnny-sins
========== scraping https://www.pornhub.com/pornstar/johnny-sins
============ New link added. Search term (AI) found on https://www.pornhub.com/pornstar/johnny-sins.
======== We are on link 242 of 406
========== raw link /model/comatozze
============ Found Relative: joining https://www.pornhub.com/information/terms and /model/comatozze
============ Checking for Redirections: https://www.pornhub.com/model/comatozze
============ Link after cleaning: https://www.pornhub.com/model/comatozze
========== scraping https://www.pornhub.com/model/comatozze
============ New link added. Search term (AI) found on https://www.pornhub.com/model/comatozze.
======== We are on link 243 of 406
========== raw link /pornstar/katty-west
============ Found Relative: joining https://www.pornhub.com/information/terms and /pornstar/katty-west
============ Checking for Redirections: https://www.pornhub.com/pornstar/katty-west
============ Link after cleaning: https://www.pornhub.com/pornstar/katty-west
========== scraping https://www.pornhub.com/pornstar/katty-west
============ New link added. Search term (AI) found on https://www.pornhub.com/pornstar/katty-west.
======== We are on link 244 of 406
========== raw link /user/discover/popular_verified_members
============ Found Relative: joining https://www.pornhub.com/information/terms and /user/discover/popular_verified_members
============ Checking for Redirections: https://www.pornhub.com/user/discover/popular_verified_members
============ Link after cleaning: https://www.pornhub.com/user/discover/popular_verified_members
========== link already checked
======== We are on link 245 of 406
========== raw link /model/maxilovers
============ Found Relative: joining https://www.pornhub.com/information/terms and /model/maxilovers
============ Checking for Redirections: https://www.pornhub.com/model/maxilovers
============ Link after cleaning: https://www.pornhub.com/model/maxilovers
========== scraping https://www.pornhub.com/model/maxilovers
============ New link added. Search term (AI) found on https://www.pornhub.com/model/maxilovers.
======== We are on link 246 of 406
========== raw link /model/sadie-quinn
============ Found Relative: joining https://www.pornhub.com/information/terms and /model/sadie-quinn
============ Checking for Redirections: https://www.pornhub.com/model/sadie-quinn
============ Link after cleaning: https://www.pornhub.com/model/sadie-quinn
========== scraping https://www.pornhub.com/model/sadie-quinn
============ New link added. Search term (AI) found on https://www.pornhub.com/model/sadie-quinn.
======== We are on link 247 of 406
========== raw link /model/punchymama
============ Found Relative: joining https://www.pornhub.com/information/terms and /model/punchymama
============ Checking for Redirections: https://www.pornhub.com/model/punchymama
============ Link after cleaning: https://www.pornhub.com/model/punchymama
========== scraping https://www.pornhub.com/model/punchymama
============ New link added. Search term (AI) found on https://www.pornhub.com/model/punchymama.
======== We are on link 248 of 406
========== raw link /model/honeyfleur
============ Found Relative: joining https://www.pornhub.com/information/terms and /model/honeyfleur
============ Checking for Redirections: https://www.pornhub.com/model/honeyfleur
============ Link after cleaning: https://www.pornhub.com/model/honeyfleur
========== scraping https://www.pornhub.com/model/honeyfleur
============ New link added. Search term (AI) found on https://www.pornhub.com/model/honeyfleur.
======== We are on link 249 of 406
========== raw link /user/discover/most_viewed_users
============ Found Relative: joining https://www.pornhub.com/information/terms and /user/discover/most_viewed_users
============ Checking for Redirections: https://www.pornhub.com/user/discover/most_viewed_users
============ Link after cleaning: https://www.pornhub.com/user/discover/most_viewed_users
========== scraping https://www.pornhub.com/user/discover/most_viewed_users
============ New link added. Search term (AI) found on https://www.pornhub.com/user/discover/most_viewed_users.
======== We are on link 250 of 406
========== raw link /model/satisfied-series-1
============ Found Relative: joining https://www.pornhub.com/information/terms and /model/satisfied-series-1
============ Checking for Redirections: https://www.pornhub.com/model/satisfied-series-1
============ Link after cleaning: https://www.pornhub.com/model/satisfied-series-1
========== scraping https://www.pornhub.com/model/satisfied-series-1
============ New link added. Search term (AI) found on https://www.pornhub.com/model/satisfied-series-1.
======== We are on link 251 of 406
========== raw link /model/pudaysoso
============ Found Relative: joining https://www.pornhub.com/information/terms and /model/pudaysoso
============ Checking for Redirections: https://www.pornhub.com/model/pudaysoso
============ Link after cleaning: https://www.pornhub.com/model/pudaysoso
========== scraping https://www.pornhub.com/model/pudaysoso
============ New link added. Search term (AI) found on https://www.pornhub.com/model/pudaysoso.
======== We are on link 252 of 406
========== raw link /model/abrildiseli
============ Found Relative: joining https://www.pornhub.com/information/terms and /model/abrildiseli
============ Checking for Redirections: https://www.pornhub.com/model/abrildiseli
============ Link after cleaning: https://www.pornhub.com/model/abrildiseli
========== scraping https://www.pornhub.com/model/abrildiseli
============ New link added. Search term (AI) found on https://www.pornhub.com/model/abrildiseli.
======== We are on link 253 of 406
========== raw link /model/amabelle-grace
============ Found Relative: joining https://www.pornhub.com/information/terms and /model/amabelle-grace
============ Checking for Redirections: https://www.pornhub.com/model/amabelle-grace
============ Link after cleaning: https://www.pornhub.com/model/amabelle-grace
========== scraping https://www.pornhub.com/model/amabelle-grace
============ New link added. Search term (AI) found on https://www.pornhub.com/model/amabelle-grace.
======== We are on link 254 of 406
========== raw link /albums
============ Found Relative: joining https://www.pornhub.com/information/terms and /albums
============ Checking for Redirections: https://www.pornhub.com/albums
============ Link after cleaning: https://www.pornhub.com/albums
========== link already checked
======== We are on link 255 of 406
========== raw link /albums
============ Found Relative: joining https://www.pornhub.com/information/terms and /albums
============ Checking for Redirections: https://www.pornhub.com/albums
============ Link after cleaning: https://www.pornhub.com/albums
========== link already checked
======== We are on link 256 of 406
========== raw link /gifs
============ Found Relative: joining https://www.pornhub.com/information/terms and /gifs
============ Checking for Redirections: https://www.pornhub.com/gifs
============ Link after cleaning: https://www.pornhub.com/gifs
========== link already checked
======== We are on link 257 of 406
========== raw link /gifs?o=tr
============ Found Relative: joining https://www.pornhub.com/information/terms and /gifs?o=tr
============ Checking for Redirections: https://www.pornhub.com/gifs?o=tr
============ Link after cleaning: https://www.pornhub.com/gifs
========== link already checked
======== We are on link 258 of 406
========== raw link /gifs?o=mv
============ Found Relative: joining https://www.pornhub.com/information/terms and /gifs?o=mv
============ Checking for Redirections: https://www.pornhub.com/gifs?o=mv
============ Link after cleaning: https://www.pornhub.com/gifs
========== link already checked
======== We are on link 259 of 406
========== raw link /albums/female-straight
============ Found Relative: joining https://www.pornhub.com/information/terms and /albums/female-straight
============ Checking for Redirections: https://www.pornhub.com/albums/female-straight
============ Link after cleaning: https://www.pornhub.com/albums/female-straight
========== scraping https://www.pornhub.com/albums/female-straight
============ New link added. Search term (AI) found on https://www.pornhub.com/albums/female-straight.
======== We are on link 260 of 406
========== raw link /albums/female-straight?o=tr
============ Found Relative: joining https://www.pornhub.com/information/terms and /albums/female-straight?o=tr
============ Checking for Redirections: https://www.pornhub.com/albums/female-straight?o=tr
============ Link after cleaning: https://www.pornhub.com/albums/female-straight
========== link already checked
======== We are on link 261 of 406
========== raw link /albums/female-straight?o=mv
============ Found Relative: joining https://www.pornhub.com/information/terms and /albums/female-straight?o=mv
============ Checking for Redirections: https://www.pornhub.com/albums/female-straight?o=mv
============ Link after cleaning: https://www.pornhub.com/albums/female-straight
========== link already checked
======== We are on link 262 of 406
========== raw link /upload/photo
============ Found Relative: joining https://www.pornhub.com/information/terms and /upload/photo
============ Checking for Redirections: https://www.pornhub.com/upload/photo
============ Followed Redirection to https://www.pornhub.com/login?redirect=hRmSSPA%2FuMgnsuuvN22z8LQl0gxOGuFbubhHDA1ALFtRDnRzAEaYbnQxrmi85LvwkYwmrozwe7GPcJ4BzaEp9O%2FZzg%3D%3D
============ Link after cleaning: https://www.pornhub.com/login
============ Excluded based on allow/block list.
======== We are on link 263 of 406
========== raw link /gifgenerator
============ Found Relative: joining https://www.pornhub.com/information/terms and /gifgenerator
============ Checking for Redirections: https://www.pornhub.com/gifgenerator
============ Followed Redirection to https://www.pornhub.com/login?redirect=KMX%2FHYChin%2Bc3yup%2FqmqKSL5C1a1yycPup%2F5F2vKsdTIyXfiXXn2f5STuhBgW4Rd6ug%2BgeA4N%2BQ6AtnSuwual3QVwlc%3D
============ Link after cleaning: https://www.pornhub.com/login
============ Excluded based on allow/block list.
======== We are on link 264 of 406
========== raw link /gifs?o=tr
============ Found Relative: joining https://www.pornhub.com/information/terms and /gifs?o=tr
============ Checking for Redirections: https://www.pornhub.com/gifs?o=tr
============ Link after cleaning: https://www.pornhub.com/gifs
========== link already checked
======== We are on link 265 of 406
========== raw link /gif/51966661
============ Found Relative: joining https://www.pornhub.com/information/terms and /gif/51966661
============ Checking for Redirections: https://www.pornhub.com/gif/51966661
============ Link after cleaning: https://www.pornhub.com/gif/51966661
========== scraping https://www.pornhub.com/gif/51966661
============ New link added. Search term (AI) found on https://www.pornhub.com/gif/51966661.
======== We are on link 266 of 406
========== raw link /gif/51984151
============ Found Relative: joining https://www.pornhub.com/information/terms and /gif/51984151
============ Checking for Redirections: https://www.pornhub.com/gif/51984151
============ Link after cleaning: https://www.pornhub.com/gif/51984151
========== scraping https://www.pornhub.com/gif/51984151
============ New link added. Search term (AI) found on https://www.pornhub.com/gif/51984151.
======== We are on link 267 of 406
========== raw link /gifs?o=mv
============ Found Relative: joining https://www.pornhub.com/information/terms and /gifs?o=mv
============ Checking for Redirections: https://www.pornhub.com/gifs?o=mv
============ Link after cleaning: https://www.pornhub.com/gifs
========== link already checked
======== We are on link 268 of 406
========== raw link /gif/51966661
============ Found Relative: joining https://www.pornhub.com/information/terms and /gif/51966661
============ Checking for Redirections: https://www.pornhub.com/gif/51966661
============ Link after cleaning: https://www.pornhub.com/gif/51966661
========== link already checked
======== We are on link 269 of 406
========== raw link /gif/6460361
============ Found Relative: joining https://www.pornhub.com/information/terms and /gif/6460361
============ Checking for Redirections: https://www.pornhub.com/gif/6460361
============ Link after cleaning: https://www.pornhub.com/gif/6460361
========== scraping https://www.pornhub.com/gif/6460361
============ New link added. Search term (AI) found on https://www.pornhub.com/gif/6460361.
======== We are on link 270 of 406
========== raw link /albums/female-straight?o=tr
============ Found Relative: joining https://www.pornhub.com/information/terms and /albums/female-straight?o=tr
============ Checking for Redirections: https://www.pornhub.com/albums/female-straight?o=tr
============ Link after cleaning: https://www.pornhub.com/albums/female-straight
========== link already checked
======== We are on link 271 of 406
========== raw link /album/78154471
============ Found Relative: joining https://www.pornhub.com/information/terms and /album/78154471
============ Checking for Redirections: https://www.pornhub.com/album/78154471
============ Link after cleaning: https://www.pornhub.com/album/78154471
========== scraping https://www.pornhub.com/album/78154471
============ New link added. Search term (AI) found on https://www.pornhub.com/album/78154471.
======== We are on link 272 of 406
========== raw link /album/79284645
============ Found Relative: joining https://www.pornhub.com/information/terms and /album/79284645
============ Checking for Redirections: https://www.pornhub.com/album/79284645
============ Link after cleaning: https://www.pornhub.com/album/79284645
========== scraping https://www.pornhub.com/album/79284645
============ New link added. Search term (AI) found on https://www.pornhub.com/album/79284645.
======== We are on link 273 of 406
========== raw link /albums/female-straight?o=mv
============ Found Relative: joining https://www.pornhub.com/information/terms and /albums/female-straight?o=mv
============ Checking for Redirections: https://www.pornhub.com/albums/female-straight?o=mv
============ Link after cleaning: https://www.pornhub.com/albums/female-straight
========== link already checked
======== We are on link 274 of 406
========== raw link /album/77400701
============ Found Relative: joining https://www.pornhub.com/information/terms and /album/77400701
============ Checking for Redirections: https://www.pornhub.com/album/77400701
============ Link after cleaning: https://www.pornhub.com/album/77400701
========== scraping https://www.pornhub.com/album/77400701
============ New link added. Search term (AI) found on https://www.pornhub.com/album/77400701.
======== We are on link 275 of 406
========== raw link /album/67267462
============ Found Relative: joining https://www.pornhub.com/information/terms and /album/67267462
============ Checking for Redirections: https://www.pornhub.com/album/67267462
============ Link after cleaning: https://www.pornhub.com/album/67267462
========== scraping https://www.pornhub.com/album/67267462
============ New link added. Search term (AI) found on https://www.pornhub.com/album/67267462.
======== We are on link 276 of 406
========== raw link /albums?search=tits
============ Found Relative: joining https://www.pornhub.com/information/terms and /albums?search=tits
============ Checking for Redirections: https://www.pornhub.com/albums?search=tits
============ Link after cleaning: https://www.pornhub.com/albums
========== link already checked
======== We are on link 277 of 406
========== raw link /albums?search=ass
============ Found Relative: joining https://www.pornhub.com/information/terms and /albums?search=ass
============ Checking for Redirections: https://www.pornhub.com/albums?search=ass
============ Link after cleaning: https://www.pornhub.com/albums
========== link already checked
======== We are on link 278 of 406
========== raw link /albums?search=pussy
============ Found Relative: joining https://www.pornhub.com/information/terms and /albums?search=pussy
============ Checking for Redirections: https://www.pornhub.com/albums?search=pussy
============ Link after cleaning: https://www.pornhub.com/albums
========== link already checked
======== We are on link 279 of 406
========== raw link /albums?search=amateur
============ Found Relative: joining https://www.pornhub.com/information/terms and /albums?search=amateur
============ Checking for Redirections: https://www.pornhub.com/albums?search=amateur
============ Link after cleaning: https://www.pornhub.com/albums
========== link already checked
======== We are on link 280 of 406
========== raw link /albums?search=dick
============ Found Relative: joining https://www.pornhub.com/information/terms and /albums?search=dick
============ Checking for Redirections: https://www.pornhub.com/albums?search=dick
============ Link after cleaning: https://www.pornhub.com/albums
========== link already checked
======== We are on link 281 of 406
========== raw link /albums?search=hot
============ Found Relative: joining https://www.pornhub.com/information/terms and /albums?search=hot
============ Checking for Redirections: https://www.pornhub.com/albums?search=hot
============ Link after cleaning: https://www.pornhub.com/albums
========== link already checked
======== We are on link 282 of 406
========== raw link /albums?search=teen
============ Found Relative: joining https://www.pornhub.com/information/terms and /albums?search=teen
============ Checking for Redirections: https://www.pornhub.com/albums?search=teen
============ Link after cleaning: https://www.pornhub.com/albums
========== link already checked
======== We are on link 283 of 406
========== raw link /albums?search=hentai
============ Found Relative: joining https://www.pornhub.com/information/terms and /albums?search=hentai
============ Checking for Redirections: https://www.pornhub.com/albums?search=hentai
============ Link after cleaning: https://www.pornhub.com/albums
========== link already checked
======== We are on link 284 of 406
========== raw link /albums?search=sex
============ Found Relative: joining https://www.pornhub.com/information/terms and /albums?search=sex
============ Checking for Redirections: https://www.pornhub.com/albums?search=sex
============ Link after cleaning: https://www.pornhub.com/albums
========== link already checked
======== We are on link 285 of 406
========== raw link /albums?search=boobs
============ Found Relative: joining https://www.pornhub.com/information/terms and /albums?search=boobs
============ Checking for Redirections: https://www.pornhub.com/albums?search=boobs
============ Link after cleaning: https://www.pornhub.com/albums
========== link already checked
======== We are on link 286 of 406
========== raw link 
========== dropped link (either fragment ("#"), js, mailto, comment, pdf, or empty)
======== We are on link 287 of 406
========== raw link /information/advertising
============ Found Relative: joining https://www.pornhub.com/information/terms and /information/advertising
============ Checking for Redirections: https://www.pornhub.com/information/advertising
============ Link after cleaning: https://www.pornhub.com/information/advertising
========== scraping https://www.pornhub.com/information/advertising
============ New link added. Search term (AI) found on https://www.pornhub.com/information/advertising.
======== We are on link 288 of 406
========== raw link https://help.pornhub.com/hc/en-us/categories/4419836205203
============ Checking for Redirections: https://help.pornhub.com/hc/en-us/categories/4419836205203
============ Link unchanged
========== link already checked
======== We are on link 289 of 406
========== raw link /information/terms
============ Found Relative: joining https://www.pornhub.com/information/terms and /information/terms
============ Checking for Redirections: https://www.pornhub.com/information/terms
============ Link after cleaning: https://www.pornhub.com/information/terms
========== link already checked
======== We are on link 290 of 406
========== raw link /information/privacy
============ Found Relative: joining https://www.pornhub.com/information/terms and /information/privacy
============ Checking for Redirections: https://www.pornhub.com/information/privacy
============ Link after cleaning: https://www.pornhub.com/information/privacy
========== scraping https://www.pornhub.com/information/privacy
============ New link added. Search term (AI) found on https://www.pornhub.com/information/privacy.
======== We are on link 291 of 406
========== raw link /information/cookies
============ Found Relative: joining https://www.pornhub.com/information/terms and /information/cookies
============ Checking for Redirections: https://www.pornhub.com/information/cookies
============ Link after cleaning: https://www.pornhub.com/information/cookies
========== scraping https://www.pornhub.com/information/cookies
============ New link added. Search term (AI) found on https://www.pornhub.com/information/cookies.
======== We are on link 292 of 406
========== raw link /information/dmca
============ Found Relative: joining https://www.pornhub.com/information/terms and /information/dmca
============ Checking for Redirections: https://www.pornhub.com/information/dmca
============ Link after cleaning: https://www.pornhub.com/information/dmca
========== scraping https://www.pornhub.com/information/dmca
============ New link added. Search term (AI) found on https://www.pornhub.com/information/dmca.
======== We are on link 293 of 406
========== raw link /information/dmcaform
============ Found Relative: joining https://www.pornhub.com/information/terms and /information/dmcaform
============ Checking for Redirections: https://www.pornhub.com/information/dmcaform
============ Link after cleaning: https://www.pornhub.com/information/dmcaform
========== scraping https://www.pornhub.com/information/dmcaform
============ New link added. Search term (AI) found on https://www.pornhub.com/information/dmcaform.
======== We are on link 294 of 406
========== raw link /information/2257
============ Found Relative: joining https://www.pornhub.com/information/terms and /information/2257
============ Checking for Redirections: https://www.pornhub.com/information/2257
============ Link after cleaning: https://www.pornhub.com/information/2257
========== scraping https://www.pornhub.com/information/2257
============ New link added. Search term (AI) found on https://www.pornhub.com/information/2257.
======== We are on link 295 of 406
========== raw link /information/eu_dsa
============ Found Relative: joining https://www.pornhub.com/information/terms and /information/eu_dsa
============ Checking for Redirections: https://www.pornhub.com/information/eu_dsa
============ Link after cleaning: https://www.pornhub.com/information/eu_dsa
========== scraping https://www.pornhub.com/information/eu_dsa
============ New link added. Search term (AI) found on https://www.pornhub.com/information/eu_dsa.
======== We are on link 296 of 406
========== raw link /information/recommender
============ Found Relative: joining https://www.pornhub.com/information/terms and /information/recommender
============ Checking for Redirections: https://www.pornhub.com/information/recommender
============ Link after cleaning: https://www.pornhub.com/information/recommender
========== scraping https://www.pornhub.com/information/recommender
============ New link added. Search term (AI) found on https://www.pornhub.com/information/recommender.
======== We are on link 297 of 406
========== raw link /webmasters
============ Found Relative: joining https://www.pornhub.com/information/terms and /webmasters
============ Checking for Redirections: https://www.pornhub.com/webmasters
============ Link after cleaning: https://www.pornhub.com/webmasters
========== scraping https://www.pornhub.com/webmasters
============ New link added. Search term (AI) found on https://www.pornhub.com/webmasters.
======== We are on link 298 of 406
========== raw link /information/partner
============ Found Relative: joining https://www.pornhub.com/information/terms and /information/partner
============ Checking for Redirections: https://www.pornhub.com/information/partner
============ Link after cleaning: https://www.pornhub.com/information/partner
========== scraping https://www.pornhub.com/information/partner
============ New link added. Search term (AI) found on https://www.pornhub.com/information/partner.
======== We are on link 299 of 406
========== raw link /information/rating
============ Found Relative: joining https://www.pornhub.com/information/terms and /information/rating
============ Checking for Redirections: https://www.pornhub.com/information/rating
============ Link after cleaning: https://www.pornhub.com/information/rating
========== scraping https://www.pornhub.com/information/rating
============ New link added. Search term (AI) found on https://www.pornhub.com/information/rating.
======== We are on link 300 of 406
========== raw link http://www.pornhub.com
============ Checking for Redirections: http://www.pornhub.com
============ Followed Redirection to https://www.pornhub.com/
============ Link after cleaning: https://www.pornhub.com/
========== scraping https://www.pornhub.com/
============ New link added. Search term (AI) found on https://www.pornhub.com/.
======== We are on link 301 of 406
========== raw link https://www.pornhub.com/information/terms
============ Checking for Redirections: https://www.pornhub.com/information/terms
============ Link unchanged
========== link already checked
======== We are on link 302 of 406
========== raw link mailto:dsa@pornhub.com
========== dropped link (either fragment ("#"), js, mailto, comment, pdf, or empty)
======== We are on link 303 of 406
========== raw link https://www.pornhub.com/information/dmca
============ Checking for Redirections: https://www.pornhub.com/information/dmca
============ Link unchanged
========== link already checked
======== We are on link 304 of 406
========== raw link https://www.pornhub.com/information/privacy
============ Checking for Redirections: https://www.pornhub.com/information/privacy
============ Link unchanged
========== link already checked
======== We are on link 305 of 406
========== raw link https://help.pornhub.com/hc/en-us/articles/4419839721875-What-sort-of-content-is-not-allowed-on-the-site
============ Checking for Redirections: https://help.pornhub.com/hc/en-us/articles/4419839721875-What-sort-of-content-is-not-allowed-on-the-site
============ Link unchanged
========== link already checked
======== We are on link 306 of 406
========== raw link https://help.pornhub.com/hc/en-us/articles/4419900587155-Community-Guidelines
============ Checking for Redirections: https://help.pornhub.com/hc/en-us/articles/4419900587155-Community-Guidelines
============ Link unchanged
========== link already checked
======== We are on link 307 of 406
========== raw link https://www.pornhub.com/anonymous-content-removal
============ Checking for Redirections: https://www.pornhub.com/anonymous-content-removal
============ Link unchanged
========== scraping https://www.pornhub.com/anonymous-content-removal
============ New link added. Search term (AI) found on https://www.pornhub.com/anonymous-content-removal.
======== We are on link 308 of 406
========== raw link https://help.pornhub.com/hc/en-us/articles/4419869793683-Child-Sexual-Abuse-Material-Policy
============ Checking for Redirections: https://help.pornhub.com/hc/en-us/articles/4419869793683-Child-Sexual-Abuse-Material-Policy
============ Link unchanged
========== link already checked
======== We are on link 309 of 406
========== raw link https://www.pornhub.com/content-removal
============ Checking for Redirections: https://www.pornhub.com/content-removal
============ Link unchanged
========== link already checked
======== We are on link 310 of 406
========== raw link https://www.pornhub.com/information/recommender
============ Checking for Redirections: https://www.pornhub.com/information/recommender
============ Link unchanged
========== link already checked
======== We are on link 311 of 406
========== raw link https://help.pornhub.com/hc/en-us/categories/4419836212499
============ Checking for Redirections: https://help.pornhub.com/hc/en-us/categories/4419836212499
============ Link unchanged
========== link already checked
======== We are on link 312 of 406
========== raw link https://help.pornhub.com/hc/en-us/articles/4419892571155-View-Fraud
============ Checking for Redirections: https://help.pornhub.com/hc/en-us/articles/4419892571155-View-Fraud
============ Link unchanged
========== link already checked
======== We are on link 313 of 406
========== raw link https://help.pornhub.com/hc/en-us/articles/19159382668435-Trust-and-Safety-Initiatives
============ Checking for Redirections: https://help.pornhub.com/hc/en-us/articles/19159382668435-Trust-and-Safety-Initiatives
============ Link unchanged
========== link already checked
======== We are on link 314 of 406
========== raw link https://help.pornhub.com/hc/en-us/articles/4419871944723-Core-Values
============ Checking for Redirections: https://help.pornhub.com/hc/en-us/articles/4419871944723-Core-Values
============ Link unchanged
========== link already checked
======== We are on link 315 of 406
========== raw link https://help.pornhub.com/hc/en-us/articles/4419869793683-Child-Sexual-Abuse-Material-Policy
============ Checking for Redirections: https://help.pornhub.com/hc/en-us/articles/4419869793683-Child-Sexual-Abuse-Material-Policy
============ Link unchanged
========== link already checked
======== We are on link 316 of 406
========== raw link https://help.pornhub.com/hc/en-us/articles/4419871787027-Non-Consensual-Content-Policy
============ Checking for Redirections: https://help.pornhub.com/hc/en-us/articles/4419871787027-Non-Consensual-Content-Policy
============ Link unchanged
========== link already checked
======== We are on link 317 of 406
========== raw link https://help.pornhub.com/hc/en-us/articles/4419863430291-Violent-Content-Policy
============ Checking for Redirections: https://help.pornhub.com/hc/en-us/articles/4419863430291-Violent-Content-Policy
============ Link unchanged
========== link already checked
======== We are on link 318 of 406
========== raw link https://help.pornhub.com/hc/en-us/articles/14512634908819-Hate-Speech-Policy
============ Checking for Redirections: https://help.pornhub.com/hc/en-us/articles/14512634908819-Hate-Speech-Policy
============ Link unchanged
========== link already checked
======== We are on link 319 of 406
========== raw link https://help.pornhub.com/hc/en-us/articles/7906741373971-Animal-Welfare-Policy
============ Checking for Redirections: https://help.pornhub.com/hc/en-us/articles/7906741373971-Animal-Welfare-Policy
============ Link unchanged
========== link already checked
======== We are on link 320 of 406
========== raw link https://help.pornhub.com/hc/en-us/articles/4419861225107-Copyright
============ Checking for Redirections: https://help.pornhub.com/hc/en-us/articles/4419861225107-Copyright
============ Link unchanged
========== link already checked
======== We are on link 321 of 406
========== raw link https://help.pornhub.com/hc/en-us/articles/4419900587155-Community-Guidelines
============ Checking for Redirections: https://help.pornhub.com/hc/en-us/articles/4419900587155-Community-Guidelines
============ Link unchanged
========== link already checked
======== We are on link 322 of 406
========== raw link https://help.pornhub.com/hc/en-us/articles/4419875025043-Report-Harmful-Content
============ Checking for Redirections: https://help.pornhub.com/hc/en-us/articles/4419875025043-Report-Harmful-Content
============ Link unchanged
========== link already checked
======== We are on link 323 of 406
========== raw link https://help.pornhub.com/hc/en-us/articles/4419879221907-Pornhub-Trusted-Flagger-Program
============ Checking for Redirections: https://help.pornhub.com/hc/en-us/articles/4419879221907-Pornhub-Trusted-Flagger-Program
============ Link unchanged
========== link already checked
======== We are on link 324 of 406
========== raw link http://www.pornhub.com/
============ Checking for Redirections: http://www.pornhub.com/
============ Followed Redirection to https://www.pornhub.com/
============ Link after cleaning: https://www.pornhub.com/
========== link already checked
======== We are on link 325 of 406
========== raw link https://www.pornhub.com/information/privacy
============ Checking for Redirections: https://www.pornhub.com/information/privacy
============ Link unchanged
========== link already checked
======== We are on link 326 of 406
========== raw link https://www.pornhub.com/partners/cpp
============ Checking for Redirections: https://www.pornhub.com/partners/cpp
============ Link unchanged
========== scraping https://www.pornhub.com/partners/cpp
============ New link added. Search term (AI) found on https://www.pornhub.com/partners/cpp.
======== We are on link 327 of 406
========== raw link https://www.pornhub.com/partners/models
============ Checking for Redirections: https://www.pornhub.com/partners/models
============ Link unchanged
========== scraping https://www.pornhub.com/partners/models
============ New link added. Search term (AI) found on https://www.pornhub.com/partners/models.
======== We are on link 328 of 406
========== raw link https://www.pornhub.com/information/terms
============ Checking for Redirections: https://www.pornhub.com/information/terms
============ Link unchanged
========== link already checked
======== We are on link 329 of 406
========== raw link https://www.pornhub.com/information/privacy
============ Checking for Redirections: https://www.pornhub.com/information/privacy
============ Link unchanged
========== link already checked
======== We are on link 330 of 406
========== raw link https://www.pornhub.com/information/terms
============ Checking for Redirections: https://www.pornhub.com/information/terms
============ Link unchanged
========== link already checked
======== We are on link 331 of 406
========== raw link mailto:dsa@pornhub.com
========== dropped link (either fragment ("#"), js, mailto, comment, pdf, or empty)
======== We are on link 332 of 406
========== raw link https://home-affairs.ec.europa.eu/policies/internal-security/counter-terrorism-and-radicalisation/prevention-radicalisation/terrorist-content-online/list-national-competent-authority-authorities-and-contact-points_en
========== dropped link https://home-affairs.ec.europa.eu/policies/internal-security/counter-terrorism-and-radicalisation/prevention-radicalisation/terrorist-content-online/list-national-competent-authority-authorities-and-contact-points_en. Didn't pass first allows/blocks test.
======== We are on link 333 of 406
========== raw link https://www.pornhub.com/tco-removal
============ Checking for Redirections: https://www.pornhub.com/tco-removal
============ Link unchanged
========== scraping https://www.pornhub.com/tco-removal
============ New link added. Search term (AI) found on https://www.pornhub.com/tco-removal.
======== We are on link 334 of 406
========== raw link https://eur-lex.europa.eu/eli/reg/2021/784#:~:text=p.%C2%A0385).-,ANNEX%20I,-REMOVAL%20ORDER
========== dropped link https://eur-lex.europa.eu/eli/reg/2021/784#:~:text=p.%C2%A0385).-,ANNEX%20I,-REMOVAL%20ORDER. Didn't pass first allows/blocks test.
======== We are on link 335 of 406
========== raw link https://www.pornhub.com/information/terms#rulesForCU
============ Checking for Redirections: https://www.pornhub.com/information/terms#rulesForCU
============ Link after cleaning: https://www.pornhub.com/information/terms
========== link already checked
======== We are on link 336 of 406
========== raw link https://www.pornhub.com/information/terms#rulesForCU
============ Checking for Redirections: https://www.pornhub.com/information/terms#rulesForCU
============ Link after cleaning: https://www.pornhub.com/information/terms
========== link already checked
======== We are on link 337 of 406
========== raw link https://www.pornhub.com/information/terms#rulesForVU
============ Checking for Redirections: https://www.pornhub.com/information/terms#rulesForVU
============ Link after cleaning: https://www.pornhub.com/information/terms
========== link already checked
======== We are on link 338 of 406
========== raw link https://www.pornhub.com/information/terms#rulesForCP
============ Checking for Redirections: https://www.pornhub.com/information/terms#rulesForCP
============ Link after cleaning: https://www.pornhub.com/information/terms
========== link already checked
======== We are on link 339 of 406
========== raw link https://www.pornhub.com/information/terms#rulesForCP
============ Checking for Redirections: https://www.pornhub.com/information/terms#rulesForCP
============ Link after cleaning: https://www.pornhub.com/information/terms
========== link already checked
======== We are on link 340 of 406
========== raw link https://www.pornhub.com/information/terms#rulesForModels
============ Checking for Redirections: https://www.pornhub.com/information/terms#rulesForModels
============ Link after cleaning: https://www.pornhub.com/information/terms
========== link already checked
======== We are on link 341 of 406
========== raw link https://www.pornhub.com/information/privacy
============ Checking for Redirections: https://www.pornhub.com/information/privacy
============ Link unchanged
========== link already checked
======== We are on link 342 of 406
========== raw link https://www.pornhub.com/information/privacy
============ Checking for Redirections: https://www.pornhub.com/information/privacy
============ Link unchanged
========== link already checked
======== We are on link 343 of 406
========== raw link https://www.pornhub.com/information/privacy
============ Checking for Redirections: https://www.pornhub.com/information/privacy
============ Link unchanged
========== link already checked
======== We are on link 344 of 406
========== raw link mailto:support@pornhub.com
========== dropped link (either fragment ("#"), js, mailto, comment, pdf, or empty)
======== We are on link 345 of 406
========== raw link https://www.pornhub.com/information/terms
============ Checking for Redirections: https://www.pornhub.com/information/terms
============ Link unchanged
========== link already checked
======== We are on link 346 of 406
========== raw link https://www.pornhub.com/information/terms
============ Checking for Redirections: https://www.pornhub.com/information/terms
============ Link unchanged
========== link already checked
======== We are on link 347 of 406
========== raw link https://help.pornhub.com/hc/en-us/articles/4419871787027-Non-Consensual-Content-Policy
============ Checking for Redirections: https://help.pornhub.com/hc/en-us/articles/4419871787027-Non-Consensual-Content-Policy
============ Link unchanged
========== link already checked
======== We are on link 348 of 406
========== raw link https://help.pornhub.com/hc/en-us/articles/4419869793683-Child-Sexual-Abuse-Material-Policy
============ Checking for Redirections: https://help.pornhub.com/hc/en-us/articles/4419869793683-Child-Sexual-Abuse-Material-Policy
============ Link unchanged
========== link already checked
======== We are on link 349 of 406
========== raw link https://help.pornhub.com/hc/en-us/sections/4419836270483-Policies-and-Related-Guidelines
============ Checking for Redirections: https://help.pornhub.com/hc/en-us/sections/4419836270483-Policies-and-Related-Guidelines
============ Link unchanged
========== link already checked
======== We are on link 350 of 406
========== raw link https://www.pornhub.com/information/privacy
============ Checking for Redirections: https://www.pornhub.com/information/privacy
============ Link unchanged
========== link already checked
======== We are on link 351 of 406
========== raw link https://www.pornhub.com/information/privacy
============ Checking for Redirections: https://www.pornhub.com/information/privacy
============ Link unchanged
========== link already checked
======== We are on link 352 of 406
========== raw link https://www.pornhub.com/information/privacy
============ Checking for Redirections: https://www.pornhub.com/information/privacy
============ Link unchanged
========== link already checked
======== We are on link 353 of 406
========== raw link https://www.pornhub.com/information/privacy
============ Checking for Redirections: https://www.pornhub.com/information/privacy
============ Link unchanged
========== link already checked
======== We are on link 354 of 406
========== raw link https://pornhub.com/content-removal
========== dropped link https://pornhub.com/content-removal. Didn't pass first allows/blocks test.
======== We are on link 355 of 406
========== raw link https://help.pornhub.com/hc/en-us/articles/4419879221907-Pornhub-Trusted-Flagger-Program
============ Checking for Redirections: https://help.pornhub.com/hc/en-us/articles/4419879221907-Pornhub-Trusted-Flagger-Program
============ Link unchanged
========== link already checked
======== We are on link 356 of 406
========== raw link mailto:legal@pornhub.com
========== dropped link (either fragment ("#"), js, mailto, comment, pdf, or empty)
======== We are on link 357 of 406
========== raw link mailto:dsa@pornhub.com
========== dropped link (either fragment ("#"), js, mailto, comment, pdf, or empty)
======== We are on link 358 of 406
========== raw link https://www.pornhub.com/information/dmca
============ Checking for Redirections: https://www.pornhub.com/information/dmca
========== dropped link https://www.pornhub.com/information/dmca. Could not follow redirection (or it was a meaninglessly small page or bot blocked by sessionID).
======== We are on link 359 of 406
========== raw link https://www.pornhub.com/information/dmca
============ Checking for Redirections: https://www.pornhub.com/information/dmca
========== dropped link https://www.pornhub.com/information/dmca. Could not follow redirection (or it was a meaninglessly small page or bot blocked by sessionID).
======== We are on link 360 of 406
========== raw link https://www.pornhub.com/information/dmca
============ Checking for Redirections: https://www.pornhub.com/information/dmca
========== dropped link https://www.pornhub.com/information/dmca. Could not follow redirection (or it was a meaninglessly small page or bot blocked by sessionID).
======== We are on link 361 of 406
========== raw link https://www.pornhub.com/support
============ Checking for Redirections: https://www.pornhub.com/support
========== dropped link https://www.pornhub.com/support. Could not follow redirection (or it was a meaninglessly small page or bot blocked by sessionID).
======== We are on link 362 of 406
========== raw link https://www.pornhub.com/information/privacy
============ Checking for Redirections: https://www.pornhub.com/information/privacy
========== dropped link https://www.pornhub.com/information/privacy. Could not follow redirection (or it was a meaninglessly small page or bot blocked by sessionID).
======== We are on link 363 of 406
========== raw link https://www.pornhub.com/information/privacy
============ Checking for Redirections: https://www.pornhub.com/information/privacy
========== dropped link https://www.pornhub.com/information/privacy. Could not follow redirection (or it was a meaninglessly small page or bot blocked by sessionID).
======== We are on link 364 of 406
========== raw link https://www.pornhub.com/information/privacy
============ Checking for Redirections: https://www.pornhub.com/information/privacy
========== dropped link https://www.pornhub.com/information/privacy. Could not follow redirection (or it was a meaninglessly small page or bot blocked by sessionID).
======== We are on link 365 of 406
========== raw link https://www.pornhub.com/information/privacy
============ Checking for Redirections: https://www.pornhub.com/information/privacy
========== dropped link https://www.pornhub.com/information/privacy. Could not follow redirection (or it was a meaninglessly small page or bot blocked by sessionID).
======== We are on link 366 of 406
========== raw link https://www.pornhub.com/information/privacy
============ Checking for Redirections: https://www.pornhub.com/information/privacy
========== dropped link https://www.pornhub.com/information/privacy. Could not follow redirection (or it was a meaninglessly small page or bot blocked by sessionID).
======== We are on link 367 of 406
========== raw link https://www.pornhub.com/information/dmca
============ Checking for Redirections: https://www.pornhub.com/information/dmca
========== dropped link https://www.pornhub.com/information/dmca. Could not follow redirection (or it was a meaninglessly small page or bot blocked by sessionID).
======== We are on link 368 of 406
========== raw link mailto:support@pornhub.com
========== dropped link (either fragment ("#"), js, mailto, comment, pdf, or empty)
======== We are on link 369 of 406
========== raw link https://www.pornhub.com/information/privacy
============ Checking for Redirections: https://www.pornhub.com/information/privacy
========== dropped link https://www.pornhub.com/information/privacy. Could not follow redirection (or it was a meaninglessly small page or bot blocked by sessionID).
======== We are on link 370 of 406
========== raw link https://www.pornhub.com/information/dmca
============ Checking for Redirections: https://www.pornhub.com/information/dmca
========== dropped link https://www.pornhub.com/information/dmca. Could not follow redirection (or it was a meaninglessly small page or bot blocked by sessionID).
======== We are on link 371 of 406
========== raw link https://www.pornhub.com/sitemap
============ Checking for Redirections: https://www.pornhub.com/sitemap
========== dropped link https://www.pornhub.com/sitemap. Could not follow redirection (or it was a meaninglessly small page or bot blocked by sessionID).
======== We are on link 372 of 406
========== raw link https://www.pornhub.com/information/terms
============ Checking for Redirections: https://www.pornhub.com/information/terms
========== dropped link https://www.pornhub.com/information/terms. Could not follow redirection (or it was a meaninglessly small page or bot blocked by sessionID).
======== We are on link 373 of 406
========== raw link https://www.pornhub.com/information/privacy
============ Checking for Redirections: https://www.pornhub.com/information/privacy
========== dropped link https://www.pornhub.com/information/privacy. Could not follow redirection (or it was a meaninglessly small page or bot blocked by sessionID).
======== We are on link 374 of 406
========== raw link https://www.pornhub.com/information/dmca
============ Checking for Redirections: https://www.pornhub.com/information/dmca
========== dropped link https://www.pornhub.com/information/dmca. Could not follow redirection (or it was a meaninglessly small page or bot blocked by sessionID).
======== We are on link 375 of 406
========== raw link https://www.pornhub.com/information/2257
============ Checking for Redirections: https://www.pornhub.com/information/2257
========== dropped link https://www.pornhub.com/information/2257. Could not follow redirection (or it was a meaninglessly small page or bot blocked by sessionID).
======== We are on link 376 of 406
========== raw link https://www.pornhub.com/information/eu_dsa
============ Checking for Redirections: https://www.pornhub.com/information/eu_dsa
========== dropped link https://www.pornhub.com/information/eu_dsa. Could not follow redirection (or it was a meaninglessly small page or bot blocked by sessionID).
======== We are on link 377 of 406
========== raw link https://www.pornhub.com/information/recommender
============ Checking for Redirections: https://www.pornhub.com/information/recommender
========== dropped link https://www.pornhub.com/information/recommender. Could not follow redirection (or it was a meaninglessly small page or bot blocked by sessionID).
======== We are on link 378 of 406
========== raw link https://www.pornhub.com/information/cookie-notice
============ Checking for Redirections: https://www.pornhub.com/information/cookie-notice
========== dropped link https://www.pornhub.com/information/cookie-notice. Could not follow redirection (or it was a meaninglessly small page or bot blocked by sessionID).
======== We are on link 379 of 406
========== raw link /partners/cpp
============ Found Relative: joining https://www.pornhub.com/information/terms and /partners/cpp
============ Checking for Redirections: https://www.pornhub.com/partners/cpp
========== dropped link https://www.pornhub.com/partners/cpp. Could not follow redirection (or it was a meaninglessly small page or bot blocked by sessionID).
======== We are on link 380 of 406
========== raw link /information/advertising
============ Found Relative: joining https://www.pornhub.com/information/terms and /information/advertising
============ Checking for Redirections: https://www.pornhub.com/information/advertising
========== dropped link https://www.pornhub.com/information/advertising. Could not follow redirection (or it was a meaninglessly small page or bot blocked by sessionID).
======== We are on link 381 of 406
========== raw link /webmasters
============ Found Relative: joining https://www.pornhub.com/information/terms and /webmasters
============ Checking for Redirections: https://www.pornhub.com/webmasters
========== dropped link https://www.pornhub.com/webmasters. Could not follow redirection (or it was a meaninglessly small page or bot blocked by sessionID).
======== We are on link 382 of 406
========== raw link /partners/models
============ Found Relative: joining https://www.pornhub.com/information/terms and /partners/models
============ Checking for Redirections: https://www.pornhub.com/partners/models
========== dropped link https://www.pornhub.com/partners/models. Could not follow redirection (or it was a meaninglessly small page or bot blocked by sessionID).
======== We are on link 383 of 406
========== raw link /press
============ Found Relative: joining https://www.pornhub.com/information/terms and /press
============ Checking for Redirections: https://www.pornhub.com/press
========== dropped link https://www.pornhub.com/press. Could not follow redirection (or it was a meaninglessly small page or bot blocked by sessionID).
======== We are on link 384 of 406
========== raw link /content-removal
============ Found Relative: joining https://www.pornhub.com/information/terms and /content-removal
============ Checking for Redirections: https://www.pornhub.com/content-removal
========== dropped link https://www.pornhub.com/content-removal. Could not follow redirection (or it was a meaninglessly small page or bot blocked by sessionID).
======== We are on link 385 of 406
========== raw link /support
============ Found Relative: joining https://www.pornhub.com/information/terms and /support
============ Checking for Redirections: https://www.pornhub.com/support
========== dropped link https://www.pornhub.com/support. Could not follow redirection (or it was a meaninglessly small page or bot blocked by sessionID).
======== We are on link 386 of 406
========== raw link https://help.pornhub.com/hc/en-us/categories/4419836205203
============ Checking for Redirections: https://help.pornhub.com/hc/en-us/categories/4419836205203
========== dropped link https://help.pornhub.com/hc/en-us/categories/4419836205203. Could not follow redirection (or it was a meaninglessly small page or bot blocked by sessionID).
======== We are on link 387 of 406
========== raw link https://help.pornhub.com/hc/en-us/categories/4419836212499
============ Checking for Redirections: https://help.pornhub.com/hc/en-us/categories/4419836212499
========== dropped link https://help.pornhub.com/hc/en-us/categories/4419836212499. Could not follow redirection (or it was a meaninglessly small page or bot blocked by sessionID).
======== We are on link 388 of 406
========== raw link https://help.pornhub.com/hc/en-us/articles/4419885579795
============ Checking for Redirections: https://help.pornhub.com/hc/en-us/articles/4419885579795
========== dropped link https://help.pornhub.com/hc/en-us/articles/4419885579795. Could not follow redirection (or it was a meaninglessly small page or bot blocked by sessionID).
======== We are on link 389 of 406
========== raw link /blog
============ Found Relative: joining https://www.pornhub.com/information/terms and /blog
============ Checking for Redirections: https://www.pornhub.com/blog
========== dropped link https://www.pornhub.com/blog. Could not follow redirection (or it was a meaninglessly small page or bot blocked by sessionID).
======== We are on link 390 of 406
========== raw link //www.pornhub.com/insights/
============ Prepended scheme.
============ Checking for Redirections: https://www.pornhub.com/insights/
========== dropped link https://www.pornhub.com/insights/. Could not follow redirection (or it was a meaninglessly small page or bot blocked by sessionID).
======== We are on link 391 of 406
========== raw link //www.pornhub.com/sex/
============ Prepended scheme.
============ Checking for Redirections: https://www.pornhub.com/sex/
========== dropped link https://www.pornhub.com/sex/. Could not follow redirection (or it was a meaninglessly small page or bot blocked by sessionID).
======== We are on link 392 of 406
========== raw link https://www.pornhub.com/video?c=732
============ Checking for Redirections: https://www.pornhub.com/video?c=732
========== dropped link https://www.pornhub.com/video?c=732. Could not follow redirection (or it was a meaninglessly small page or bot blocked by sessionID).
======== We are on link 393 of 406
========== raw link https://de.pornhub.com/information/terms
============ Checking for Redirections: https://de.pornhub.com/information/terms
========== dropped link https://de.pornhub.com/information/terms. Could not follow redirection (or it was a meaninglessly small page or bot blocked by sessionID).
======== We are on link 394 of 406
========== raw link https://fr.pornhub.com/information/terms
============ Checking for Redirections: https://fr.pornhub.com/information/terms
========== dropped link https://fr.pornhub.com/information/terms. Could not follow redirection (or it was a meaninglessly small page or bot blocked by sessionID).
======== We are on link 395 of 406
========== raw link https://es.pornhub.com/information/terms
========== dropped link https://es.pornhub.com/information/terms. Didn't pass first allows/blocks test.
======== We are on link 396 of 406
========== raw link https://it.pornhub.com/information/terms
============ Checking for Redirections: https://it.pornhub.com/information/terms
========== dropped link https://it.pornhub.com/information/terms. Could not follow redirection (or it was a meaninglessly small page or bot blocked by sessionID).
======== We are on link 397 of 406
========== raw link https://pt.pornhub.com/information/terms
========== dropped link https://pt.pornhub.com/information/terms. Didn't pass first allows/blocks test.
======== We are on link 398 of 406
========== raw link https://pl.pornhub.com/information/terms
========== dropped link https://pl.pornhub.com/information/terms. Didn't pass first allows/blocks test.
======== We are on link 399 of 406
========== raw link https://rt.pornhub.com/information/terms
============ Checking for Redirections: https://rt.pornhub.com/information/terms
========== dropped link https://rt.pornhub.com/information/terms. Could not follow redirection (or it was a meaninglessly small page or bot blocked by sessionID).
======== We are on link 400 of 406
========== raw link https://jp.pornhub.com/information/terms
========== dropped link https://jp.pornhub.com/information/terms. Didn't pass first allows/blocks test.
======== We are on link 401 of 406
========== raw link https://nl.pornhub.com/information/terms
========== dropped link https://nl.pornhub.com/information/terms. Didn't pass first allows/blocks test.
======== We are on link 402 of 406
========== raw link https://cz.pornhub.com/information/terms
========== dropped link https://cz.pornhub.com/information/terms. Didn't pass first allows/blocks test.
======== We are on link 403 of 406
========== raw link https://cn.pornhub.com/information/terms
========== dropped link https://cn.pornhub.com/information/terms. Didn't pass first allows/blocks test.
======== We are on link 404 of 406
========== raw link https://twitter.com/pornhub
========== dropped link https://twitter.com/pornhub. Didn't pass first allows/blocks test.
======== We are on link 405 of 406
========== raw link https://discord.gg/pornhub
========== dropped link https://discord.gg/pornhub. Didn't pass first allows/blocks test.
======== We are on link 406 of 406
========== raw link /information/rating
============ Found Relative: joining https://www.pornhub.com/information/terms and /information/rating
============ Checking for Redirections: https://www.pornhub.com/information/rating
========== dropped link https://www.pornhub.com/information/rating. Could not follow redirection (or it was a meaninglessly small page or bot blocked by sessionID).
==== Number of new pages added: 101
==== We are at iteration 2 (tree depth).
====== We are on page 1 of 101: https://www.pornhub.com/support
ERROR: Somehow this page has no links... 
====== Number of Links on this Page: 0
====== We are on page 2 of 101: https://help.pornhub.com/hc/en-us/articles/19159382668435-Trust-and-Safety-Initiatives
ERROR: Somehow this page has no links... 
====== Number of Links on this Page: 0
====== We are on page 3 of 101: https://help.pornhub.com/hc/en-us/articles/4419869793683-Child-Sexual-Abuse-Material-Policy
ERROR: Somehow this page has no links... 
====== Number of Links on this Page: 0
====== We are on page 4 of 101: https://help.pornhub.com/hc/en-us/articles/38929180749587-DSA-Transparency-report-February-2025
ERROR: Somehow this page has no links... 
====== Number of Links on this Page: 0
====== We are on page 5 of 101: https://help.pornhub.com/hc/en-us/articles/38743689517715-2024-Transparency-Report-Second-Half
ERROR: Somehow this page has no links... 
====== Number of Links on this Page: 0
====== We are on page 6 of 101: https://help.pornhub.com/hc/en-us/articles/33098088051475-2024-Transparency-Report-First-Half
ERROR: Somehow this page has no links... 
====== Number of Links on this Page: 0
====== We are on page 7 of 101: https://help.pornhub.com/hc/en-us/articles/32596021061267-EU-DSA-Transparency-Report-August-2024
ERROR: Somehow this page has no links... 
====== Number of Links on this Page: 0
====== We are on page 8 of 101: https://help.pornhub.com/hc/en-us/articles/27610703413267-2023-Transparency-Report-Second-Half
ERROR: Somehow this page has no links... 
====== Number of Links on this Page: 0
====== We are on page 9 of 101: https://help.pornhub.com/hc/en-us/articles/19464887586579-2023-Transparency-Report-First-Half
ERROR: Somehow this page has no links... 
====== Number of Links on this Page: 0
====== We are on page 10 of 101: https://help.pornhub.com/hc/en-us/articles/14666334117267-2022-Transparency-Report
ERROR: Somehow this page has no links... 
====== Number of Links on this Page: 0
====== We are on page 11 of 101: https://help.pornhub.com/hc/en-us/articles/5357457259155-2021-Transparency-Report
ERROR: Somehow this page has no links... 
====== Number of Links on this Page: 0
====== We are on page 12 of 101: https://help.pornhub.com/hc/en-us/articles/4419860718483-2020-Transparency-Report
ERROR: Somehow this page has no links... 
====== Number of Links on this Page: 0
====== We are on page 13 of 101: https://www.pornhub.com/content-removal
ERROR: Somehow this page has no links... 
====== Number of Links on this Page: 0
====== We are on page 14 of 101: https://help.pornhub.com/hc/en-us/categories/4419836212499-Our-Commitment-to-Trust-and-Safety
ERROR: Somehow this page has no links... 
====== Number of Links on this Page: 0
====== We are on page 15 of 101: https://www.pornhub.com/front/lost_password
ERROR: Somehow this page has no links... 
====== Number of Links on this Page: 0
====== We are on page 16 of 101: https://www.pornhub.com/video
ERROR: Somehow this page has no links... 
====== Number of Links on this Page: 0
====== We are on page 17 of 101: https://www.pornhub.com/recommended
ERROR: Somehow this page has no links... 
====== Number of Links on this Page: 0
====== We are on page 18 of 101: https://www.pornhub.com/pornstars
ERROR: Somehow this page has no links... 
====== Number of Links on this Page: 0
====== We are on page 19 of 101: https://www.pornhub.com/gayporn
ERROR: Somehow this page has no links... 
====== Number of Links on this Page: 0
====== We are on page 20 of 101: https://www.pornhub.com/transgender
ERROR: Somehow this page has no links... 
====== Number of Links on this Page: 0
====== We are on page 21 of 101: https://www.pornhub.com/channels
ERROR: Somehow this page has no links... 
====== Number of Links on this Page: 0
====== We are on page 22 of 101: https://www.pornhub.com/categories
ERROR: Somehow this page has no links... 
====== Number of Links on this Page: 0
====== We are on page 23 of 101: https://www.pornhub.com/categories/teen
ERROR: Somehow this page has no links... 
====== Number of Links on this Page: 0
====== We are on page 24 of 101: https://www.pornhub.com/popularwithwomen
ERROR: Somehow this page has no links... 
====== Number of Links on this Page: 0
====== We are on page 25 of 101: https://www.pornhub.com/categories/hentai
ERROR: Somehow this page has no links... 
====== Number of Links on this Page: 0
====== We are on page 26 of 101: https://www.pornhub.com/vr
ERROR: Somehow this page has no links... 
====== Number of Links on this Page: 0
====== We are on page 27 of 101: https://www.pornhub.com/playlists
ERROR: Somehow this page has no links... 
====== Number of Links on this Page: 0
====== We are on page 28 of 101: https://www.pornhub.com/gifs
ERROR: Somehow this page has no links... 
====== Number of Links on this Page: 0
====== We are on page 29 of 101: https://www.pornhub.com/albums
ERROR: Somehow this page has no links... 
====== Number of Links on this Page: 0
====== We are on page 30 of 101: https://www.pornhub.com/contest_hub
ERROR: Somehow this page has no links... 
====== Number of Links on this Page: 0
====== We are on page 31 of 101: https://www.pornhub.com/contest_hub/viewers_choice
ERROR: Somehow this page has no links... 
====== Number of Links on this Page: 0
====== We are on page 32 of 101: https://www.pornhub.com/user/discover
ERROR: Somehow this page has no links... 
====== Number of Links on this Page: 0
====== We are on page 33 of 101: https://www.pornhub.com/contest_hub/top_earners
ERROR: Somehow this page has no links... 
====== Number of Links on this Page: 0
====== We are on page 34 of 101: https://www.pornhub.com/model/halloffame
ERROR: Somehow this page has no links... 
====== Number of Links on this Page: 0
====== We are on page 35 of 101: https://www.pornhub.com/user/search
ERROR: Somehow this page has no links... 
====== Number of Links on this Page: 0
====== We are on page 36 of 101: https://www.pornhub.com/video/search
ERROR: Somehow this page has no links... 
====== Number of Links on this Page: 0
====== We are on page 37 of 101: https://www.pornhub.com/pornstar/aidra-fox
ERROR: Somehow this page has no links... 
====== Number of Links on this Page: 0
====== We are on page 38 of 101: https://www.pornhub.com/model/anna-cherry7
ERROR: Somehow this page has no links... 
====== Number of Links on this Page: 0
====== We are on page 39 of 101: https://www.pornhub.com/pornstar/elsa-jean
ERROR: Somehow this page has no links... 
====== Number of Links on this Page: 0
====== We are on page 40 of 101: https://www.pornhub.com/model/brooke-tilli
ERROR: Somehow this page has no links... 
====== Number of Links on this Page: 0
====== We are on page 41 of 101: https://www.pornhub.com/pornstar/adriana-chechik
ERROR: Somehow this page has no links... 
====== Number of Links on this Page: 0
====== We are on page 42 of 101: https://www.pornhub.com/likedvideos
ERROR: Somehow this page has no links... 
====== Number of Links on this Page: 0
====== We are on page 43 of 101: https://www.pornhub.com/view_video.php
ERROR: Somehow this page has no links... 
====== Number of Links on this Page: 0
====== We are on page 44 of 101: https://www.pornhub.com/model/teen-meat
ERROR: Somehow this page has no links... 
====== Number of Links on this Page: 0
====== We are on page 45 of 101: https://www.pornhub.com/channels/step-siblings-caught
ERROR: Somehow this page has no links... 
====== Number of Links on this Page: 0
====== We are on page 46 of 101: https://www.pornhub.com/channels/perv-mom
ERROR: Somehow this page has no links... 
====== Number of Links on this Page: 0
====== We are on page 47 of 101: https://www.pornhub.com/playlist/141278012
ERROR: Somehow this page has no links... 
====== Number of Links on this Page: 0
====== We are on page 48 of 101: https://www.pornhub.com/users/maszlagfetish
ERROR: Somehow this page has no links... 
====== Number of Links on this Page: 0
====== We are on page 49 of 101: https://www.pornhub.com/playlist/141024872
ERROR: Somehow this page has no links... 
====== Number of Links on this Page: 0
====== We are on page 50 of 101: https://www.pornhub.com/users/walker077
ERROR: Somehow this page has no links... 
====== Number of Links on this Page: 0
====== We are on page 51 of 101: https://www.pornhub.com/channels/brazzers
ERROR: Somehow this page has no links... 
====== Number of Links on this Page: 0
====== We are on page 52 of 101: https://www.pornhub.com/channels/public-agent
ERROR: Somehow this page has no links... 
====== Number of Links on this Page: 0
====== We are on page 53 of 101: https://www.pornhub.com/gay/categories
ERROR: Somehow this page has no links... 
====== Number of Links on this Page: 0
====== We are on page 54 of 101: https://www.pornhub.com/pornstar/kat-marie
ERROR: Somehow this page has no links... 
====== Number of Links on this Page: 0
====== We are on page 55 of 101: https://www.pornhub.com/pornstar/ava-addams
ERROR: Somehow this page has no links... 
====== Number of Links on this Page: 0
====== We are on page 56 of 101: https://www.pornhub.com/pornstar/eliza-ibarra
ERROR: Somehow this page has no links... 
====== Number of Links on this Page: 0
====== We are on page 57 of 101: https://www.pornhub.com/pornstar/lily-phillips
ERROR: Somehow this page has no links... 
====== Number of Links on this Page: 0
====== We are on page 58 of 101: https://www.pornhub.com/pornstar/brandi-love
ERROR: Somehow this page has no links... 
====== Number of Links on this Page: 0
====== We are on page 59 of 101: https://www.pornhub.com/community
ERROR: Somehow this page has no links... 
====== Number of Links on this Page: 0
====== We are on page 60 of 101: https://www.pornhub.com/user/discover/popular_verified_members
ERROR: Somehow this page has no links... 
====== Number of Links on this Page: 0
====== We are on page 61 of 101: https://www.pornhub.com/contest_hub/viewers_choice/sweetie-fox
ERROR: Somehow this page has no links... 
====== Number of Links on this Page: 0
====== We are on page 62 of 101: https://www.pornhub.com/contest_hub/viewers_choice/candy-love
ERROR: Somehow this page has no links... 
====== Number of Links on this Page: 0
====== We are on page 63 of 101: https://www.pornhub.com/contest_hub/viewers_choice/comatozze
ERROR: Somehow this page has no links... 
====== Number of Links on this Page: 0
====== We are on page 64 of 101: https://www.pornhub.com/contest_hub/viewers_choice/evakeks
ERROR: Somehow this page has no links... 
====== Number of Links on this Page: 0
====== We are on page 65 of 101: https://www.pornhub.com/model/vibewithmommy
ERROR: Somehow this page has no links... 
====== Number of Links on this Page: 0
====== We are on page 66 of 101: https://www.pornhub.com/pornstar/johnny-sins
ERROR: Somehow this page has no links... 
====== Number of Links on this Page: 0
====== We are on page 67 of 101: https://www.pornhub.com/model/comatozze
ERROR: Somehow this page has no links... 
====== Number of Links on this Page: 0
====== We are on page 68 of 101: https://www.pornhub.com/pornstar/katty-west
ERROR: Somehow this page has no links... 
====== Number of Links on this Page: 0
====== We are on page 69 of 101: https://www.pornhub.com/model/maxilovers
ERROR: Somehow this page has no links... 
====== Number of Links on this Page: 0
====== We are on page 70 of 101: https://www.pornhub.com/model/sadie-quinn
ERROR: Somehow this page has no links... 
====== Number of Links on this Page: 0
====== We are on page 71 of 101: https://www.pornhub.com/model/punchymama
ERROR: Somehow this page has no links... 
====== Number of Links on this Page: 0
====== We are on page 72 of 101: https://www.pornhub.com/model/honeyfleur
ERROR: Somehow this page has no links... 
====== Number of Links on this Page: 0
====== We are on page 73 of 101: https://www.pornhub.com/user/discover/most_viewed_users
ERROR: Somehow this page has no links... 
====== Number of Links on this Page: 0
====== We are on page 74 of 101: https://www.pornhub.com/model/satisfied-series-1
ERROR: Somehow this page has no links... 
====== Number of Links on this Page: 0
====== We are on page 75 of 101: https://www.pornhub.com/model/pudaysoso
ERROR: Somehow this page has no links... 
====== Number of Links on this Page: 0
====== We are on page 76 of 101: https://www.pornhub.com/model/abrildiseli
ERROR: Somehow this page has no links... 
====== Number of Links on this Page: 0
====== We are on page 77 of 101: https://www.pornhub.com/model/amabelle-grace
ERROR: Somehow this page has no links... 
====== Number of Links on this Page: 0
====== We are on page 78 of 101: https://www.pornhub.com/albums/female-straight
ERROR: Somehow this page has no links... 
====== Number of Links on this Page: 0
====== We are on page 79 of 101: https://www.pornhub.com/gif/51966661
ERROR: Somehow this page has no links... 
====== Number of Links on this Page: 0
====== We are on page 80 of 101: https://www.pornhub.com/gif/51984151
ERROR: Somehow this page has no links... 
====== Number of Links on this Page: 0
====== We are on page 81 of 101: https://www.pornhub.com/gif/6460361
ERROR: Somehow this page has no links... 
====== Number of Links on this Page: 0
====== We are on page 82 of 101: https://www.pornhub.com/album/78154471
ERROR: Somehow this page has no links... 
====== Number of Links on this Page: 0
====== We are on page 83 of 101: https://www.pornhub.com/album/79284645
ERROR: Somehow this page has no links... 
====== Number of Links on this Page: 0
====== We are on page 84 of 101: https://www.pornhub.com/album/77400701
ERROR: Somehow this page has no links... 
====== Number of Links on this Page: 0
====== We are on page 85 of 101: https://www.pornhub.com/album/67267462
ERROR: Somehow this page has no links... 
====== Number of Links on this Page: 0
====== We are on page 86 of 101: https://www.pornhub.com/information/advertising
ERROR: Somehow this page has no links... 
====== Number of Links on this Page: 0
====== We are on page 87 of 101: https://www.pornhub.com/information/privacy
ERROR: Somehow this page has no links... 
====== Number of Links on this Page: 0
====== We are on page 88 of 101: https://www.pornhub.com/information/cookies
ERROR: Somehow this page has no links... 
====== Number of Links on this Page: 0
====== We are on page 89 of 101: https://www.pornhub.com/information/dmca
ERROR: Somehow this page has no links... 
====== Number of Links on this Page: 0
====== We are on page 90 of 101: https://www.pornhub.com/information/dmcaform
ERROR: Somehow this page has no links... 
====== Number of Links on this Page: 0
====== We are on page 91 of 101: https://www.pornhub.com/information/2257
ERROR: Somehow this page has no links... 
====== Number of Links on this Page: 0
====== We are on page 92 of 101: https://www.pornhub.com/information/eu_dsa
ERROR: Somehow this page has no links... 
====== Number of Links on this Page: 0
====== We are on page 93 of 101: https://www.pornhub.com/information/recommender
ERROR: Somehow this page has no links... 
====== Number of Links on this Page: 0
====== We are on page 94 of 101: https://www.pornhub.com/webmasters
ERROR: Somehow this page has no links... 
====== Number of Links on this Page: 0
====== We are on page 95 of 101: https://www.pornhub.com/information/partner
ERROR: Somehow this page has no links... 
====== Number of Links on this Page: 0
====== We are on page 96 of 101: https://www.pornhub.com/information/rating
ERROR: Somehow this page has no links... 
====== Number of Links on this Page: 0
====== We are on page 97 of 101: https://www.pornhub.com/
ERROR: Somehow this page has no links... 
====== Number of Links on this Page: 0
====== We are on page 98 of 101: https://www.pornhub.com/anonymous-content-removal
ERROR: Somehow this page has no links... 
====== Number of Links on this Page: 0
====== We are on page 99 of 101: https://www.pornhub.com/partners/cpp
ERROR: Somehow this page has no links... 
====== Number of Links on this Page: 0
====== We are on page 100 of 101: https://www.pornhub.com/partners/models
ERROR: Somehow this page has no links... 
====== Number of Links on this Page: 0
====== We are on page 101 of 101: https://www.pornhub.com/tco-removal
ERROR: Somehow this page has no links... 
====== Number of Links on this Page: 0
==== Number of new pages added: 0
== Finished scraping pornhub.com-AI_Moderation in 6981.1124 seconds.
== Writing to db file
== Done (/home/oscarc/ContentModerationWebScraper/data/05_13_25_15_56/all_htmls/AI_Moderation_pornhub_com_05_13_25_15_56.json)
== Completed with Errors, search for error in logs
