== Conducting scraping for AI_Moderation on livejournal.com
== Getting initial 4 pages in sheet
==== We are at iteration 1 (tree depth).
====== We are on page 1 of 4: https://lj-policy.livejournal.com/
====== Number of Links on this Page: 234
======== We are on link 1 of 234
========== raw link https://www.livejournal.com/
============ Checking for Redirections: https://www.livejournal.com/
============ Link unchanged
========== scraping https://www.livejournal.com/
============ New link added. Search term (AI) found on https://www.livejournal.com/.
======== We are on link 2 of 234
========== raw link https://www.livejournal.com/browse/
============ Checking for Redirections: https://www.livejournal.com/browse/
============ Link unchanged
========== scraping https://www.livejournal.com/browse/
======== We are on link 3 of 234
========== raw link https://www.livejournal.com/syn/
============ Checking for Redirections: https://www.livejournal.com/syn/
============ Link unchanged
========== scraping https://www.livejournal.com/syn/
======== We are on link 4 of 234
========== raw link https://www.livejournal.com/shop/?ila_campaign=ex_shop_pro&ila_location=site_menu&ila_context=shop
========== dropped link https://www.livejournal.com/shop/?ila_campaign=ex_shop_pro&ila_location=site_menu&ila_context=shop. Didn't pass first allows/blocks test.
======== We are on link 5 of 234
========== raw link https://www.livejournal.com/support/
============ Checking for Redirections: https://www.livejournal.com/support/
============ Link unchanged
========== link already checked
======== We are on link 6 of 234
========== raw link //www.livejournal.com/rsearch?journal=lj_policy&journalId=14333642
============ Prepended scheme.
============ Checking for Redirections: https://www.livejournal.com/rsearch?journal=lj_policy&journalId=14333642
============ Followed Redirection to https://www.livejournal.com/rsearch/?journal=lj_policy&journalId=14333642
============ Link after cleaning: https://www.livejournal.com/rsearch/
========== scraping https://www.livejournal.com/rsearch/
============ Dropping non-English link: https://www.livejournal.com/rsearch/
======== We are on link 7 of 234
========== raw link https://www.livejournal.com/login.bml
========== dropped link https://www.livejournal.com/login.bml. Didn't pass first allows/blocks test.
======== We are on link 8 of 234
========== raw link https://lj-policy.livejournal.com/profile/
============ Checking for Redirections: https://lj-policy.livejournal.com/profile/
============ Link unchanged
========== scraping https://lj-policy.livejournal.com/profile/
======== We are on link 9 of 234
========== raw link https://lj-policy.livejournal.com/
============ Checking for Redirections: https://lj-policy.livejournal.com/
============ Link unchanged
========== link already checked
======== We are on link 10 of 234
========== raw link #
========== dropped link (either fragment ("#"), js, mailto, comment, pdf, or empty)
======== We are on link 11 of 234
========== raw link https://www.livejournal.com/login.bml?returnto=https%3A%2F%2Flj-policy.livejournal.com%2F&ret=1
========== dropped link https://www.livejournal.com/login.bml?returnto=https%3A%2F%2Flj-policy.livejournal.com%2F&ret=1. Didn't pass first allows/blocks test.
======== We are on link 12 of 234
========== raw link https://www.livejournal.com/create/
============ Checking for Redirections: https://www.livejournal.com/create/
============ Link unchanged
========== scraping https://www.livejournal.com/create/
======== We are on link 13 of 234
========== raw link https://www.livejournal.com/manage/settings/?cat=display
============ Checking for Redirections: https://www.livejournal.com/manage/settings/?cat=display
============ Followed Redirection to https://www.livejournal.com/login.bml?returnto=https%3A%2F%2Fwww.livejournal.com%2Fsettings%2F%3Fcat%3Ddisplay
============ Link after cleaning: https://www.livejournal.com/login.bml
============ Excluded based on allow/block list.
======== We are on link 14 of 234
========== raw link 
========== dropped link (either fragment ("#"), js, mailto, comment, pdf, or empty)
======== We are on link 15 of 234
========== raw link 
========== dropped link (either fragment ("#"), js, mailto, comment, pdf, or empty)
======== We are on link 16 of 234
========== raw link 
========== dropped link (either fragment ("#"), js, mailto, comment, pdf, or empty)
======== We are on link 17 of 234
========== raw link 
========== dropped link (either fragment ("#"), js, mailto, comment, pdf, or empty)
======== We are on link 18 of 234
========== raw link 
========== dropped link (either fragment ("#"), js, mailto, comment, pdf, or empty)
======== We are on link 19 of 234
========== raw link 
========== dropped link (either fragment ("#"), js, mailto, comment, pdf, or empty)
======== We are on link 20 of 234
========== raw link 
========== dropped link (either fragment ("#"), js, mailto, comment, pdf, or empty)
======== We are on link 21 of 234
========== raw link 
========== dropped link (either fragment ("#"), js, mailto, comment, pdf, or empty)
======== We are on link 22 of 234
========== raw link 
========== dropped link (either fragment ("#"), js, mailto, comment, pdf, or empty)
======== We are on link 23 of 234
========== raw link https://lj-policy.livejournal.com/profile/
============ Checking for Redirections: https://lj-policy.livejournal.com/profile/
============ Link unchanged
========== link already checked
======== We are on link 24 of 234
========== raw link https://lj-policy.livejournal.com/
============ Checking for Redirections: https://lj-policy.livejournal.com/
============ Link unchanged
========== link already checked
======== We are on link 25 of 234
========== raw link #
========== dropped link (either fragment ("#"), js, mailto, comment, pdf, or empty)
======== We are on link 26 of 234
========== raw link #
========== dropped link (either fragment ("#"), js, mailto, comment, pdf, or empty)
======== We are on link 27 of 234
========== raw link https://lj-policy.livejournal.com/profile/
============ Checking for Redirections: https://lj-policy.livejournal.com/profile/
============ Link unchanged
========== link already checked
======== We are on link 28 of 234
========== raw link https://lj-policy.livejournal.com/
============ Checking for Redirections: https://lj-policy.livejournal.com/
============ Link unchanged
========== link already checked
======== We are on link 29 of 234
========== raw link #
========== dropped link (either fragment ("#"), js, mailto, comment, pdf, or empty)
======== We are on link 30 of 234
========== raw link https://lj-policy.livejournal.com/calendar/?ila_campaign=control_strip
========== dropped link https://lj-policy.livejournal.com/calendar/?ila_campaign=control_strip. Didn't pass first allows/blocks test.
======== We are on link 31 of 234
========== raw link #
========== dropped link (either fragment ("#"), js, mailto, comment, pdf, or empty)
======== We are on link 32 of 234
========== raw link https://www.livejournal.com/create
============ Checking for Redirections: https://www.livejournal.com/create
============ Followed Redirection to https://www.livejournal.com/create/
============ Link after cleaning: https://www.livejournal.com/create/
========== link already checked
======== We are on link 33 of 234
========== raw link https://www.livejournal.com/lostinfo.bml
============ Checking for Redirections: https://www.livejournal.com/lostinfo.bml
============ Followed Redirection to https://www.livejournal.com/lostinfo/
============ Link after cleaning: https://www.livejournal.com/lostinfo/
========== scraping https://www.livejournal.com/lostinfo/
======== We are on link 34 of 234
========== raw link https://www.livejournal.com/identity/login.bml?type=google&auto_forwhat=user%24lj-policy%24%2F
========== dropped link https://www.livejournal.com/identity/login.bml?type=google&auto_forwhat=user%24lj-policy%24%2F. Didn't pass first allows/blocks test.
======== We are on link 35 of 234
========== raw link https://www.livejournal.com/identity/login.bml?type=facebook&auto_forwhat=user%24lj-policy%24%2F
========== dropped link https://www.livejournal.com/identity/login.bml?type=facebook&auto_forwhat=user%24lj-policy%24%2F. Didn't pass first allows/blocks test.
======== We are on link 36 of 234
========== raw link https://www.livejournal.com/identity/login.bml?type=vkontakte&auto_forwhat=user%24lj-policy%24%2F
========== dropped link https://www.livejournal.com/identity/login.bml?type=vkontakte&auto_forwhat=user%24lj-policy%24%2F. Didn't pass first allows/blocks test.
======== We are on link 37 of 234
========== raw link https://www.livejournal.com/identity/login.bml?type=twitter&auto_forwhat=user%24lj-policy%24%2F
========== dropped link https://www.livejournal.com/identity/login.bml?type=twitter&auto_forwhat=user%24lj-policy%24%2F. Didn't pass first allows/blocks test.
======== We are on link 38 of 234
========== raw link https://www.livejournal.com/identity/login.bml?type=mailru&auto_forwhat=user%24lj-policy%24%2F
========== dropped link https://www.livejournal.com/identity/login.bml?type=mailru&auto_forwhat=user%24lj-policy%24%2F. Didn't pass first allows/blocks test.
======== We are on link 39 of 234
========== raw link https://www.livejournal.com/identity/login.bml?type=rambler&auto_forwhat=user%24lj-policy%24%2F
========== dropped link https://www.livejournal.com/identity/login.bml?type=rambler&auto_forwhat=user%24lj-policy%24%2F. Didn't pass first allows/blocks test.
======== We are on link 40 of 234
========== raw link https://www.livejournal.com/identity/login.bml?type=openid&auto_forwhat=user%24lj-policy%24%2F
========== dropped link https://www.livejournal.com/identity/login.bml?type=openid&auto_forwhat=user%24lj-policy%24%2F. Didn't pass first allows/blocks test.
======== We are on link 41 of 234
========== raw link https://www.livejournal.com/create
============ Checking for Redirections: https://www.livejournal.com/create
============ Followed Redirection to https://www.livejournal.com/create/
============ Link after cleaning: https://www.livejournal.com/create/
========== link already checked
======== We are on link 42 of 234
========== raw link https://www.livejournal.com/legal/tos-en.bml
============ Checking for Redirections: https://www.livejournal.com/legal/tos-en.bml
============ Link unchanged
========== link already checked
======== We are on link 43 of 234
========== raw link https://lj-policy.livejournal.com/profile/
============ Checking for Redirections: https://lj-policy.livejournal.com/profile/
============ Link unchanged
========== link already checked
======== We are on link 44 of 234
========== raw link https://lj-policy.livejournal.com/
============ Checking for Redirections: https://lj-policy.livejournal.com/
============ Link unchanged
========== link already checked
======== We are on link 45 of 234
========== raw link #
========== dropped link (either fragment ("#"), js, mailto, comment, pdf, or empty)
======== We are on link 46 of 234
========== raw link https://lj-policy.livejournal.com/friends
========== dropped link https://lj-policy.livejournal.com/friends. Didn't pass first allows/blocks test.
======== We are on link 47 of 234
========== raw link https://lj-policy.livejournal.com/calendar
========== dropped link https://lj-policy.livejournal.com/calendar. Didn't pass first allows/blocks test.
======== We are on link 48 of 234
========== raw link https://lj-policy.livejournal.com/profile
============ Checking for Redirections: https://lj-policy.livejournal.com/profile
============ Followed Redirection to https://lj-policy.livejournal.com/profile/
============ Link after cleaning: https://lj-policy.livejournal.com/profile/
========== link already checked
======== We are on link 49 of 234
========== raw link 
========== dropped link (either fragment ("#"), js, mailto, comment, pdf, or empty)
======== We are on link 50 of 234
========== raw link https://lj-policy.livejournal.com/data/rss
============ Checking for Redirections: https://lj-policy.livejournal.com/data/rss
============ Link unchanged
========== scraping https://lj-policy.livejournal.com/data/rss
======== We are on link 51 of 234
========== raw link https://lj-policy.livejournal.com/3748.html
============ Checking for Redirections: https://lj-policy.livejournal.com/3748.html
============ Link unchanged
========== scraping https://lj-policy.livejournal.com/3748.html
======== We are on link 52 of 234
========== raw link https://theljstaff.livejournal.com/profile/
============ Checking for Redirections: https://theljstaff.livejournal.com/profile/
============ Link unchanged
========== scraping https://theljstaff.livejournal.com/profile/
======== We are on link 53 of 234
========== raw link https://theljstaff.livejournal.com/
============ Checking for Redirections: https://theljstaff.livejournal.com/
============ Link unchanged
========== scraping https://theljstaff.livejournal.com/
======== We are on link 54 of 234
========== raw link #
========== dropped link (either fragment ("#"), js, mailto, comment, pdf, or empty)
======== We are on link 55 of 234
========== raw link https://www.livejournal.com/legal/tos-en.bml
============ Checking for Redirections: https://www.livejournal.com/legal/tos-en.bml
============ Link unchanged
========== link already checked
======== We are on link 56 of 234
========== raw link #
========== dropped link (either fragment ("#"), js, mailto, comment, pdf, or empty)
======== We are on link 57 of 234
========== raw link #
========== dropped link (either fragment ("#"), js, mailto, comment, pdf, or empty)
======== We are on link 58 of 234
========== raw link https://lj-policy.livejournal.com/3748.html?mode=reply#add_comment
============ Checking for Redirections: https://lj-policy.livejournal.com/3748.html?mode=reply#add_comment
============ Link after cleaning: https://lj-policy.livejournal.com/3748.html
========== link already checked
======== We are on link 59 of 234
========== raw link https://www.livejournal.com/update.bml?repost_type=c&repost=https://lj-policy.livejournal.com/3748.html&nodraft=1
============ Checking for Redirections: https://www.livejournal.com/update.bml?repost_type=c&repost=https://lj-policy.livejournal.com/3748.html&nodraft=1
============ Followed Redirection to https://www.livejournal.com/login.bml?returnto=https%3A%2F%2Fwww.livejournal.com%2Fupdate.bml%3Frepost_type%3Dc%26repost%3Dhttps%3A%2F%2Flj-policy.livejournal.com%2F3748.html%26nodraft%3D1
============ Link after cleaning: https://www.livejournal.com/login.bml
============ Excluded based on allow/block list.
======== We are on link 60 of 234
========== raw link https://www.livejournal.com/tools/content_flag.bml?user=lj_policy&itemid=3748
============ Checking for Redirections: https://www.livejournal.com/tools/content_flag.bml?user=lj_policy&itemid=3748
============ Followed Redirection to https://www.livejournal.com/tools/content_flag/?user=lj_policy&itemid=3748
============ Link after cleaning: https://www.livejournal.com/tools/content_flag/
========== scraping https://www.livejournal.com/tools/content_flag/
======== We are on link 61 of 234
========== raw link https://lj-policy.livejournal.com/3448.html
============ Checking for Redirections: https://lj-policy.livejournal.com/3448.html
============ Link unchanged
========== scraping https://lj-policy.livejournal.com/3448.html
======== We are on link 62 of 234
========== raw link https://theljstaff.livejournal.com/profile/
============ Checking for Redirections: https://theljstaff.livejournal.com/profile/
============ Link unchanged
========== link already checked
======== We are on link 63 of 234
========== raw link https://theljstaff.livejournal.com/
============ Checking for Redirections: https://theljstaff.livejournal.com/
============ Link unchanged
========== link already checked
======== We are on link 64 of 234
========== raw link #
========== dropped link (either fragment ("#"), js, mailto, comment, pdf, or empty)
======== We are on link 65 of 234
========== raw link http://www.livejournal.com/abuse/policy.bml
============ Checking for Redirections: http://www.livejournal.com/abuse/policy.bml
============ Followed Redirection to https://www.livejournal.com/abuse/policy-en.bml
============ Link after cleaning: https://www.livejournal.com/abuse/policy-en.bml
========== scraping https://www.livejournal.com/abuse/policy-en.bml
======== We are on link 66 of 234
========== raw link http://www.livejournal.com/abuse/policy.bml#sexualimages
============ Checking for Redirections: http://www.livejournal.com/abuse/policy.bml#sexualimages
============ Followed Redirection to https://www.livejournal.com/abuse/policy-en.bml#sexualimages
============ Link after cleaning: https://www.livejournal.com/abuse/policy-en.bml
========== link already checked
======== We are on link 67 of 234
========== raw link #
========== dropped link (either fragment ("#"), js, mailto, comment, pdf, or empty)
======== We are on link 68 of 234
========== raw link https://lj-policy.livejournal.com/3448.html?view=comments#comments
============ Checking for Redirections: https://lj-policy.livejournal.com/3448.html?view=comments#comments
============ Link after cleaning: https://lj-policy.livejournal.com/3448.html
========== link already checked
======== We are on link 69 of 234
========== raw link https://lj-policy.livejournal.com/3448.html?mode=reply#add_comment
============ Checking for Redirections: https://lj-policy.livejournal.com/3448.html?mode=reply#add_comment
============ Link after cleaning: https://lj-policy.livejournal.com/3448.html
========== link already checked
======== We are on link 70 of 234
========== raw link https://www.livejournal.com/update.bml?repost_type=c&repost=https://lj-policy.livejournal.com/3448.html&nodraft=1
============ Checking for Redirections: https://www.livejournal.com/update.bml?repost_type=c&repost=https://lj-policy.livejournal.com/3448.html&nodraft=1
============ Followed Redirection to https://www.livejournal.com/login.bml?returnto=https%3A%2F%2Fwww.livejournal.com%2Fupdate.bml%3Frepost_type%3Dc%26repost%3Dhttps%3A%2F%2Flj-policy.livejournal.com%2F3448.html%26nodraft%3D1
============ Link after cleaning: https://www.livejournal.com/login.bml
============ Excluded based on allow/block list.
======== We are on link 71 of 234
========== raw link https://www.livejournal.com/tools/content_flag.bml?user=lj_policy&itemid=3448
============ Checking for Redirections: https://www.livejournal.com/tools/content_flag.bml?user=lj_policy&itemid=3448
============ Followed Redirection to https://www.livejournal.com/tools/content_flag/?user=lj_policy&itemid=3448
============ Link after cleaning: https://www.livejournal.com/tools/content_flag/
========== link already checked
======== We are on link 72 of 234
========== raw link https://lj-policy.livejournal.com/3193.html
============ Checking for Redirections: https://lj-policy.livejournal.com/3193.html
============ Link unchanged
========== scraping https://lj-policy.livejournal.com/3193.html
======== We are on link 73 of 234
========== raw link https://theljstaff.livejournal.com/profile/
============ Checking for Redirections: https://theljstaff.livejournal.com/profile/
============ Link unchanged
========== link already checked
======== We are on link 74 of 234
========== raw link https://theljstaff.livejournal.com/
============ Checking for Redirections: https://theljstaff.livejournal.com/
============ Link unchanged
========== link already checked
======== We are on link 75 of 234
========== raw link #
========== dropped link (either fragment ("#"), js, mailto, comment, pdf, or empty)
======== We are on link 76 of 234
========== raw link http://www.livejournal.com/legal/tos.bml
============ Checking for Redirections: http://www.livejournal.com/legal/tos.bml
============ Followed Redirection to https://www.livejournal.com/legal/tos-en.bml
============ Link after cleaning: https://www.livejournal.com/legal/tos-en.bml
========== link already checked
======== We are on link 77 of 234
========== raw link http://www.livejournal.com/abuse/policy.bml
============ Checking for Redirections: http://www.livejournal.com/abuse/policy.bml
============ Followed Redirection to https://www.livejournal.com/abuse/policy-en.bml
============ Link after cleaning: https://www.livejournal.com/abuse/policy-en.bml
========== link already checked
======== We are on link 78 of 234
========== raw link http://www.livejournal.com/legal/tos.bml#t10
============ Checking for Redirections: http://www.livejournal.com/legal/tos.bml#t10
============ Followed Redirection to https://www.livejournal.com/legal/tos-en.bml#t10
============ Link after cleaning: https://www.livejournal.com/legal/tos-en.bml
========== link already checked
======== We are on link 79 of 234
========== raw link http://www.livejournal.com/abuse/policy.bml
============ Checking for Redirections: http://www.livejournal.com/abuse/policy.bml
============ Followed Redirection to https://www.livejournal.com/abuse/policy-en.bml
============ Link after cleaning: https://www.livejournal.com/abuse/policy-en.bml
========== link already checked
======== We are on link 80 of 234
========== raw link https://news.livejournal.com/profile/
============ Checking for Redirections: https://news.livejournal.com/profile/
============ Link unchanged
========== scraping https://news.livejournal.com/profile/
======== We are on link 81 of 234
========== raw link https://news.livejournal.com/
============ Checking for Redirections: https://news.livejournal.com/
============ Link unchanged
========== link already checked
======== We are on link 82 of 234
========== raw link #
========== dropped link (either fragment ("#"), js, mailto, comment, pdf, or empty)
======== We are on link 83 of 234
========== raw link http://www.livejournal.com/legal/tos.bml#t13
============ Checking for Redirections: http://www.livejournal.com/legal/tos.bml#t13
============ Followed Redirection to https://www.livejournal.com/legal/tos-en.bml#t13
============ Link after cleaning: https://www.livejournal.com/legal/tos-en.bml
========== link already checked
======== We are on link 84 of 234
========== raw link #
========== dropped link (either fragment ("#"), js, mailto, comment, pdf, or empty)
======== We are on link 85 of 234
========== raw link https://lj-policy.livejournal.com/3193.html?view=comments#comments
============ Checking for Redirections: https://lj-policy.livejournal.com/3193.html?view=comments#comments
============ Link after cleaning: https://lj-policy.livejournal.com/3193.html
========== link already checked
======== We are on link 86 of 234
========== raw link https://lj-policy.livejournal.com/3193.html?mode=reply#add_comment
============ Checking for Redirections: https://lj-policy.livejournal.com/3193.html?mode=reply#add_comment
============ Link after cleaning: https://lj-policy.livejournal.com/3193.html
========== link already checked
======== We are on link 87 of 234
========== raw link https://www.livejournal.com/update.bml?repost_type=c&repost=https://lj-policy.livejournal.com/3193.html&nodraft=1
============ Checking for Redirections: https://www.livejournal.com/update.bml?repost_type=c&repost=https://lj-policy.livejournal.com/3193.html&nodraft=1
============ Followed Redirection to https://www.livejournal.com/login.bml?returnto=https%3A%2F%2Fwww.livejournal.com%2Fupdate.bml%3Frepost_type%3Dc%26repost%3Dhttps%3A%2F%2Flj-policy.livejournal.com%2F3193.html%26nodraft%3D1
============ Link after cleaning: https://www.livejournal.com/login.bml
============ Excluded based on allow/block list.
======== We are on link 88 of 234
========== raw link https://www.livejournal.com/tools/content_flag.bml?user=lj_policy&itemid=3193
============ Checking for Redirections: https://www.livejournal.com/tools/content_flag.bml?user=lj_policy&itemid=3193
============ Followed Redirection to https://www.livejournal.com/tools/content_flag/?user=lj_policy&itemid=3193
============ Link after cleaning: https://www.livejournal.com/tools/content_flag/
========== link already checked
======== We are on link 89 of 234
========== raw link https://lj-policy.livejournal.com/2820.html
============ Checking for Redirections: https://lj-policy.livejournal.com/2820.html
============ Link unchanged
========== scraping https://lj-policy.livejournal.com/2820.html
======== We are on link 90 of 234
========== raw link https://theljstaff.livejournal.com/profile/
============ Checking for Redirections: https://theljstaff.livejournal.com/profile/
============ Link unchanged
========== link already checked
======== We are on link 91 of 234
========== raw link https://theljstaff.livejournal.com/
============ Checking for Redirections: https://theljstaff.livejournal.com/
============ Link unchanged
========== link already checked
======== We are on link 92 of 234
========== raw link #
========== dropped link (either fragment ("#"), js, mailto, comment, pdf, or empty)
======== We are on link 93 of 234
========== raw link http://www.ag.ny.gov/media_center/2009/dec/dec10a_09.html
========== dropped link http://www.ag.ny.gov/media_center/2009/dec/dec10a_09.html. Didn't pass first allows/blocks test.
======== We are on link 94 of 234
========== raw link #
========== dropped link (either fragment ("#"), js, mailto, comment, pdf, or empty)
======== We are on link 95 of 234
========== raw link #
========== dropped link (either fragment ("#"), js, mailto, comment, pdf, or empty)
======== We are on link 96 of 234
========== raw link https://lj-policy.livejournal.com/2820.html?view=comments#comments
============ Checking for Redirections: https://lj-policy.livejournal.com/2820.html?view=comments#comments
============ Link after cleaning: https://lj-policy.livejournal.com/2820.html
========== link already checked
======== We are on link 97 of 234
========== raw link https://lj-policy.livejournal.com/2820.html?mode=reply#add_comment
============ Checking for Redirections: https://lj-policy.livejournal.com/2820.html?mode=reply#add_comment
============ Link after cleaning: https://lj-policy.livejournal.com/2820.html
========== link already checked
======== We are on link 98 of 234
========== raw link https://www.livejournal.com/update.bml?repost_type=c&repost=https://lj-policy.livejournal.com/2820.html&nodraft=1
============ Checking for Redirections: https://www.livejournal.com/update.bml?repost_type=c&repost=https://lj-policy.livejournal.com/2820.html&nodraft=1
============ Followed Redirection to https://www.livejournal.com/login.bml?returnto=https%3A%2F%2Fwww.livejournal.com%2Fupdate.bml%3Frepost_type%3Dc%26repost%3Dhttps%3A%2F%2Flj-policy.livejournal.com%2F2820.html%26nodraft%3D1
============ Link after cleaning: https://www.livejournal.com/login.bml
============ Excluded based on allow/block list.
======== We are on link 99 of 234
========== raw link https://www.livejournal.com/tools/content_flag.bml?user=lj_policy&itemid=2820
============ Checking for Redirections: https://www.livejournal.com/tools/content_flag.bml?user=lj_policy&itemid=2820
============ Followed Redirection to https://www.livejournal.com/tools/content_flag/?user=lj_policy&itemid=2820
============ Link after cleaning: https://www.livejournal.com/tools/content_flag/
========== link already checked
======== We are on link 100 of 234
========== raw link https://lj-policy.livejournal.com/2693.html
============ Checking for Redirections: https://lj-policy.livejournal.com/2693.html
============ Link unchanged
========== scraping https://lj-policy.livejournal.com/2693.html
======== We are on link 101 of 234
========== raw link https://theljstaff.livejournal.com/profile/
============ Checking for Redirections: https://theljstaff.livejournal.com/profile/
============ Link unchanged
========== link already checked
======== We are on link 102 of 234
========== raw link https://theljstaff.livejournal.com/
============ Checking for Redirections: https://theljstaff.livejournal.com/
============ Link unchanged
========== link already checked
======== We are on link 103 of 234
========== raw link #
========== dropped link (either fragment ("#"), js, mailto, comment, pdf, or empty)
======== We are on link 104 of 234
========== raw link http://community.livejournal.com/lj_policy/2518.html
============ Checking for Redirections: http://community.livejournal.com/lj_policy/2518.html
============ Followed Redirection to https://lj-policy.livejournal.com/2518.html
============ Link after cleaning: https://lj-policy.livejournal.com/2518.html
========== scraping https://lj-policy.livejournal.com/2518.html
======== We are on link 105 of 234
========== raw link http://www.livejournal.com/abuse/policy.bml
============ Checking for Redirections: http://www.livejournal.com/abuse/policy.bml
============ Followed Redirection to https://www.livejournal.com/abuse/policy-en.bml
============ Link after cleaning: https://www.livejournal.com/abuse/policy-en.bml
========== link already checked
======== We are on link 106 of 234
========== raw link #
========== dropped link (either fragment ("#"), js, mailto, comment, pdf, or empty)
======== We are on link 107 of 234
========== raw link https://lj-policy.livejournal.com/2693.html?view=comments#comments
============ Checking for Redirections: https://lj-policy.livejournal.com/2693.html?view=comments#comments
============ Link after cleaning: https://lj-policy.livejournal.com/2693.html
========== link already checked
======== We are on link 108 of 234
========== raw link https://lj-policy.livejournal.com/2693.html?mode=reply#add_comment
============ Checking for Redirections: https://lj-policy.livejournal.com/2693.html?mode=reply#add_comment
============ Link after cleaning: https://lj-policy.livejournal.com/2693.html
========== link already checked
======== We are on link 109 of 234
========== raw link https://www.livejournal.com/update.bml?repost_type=c&repost=https://lj-policy.livejournal.com/2693.html&nodraft=1
============ Checking for Redirections: https://www.livejournal.com/update.bml?repost_type=c&repost=https://lj-policy.livejournal.com/2693.html&nodraft=1
============ Followed Redirection to https://www.livejournal.com/login.bml?returnto=https%3A%2F%2Fwww.livejournal.com%2Fupdate.bml%3Frepost_type%3Dc%26repost%3Dhttps%3A%2F%2Flj-policy.livejournal.com%2F2693.html%26nodraft%3D1
============ Link after cleaning: https://www.livejournal.com/login.bml
============ Excluded based on allow/block list.
======== We are on link 110 of 234
========== raw link https://www.livejournal.com/tools/content_flag.bml?user=lj_policy&itemid=2693
============ Checking for Redirections: https://www.livejournal.com/tools/content_flag.bml?user=lj_policy&itemid=2693
============ Followed Redirection to https://www.livejournal.com/tools/content_flag/?user=lj_policy&itemid=2693
============ Link after cleaning: https://www.livejournal.com/tools/content_flag/
========== link already checked
======== We are on link 111 of 234
========== raw link https://lj-policy.livejournal.com/2518.html
============ Checking for Redirections: https://lj-policy.livejournal.com/2518.html
============ Link unchanged
========== link already checked
======== We are on link 112 of 234
========== raw link https://theljstaff.livejournal.com/profile/
============ Checking for Redirections: https://theljstaff.livejournal.com/profile/
============ Link unchanged
========== link already checked
======== We are on link 113 of 234
========== raw link https://theljstaff.livejournal.com/
============ Checking for Redirections: https://theljstaff.livejournal.com/
============ Link unchanged
========== link already checked
======== We are on link 114 of 234
========== raw link #
========== dropped link (either fragment ("#"), js, mailto, comment, pdf, or empty)
======== We are on link 115 of 234
========== raw link #
========== dropped link (either fragment ("#"), js, mailto, comment, pdf, or empty)
======== We are on link 116 of 234
========== raw link https://lj-policy.livejournal.com/2518.html?view=comments#comments
============ Checking for Redirections: https://lj-policy.livejournal.com/2518.html?view=comments#comments
============ Link after cleaning: https://lj-policy.livejournal.com/2518.html
========== link already checked
======== We are on link 117 of 234
========== raw link https://lj-policy.livejournal.com/2518.html?mode=reply#add_comment
============ Checking for Redirections: https://lj-policy.livejournal.com/2518.html?mode=reply#add_comment
============ Link after cleaning: https://lj-policy.livejournal.com/2518.html
========== link already checked
======== We are on link 118 of 234
========== raw link https://www.livejournal.com/update.bml?repost_type=c&repost=https://lj-policy.livejournal.com/2518.html&nodraft=1
============ Checking for Redirections: https://www.livejournal.com/update.bml?repost_type=c&repost=https://lj-policy.livejournal.com/2518.html&nodraft=1
============ Followed Redirection to https://www.livejournal.com/login.bml?returnto=https%3A%2F%2Fwww.livejournal.com%2Fupdate.bml%3Frepost_type%3Dc%26repost%3Dhttps%3A%2F%2Flj-policy.livejournal.com%2F2518.html%26nodraft%3D1
============ Link after cleaning: https://www.livejournal.com/login.bml
============ Excluded based on allow/block list.
======== We are on link 119 of 234
========== raw link https://www.livejournal.com/tools/content_flag.bml?user=lj_policy&itemid=2518
============ Checking for Redirections: https://www.livejournal.com/tools/content_flag.bml?user=lj_policy&itemid=2518
============ Followed Redirection to https://www.livejournal.com/tools/content_flag/?user=lj_policy&itemid=2518
============ Link after cleaning: https://www.livejournal.com/tools/content_flag/
========== link already checked
======== We are on link 120 of 234
========== raw link https://lj-policy.livejournal.com/2199.html
============ Checking for Redirections: https://lj-policy.livejournal.com/2199.html
============ Link unchanged
========== scraping https://lj-policy.livejournal.com/2199.html
======== We are on link 121 of 234
========== raw link https://theljstaff.livejournal.com/profile/
============ Checking for Redirections: https://theljstaff.livejournal.com/profile/
============ Link unchanged
========== link already checked
======== We are on link 122 of 234
========== raw link https://theljstaff.livejournal.com/
============ Checking for Redirections: https://theljstaff.livejournal.com/
============ Link unchanged
========== link already checked
======== We are on link 123 of 234
========== raw link #
========== dropped link (either fragment ("#"), js, mailto, comment, pdf, or empty)
======== We are on link 124 of 234
========== raw link http://www.livejournal.com/abuse/policy.bml#childporn
============ Checking for Redirections: http://www.livejournal.com/abuse/policy.bml#childporn
============ Followed Redirection to https://www.livejournal.com/abuse/policy-en.bml#childporn
============ Link after cleaning: https://www.livejournal.com/abuse/policy-en.bml
========== link already checked
======== We are on link 125 of 234
========== raw link #
========== dropped link (either fragment ("#"), js, mailto, comment, pdf, or empty)
======== We are on link 126 of 234
========== raw link https://lj-policy.livejournal.com/2199.html?view=comments#comments
============ Checking for Redirections: https://lj-policy.livejournal.com/2199.html?view=comments#comments
============ Link after cleaning: https://lj-policy.livejournal.com/2199.html
========== link already checked
======== We are on link 127 of 234
========== raw link https://lj-policy.livejournal.com/2199.html?mode=reply#add_comment
============ Checking for Redirections: https://lj-policy.livejournal.com/2199.html?mode=reply#add_comment
============ Link after cleaning: https://lj-policy.livejournal.com/2199.html
========== link already checked
======== We are on link 128 of 234
========== raw link https://www.livejournal.com/update.bml?repost_type=c&repost=https://lj-policy.livejournal.com/2199.html&nodraft=1
============ Checking for Redirections: https://www.livejournal.com/update.bml?repost_type=c&repost=https://lj-policy.livejournal.com/2199.html&nodraft=1
============ Followed Redirection to https://www.livejournal.com/login.bml?returnto=https%3A%2F%2Fwww.livejournal.com%2Fupdate.bml%3Frepost_type%3Dc%26repost%3Dhttps%3A%2F%2Flj-policy.livejournal.com%2F2199.html%26nodraft%3D1
============ Link after cleaning: https://www.livejournal.com/login.bml
============ Excluded based on allow/block list.
======== We are on link 129 of 234
========== raw link https://www.livejournal.com/tools/content_flag.bml?user=lj_policy&itemid=2199
============ Checking for Redirections: https://www.livejournal.com/tools/content_flag.bml?user=lj_policy&itemid=2199
============ Followed Redirection to https://www.livejournal.com/tools/content_flag/?user=lj_policy&itemid=2199
============ Link after cleaning: https://www.livejournal.com/tools/content_flag/
========== link already checked
======== We are on link 130 of 234
========== raw link https://lj-policy.livejournal.com/1935.html
============ Checking for Redirections: https://lj-policy.livejournal.com/1935.html
============ Link unchanged
========== scraping https://lj-policy.livejournal.com/1935.html
======== We are on link 131 of 234
========== raw link https://theljstaff.livejournal.com/profile/
============ Checking for Redirections: https://theljstaff.livejournal.com/profile/
============ Link unchanged
========== link already checked
======== We are on link 132 of 234
========== raw link https://theljstaff.livejournal.com/
============ Checking for Redirections: https://theljstaff.livejournal.com/
============ Link unchanged
========== link already checked
======== We are on link 133 of 234
========== raw link #
========== dropped link (either fragment ("#"), js, mailto, comment, pdf, or empty)
======== We are on link 134 of 234
========== raw link http://community.livejournal.com/lj_policy/1696.html
============ Checking for Redirections: http://community.livejournal.com/lj_policy/1696.html
============ Followed Redirection to https://lj-policy.livejournal.com/1696.html
============ Link after cleaning: https://lj-policy.livejournal.com/1696.html
========== scraping https://lj-policy.livejournal.com/1696.html
======== We are on link 135 of 234
========== raw link http://www.livejournal.com/abuse/policy.bml;
============ Checking for Redirections: http://www.livejournal.com/abuse/policy.bml;
========== dropped link http://www.livejournal.com/abuse/policy.bml;. Could not follow redirection (or it was a meaninglessly small page or bot blocked by sessionID).
======== We are on link 136 of 234
========== raw link http://www.livejournal.com/abuse/policy.bml?proposal=1
============ Checking for Redirections: http://www.livejournal.com/abuse/policy.bml?proposal=1
============ Followed Redirection to https://www.livejournal.com/abuse/policy-en.bml?proposal=1
============ Link after cleaning: https://www.livejournal.com/abuse/policy-en.bml
========== link already checked
======== We are on link 137 of 234
========== raw link http://www.livejournal.com/support/faqbrowse.bml?faqid=105
============ Checking for Redirections: http://www.livejournal.com/support/faqbrowse.bml?faqid=105
============ Followed Redirection to https://www.livejournal.com/support/faq/105.html
============ Link after cleaning: https://www.livejournal.com/support/faq/105.html
========== scraping https://www.livejournal.com/support/faq/105.html
======== We are on link 138 of 234
========== raw link #
========== dropped link (either fragment ("#"), js, mailto, comment, pdf, or empty)
======== We are on link 139 of 234
========== raw link https://lj-policy.livejournal.com/1935.html?view=comments#comments
============ Checking for Redirections: https://lj-policy.livejournal.com/1935.html?view=comments#comments
============ Link after cleaning: https://lj-policy.livejournal.com/1935.html
========== link already checked
======== We are on link 140 of 234
========== raw link https://lj-policy.livejournal.com/1935.html?mode=reply#add_comment
============ Checking for Redirections: https://lj-policy.livejournal.com/1935.html?mode=reply#add_comment
============ Link after cleaning: https://lj-policy.livejournal.com/1935.html
========== link already checked
======== We are on link 141 of 234
========== raw link https://www.livejournal.com/update.bml?repost_type=c&repost=https://lj-policy.livejournal.com/1935.html&nodraft=1
============ Checking for Redirections: https://www.livejournal.com/update.bml?repost_type=c&repost=https://lj-policy.livejournal.com/1935.html&nodraft=1
============ Followed Redirection to https://www.livejournal.com/login.bml?returnto=https%3A%2F%2Fwww.livejournal.com%2Fupdate.bml%3Frepost_type%3Dc%26repost%3Dhttps%3A%2F%2Flj-policy.livejournal.com%2F1935.html%26nodraft%3D1
============ Link after cleaning: https://www.livejournal.com/login.bml
============ Excluded based on allow/block list.
======== We are on link 142 of 234
========== raw link https://www.livejournal.com/tools/content_flag.bml?user=lj_policy&itemid=1935
============ Checking for Redirections: https://www.livejournal.com/tools/content_flag.bml?user=lj_policy&itemid=1935
============ Followed Redirection to https://www.livejournal.com/tools/content_flag/?user=lj_policy&itemid=1935
============ Link after cleaning: https://www.livejournal.com/tools/content_flag/
========== link already checked
======== We are on link 143 of 234
========== raw link https://lj-policy.livejournal.com/1696.html
============ Checking for Redirections: https://lj-policy.livejournal.com/1696.html
============ Link unchanged
========== link already checked
======== We are on link 144 of 234
========== raw link https://theljstaff.livejournal.com/profile/
============ Checking for Redirections: https://theljstaff.livejournal.com/profile/
============ Link unchanged
========== link already checked
======== We are on link 145 of 234
========== raw link https://theljstaff.livejournal.com/
============ Checking for Redirections: https://theljstaff.livejournal.com/
============ Link unchanged
========== link already checked
======== We are on link 146 of 234
========== raw link #
========== dropped link (either fragment ("#"), js, mailto, comment, pdf, or empty)
======== We are on link 147 of 234
========== raw link http://community.livejournal.com/lj_2008/1794.html
============ Checking for Redirections: http://community.livejournal.com/lj_2008/1794.html
============ Followed Redirection to https://lj-2008.livejournal.com/1794.html
============ Link after cleaning: https://lj-2008.livejournal.com/1794.html
========== scraping https://lj-2008.livejournal.com/1794.html
======== We are on link 148 of 234
========== raw link http://www.livejournal.com/abuse/policy.bml?proposal=1
============ Checking for Redirections: http://www.livejournal.com/abuse/policy.bml?proposal=1
============ Followed Redirection to https://www.livejournal.com/abuse/policy-en.bml?proposal=1
============ Link after cleaning: https://www.livejournal.com/abuse/policy-en.bml
========== link already checked
======== We are on link 149 of 234
========== raw link http://www.livejournal.com/abuse/policy.bml
============ Checking for Redirections: http://www.livejournal.com/abuse/policy.bml
============ Followed Redirection to https://www.livejournal.com/abuse/policy-en.bml
============ Link after cleaning: https://www.livejournal.com/abuse/policy-en.bml
========== link already checked
======== We are on link 150 of 234
========== raw link #
========== dropped link (either fragment ("#"), js, mailto, comment, pdf, or empty)
======== We are on link 151 of 234
========== raw link https://lj-policy.livejournal.com/1696.html?view=comments#comments
============ Checking for Redirections: https://lj-policy.livejournal.com/1696.html?view=comments#comments
============ Link after cleaning: https://lj-policy.livejournal.com/1696.html
========== link already checked
======== We are on link 152 of 234
========== raw link https://lj-policy.livejournal.com/1696.html?mode=reply#add_comment
============ Checking for Redirections: https://lj-policy.livejournal.com/1696.html?mode=reply#add_comment
============ Link after cleaning: https://lj-policy.livejournal.com/1696.html
========== link already checked
======== We are on link 153 of 234
========== raw link https://www.livejournal.com/update.bml?repost_type=c&repost=https://lj-policy.livejournal.com/1696.html&nodraft=1
============ Checking for Redirections: https://www.livejournal.com/update.bml?repost_type=c&repost=https://lj-policy.livejournal.com/1696.html&nodraft=1
============ Followed Redirection to https://www.livejournal.com/login.bml?returnto=https%3A%2F%2Fwww.livejournal.com%2Fupdate.bml%3Frepost_type%3Dc%26repost%3Dhttps%3A%2F%2Flj-policy.livejournal.com%2F1696.html%26nodraft%3D1
============ Link after cleaning: https://www.livejournal.com/login.bml
============ Excluded based on allow/block list.
======== We are on link 154 of 234
========== raw link https://www.livejournal.com/tools/content_flag.bml?user=lj_policy&itemid=1696
============ Checking for Redirections: https://www.livejournal.com/tools/content_flag.bml?user=lj_policy&itemid=1696
============ Followed Redirection to https://www.livejournal.com/tools/content_flag/?user=lj_policy&itemid=1696
============ Link after cleaning: https://www.livejournal.com/tools/content_flag/
========== link already checked
======== We are on link 155 of 234
========== raw link https://lj-policy.livejournal.com/1369.html
============ Checking for Redirections: https://lj-policy.livejournal.com/1369.html
============ Link unchanged
========== scraping https://lj-policy.livejournal.com/1369.html
======== We are on link 156 of 234
========== raw link https://theljstaff.livejournal.com/profile/
============ Checking for Redirections: https://theljstaff.livejournal.com/profile/
============ Link unchanged
========== link already checked
======== We are on link 157 of 234
========== raw link https://theljstaff.livejournal.com/
============ Checking for Redirections: https://theljstaff.livejournal.com/
============ Link unchanged
========== link already checked
======== We are on link 158 of 234
========== raw link #
========== dropped link (either fragment ("#"), js, mailto, comment, pdf, or empty)
======== We are on link 159 of 234
========== raw link http://www.livejournal.com/manage/profile/
============ Checking for Redirections: http://www.livejournal.com/manage/profile/
============ Followed Redirection to https://www.livejournal.com/login.bml?returnto=https%3A%2F%2Fwww.livejournal.com%2Fmanage%2Fprofile%2F
============ Link after cleaning: https://www.livejournal.com/login.bml
============ Excluded based on allow/block list.
======== We are on link 160 of 234
========== raw link #
========== dropped link (either fragment ("#"), js, mailto, comment, pdf, or empty)
======== We are on link 161 of 234
========== raw link https://lj-policy.livejournal.com/1369.html?view=comments#comments
============ Checking for Redirections: https://lj-policy.livejournal.com/1369.html?view=comments#comments
============ Link after cleaning: https://lj-policy.livejournal.com/1369.html
========== link already checked
======== We are on link 162 of 234
========== raw link https://lj-policy.livejournal.com/1369.html?mode=reply#add_comment
============ Checking for Redirections: https://lj-policy.livejournal.com/1369.html?mode=reply#add_comment
============ Link after cleaning: https://lj-policy.livejournal.com/1369.html
========== link already checked
======== We are on link 163 of 234
========== raw link https://www.livejournal.com/update.bml?repost_type=c&repost=https://lj-policy.livejournal.com/1369.html&nodraft=1
============ Checking for Redirections: https://www.livejournal.com/update.bml?repost_type=c&repost=https://lj-policy.livejournal.com/1369.html&nodraft=1
============ Followed Redirection to https://www.livejournal.com/login.bml?returnto=https%3A%2F%2Fwww.livejournal.com%2Fupdate.bml%3Frepost_type%3Dc%26repost%3Dhttps%3A%2F%2Flj-policy.livejournal.com%2F1369.html%26nodraft%3D1
============ Link after cleaning: https://www.livejournal.com/login.bml
============ Excluded based on allow/block list.
======== We are on link 164 of 234
========== raw link https://www.livejournal.com/tools/content_flag.bml?user=lj_policy&itemid=1369
============ Checking for Redirections: https://www.livejournal.com/tools/content_flag.bml?user=lj_policy&itemid=1369
============ Followed Redirection to https://www.livejournal.com/tools/content_flag/?user=lj_policy&itemid=1369
============ Link after cleaning: https://www.livejournal.com/tools/content_flag/
========== link already checked
======== We are on link 165 of 234
========== raw link https://lj-policy.livejournal.com/?skip=10
============ Checking for Redirections: https://lj-policy.livejournal.com/?skip=10
============ Link after cleaning: https://lj-policy.livejournal.com/
========== link already checked
======== We are on link 166 of 234
========== raw link https://lj-policy.livejournal.com/2018/01/
============ Checking for Redirections: https://lj-policy.livejournal.com/2018/01/
============ Link unchanged
========== scraping https://lj-policy.livejournal.com/2018/01/
======== We are on link 167 of 234
========== raw link https://lj-policy.livejournal.com/2018/
============ Checking for Redirections: https://lj-policy.livejournal.com/2018/
============ Link unchanged
========== scraping https://lj-policy.livejournal.com/2018/
======== We are on link 168 of 234
========== raw link https://lj-policy.livejournal.com/2018/01/30/
============ Checking for Redirections: https://lj-policy.livejournal.com/2018/01/30/
============ Link unchanged
========== scraping https://lj-policy.livejournal.com/2018/01/30/
======== We are on link 169 of 234
========== raw link https://theljstaff.livejournal.com/profile/
============ Checking for Redirections: https://theljstaff.livejournal.com/profile/
============ Link unchanged
========== link already checked
======== We are on link 170 of 234
========== raw link https://theljstaff.livejournal.com/
============ Checking for Redirections: https://theljstaff.livejournal.com/
============ Link unchanged
========== link already checked
======== We are on link 171 of 234
========== raw link #
========== dropped link (either fragment ("#"), js, mailto, comment, pdf, or empty)
======== We are on link 172 of 234
========== raw link #post-lj_policy-3748
========== dropped link (either fragment ("#"), js, mailto, comment, pdf, or empty)
======== We are on link 173 of 234
========== raw link https://theljstaff.livejournal.com/profile/
============ Checking for Redirections: https://theljstaff.livejournal.com/profile/
============ Link unchanged
========== link already checked
======== We are on link 174 of 234
========== raw link https://theljstaff.livejournal.com/
============ Checking for Redirections: https://theljstaff.livejournal.com/
============ Link unchanged
========== link already checked
======== We are on link 175 of 234
========== raw link #
========== dropped link (either fragment ("#"), js, mailto, comment, pdf, or empty)
======== We are on link 176 of 234
========== raw link #post-lj_policy-3448
========== dropped link (either fragment ("#"), js, mailto, comment, pdf, or empty)
======== We are on link 177 of 234
========== raw link https://lj-policy.livejournal.com/3448.html
============ Checking for Redirections: https://lj-policy.livejournal.com/3448.html
============ Link unchanged
========== link already checked
======== We are on link 178 of 234
========== raw link https://theljstaff.livejournal.com/profile/
============ Checking for Redirections: https://theljstaff.livejournal.com/profile/
============ Link unchanged
========== link already checked
======== We are on link 179 of 234
========== raw link https://theljstaff.livejournal.com/
============ Checking for Redirections: https://theljstaff.livejournal.com/
============ Link unchanged
========== link already checked
======== We are on link 180 of 234
========== raw link #
========== dropped link (either fragment ("#"), js, mailto, comment, pdf, or empty)
======== We are on link 181 of 234
========== raw link #post-lj_policy-3193
========== dropped link (either fragment ("#"), js, mailto, comment, pdf, or empty)
======== We are on link 182 of 234
========== raw link https://lj-policy.livejournal.com/3193.html
============ Checking for Redirections: https://lj-policy.livejournal.com/3193.html
============ Link unchanged
========== link already checked
======== We are on link 183 of 234
========== raw link https://theljstaff.livejournal.com/profile/
============ Checking for Redirections: https://theljstaff.livejournal.com/profile/
============ Link unchanged
========== link already checked
======== We are on link 184 of 234
========== raw link https://theljstaff.livejournal.com/
============ Checking for Redirections: https://theljstaff.livejournal.com/
============ Link unchanged
========== link already checked
======== We are on link 185 of 234
========== raw link #
========== dropped link (either fragment ("#"), js, mailto, comment, pdf, or empty)
======== We are on link 186 of 234
========== raw link #post-lj_policy-2820
========== dropped link (either fragment ("#"), js, mailto, comment, pdf, or empty)
======== We are on link 187 of 234
========== raw link https://lj-policy.livejournal.com/2820.html
============ Checking for Redirections: https://lj-policy.livejournal.com/2820.html
============ Link unchanged
========== link already checked
======== We are on link 188 of 234
========== raw link https://theljstaff.livejournal.com/profile/
============ Checking for Redirections: https://theljstaff.livejournal.com/profile/
============ Link unchanged
========== link already checked
======== We are on link 189 of 234
========== raw link https://theljstaff.livejournal.com/
============ Checking for Redirections: https://theljstaff.livejournal.com/
============ Link unchanged
========== link already checked
======== We are on link 190 of 234
========== raw link #
========== dropped link (either fragment ("#"), js, mailto, comment, pdf, or empty)
======== We are on link 191 of 234
========== raw link #post-lj_policy-2693
========== dropped link (either fragment ("#"), js, mailto, comment, pdf, or empty)
======== We are on link 192 of 234
========== raw link https://lj-policy.livejournal.com/2693.html
============ Checking for Redirections: https://lj-policy.livejournal.com/2693.html
============ Link unchanged
========== link already checked
======== We are on link 193 of 234
========== raw link https://theljstaff.livejournal.com/profile/
============ Checking for Redirections: https://theljstaff.livejournal.com/profile/
============ Link unchanged
========== link already checked
======== We are on link 194 of 234
========== raw link https://theljstaff.livejournal.com/
============ Checking for Redirections: https://theljstaff.livejournal.com/
============ Link unchanged
========== link already checked
======== We are on link 195 of 234
========== raw link #
========== dropped link (either fragment ("#"), js, mailto, comment, pdf, or empty)
======== We are on link 196 of 234
========== raw link #post-lj_policy-2518
========== dropped link (either fragment ("#"), js, mailto, comment, pdf, or empty)
======== We are on link 197 of 234
========== raw link https://lj-policy.livejournal.com/2518.html
============ Checking for Redirections: https://lj-policy.livejournal.com/2518.html
============ Link unchanged
========== link already checked
======== We are on link 198 of 234
========== raw link https://theljstaff.livejournal.com/profile/
============ Checking for Redirections: https://theljstaff.livejournal.com/profile/
============ Link unchanged
========== link already checked
======== We are on link 199 of 234
========== raw link https://theljstaff.livejournal.com/
============ Checking for Redirections: https://theljstaff.livejournal.com/
============ Link unchanged
========== link already checked
======== We are on link 200 of 234
========== raw link #
========== dropped link (either fragment ("#"), js, mailto, comment, pdf, or empty)
======== We are on link 201 of 234
========== raw link #post-lj_policy-2199
========== dropped link (either fragment ("#"), js, mailto, comment, pdf, or empty)
======== We are on link 202 of 234
========== raw link https://lj-policy.livejournal.com/2199.html
============ Checking for Redirections: https://lj-policy.livejournal.com/2199.html
============ Link unchanged
========== link already checked
======== We are on link 203 of 234
========== raw link https://theljstaff.livejournal.com/profile/
============ Checking for Redirections: https://theljstaff.livejournal.com/profile/
============ Link unchanged
========== link already checked
======== We are on link 204 of 234
========== raw link https://theljstaff.livejournal.com/
============ Checking for Redirections: https://theljstaff.livejournal.com/
============ Link unchanged
========== link already checked
======== We are on link 205 of 234
========== raw link #
========== dropped link (either fragment ("#"), js, mailto, comment, pdf, or empty)
======== We are on link 206 of 234
========== raw link #post-lj_policy-1935
========== dropped link (either fragment ("#"), js, mailto, comment, pdf, or empty)
======== We are on link 207 of 234
========== raw link https://lj-policy.livejournal.com/1935.html
============ Checking for Redirections: https://lj-policy.livejournal.com/1935.html
============ Link unchanged
========== link already checked
======== We are on link 208 of 234
========== raw link https://theljstaff.livejournal.com/profile/
============ Checking for Redirections: https://theljstaff.livejournal.com/profile/
============ Link unchanged
========== link already checked
======== We are on link 209 of 234
========== raw link https://theljstaff.livejournal.com/
============ Checking for Redirections: https://theljstaff.livejournal.com/
============ Link unchanged
========== link already checked
======== We are on link 210 of 234
========== raw link #
========== dropped link (either fragment ("#"), js, mailto, comment, pdf, or empty)
======== We are on link 211 of 234
========== raw link #post-lj_policy-1696
========== dropped link (either fragment ("#"), js, mailto, comment, pdf, or empty)
======== We are on link 212 of 234
========== raw link https://lj-policy.livejournal.com/1696.html
============ Checking for Redirections: https://lj-policy.livejournal.com/1696.html
============ Link unchanged
========== link already checked
======== We are on link 213 of 234
========== raw link https://theljstaff.livejournal.com/profile/
============ Checking for Redirections: https://theljstaff.livejournal.com/profile/
============ Link unchanged
========== link already checked
======== We are on link 214 of 234
========== raw link https://theljstaff.livejournal.com/
============ Checking for Redirections: https://theljstaff.livejournal.com/
============ Link unchanged
========== link already checked
======== We are on link 215 of 234
========== raw link #
========== dropped link (either fragment ("#"), js, mailto, comment, pdf, or empty)
======== We are on link 216 of 234
========== raw link #post-lj_policy-1369
========== dropped link (either fragment ("#"), js, mailto, comment, pdf, or empty)
======== We are on link 217 of 234
========== raw link https://lj-policy.livejournal.com/1369.html
============ Checking for Redirections: https://lj-policy.livejournal.com/1369.html
============ Link unchanged
========== link already checked
======== We are on link 218 of 234
========== raw link https://fossa-s.livejournal.com/profile/
============ Checking for Redirections: https://fossa-s.livejournal.com/profile/
============ Link unchanged
========== scraping https://fossa-s.livejournal.com/profile/
============ Dropping non-English link: https://fossa-s.livejournal.com/profile/
======== We are on link 219 of 234
========== raw link https://fossa-s.livejournal.com/
============ Checking for Redirections: https://fossa-s.livejournal.com/
============ Link unchanged
========== scraping https://fossa-s.livejournal.com/
============ Dropping non-English link: https://fossa-s.livejournal.com/
======== We are on link 220 of 234
========== raw link https://lj-policy.livejournal.com/3448.html?thread=1511288#t1511288
============ Checking for Redirections: https://lj-policy.livejournal.com/3448.html?thread=1511288#t1511288
============ Link after cleaning: https://lj-policy.livejournal.com/3448.html
========== link already checked
======== We are on link 221 of 234
========== raw link https://dedfiend.livejournal.com/profile/
============ Checking for Redirections: https://dedfiend.livejournal.com/profile/
============ Link unchanged
========== scraping https://dedfiend.livejournal.com/profile/
======== We are on link 222 of 234
========== raw link https://dedfiend.livejournal.com/
============ Checking for Redirections: https://dedfiend.livejournal.com/
============ Link unchanged
========== scraping https://dedfiend.livejournal.com/
======== We are on link 223 of 234
========== raw link https://lj-policy.livejournal.com/3448.html?thread=1510776#t1510776
============ Checking for Redirections: https://lj-policy.livejournal.com/3448.html?thread=1510776#t1510776
============ Link after cleaning: https://lj-policy.livejournal.com/3448.html
========== link already checked
======== We are on link 224 of 234
========== raw link https://mosinging1986.livejournal.com/profile/
============ Checking for Redirections: https://mosinging1986.livejournal.com/profile/
========== dropped link https://mosinging1986.livejournal.com/profile/. Could not follow redirection (or it was a meaninglessly small page or bot blocked by sessionID).
======== We are on link 225 of 234
========== raw link https://mosinging1986.livejournal.com/
============ Checking for Redirections: https://mosinging1986.livejournal.com/
========== dropped link https://mosinging1986.livejournal.com/. Could not follow redirection (or it was a meaninglessly small page or bot blocked by sessionID).
======== We are on link 226 of 234
========== raw link https://lj-policy.livejournal.com/3448.html?thread=1510264#t1510264
============ Checking for Redirections: https://lj-policy.livejournal.com/3448.html?thread=1510264#t1510264
============ Link after cleaning: https://lj-policy.livejournal.com/3448.html
========== link already checked
======== We are on link 227 of 234
========== raw link https://siege.livejournal.com/profile/
============ Checking for Redirections: https://siege.livejournal.com/profile/
============ Link unchanged
========== scraping https://siege.livejournal.com/profile/
======== We are on link 228 of 234
========== raw link https://siege.livejournal.com/
============ Checking for Redirections: https://siege.livejournal.com/
============ Link unchanged
========== scraping https://siege.livejournal.com/
============ New link added. Search term (AI) found on https://siege.livejournal.com/.
======== We are on link 229 of 234
========== raw link https://lj-policy.livejournal.com/3448.html?thread=1510008#t1510008
============ Checking for Redirections: https://lj-policy.livejournal.com/3448.html?thread=1510008#t1510008
============ Link after cleaning: https://lj-policy.livejournal.com/3448.html
========== link already checked
======== We are on link 230 of 234
========== raw link https://madfilkentist.livejournal.com/profile/
============ Checking for Redirections: https://madfilkentist.livejournal.com/profile/
============ Link unchanged
========== scraping https://madfilkentist.livejournal.com/profile/
======== We are on link 231 of 234
========== raw link https://madfilkentist.livejournal.com/
============ Checking for Redirections: https://madfilkentist.livejournal.com/
============ Link unchanged
========== scraping https://madfilkentist.livejournal.com/
======== We are on link 232 of 234
========== raw link https://lj-policy.livejournal.com/3448.html?thread=1509752#t1509752
============ Checking for Redirections: https://lj-policy.livejournal.com/3448.html?thread=1509752#t1509752
============ Link after cleaning: https://lj-policy.livejournal.com/3448.html
========== link already checked
======== We are on link 233 of 234
========== raw link https://www.livejournal.com/
============ Checking for Redirections: https://www.livejournal.com/
============ Link unchanged
========== link already checked
======== We are on link 234 of 234
========== raw link https://www.livejournal.com/memories/add?journal=&itemid=
============ Checking for Redirections: https://www.livejournal.com/memories/add?journal=&itemid=
============ Followed Redirection to https://www.livejournal.com/login.bml?returnto=https%3A%2F%2Fwww.livejournal.com%2Fmemories%2Fadd%2F%3Fjournal%3D%26itemid%3D
============ Link after cleaning: https://www.livejournal.com/login.bml
============ Excluded based on allow/block list.
====== We are on page 2 of 4: https://www.livejournal.com/support/
====== Number of Links on this Page: 70
======== We are on link 1 of 70
========== raw link https://www.livejournal.com/
============ Checking for Redirections: https://www.livejournal.com/
============ Link unchanged
========== link already checked
======== We are on link 2 of 70
========== raw link https://www.livejournal.com/browse/
============ Checking for Redirections: https://www.livejournal.com/browse/
============ Link unchanged
========== link already checked
======== We are on link 3 of 70
========== raw link https://www.livejournal.com/syn/
============ Checking for Redirections: https://www.livejournal.com/syn/
============ Link unchanged
========== link already checked
======== We are on link 4 of 70
========== raw link https://www.livejournal.com/shop/?ila_campaign=ex_shop_pro&ila_location=site_menu&ila_context=shop
========== dropped link https://www.livejournal.com/shop/?ila_campaign=ex_shop_pro&ila_location=site_menu&ila_context=shop. Didn't pass first allows/blocks test.
======== We are on link 5 of 70
========== raw link https://www.livejournal.com/support/
============ Checking for Redirections: https://www.livejournal.com/support/
============ Link unchanged
========== link already checked
======== We are on link 6 of 70
========== raw link //www.livejournal.com/rsearch?journal=&journalId=
============ Prepended scheme.
============ Checking for Redirections: https://www.livejournal.com/rsearch?journal=&journalId=
============ Followed Redirection to https://www.livejournal.com/rsearch/?journal=&journalId=
============ Link after cleaning: https://www.livejournal.com/rsearch/
========== scraping https://www.livejournal.com/rsearch/
============ Dropping non-English link: https://www.livejournal.com/rsearch/
======== We are on link 7 of 70
========== raw link https://www.livejournal.com/login.bml
========== dropped link https://www.livejournal.com/login.bml. Didn't pass first allows/blocks test.
======== We are on link 8 of 70
========== raw link https://www.livejournal.com/login.bml?returnto=https%3A%2F%2Fwww.livejournal.com%2Fsupport%2F&ret=1
========== dropped link https://www.livejournal.com/login.bml?returnto=https%3A%2F%2Fwww.livejournal.com%2Fsupport%2F&ret=1. Didn't pass first allows/blocks test.
======== We are on link 9 of 70
========== raw link https://www.livejournal.com/create/
============ Checking for Redirections: https://www.livejournal.com/create/
============ Link unchanged
========== link already checked
======== We are on link 10 of 70
========== raw link https://www.livejournal.com/manage/settings/?cat=display
============ Checking for Redirections: https://www.livejournal.com/manage/settings/?cat=display
============ Followed Redirection to https://www.livejournal.com/login.bml?returnto=https%3A%2F%2Fwww.livejournal.com%2Fsettings%2F%3Fcat%3Ddisplay
============ Link after cleaning: https://www.livejournal.com/login.bml
============ Excluded based on allow/block list.
======== We are on link 11 of 70
========== raw link 
========== dropped link (either fragment ("#"), js, mailto, comment, pdf, or empty)
======== We are on link 12 of 70
========== raw link 
========== dropped link (either fragment ("#"), js, mailto, comment, pdf, or empty)
======== We are on link 13 of 70
========== raw link 
========== dropped link (either fragment ("#"), js, mailto, comment, pdf, or empty)
======== We are on link 14 of 70
========== raw link 
========== dropped link (either fragment ("#"), js, mailto, comment, pdf, or empty)
======== We are on link 15 of 70
========== raw link 
========== dropped link (either fragment ("#"), js, mailto, comment, pdf, or empty)
======== We are on link 16 of 70
========== raw link 
========== dropped link (either fragment ("#"), js, mailto, comment, pdf, or empty)
======== We are on link 17 of 70
========== raw link 
========== dropped link (either fragment ("#"), js, mailto, comment, pdf, or empty)
======== We are on link 18 of 70
========== raw link 
========== dropped link (either fragment ("#"), js, mailto, comment, pdf, or empty)
======== We are on link 19 of 70
========== raw link 
========== dropped link (either fragment ("#"), js, mailto, comment, pdf, or empty)
======== We are on link 20 of 70
========== raw link https://www.livejournal.com/create
============ Checking for Redirections: https://www.livejournal.com/create
============ Followed Redirection to https://www.livejournal.com/create/
============ Link after cleaning: https://www.livejournal.com/create/
========== link already checked
======== We are on link 21 of 70
========== raw link https://www.livejournal.com/lostinfo.bml
============ Checking for Redirections: https://www.livejournal.com/lostinfo.bml
============ Followed Redirection to https://www.livejournal.com/lostinfo/
============ Link after cleaning: https://www.livejournal.com/lostinfo/
========== link already checked
======== We are on link 22 of 70
========== raw link https://www.livejournal.com/identity/login.bml?type=google&auto_forwhat=wwws%24%2Fsupport%2F
========== dropped link https://www.livejournal.com/identity/login.bml?type=google&auto_forwhat=wwws%24%2Fsupport%2F. Didn't pass first allows/blocks test.
======== We are on link 23 of 70
========== raw link https://www.livejournal.com/identity/login.bml?type=facebook&auto_forwhat=wwws%24%2Fsupport%2F
========== dropped link https://www.livejournal.com/identity/login.bml?type=facebook&auto_forwhat=wwws%24%2Fsupport%2F. Didn't pass first allows/blocks test.
======== We are on link 24 of 70
========== raw link https://www.livejournal.com/identity/login.bml?type=vkontakte&auto_forwhat=wwws%24%2Fsupport%2F
========== dropped link https://www.livejournal.com/identity/login.bml?type=vkontakte&auto_forwhat=wwws%24%2Fsupport%2F. Didn't pass first allows/blocks test.
======== We are on link 25 of 70
========== raw link https://www.livejournal.com/identity/login.bml?type=twitter&auto_forwhat=wwws%24%2Fsupport%2F
========== dropped link https://www.livejournal.com/identity/login.bml?type=twitter&auto_forwhat=wwws%24%2Fsupport%2F. Didn't pass first allows/blocks test.
======== We are on link 26 of 70
========== raw link https://www.livejournal.com/identity/login.bml?type=mailru&auto_forwhat=wwws%24%2Fsupport%2F
========== dropped link https://www.livejournal.com/identity/login.bml?type=mailru&auto_forwhat=wwws%24%2Fsupport%2F. Didn't pass first allows/blocks test.
======== We are on link 27 of 70
========== raw link https://www.livejournal.com/identity/login.bml?type=rambler&auto_forwhat=wwws%24%2Fsupport%2F
========== dropped link https://www.livejournal.com/identity/login.bml?type=rambler&auto_forwhat=wwws%24%2Fsupport%2F. Didn't pass first allows/blocks test.
======== We are on link 28 of 70
========== raw link https://www.livejournal.com/identity/login.bml?type=openid&auto_forwhat=wwws%24%2Fsupport%2F
========== dropped link https://www.livejournal.com/identity/login.bml?type=openid&auto_forwhat=wwws%24%2Fsupport%2F. Didn't pass first allows/blocks test.
======== We are on link 29 of 70
========== raw link https://www.livejournal.com/create
============ Checking for Redirections: https://www.livejournal.com/create
============ Followed Redirection to https://www.livejournal.com/create/
============ Link after cleaning: https://www.livejournal.com/create/
========== link already checked
======== We are on link 30 of 70
========== raw link https://www.livejournal.com/legal/tos-en.bml
============ Checking for Redirections: https://www.livejournal.com/legal/tos-en.bml
============ Link unchanged
========== link already checked
======== We are on link 31 of 70
========== raw link https://www.livejournal.com/support/faq/
============ Checking for Redirections: https://www.livejournal.com/support/faq/
============ Link unchanged
========== scraping https://www.livejournal.com/support/faq/
======== We are on link 32 of 70
========== raw link https://www.livejournal.com/support/faq/1.html
============ Checking for Redirections: https://www.livejournal.com/support/faq/1.html
============ Link unchanged
========== scraping https://www.livejournal.com/support/faq/1.html
======== We are on link 33 of 70
========== raw link https://www.livejournal.com/support/faq/359.html
============ Checking for Redirections: https://www.livejournal.com/support/faq/359.html
============ Link unchanged
========== scraping https://www.livejournal.com/support/faq/359.html
======== We are on link 34 of 70
========== raw link https://www.livejournal.com/support/faq/226.html
============ Checking for Redirections: https://www.livejournal.com/support/faq/226.html
============ Link unchanged
========== scraping https://www.livejournal.com/support/faq/226.html
======== We are on link 35 of 70
========== raw link https://www.livejournal.com/support/faq/91.html
============ Checking for Redirections: https://www.livejournal.com/support/faq/91.html
============ Link unchanged
========== scraping https://www.livejournal.com/support/faq/91.html
======== We are on link 36 of 70
========== raw link https://www.livejournal.com/support/faq/32.html
============ Checking for Redirections: https://www.livejournal.com/support/faq/32.html
============ Link unchanged
========== scraping https://www.livejournal.com/support/faq/32.html
======== We are on link 37 of 70
========== raw link https://www.livejournal.com/support/faq/307.html
============ Checking for Redirections: https://www.livejournal.com/support/faq/307.html
============ Link unchanged
========== scraping https://www.livejournal.com/support/faq/307.html
======== We are on link 38 of 70
========== raw link https://www.livejournal.com/support/faq/75.html
============ Checking for Redirections: https://www.livejournal.com/support/faq/75.html
============ Link unchanged
========== scraping https://www.livejournal.com/support/faq/75.html
======== We are on link 39 of 70
========== raw link https://www.livejournal.com/support/faq/46.html
============ Checking for Redirections: https://www.livejournal.com/support/faq/46.html
============ Link unchanged
========== scraping https://www.livejournal.com/support/faq/46.html
======== We are on link 40 of 70
========== raw link https://www.livejournal.com/support/faq/38.html
============ Checking for Redirections: https://www.livejournal.com/support/faq/38.html
============ Link unchanged
========== scraping https://www.livejournal.com/support/faq/38.html
======== We are on link 41 of 70
========== raw link https://www.livejournal.com/support/faq/295.html
============ Checking for Redirections: https://www.livejournal.com/support/faq/295.html
============ Link unchanged
========== scraping https://www.livejournal.com/support/faq/295.html
======== We are on link 42 of 70
========== raw link https://www.livejournal.com/support/faq/17.html
============ Checking for Redirections: https://www.livejournal.com/support/faq/17.html
============ Link unchanged
========== scraping https://www.livejournal.com/support/faq/17.html
======== We are on link 43 of 70
========== raw link https://www.livejournal.com/support/submit/accounts
============ Checking for Redirections: https://www.livejournal.com/support/submit/accounts
============ Followed Redirection to https://www.livejournal.com/support/submit/accounts/
============ Link after cleaning: https://www.livejournal.com/support/submit/accounts/
========== scraping https://www.livejournal.com/support/submit/accounts/
======== We are on link 44 of 70
========== raw link https://www.livejournal.com/support/faq/314.html
============ Checking for Redirections: https://www.livejournal.com/support/faq/314.html
============ Link unchanged
========== scraping https://www.livejournal.com/support/faq/314.html
======== We are on link 45 of 70
========== raw link https://www.livejournal.com/lostinfo
============ Checking for Redirections: https://www.livejournal.com/lostinfo
============ Followed Redirection to https://www.livejournal.com/lostinfo/
============ Link after cleaning: https://www.livejournal.com/lostinfo/
========== link already checked
======== We are on link 46 of 70
========== raw link https://www.livejournal.com/support/faq/314.html
============ Checking for Redirections: https://www.livejournal.com/support/faq/314.html
============ Link unchanged
========== link already checked
======== We are on link 47 of 70
========== raw link https://www.livejournal.com/lostinfo
============ Checking for Redirections: https://www.livejournal.com/lostinfo
============ Followed Redirection to https://www.livejournal.com/lostinfo/
============ Link after cleaning: https://www.livejournal.com/lostinfo/
========== link already checked
======== We are on link 48 of 70
========== raw link http://www.greenwichmeantime.com/
========== dropped link http://www.greenwichmeantime.com/. Didn't pass first allows/blocks test.
======== We are on link 49 of 70
========== raw link https://www.livejournal.com/support/submit
============ Checking for Redirections: https://www.livejournal.com/support/submit
============ Followed Redirection to https://www.livejournal.com/support/submit/
============ Link after cleaning: https://www.livejournal.com/support/submit/
========== scraping https://www.livejournal.com/support/submit/
======== We are on link 50 of 70
========== raw link https://www.livejournal.com/support/submit
============ Checking for Redirections: https://www.livejournal.com/support/submit
========== dropped link https://www.livejournal.com/support/submit. Could not follow redirection (or it was a meaninglessly small page or bot blocked by sessionID).
======== We are on link 51 of 70
========== raw link https://frank.livejournal.com/profile
============ Checking for Redirections: https://frank.livejournal.com/profile
============ Followed Redirection to https://frank.livejournal.com/profile/
============ Link after cleaning: https://frank.livejournal.com/profile/
========== scraping https://frank.livejournal.com/profile/
======== We are on link 52 of 70
========== raw link https://frank.livejournal.com/
============ Checking for Redirections: https://frank.livejournal.com/
============ Link unchanged
========== scraping https://frank.livejournal.com/
======== We are on link 53 of 70
========== raw link https://frank_mobile.livejournal.com/profile
============ Checking for Redirections: https://frank_mobile.livejournal.com/profile
============ Followed Redirection to https://frank-mobile.livejournal.com/profile/
============ Link after cleaning: https://frank-mobile.livejournal.com/profile/
========== scraping https://frank-mobile.livejournal.com/profile/
======== We are on link 54 of 70
========== raw link https://frank_mobile.livejournal.com/
============ Checking for Redirections: https://frank_mobile.livejournal.com/
============ Followed Redirection to https://frank-mobile.livejournal.com/
============ Link after cleaning: https://frank-mobile.livejournal.com/
========== scraping https://frank-mobile.livejournal.com/
============ Dropping non-English link: https://frank-mobile.livejournal.com/
======== We are on link 55 of 70
========== raw link https://www.livejournal.com/app/
============ Checking for Redirections: https://www.livejournal.com/app/
============ Link unchanged
========== scraping https://www.livejournal.com/app/
======== We are on link 56 of 70
========== raw link https://www.livejournal.com/app/
============ Checking for Redirections: https://www.livejournal.com/app/
============ Link unchanged
========== link already checked
======== We are on link 57 of 70
========== raw link https://redirect.appmetrica.yandex.com/serve/1109058615601278454
========== dropped link https://redirect.appmetrica.yandex.com/serve/1109058615601278454. Didn't pass first allows/blocks test.
======== We are on link 58 of 70
========== raw link https://redirect.appmetrica.yandex.com/serve/748770694350768431
========== dropped link https://redirect.appmetrica.yandex.com/serve/748770694350768431. Didn't pass first allows/blocks test.
======== We are on link 59 of 70
========== raw link https://twitter.com/LiveJournal
========== dropped link https://twitter.com/LiveJournal. Didn't pass first allows/blocks test.
======== We are on link 60 of 70
========== raw link https://www.livejournal.com
============ Checking for Redirections: https://www.livejournal.com
============ Followed Redirection to https://www.livejournal.com/
============ Link after cleaning: https://www.livejournal.com/
========== link already checked
======== We are on link 61 of 70
========== raw link https://www.livejournal.com/about/
============ Checking for Redirections: https://www.livejournal.com/about/
============ Link unchanged
========== scraping https://www.livejournal.com/about/
======== We are on link 62 of 70
========== raw link https://news.livejournal.com/
============ Checking for Redirections: https://news.livejournal.com/
============ Link unchanged
========== link already checked
======== We are on link 63 of 70
========== raw link https://www.livejournal.com/support/
============ Checking for Redirections: https://www.livejournal.com/support/
============ Link unchanged
========== link already checked
======== We are on link 64 of 70
========== raw link https://www.livejournal.com/developer/extshare/
============ Checking for Redirections: https://www.livejournal.com/developer/extshare/
============ Link unchanged
========== scraping https://www.livejournal.com/developer/extshare/
======== We are on link 65 of 70
========== raw link https://frank.livejournal.com/
============ Checking for Redirections: https://frank.livejournal.com/
============ Link unchanged
========== link already checked
======== We are on link 66 of 70
========== raw link https://www.livejournal.com/betatest.bml
============ Checking for Redirections: https://www.livejournal.com/betatest.bml
============ Followed Redirection to https://www.livejournal.com/login.bml?returnto=https%3A%2F%2Fwww.livejournal.com%2Fbetatest%2F
============ Link after cleaning: https://www.livejournal.com/login.bml
============ Excluded based on allow/block list.
======== We are on link 67 of 70
========== raw link https://www.livejournal.com/legal/privacy-en.bml
============ Checking for Redirections: https://www.livejournal.com/legal/privacy-en.bml
============ Link unchanged
========== scraping https://www.livejournal.com/legal/privacy-en.bml
======== We are on link 68 of 70
========== raw link https://www.livejournal.com/legal/tos-en.bml
============ Checking for Redirections: https://www.livejournal.com/legal/tos-en.bml
============ Link unchanged
========== link already checked
======== We are on link 69 of 70
========== raw link https://www.livejournal.com/legal/recommendation_technologies/
============ Checking for Redirections: https://www.livejournal.com/legal/recommendation_technologies/
============ Link unchanged
========== scraping https://www.livejournal.com/legal/recommendation_technologies/
============ Dropping non-English link: https://www.livejournal.com/legal/recommendation_technologies/
======== We are on link 70 of 70
========== raw link https://www.livejournal.com/support/
============ Checking for Redirections: https://www.livejournal.com/support/
============ Link unchanged
========== link already checked
====== We are on page 3 of 4: https://news.livejournal.com/
====== Number of Links on this Page: 364
======== We are on link 1 of 364
========== raw link https://www.livejournal.com/
============ Checking for Redirections: https://www.livejournal.com/
============ Link unchanged
========== link already checked
======== We are on link 2 of 364
========== raw link https://www.livejournal.com/browse/
============ Checking for Redirections: https://www.livejournal.com/browse/
============ Link unchanged
========== link already checked
======== We are on link 3 of 364
========== raw link https://www.livejournal.com/syn/
============ Checking for Redirections: https://www.livejournal.com/syn/
============ Link unchanged
========== link already checked
======== We are on link 4 of 364
========== raw link https://www.livejournal.com/shop/?ila_campaign=ex_shop_pro&ila_location=site_menu&ila_context=shop
========== dropped link https://www.livejournal.com/shop/?ila_campaign=ex_shop_pro&ila_location=site_menu&ila_context=shop. Didn't pass first allows/blocks test.
======== We are on link 5 of 364
========== raw link https://www.livejournal.com/support/
============ Checking for Redirections: https://www.livejournal.com/support/
============ Link unchanged
========== link already checked
======== We are on link 6 of 364
========== raw link //www.livejournal.com/rsearch?journal=news&journalId=560
============ Prepended scheme.
============ Checking for Redirections: https://www.livejournal.com/rsearch?journal=news&journalId=560
============ Followed Redirection to https://www.livejournal.com/rsearch/?journal=news&journalId=560
============ Link after cleaning: https://www.livejournal.com/rsearch/
========== scraping https://www.livejournal.com/rsearch/
============ Dropping non-English link: https://www.livejournal.com/rsearch/
======== We are on link 7 of 364
========== raw link https://www.livejournal.com/login.bml
========== dropped link https://www.livejournal.com/login.bml. Didn't pass first allows/blocks test.
======== We are on link 8 of 364
========== raw link https://news.livejournal.com/profile/
============ Checking for Redirections: https://news.livejournal.com/profile/
============ Link unchanged
========== link already checked
======== We are on link 9 of 364
========== raw link https://news.livejournal.com/
============ Checking for Redirections: https://news.livejournal.com/
============ Link unchanged
========== link already checked
======== We are on link 10 of 364
========== raw link #
========== dropped link (either fragment ("#"), js, mailto, comment, pdf, or empty)
======== We are on link 11 of 364
========== raw link https://www.livejournal.com/login.bml?returnto=https%3A%2F%2Fnews.livejournal.com%2F&ret=1
========== dropped link https://www.livejournal.com/login.bml?returnto=https%3A%2F%2Fnews.livejournal.com%2F&ret=1. Didn't pass first allows/blocks test.
======== We are on link 12 of 364
========== raw link https://www.livejournal.com/create/
============ Checking for Redirections: https://www.livejournal.com/create/
============ Link unchanged
========== link already checked
======== We are on link 13 of 364
========== raw link https://www.livejournal.com/manage/settings/?cat=display
============ Checking for Redirections: https://www.livejournal.com/manage/settings/?cat=display
============ Followed Redirection to https://www.livejournal.com/login.bml?returnto=https%3A%2F%2Fwww.livejournal.com%2Fsettings%2F%3Fcat%3Ddisplay
============ Link after cleaning: https://www.livejournal.com/login.bml
============ Excluded based on allow/block list.
======== We are on link 14 of 364
========== raw link 
========== dropped link (either fragment ("#"), js, mailto, comment, pdf, or empty)
======== We are on link 15 of 364
========== raw link 
========== dropped link (either fragment ("#"), js, mailto, comment, pdf, or empty)
======== We are on link 16 of 364
========== raw link 
========== dropped link (either fragment ("#"), js, mailto, comment, pdf, or empty)
======== We are on link 17 of 364
========== raw link 
========== dropped link (either fragment ("#"), js, mailto, comment, pdf, or empty)
======== We are on link 18 of 364
========== raw link 
========== dropped link (either fragment ("#"), js, mailto, comment, pdf, or empty)
======== We are on link 19 of 364
========== raw link 
========== dropped link (either fragment ("#"), js, mailto, comment, pdf, or empty)
======== We are on link 20 of 364
========== raw link 
========== dropped link (either fragment ("#"), js, mailto, comment, pdf, or empty)
======== We are on link 21 of 364
========== raw link 
========== dropped link (either fragment ("#"), js, mailto, comment, pdf, or empty)
======== We are on link 22 of 364
========== raw link 
========== dropped link (either fragment ("#"), js, mailto, comment, pdf, or empty)
======== We are on link 23 of 364
========== raw link https://news.livejournal.com/profile/
============ Checking for Redirections: https://news.livejournal.com/profile/
============ Link unchanged
========== link already checked
======== We are on link 24 of 364
========== raw link https://news.livejournal.com/
============ Checking for Redirections: https://news.livejournal.com/
============ Link unchanged
========== link already checked
======== We are on link 25 of 364
========== raw link #
========== dropped link (either fragment ("#"), js, mailto, comment, pdf, or empty)
======== We are on link 26 of 364
========== raw link #
========== dropped link (either fragment ("#"), js, mailto, comment, pdf, or empty)
======== We are on link 27 of 364
========== raw link https://news.livejournal.com/profile/
============ Checking for Redirections: https://news.livejournal.com/profile/
============ Link unchanged
========== link already checked
======== We are on link 28 of 364
========== raw link https://news.livejournal.com/
============ Checking for Redirections: https://news.livejournal.com/
============ Link unchanged
========== link already checked
======== We are on link 29 of 364
========== raw link #
========== dropped link (either fragment ("#"), js, mailto, comment, pdf, or empty)
======== We are on link 30 of 364
========== raw link https://www.livejournal.com/create
============ Checking for Redirections: https://www.livejournal.com/create
============ Followed Redirection to https://www.livejournal.com/create/
============ Link after cleaning: https://www.livejournal.com/create/
========== link already checked
======== We are on link 31 of 364
========== raw link https://www.livejournal.com/lostinfo.bml
============ Checking for Redirections: https://www.livejournal.com/lostinfo.bml
============ Followed Redirection to https://www.livejournal.com/lostinfo/
============ Link after cleaning: https://www.livejournal.com/lostinfo/
========== link already checked
======== We are on link 32 of 364
========== raw link https://www.livejournal.com/identity/login.bml?type=google&auto_forwhat=user%24news%24%2F
========== dropped link https://www.livejournal.com/identity/login.bml?type=google&auto_forwhat=user%24news%24%2F. Didn't pass first allows/blocks test.
======== We are on link 33 of 364
========== raw link https://www.livejournal.com/identity/login.bml?type=facebook&auto_forwhat=user%24news%24%2F
========== dropped link https://www.livejournal.com/identity/login.bml?type=facebook&auto_forwhat=user%24news%24%2F. Didn't pass first allows/blocks test.
======== We are on link 34 of 364
========== raw link https://www.livejournal.com/identity/login.bml?type=vkontakte&auto_forwhat=user%24news%24%2F
========== dropped link https://www.livejournal.com/identity/login.bml?type=vkontakte&auto_forwhat=user%24news%24%2F. Didn't pass first allows/blocks test.
======== We are on link 35 of 364
========== raw link https://www.livejournal.com/identity/login.bml?type=twitter&auto_forwhat=user%24news%24%2F
========== dropped link https://www.livejournal.com/identity/login.bml?type=twitter&auto_forwhat=user%24news%24%2F. Didn't pass first allows/blocks test.
======== We are on link 36 of 364
========== raw link https://www.livejournal.com/identity/login.bml?type=mailru&auto_forwhat=user%24news%24%2F
========== dropped link https://www.livejournal.com/identity/login.bml?type=mailru&auto_forwhat=user%24news%24%2F. Didn't pass first allows/blocks test.
======== We are on link 37 of 364
========== raw link https://www.livejournal.com/identity/login.bml?type=rambler&auto_forwhat=user%24news%24%2F
========== dropped link https://www.livejournal.com/identity/login.bml?type=rambler&auto_forwhat=user%24news%24%2F. Didn't pass first allows/blocks test.
======== We are on link 38 of 364
========== raw link https://www.livejournal.com/identity/login.bml?type=openid&auto_forwhat=user%24news%24%2F
========== dropped link https://www.livejournal.com/identity/login.bml?type=openid&auto_forwhat=user%24news%24%2F. Didn't pass first allows/blocks test.
======== We are on link 39 of 364
========== raw link https://www.livejournal.com/create
============ Checking for Redirections: https://www.livejournal.com/create
============ Followed Redirection to https://www.livejournal.com/create/
============ Link after cleaning: https://www.livejournal.com/create/
========== link already checked
======== We are on link 40 of 364
========== raw link https://www.livejournal.com/legal/tos-en.bml
============ Checking for Redirections: https://www.livejournal.com/legal/tos-en.bml
============ Link unchanged
========== link already checked
======== We are on link 41 of 364
========== raw link https://news.livejournal.com/profile/
============ Checking for Redirections: https://news.livejournal.com/profile/
============ Link unchanged
========== link already checked
======== We are on link 42 of 364
========== raw link https://news.livejournal.com/
============ Checking for Redirections: https://news.livejournal.com/
============ Link unchanged
========== link already checked
======== We are on link 43 of 364
========== raw link #
========== dropped link (either fragment ("#"), js, mailto, comment, pdf, or empty)
======== We are on link 44 of 364
========== raw link #
========== dropped link (either fragment ("#"), js, mailto, comment, pdf, or empty)
======== We are on link 45 of 364
========== raw link https://news.livejournal.com/
============ Checking for Redirections: https://news.livejournal.com/
============ Link unchanged
========== link already checked
======== We are on link 46 of 364
========== raw link https://news.livejournal.com/feed/
============ Checking for Redirections: https://news.livejournal.com/feed/
============ Link unchanged
========== scraping https://news.livejournal.com/feed/
============ Dropping non-English link: https://news.livejournal.com/feed/
======== We are on link 47 of 364
========== raw link https://news.livejournal.com/profile/
============ Checking for Redirections: https://news.livejournal.com/profile/
============ Link unchanged
========== link already checked
======== We are on link 48 of 364
========== raw link https://news.livejournal.com/calendar/
========== dropped link https://news.livejournal.com/calendar/. Didn't pass first allows/blocks test.
======== We are on link 49 of 364
========== raw link https://news.livejournal.com/tag/
============ Checking for Redirections: https://news.livejournal.com/tag/
============ Link unchanged
========== scraping https://news.livejournal.com/tag/
======== We are on link 50 of 364
========== raw link https://news.livejournal.com/category/
============ Checking for Redirections: https://news.livejournal.com/category/
============ Link unchanged
========== scraping https://news.livejournal.com/category/
======== We are on link 51 of 364
========== raw link https://news.livejournal.com/memories/
============ Checking for Redirections: https://news.livejournal.com/memories/
============ Link unchanged
========== scraping https://news.livejournal.com/memories/
======== We are on link 52 of 364
========== raw link https://news.livejournal.com
============ Checking for Redirections: https://news.livejournal.com
============ Followed Redirection to https://news.livejournal.com/
============ Link after cleaning: https://news.livejournal.com/
========== link already checked
======== We are on link 53 of 364
========== raw link https://livejournal.livejournal.com/profile/
============ Checking for Redirections: https://livejournal.livejournal.com/profile/
============ Link unchanged
========== scraping https://livejournal.livejournal.com/profile/
======== We are on link 54 of 364
========== raw link https://livejournal.livejournal.com/
============ Checking for Redirections: https://livejournal.livejournal.com/
============ Link unchanged
========== scraping https://livejournal.livejournal.com/
============ Dropping non-English link: https://livejournal.livejournal.com/
======== We are on link 55 of 364
========== raw link #
========== dropped link (either fragment ("#"), js, mailto, comment, pdf, or empty)
======== We are on link 56 of 364
========== raw link https://news.livejournal.com/166314.html
============ Checking for Redirections: https://news.livejournal.com/166314.html
============ Link unchanged
========== scraping https://news.livejournal.com/166314.html
======== We are on link 57 of 364
========== raw link https://www.livejournal.com/lj-birthday-26/?ila_campaign=lj26&ila_location=news
============ Checking for Redirections: https://www.livejournal.com/lj-birthday-26/?ila_campaign=lj26&ila_location=news
============ Link after cleaning: https://www.livejournal.com/lj-birthday-26/
========== scraping https://www.livejournal.com/lj-birthday-26/
======== We are on link 58 of 364
========== raw link https://www.livejournal.com/shop/profaccount/?ila_campaign=lj26&ila_location=news
========== dropped link https://www.livejournal.com/shop/profaccount/?ila_campaign=lj26&ila_location=news. Didn't pass first allows/blocks test.
======== We are on link 59 of 364
========== raw link https://news.livejournal.com/166314.html#cutid1
============ Checking for Redirections: https://news.livejournal.com/166314.html#cutid1
============ Link after cleaning: https://news.livejournal.com/166314.html
========== link already checked
======== We are on link 60 of 364
========== raw link https://news.livejournal.com/166314.html#cutid1
============ Checking for Redirections: https://news.livejournal.com/166314.html#cutid1
============ Link after cleaning: https://news.livejournal.com/166314.html
========== link already checked
======== We are on link 61 of 364
========== raw link https://news.livejournal.com/tag/happy%20birthday/
============ Checking for Redirections: https://news.livejournal.com/tag/happy%20birthday/
============ Link unchanged
========== scraping https://news.livejournal.com/tag/happy%20birthday/
======== We are on link 62 of 364
========== raw link https://news.livejournal.com/tag/livejournal%20is%2026/
============ Checking for Redirections: https://news.livejournal.com/tag/livejournal%20is%2026/
============ Link unchanged
========== scraping https://news.livejournal.com/tag/livejournal%20is%2026/
======== We are on link 63 of 364
========== raw link https://news.livejournal.com/tag/lj%20birthday/
============ Checking for Redirections: https://news.livejournal.com/tag/lj%20birthday/
============ Link unchanged
========== scraping https://news.livejournal.com/tag/lj%20birthday/
======== We are on link 64 of 364
========== raw link https://news.livejournal.com/tag/lj26/
============ Checking for Redirections: https://news.livejournal.com/tag/lj26/
============ Link unchanged
========== scraping https://news.livejournal.com/tag/lj26/
======== We are on link 65 of 364
========== raw link #
========== dropped link (either fragment ("#"), js, mailto, comment, pdf, or empty)
======== We are on link 66 of 364
========== raw link #
========== dropped link (either fragment ("#"), js, mailto, comment, pdf, or empty)
======== We are on link 67 of 364
========== raw link https://news.livejournal.com/166314.html?view=comments#comments
============ Checking for Redirections: https://news.livejournal.com/166314.html?view=comments#comments
============ Link after cleaning: https://news.livejournal.com/166314.html
========== link already checked
======== We are on link 68 of 364
========== raw link https://news.livejournal.com/166314.html?mode=reply#add_comment
============ Checking for Redirections: https://news.livejournal.com/166314.html?mode=reply#add_comment
============ Link after cleaning: https://news.livejournal.com/166314.html
========== link already checked
======== We are on link 69 of 364
========== raw link javascript:void(0)
========== dropped link (either fragment ("#"), js, mailto, comment, pdf, or empty)
======== We are on link 70 of 364
========== raw link https://www.livejournal.com/tools/content_flag.bml?user=news&itemid=166314
============ Checking for Redirections: https://www.livejournal.com/tools/content_flag.bml?user=news&itemid=166314
============ Followed Redirection to https://www.livejournal.com/tools/content_flag/?user=news&itemid=166314
============ Link after cleaning: https://www.livejournal.com/tools/content_flag/
========== link already checked
======== We are on link 71 of 364
========== raw link https://news.livejournal.com
============ Checking for Redirections: https://news.livejournal.com
============ Followed Redirection to https://news.livejournal.com/
============ Link after cleaning: https://news.livejournal.com/
========== link already checked
======== We are on link 72 of 364
========== raw link https://livejournal.livejournal.com/profile/
============ Checking for Redirections: https://livejournal.livejournal.com/profile/
============ Link unchanged
========== link already checked
======== We are on link 73 of 364
========== raw link https://livejournal.livejournal.com/
============ Checking for Redirections: https://livejournal.livejournal.com/
============ Link unchanged
========== scraping https://livejournal.livejournal.com/
============ Dropping non-English link: https://livejournal.livejournal.com/
======== We are on link 74 of 364
========== raw link #
========== dropped link (either fragment ("#"), js, mailto, comment, pdf, or empty)
======== We are on link 75 of 364
========== raw link https://news.livejournal.com/165975.html
============ Checking for Redirections: https://news.livejournal.com/165975.html
============ Link unchanged
========== scraping https://news.livejournal.com/165975.html
======== We are on link 76 of 364
========== raw link https://www.livejournal.com/lj-birthday-26/?ila_campaign=lj26&ila_location=news
============ Checking for Redirections: https://www.livejournal.com/lj-birthday-26/?ila_campaign=lj26&ila_location=news
============ Link after cleaning: https://www.livejournal.com/lj-birthday-26/
========== link already checked
======== We are on link 77 of 364
========== raw link https://www.livejournal.com/lj-birthday-26/?ila_campaign=lj26&ila_location=news
============ Checking for Redirections: https://www.livejournal.com/lj-birthday-26/?ila_campaign=lj26&ila_location=news
============ Link after cleaning: https://www.livejournal.com/lj-birthday-26/
========== link already checked
======== We are on link 78 of 364
========== raw link https://news.livejournal.com/165975.html#cutid1
============ Checking for Redirections: https://news.livejournal.com/165975.html#cutid1
============ Link after cleaning: https://news.livejournal.com/165975.html
========== link already checked
======== We are on link 79 of 364
========== raw link https://news.livejournal.com/165975.html#cutid1
============ Checking for Redirections: https://news.livejournal.com/165975.html#cutid1
============ Link after cleaning: https://news.livejournal.com/165975.html
========== link already checked
======== We are on link 80 of 364
========== raw link https://news.livejournal.com/tag/happy%20birthday/
============ Checking for Redirections: https://news.livejournal.com/tag/happy%20birthday/
============ Link unchanged
========== link already checked
======== We are on link 81 of 364
========== raw link https://news.livejournal.com/tag/livejournal%20is%2026/
============ Checking for Redirections: https://news.livejournal.com/tag/livejournal%20is%2026/
============ Link unchanged
========== link already checked
======== We are on link 82 of 364
========== raw link https://news.livejournal.com/tag/lj%20birthday/
============ Checking for Redirections: https://news.livejournal.com/tag/lj%20birthday/
============ Link unchanged
========== link already checked
======== We are on link 83 of 364
========== raw link https://news.livejournal.com/tag/lj26/
============ Checking for Redirections: https://news.livejournal.com/tag/lj26/
============ Link unchanged
========== link already checked
======== We are on link 84 of 364
========== raw link #
========== dropped link (either fragment ("#"), js, mailto, comment, pdf, or empty)
======== We are on link 85 of 364
========== raw link #
========== dropped link (either fragment ("#"), js, mailto, comment, pdf, or empty)
======== We are on link 86 of 364
========== raw link https://news.livejournal.com/165975.html?view=comments#comments
============ Checking for Redirections: https://news.livejournal.com/165975.html?view=comments#comments
============ Link after cleaning: https://news.livejournal.com/165975.html
========== link already checked
======== We are on link 87 of 364
========== raw link https://news.livejournal.com/165975.html?mode=reply#add_comment
============ Checking for Redirections: https://news.livejournal.com/165975.html?mode=reply#add_comment
============ Link after cleaning: https://news.livejournal.com/165975.html
========== link already checked
======== We are on link 88 of 364
========== raw link javascript:void(0)
========== dropped link (either fragment ("#"), js, mailto, comment, pdf, or empty)
======== We are on link 89 of 364
========== raw link https://www.livejournal.com/tools/content_flag.bml?user=news&itemid=165975
============ Checking for Redirections: https://www.livejournal.com/tools/content_flag.bml?user=news&itemid=165975
============ Followed Redirection to https://www.livejournal.com/tools/content_flag/?user=news&itemid=165975
============ Link after cleaning: https://www.livejournal.com/tools/content_flag/
========== link already checked
======== We are on link 90 of 364
========== raw link https://news.livejournal.com
============ Checking for Redirections: https://news.livejournal.com
============ Followed Redirection to https://news.livejournal.com/
============ Link after cleaning: https://news.livejournal.com/
========== link already checked
======== We are on link 91 of 364
========== raw link https://livejournal.livejournal.com/profile/
============ Checking for Redirections: https://livejournal.livejournal.com/profile/
============ Link unchanged
========== link already checked
======== We are on link 92 of 364
========== raw link https://livejournal.livejournal.com/
============ Checking for Redirections: https://livejournal.livejournal.com/
============ Link unchanged
========== scraping https://livejournal.livejournal.com/
============ Dropping non-English link: https://livejournal.livejournal.com/
======== We are on link 93 of 364
========== raw link #
========== dropped link (either fragment ("#"), js, mailto, comment, pdf, or empty)
======== We are on link 94 of 364
========== raw link https://news.livejournal.com/165726.html
============ Checking for Redirections: https://news.livejournal.com/165726.html
============ Link unchanged
========== scraping https://news.livejournal.com/165726.html
======== We are on link 95 of 364
========== raw link https://livejournal.com/photo/challenge/?ila_campaign=ny25&ila_location=photochallenge
============ Checking for Redirections: https://livejournal.com/photo/challenge/?ila_campaign=ny25&ila_location=photochallenge
============ Followed Redirection to https://www.livejournal.com/login.bml?returnto=https%3A%2F%2Fwww.livejournal.com%2Fphoto%2Fchallenge%2F%3Fila_campaign%3Dny25%26ila_location%3Dphotochallenge
============ Link after cleaning: https://www.livejournal.com/login.bml
============ Excluded based on allow/block list.
======== We are on link 96 of 364
========== raw link https://livejournal.com/photo/challenge/?ila_campaign=ny25&ila_location=photochallenge
============ Checking for Redirections: https://livejournal.com/photo/challenge/?ila_campaign=ny25&ila_location=photochallenge
============ Followed Redirection to https://www.livejournal.com/login.bml?returnto=https%3A%2F%2Fwww.livejournal.com%2Fphoto%2Fchallenge%2F%3Fila_campaign%3Dny25%26ila_location%3Dphotochallenge
============ Link after cleaning: https://www.livejournal.com/login.bml
============ Excluded based on allow/block list.
======== We are on link 97 of 364
========== raw link https://www.livejournal.com/rsearch/?tags=%232024inpictures
============ Checking for Redirections: https://www.livejournal.com/rsearch/?tags=%232024inpictures
============ Followed Redirection to https://www.livejournal.com/rsearch/?tags=%232024inpictures&searchArea=post
============ Link after cleaning: https://www.livejournal.com/rsearch/
========== scraping https://www.livejournal.com/rsearch/
============ Dropping non-English link: https://www.livejournal.com/rsearch/
======== We are on link 98 of 364
========== raw link https://news.livejournal.com/165726.html#cutid1
============ Checking for Redirections: https://news.livejournal.com/165726.html#cutid1
============ Link after cleaning: https://news.livejournal.com/165726.html
========== link already checked
======== We are on link 99 of 364
========== raw link https://news.livejournal.com/165726.html#cutid1
============ Checking for Redirections: https://news.livejournal.com/165726.html#cutid1
============ Link after cleaning: https://news.livejournal.com/165726.html
========== link already checked
======== We are on link 100 of 364
========== raw link https://news.livejournal.com/tag/%232024inpictures/
============ Checking for Redirections: https://news.livejournal.com/tag/%232024inpictures/
============ Followed Redirection to https://www.livejournal.com/rsearch/?tags=%232024inpictures&searchArea=post
============ Link after cleaning: https://www.livejournal.com/rsearch/
========== scraping https://www.livejournal.com/rsearch/
============ Dropping non-English link: https://www.livejournal.com/rsearch/
======== We are on link 101 of 364
========== raw link https://news.livejournal.com/tag/lj%20photo/
============ Checking for Redirections: https://news.livejournal.com/tag/lj%20photo/
============ Link unchanged
========== scraping https://news.livejournal.com/tag/lj%20photo/
======== We are on link 102 of 364
========== raw link https://news.livejournal.com/tag/new%20year/
============ Checking for Redirections: https://news.livejournal.com/tag/new%20year/
============ Link unchanged
========== scraping https://news.livejournal.com/tag/new%20year/
======== We are on link 103 of 364
========== raw link https://news.livejournal.com/tag/photos/
============ Checking for Redirections: https://news.livejournal.com/tag/photos/
============ Link unchanged
========== scraping https://news.livejournal.com/tag/photos/
======== We are on link 104 of 364
========== raw link #
========== dropped link (either fragment ("#"), js, mailto, comment, pdf, or empty)
======== We are on link 105 of 364
========== raw link #
========== dropped link (either fragment ("#"), js, mailto, comment, pdf, or empty)
======== We are on link 106 of 364
========== raw link https://news.livejournal.com/165726.html?view=comments#comments
============ Checking for Redirections: https://news.livejournal.com/165726.html?view=comments#comments
============ Link after cleaning: https://news.livejournal.com/165726.html
========== link already checked
======== We are on link 107 of 364
========== raw link https://news.livejournal.com/165726.html?mode=reply#add_comment
============ Checking for Redirections: https://news.livejournal.com/165726.html?mode=reply#add_comment
============ Link after cleaning: https://news.livejournal.com/165726.html
========== link already checked
======== We are on link 108 of 364
========== raw link javascript:void(0)
========== dropped link (either fragment ("#"), js, mailto, comment, pdf, or empty)
======== We are on link 109 of 364
========== raw link https://www.livejournal.com/tools/content_flag.bml?user=news&itemid=165726
============ Checking for Redirections: https://www.livejournal.com/tools/content_flag.bml?user=news&itemid=165726
============ Followed Redirection to https://www.livejournal.com/tools/content_flag/?user=news&itemid=165726
============ Link after cleaning: https://www.livejournal.com/tools/content_flag/
========== link already checked
======== We are on link 110 of 364
========== raw link https://news.livejournal.com
============ Checking for Redirections: https://news.livejournal.com
============ Followed Redirection to https://news.livejournal.com/
============ Link after cleaning: https://news.livejournal.com/
========== link already checked
======== We are on link 111 of 364
========== raw link https://livejournal.livejournal.com/profile/
============ Checking for Redirections: https://livejournal.livejournal.com/profile/
============ Link unchanged
========== link already checked
======== We are on link 112 of 364
========== raw link https://livejournal.livejournal.com/
============ Checking for Redirections: https://livejournal.livejournal.com/
============ Link unchanged
========== scraping https://livejournal.livejournal.com/
============ Dropping non-English link: https://livejournal.livejournal.com/
======== We are on link 113 of 364
========== raw link #
========== dropped link (either fragment ("#"), js, mailto, comment, pdf, or empty)
======== We are on link 114 of 364
========== raw link https://news.livejournal.com/165448.html
============ Checking for Redirections: https://news.livejournal.com/165448.html
============ Link unchanged
========== scraping https://news.livejournal.com/165448.html
======== We are on link 115 of 364
========== raw link https://news.livejournal.com/165448.html#cutid1
============ Checking for Redirections: https://news.livejournal.com/165448.html#cutid1
============ Link after cleaning: https://news.livejournal.com/165448.html
========== link already checked
======== We are on link 116 of 364
========== raw link https://news.livejournal.com/165448.html#cutid1
============ Checking for Redirections: https://news.livejournal.com/165448.html#cutid1
============ Link after cleaning: https://news.livejournal.com/165448.html
========== link already checked
======== We are on link 117 of 364
========== raw link https://news.livejournal.com/tag/achievements/
============ Checking for Redirections: https://news.livejournal.com/tag/achievements/
============ Link unchanged
========== scraping https://news.livejournal.com/tag/achievements/
======== We are on link 118 of 364
========== raw link https://news.livejournal.com/tag/comments/
============ Checking for Redirections: https://news.livejournal.com/tag/comments/
============ Link unchanged
========== scraping https://news.livejournal.com/tag/comments/
======== We are on link 119 of 364
========== raw link #
========== dropped link (either fragment ("#"), js, mailto, comment, pdf, or empty)
======== We are on link 120 of 364
========== raw link #
========== dropped link (either fragment ("#"), js, mailto, comment, pdf, or empty)
======== We are on link 121 of 364
========== raw link https://news.livejournal.com/165448.html?view=comments#comments
============ Checking for Redirections: https://news.livejournal.com/165448.html?view=comments#comments
============ Link after cleaning: https://news.livejournal.com/165448.html
========== link already checked
======== We are on link 122 of 364
========== raw link https://news.livejournal.com/165448.html?mode=reply#add_comment
============ Checking for Redirections: https://news.livejournal.com/165448.html?mode=reply#add_comment
============ Link after cleaning: https://news.livejournal.com/165448.html
========== link already checked
======== We are on link 123 of 364
========== raw link javascript:void(0)
========== dropped link (either fragment ("#"), js, mailto, comment, pdf, or empty)
======== We are on link 124 of 364
========== raw link https://www.livejournal.com/tools/content_flag.bml?user=news&itemid=165448
============ Checking for Redirections: https://www.livejournal.com/tools/content_flag.bml?user=news&itemid=165448
============ Followed Redirection to https://www.livejournal.com/tools/content_flag/?user=news&itemid=165448
============ Link after cleaning: https://www.livejournal.com/tools/content_flag/
========== link already checked
======== We are on link 125 of 364
========== raw link https://news.livejournal.com
============ Checking for Redirections: https://news.livejournal.com
============ Followed Redirection to https://news.livejournal.com/
============ Link after cleaning: https://news.livejournal.com/
========== link already checked
======== We are on link 126 of 364
========== raw link https://livejournal.livejournal.com/profile/
============ Checking for Redirections: https://livejournal.livejournal.com/profile/
============ Link unchanged
========== link already checked
======== We are on link 127 of 364
========== raw link https://livejournal.livejournal.com/
============ Checking for Redirections: https://livejournal.livejournal.com/
============ Link unchanged
========== scraping https://livejournal.livejournal.com/
============ Dropping non-English link: https://livejournal.livejournal.com/
======== We are on link 128 of 364
========== raw link #
========== dropped link (either fragment ("#"), js, mailto, comment, pdf, or empty)
======== We are on link 129 of 364
========== raw link https://news.livejournal.com/165368.html
============ Checking for Redirections: https://news.livejournal.com/165368.html
============ Link unchanged
========== scraping https://news.livejournal.com/165368.html
======== We are on link 130 of 364
========== raw link https://news.livejournal.com/165368.html#cutid1
============ Checking for Redirections: https://news.livejournal.com/165368.html#cutid1
============ Link after cleaning: https://news.livejournal.com/165368.html
========== link already checked
======== We are on link 131 of 364
========== raw link https://news.livejournal.com/165368.html#cutid1
============ Checking for Redirections: https://news.livejournal.com/165368.html#cutid1
============ Link after cleaning: https://news.livejournal.com/165368.html
========== link already checked
======== We are on link 132 of 364
========== raw link https://news.livejournal.com/tag/achievements/
============ Checking for Redirections: https://news.livejournal.com/tag/achievements/
============ Link unchanged
========== link already checked
======== We are on link 133 of 364
========== raw link #
========== dropped link (either fragment ("#"), js, mailto, comment, pdf, or empty)
======== We are on link 134 of 364
========== raw link #
========== dropped link (either fragment ("#"), js, mailto, comment, pdf, or empty)
======== We are on link 135 of 364
========== raw link https://news.livejournal.com/165368.html?view=comments#comments
============ Checking for Redirections: https://news.livejournal.com/165368.html?view=comments#comments
============ Link after cleaning: https://news.livejournal.com/165368.html
========== link already checked
======== We are on link 136 of 364
========== raw link https://news.livejournal.com/165368.html?mode=reply#add_comment
============ Checking for Redirections: https://news.livejournal.com/165368.html?mode=reply#add_comment
============ Link after cleaning: https://news.livejournal.com/165368.html
========== link already checked
======== We are on link 137 of 364
========== raw link javascript:void(0)
========== dropped link (either fragment ("#"), js, mailto, comment, pdf, or empty)
======== We are on link 138 of 364
========== raw link https://www.livejournal.com/tools/content_flag.bml?user=news&itemid=165368
============ Checking for Redirections: https://www.livejournal.com/tools/content_flag.bml?user=news&itemid=165368
============ Followed Redirection to https://www.livejournal.com/tools/content_flag/?user=news&itemid=165368
============ Link after cleaning: https://www.livejournal.com/tools/content_flag/
========== link already checked
======== We are on link 139 of 364
========== raw link https://news.livejournal.com
============ Checking for Redirections: https://news.livejournal.com
============ Followed Redirection to https://news.livejournal.com/
============ Link after cleaning: https://news.livejournal.com/
========== link already checked
======== We are on link 140 of 364
========== raw link https://livejournal.livejournal.com/profile/
============ Checking for Redirections: https://livejournal.livejournal.com/profile/
============ Link unchanged
========== link already checked
======== We are on link 141 of 364
========== raw link https://livejournal.livejournal.com/
============ Checking for Redirections: https://livejournal.livejournal.com/
============ Link unchanged
========== scraping https://livejournal.livejournal.com/
============ Dropping non-English link: https://livejournal.livejournal.com/
======== We are on link 142 of 364
========== raw link #
========== dropped link (either fragment ("#"), js, mailto, comment, pdf, or empty)
======== We are on link 143 of 364
========== raw link https://news.livejournal.com/164902.html
============ Checking for Redirections: https://news.livejournal.com/164902.html
============ Link unchanged
========== scraping https://news.livejournal.com/164902.html
======== We are on link 144 of 364
========== raw link https://www.livejournal.com/rsearch/?tags=%23%D0%96%D0%9625
============ Checking for Redirections: https://www.livejournal.com/rsearch/?tags=%23%D0%96%D0%9625
============ Followed Redirection to https://www.livejournal.com/rsearch/?tags=%23%D0%96%D0%9625&searchArea=post
============ Link after cleaning: https://www.livejournal.com/rsearch/
========== scraping https://www.livejournal.com/rsearch/
============ Dropping non-English link: https://www.livejournal.com/rsearch/
======== We are on link 145 of 364
========== raw link https://news.livejournal.com/164313.html
============ Checking for Redirections: https://news.livejournal.com/164313.html
============ Link unchanged
========== scraping https://news.livejournal.com/164313.html
======== We are on link 146 of 364
========== raw link https://news.livejournal.com/164313.html
============ Checking for Redirections: https://news.livejournal.com/164313.html
============ Link unchanged
========== link already checked
======== We are on link 147 of 364
========== raw link https://www.livejournal.com/rsearch/?tags=%23LJ25
============ Checking for Redirections: https://www.livejournal.com/rsearch/?tags=%23LJ25
============ Followed Redirection to https://www.livejournal.com/rsearch/?tags=%23LJ25&searchArea=post
============ Link after cleaning: https://www.livejournal.com/rsearch/
========== scraping https://www.livejournal.com/rsearch/
============ Dropping non-English link: https://www.livejournal.com/rsearch/
======== We are on link 148 of 364
========== raw link https://news.livejournal.com/164902.html#cutid1
============ Checking for Redirections: https://news.livejournal.com/164902.html#cutid1
============ Link after cleaning: https://news.livejournal.com/164902.html
========== link already checked
======== We are on link 149 of 364
========== raw link https://news.livejournal.com/164902.html#cutid1
============ Checking for Redirections: https://news.livejournal.com/164902.html#cutid1
============ Link after cleaning: https://news.livejournal.com/164902.html
========== link already checked
======== We are on link 150 of 364
========== raw link https://news.livejournal.com/tag/%23lj25/
============ Checking for Redirections: https://news.livejournal.com/tag/%23lj25/
============ Followed Redirection to https://www.livejournal.com/rsearch/?tags=%23lj25&searchArea=post
============ Link after cleaning: https://www.livejournal.com/rsearch/
========== scraping https://www.livejournal.com/rsearch/
============ Dropping non-English link: https://www.livejournal.com/rsearch/
======== We are on link 151 of 364
========== raw link https://news.livejournal.com/tag/livejournal%20is%2025/
============ Checking for Redirections: https://news.livejournal.com/tag/livejournal%20is%2025/
============ Link unchanged
========== scraping https://news.livejournal.com/tag/livejournal%20is%2025/
======== We are on link 152 of 364
========== raw link https://news.livejournal.com/tag/lj%20birthday/
============ Checking for Redirections: https://news.livejournal.com/tag/lj%20birthday/
============ Link unchanged
========== link already checked
======== We are on link 153 of 364
========== raw link https://news.livejournal.com/tag/lj%20contests/
============ Checking for Redirections: https://news.livejournal.com/tag/lj%20contests/
============ Link unchanged
========== scraping https://news.livejournal.com/tag/lj%20contests/
======== We are on link 154 of 364
========== raw link https://news.livejournal.com/tag/lj25/
============ Checking for Redirections: https://news.livejournal.com/tag/lj25/
============ Link unchanged
========== scraping https://news.livejournal.com/tag/lj25/
======== We are on link 155 of 364
========== raw link #
========== dropped link (either fragment ("#"), js, mailto, comment, pdf, or empty)
======== We are on link 156 of 364
========== raw link #
========== dropped link (either fragment ("#"), js, mailto, comment, pdf, or empty)
======== We are on link 157 of 364
========== raw link https://news.livejournal.com/164902.html?view=comments#comments
============ Checking for Redirections: https://news.livejournal.com/164902.html?view=comments#comments
============ Link after cleaning: https://news.livejournal.com/164902.html
========== link already checked
======== We are on link 158 of 364
========== raw link https://news.livejournal.com/164902.html?mode=reply#add_comment
============ Checking for Redirections: https://news.livejournal.com/164902.html?mode=reply#add_comment
============ Link after cleaning: https://news.livejournal.com/164902.html
========== link already checked
======== We are on link 159 of 364
========== raw link javascript:void(0)
========== dropped link (either fragment ("#"), js, mailto, comment, pdf, or empty)
======== We are on link 160 of 364
========== raw link https://www.livejournal.com/tools/content_flag.bml?user=news&itemid=164902
============ Checking for Redirections: https://www.livejournal.com/tools/content_flag.bml?user=news&itemid=164902
============ Followed Redirection to https://www.livejournal.com/tools/content_flag/?user=news&itemid=164902
============ Link after cleaning: https://www.livejournal.com/tools/content_flag/
========== link already checked
======== We are on link 161 of 364
========== raw link https://news.livejournal.com
============ Checking for Redirections: https://news.livejournal.com
============ Followed Redirection to https://news.livejournal.com/
============ Link after cleaning: https://news.livejournal.com/
========== link already checked
======== We are on link 162 of 364
========== raw link https://livejournal.livejournal.com/profile/
============ Checking for Redirections: https://livejournal.livejournal.com/profile/
============ Link unchanged
========== link already checked
======== We are on link 163 of 364
========== raw link https://livejournal.livejournal.com/
============ Checking for Redirections: https://livejournal.livejournal.com/
============ Link unchanged
========== scraping https://livejournal.livejournal.com/
============ Dropping non-English link: https://livejournal.livejournal.com/
======== We are on link 164 of 364
========== raw link #
========== dropped link (either fragment ("#"), js, mailto, comment, pdf, or empty)
======== We are on link 165 of 364
========== raw link https://news.livejournal.com/164682.html
============ Checking for Redirections: https://news.livejournal.com/164682.html
============ Link unchanged
========== scraping https://news.livejournal.com/164682.html
======== We are on link 166 of 364
========== raw link https://news.livejournal.com/164682.html#cutid1
============ Checking for Redirections: https://news.livejournal.com/164682.html#cutid1
============ Link after cleaning: https://news.livejournal.com/164682.html
========== link already checked
======== We are on link 167 of 364
========== raw link https://news.livejournal.com/164682.html#cutid1
============ Checking for Redirections: https://news.livejournal.com/164682.html#cutid1
============ Link after cleaning: https://news.livejournal.com/164682.html
========== link already checked
======== We are on link 168 of 364
========== raw link https://news.livejournal.com/tag/happy%20anniversary/
============ Checking for Redirections: https://news.livejournal.com/tag/happy%20anniversary/
============ Link unchanged
========== scraping https://news.livejournal.com/tag/happy%20anniversary/
======== We are on link 169 of 364
========== raw link https://news.livejournal.com/tag/happy%20birthday/
============ Checking for Redirections: https://news.livejournal.com/tag/happy%20birthday/
============ Link unchanged
========== link already checked
======== We are on link 170 of 364
========== raw link https://news.livejournal.com/tag/livejournal%20is%2025/
============ Checking for Redirections: https://news.livejournal.com/tag/livejournal%20is%2025/
============ Link unchanged
========== link already checked
======== We are on link 171 of 364
========== raw link https://news.livejournal.com/tag/lj25/
============ Checking for Redirections: https://news.livejournal.com/tag/lj25/
============ Link unchanged
========== link already checked
======== We are on link 172 of 364
========== raw link https://news.livejournal.com/tag/verification%20checkmark/
============ Checking for Redirections: https://news.livejournal.com/tag/verification%20checkmark/
============ Link unchanged
========== scraping https://news.livejournal.com/tag/verification%20checkmark/
======== We are on link 173 of 364
========== raw link #
========== dropped link (either fragment ("#"), js, mailto, comment, pdf, or empty)
======== We are on link 174 of 364
========== raw link #
========== dropped link (either fragment ("#"), js, mailto, comment, pdf, or empty)
======== We are on link 175 of 364
========== raw link https://news.livejournal.com/164682.html?view=comments#comments
============ Checking for Redirections: https://news.livejournal.com/164682.html?view=comments#comments
============ Link after cleaning: https://news.livejournal.com/164682.html
========== link already checked
======== We are on link 176 of 364
========== raw link https://news.livejournal.com/164682.html?mode=reply#add_comment
============ Checking for Redirections: https://news.livejournal.com/164682.html?mode=reply#add_comment
============ Link after cleaning: https://news.livejournal.com/164682.html
========== link already checked
======== We are on link 177 of 364
========== raw link javascript:void(0)
========== dropped link (either fragment ("#"), js, mailto, comment, pdf, or empty)
======== We are on link 178 of 364
========== raw link https://www.livejournal.com/tools/content_flag.bml?user=news&itemid=164682
============ Checking for Redirections: https://www.livejournal.com/tools/content_flag.bml?user=news&itemid=164682
============ Followed Redirection to https://www.livejournal.com/tools/content_flag/?user=news&itemid=164682
============ Link after cleaning: https://www.livejournal.com/tools/content_flag/
========== link already checked
======== We are on link 179 of 364
========== raw link https://news.livejournal.com
============ Checking for Redirections: https://news.livejournal.com
============ Followed Redirection to https://news.livejournal.com/
============ Link after cleaning: https://news.livejournal.com/
========== link already checked
======== We are on link 180 of 364
========== raw link https://livejournal.livejournal.com/profile/
============ Checking for Redirections: https://livejournal.livejournal.com/profile/
============ Link unchanged
========== link already checked
======== We are on link 181 of 364
========== raw link https://livejournal.livejournal.com/
============ Checking for Redirections: https://livejournal.livejournal.com/
============ Link unchanged
========== scraping https://livejournal.livejournal.com/
============ Dropping non-English link: https://livejournal.livejournal.com/
======== We are on link 182 of 364
========== raw link #
========== dropped link (either fragment ("#"), js, mailto, comment, pdf, or empty)
======== We are on link 183 of 364
========== raw link https://news.livejournal.com/164460.html
============ Checking for Redirections: https://news.livejournal.com/164460.html
============ Link unchanged
========== scraping https://news.livejournal.com/164460.html
======== We are on link 184 of 364
========== raw link https://news.livejournal.com/164460.html#cutid1
============ Checking for Redirections: https://news.livejournal.com/164460.html#cutid1
============ Link after cleaning: https://news.livejournal.com/164460.html
========== link already checked
======== We are on link 185 of 364
========== raw link https://news.livejournal.com/164460.html#cutid1
============ Checking for Redirections: https://news.livejournal.com/164460.html#cutid1
============ Link after cleaning: https://news.livejournal.com/164460.html
========== link already checked
======== We are on link 186 of 364
========== raw link https://news.livejournal.com/tag/achievements/
============ Checking for Redirections: https://news.livejournal.com/tag/achievements/
============ Link unchanged
========== link already checked
======== We are on link 187 of 364
========== raw link https://news.livejournal.com/tag/happy%20anniversary/
============ Checking for Redirections: https://news.livejournal.com/tag/happy%20anniversary/
============ Link unchanged
========== link already checked
======== We are on link 188 of 364
========== raw link https://news.livejournal.com/tag/happy%20birthday/
============ Checking for Redirections: https://news.livejournal.com/tag/happy%20birthday/
============ Link unchanged
========== link already checked
======== We are on link 189 of 364
========== raw link https://news.livejournal.com/tag/livejournal%20is%2025/
============ Checking for Redirections: https://news.livejournal.com/tag/livejournal%20is%2025/
============ Link unchanged
========== link already checked
======== We are on link 190 of 364
========== raw link https://news.livejournal.com/tag/lj25/
============ Checking for Redirections: https://news.livejournal.com/tag/lj25/
============ Link unchanged
========== link already checked
======== We are on link 191 of 364
========== raw link #
========== dropped link (either fragment ("#"), js, mailto, comment, pdf, or empty)
======== We are on link 192 of 364
========== raw link #
========== dropped link (either fragment ("#"), js, mailto, comment, pdf, or empty)
======== We are on link 193 of 364
========== raw link https://news.livejournal.com/164460.html?view=comments#comments
============ Checking for Redirections: https://news.livejournal.com/164460.html?view=comments#comments
============ Link after cleaning: https://news.livejournal.com/164460.html
========== link already checked
======== We are on link 194 of 364
========== raw link https://news.livejournal.com/164460.html?mode=reply#add_comment
============ Checking for Redirections: https://news.livejournal.com/164460.html?mode=reply#add_comment
============ Link after cleaning: https://news.livejournal.com/164460.html
========== link already checked
======== We are on link 195 of 364
========== raw link javascript:void(0)
========== dropped link (either fragment ("#"), js, mailto, comment, pdf, or empty)
======== We are on link 196 of 364
========== raw link https://www.livejournal.com/tools/content_flag.bml?user=news&itemid=164460
============ Checking for Redirections: https://www.livejournal.com/tools/content_flag.bml?user=news&itemid=164460
============ Followed Redirection to https://www.livejournal.com/tools/content_flag/?user=news&itemid=164460
============ Link after cleaning: https://www.livejournal.com/tools/content_flag/
========== link already checked
======== We are on link 197 of 364
========== raw link https://news.livejournal.com
============ Checking for Redirections: https://news.livejournal.com
============ Followed Redirection to https://news.livejournal.com/
============ Link after cleaning: https://news.livejournal.com/
========== link already checked
======== We are on link 198 of 364
========== raw link https://livejournal.livejournal.com/profile/
============ Checking for Redirections: https://livejournal.livejournal.com/profile/
============ Link unchanged
========== link already checked
======== We are on link 199 of 364
========== raw link https://livejournal.livejournal.com/
============ Checking for Redirections: https://livejournal.livejournal.com/
============ Link unchanged
========== scraping https://livejournal.livejournal.com/
============ Dropping non-English link: https://livejournal.livejournal.com/
======== We are on link 200 of 364
========== raw link #
========== dropped link (either fragment ("#"), js, mailto, comment, pdf, or empty)
======== We are on link 201 of 364
========== raw link https://news.livejournal.com/164313.html
============ Checking for Redirections: https://news.livejournal.com/164313.html
============ Link unchanged
========== link already checked
======== We are on link 202 of 364
========== raw link https://www.livejournal.com/rsearch/?tags=%23LJ25
============ Checking for Redirections: https://www.livejournal.com/rsearch/?tags=%23LJ25
============ Followed Redirection to https://www.livejournal.com/rsearch/?tags=%23LJ25&searchArea=post
============ Link after cleaning: https://www.livejournal.com/rsearch/
========== scraping https://www.livejournal.com/rsearch/
============ Dropping non-English link: https://www.livejournal.com/rsearch/
======== We are on link 203 of 364
========== raw link https://www.livejournal.com/rsearch/?tags=%23LJ25
============ Checking for Redirections: https://www.livejournal.com/rsearch/?tags=%23LJ25
============ Followed Redirection to https://www.livejournal.com/rsearch/?tags=%23LJ25&searchArea=post
============ Link after cleaning: https://www.livejournal.com/rsearch/
========== scraping https://www.livejournal.com/rsearch/
============ Dropping non-English link: https://www.livejournal.com/rsearch/
======== We are on link 204 of 364
========== raw link https://www.livejournal.com/post?title=LiveJournal is 25%3A interesting facts about me and my blog&useTags=%23LJ25&htmlContent=%0A          %3Cimg src%3D%22https%3A%2F%2Fic.pics.livejournal.com%2Fimg_store%2F87026542%2F25767%2F25767_original.png%22 %2F%3E%0A          %3Cp%3E1. LJ appeared in April 1999%2C the year when I…%3C%2Fp%3E%0A          %3Cp%3E2. As a child%2C I wanted to become a…%3C%2Fp%3E%0A          %3Cp%3E3. My favorite school subject was…%3C%2Fp%3E%0A          %3Cp%3E4. The tune of my carefree youth is...%3C%2Fp%3E%0A          %3Cp%3E5. A book (or an author) that influenced me%3C%2Fp%3E%0A          %3Cp%3E6. A city (or cities) I truly love%3C%2Fp%3E%0A          %3Cp%3E7. I started an LJ blog in … because I wanted...%3C%2Fp%3E%0A          %3Cp%3E8. The catch phrase that nearest and dearest recognize me by…%3C%2Fp%3E%0A          %3Cp%3E9.  A movie I’m never tired to watch again%3C%2Fp%3E%0A          %3Cp%3E10. When I was 25%2C I liked to…%3C%2Fp%3E%0A          %3Cp%3E11. I can’t live a day without…%3C%2Fp%3E%0A          %3Cp%3E12. An LJ post I’d like to recommend to everyone…%3C%2Fp%3E%0A          %3Cp%3E13. I’m proud of…%3C%2Fp%3E%0A          %3Cp%3E14. If I could give advice to myself from 1999%2C I’d…%3C%2Fp%3E%0A          %3Cp%3E15. My favorite LJ blog(s)%3C%2Fp%3E%0A          %3Cp%3E16. My favorite LJ community (-ies)%3C%2Fp%3E%0A          %3Cp%3E17. A dish (or a food product) I learned to like only as an adult%3C%2Fp%3E%0A          %3Cp%3E18. Within these 25 years I’ve visited…%3C%2Fp%3E%0A          %3Cp%3E19. My favorite cure for sadness is…%3C%2Fp%3E%0A          %3Cp%3E20. If I didn’t have to work%2C I’d do…%3C%2Fp%3E%0A          %3Cp%3E21. My superpower is…%3C%2Fp%3E%0A          %3Cp%3E22. A useful skill I’d like to teach younger generations is…%3C%2Fp%3E%0A          %3Cp%3E23. If I could spend a day as an animal%2C that would be…%3C%2Fp%3E%0A          %3Cp%3E24. The way I’d like to grow old is…%3C%2Fp%3E%0A          %3Cp%3E25. I’m grateful to LJ for…%3C%2Fp%3E%0A      &version=2&ila_campaign=lj25&ila_location=hashmob_start
============ Checking for Redirections: https://www.livejournal.com/post?title=LiveJournalis25%3Ainterestingfactsaboutmeandmyblog&useTags=%23LJ25&htmlContent=%0A%3Cimgsrc%3D%22https%3A%2F%2Fic.pics.livejournal.com%2Fimg_store%2F87026542%2F25767%2F25767_original.png%22%2F%3E%0A%3Cp%3E1.LJappearedinApril1999%2CtheyearwhenI…%3C%2Fp%3E%0A%3Cp%3E2.Asachild%2CIwantedtobecomea…%3C%2Fp%3E%0A%3Cp%3E3.Myfavoriteschoolsubjectwas…%3C%2Fp%3E%0A%3Cp%3E4.Thetuneofmycarefreeyouthis...%3C%2Fp%3E%0A%3Cp%3E5.Abook(oranauthor)thatinfluencedme%3C%2Fp%3E%0A%3Cp%3E6.Acity(orcities)Itrulylove%3C%2Fp%3E%0A%3Cp%3E7.IstartedanLJblogin…becauseIwanted...%3C%2Fp%3E%0A%3Cp%3E8.Thecatchphrasethatnearestanddearestrecognizemeby…%3C%2Fp%3E%0A%3Cp%3E9.AmovieI’mnevertiredtowatchagain%3C%2Fp%3E%0A%3Cp%3E10.WhenIwas25%2CIlikedto…%3C%2Fp%3E%0A%3Cp%3E11.Ican’tliveadaywithout…%3C%2Fp%3E%0A%3Cp%3E12.AnLJpostI’dliketorecommendtoeveryone…%3C%2Fp%3E%0A%3Cp%3E13.I’mproudof…%3C%2Fp%3E%0A%3Cp%3E14.IfIcouldgiveadvicetomyselffrom1999%2CI’d…%3C%2Fp%3E%0A%3Cp%3E15.MyfavoriteLJblog(s)%3C%2Fp%3E%0A%3Cp%3E16.MyfavoriteLJcommunity(-ies)%3C%2Fp%3E%0A%3Cp%3E17.Adish(orafoodproduct)Ilearnedtolikeonlyasanadult%3C%2Fp%3E%0A%3Cp%3E18.Withinthese25yearsI’vevisited…%3C%2Fp%3E%0A%3Cp%3E19.Myfavoritecureforsadnessis…%3C%2Fp%3E%0A%3Cp%3E20.IfIdidn’thavetowork%2CI’ddo…%3C%2Fp%3E%0A%3Cp%3E21.Mysuperpoweris…%3C%2Fp%3E%0A%3Cp%3E22.AusefulskillI’dliketoteachyoungergenerationsis…%3C%2Fp%3E%0A%3Cp%3E23.IfIcouldspendadayasananimal%2Cthatwouldbe…%3C%2Fp%3E%0A%3Cp%3E24.ThewayI’dliketogrowoldis…%3C%2Fp%3E%0A%3Cp%3E25.I’mgratefultoLJfor…%3C%2Fp%3E%0A&version=2&ila_campaign=lj25&ila_location=hashmob_start
============ Followed Redirection to https://www.livejournal.com/login.bml?returnto=https%3A%2F%2Fwww.livejournal.com%2Fpost%2F%3Ftitle%3DLiveJournalis25%253Ainterestingfactsaboutmeandmyblog%26useTags%3D%2523LJ25%26htmlContent%3D%250A%253Cimgsrc%253D%2522https%253A%252F%252Fic.pics.livejournal.com%252Fimg_store%252F87026542%252F25767%252F25767_original.png%2522%252F%253E%250A%253Cp%253E1.LJappearedinApril1999%252CtheyearwhenI%25E2%2580%25A6%253C%252Fp%253E%250A%253Cp%253E2.Asachild%252CIwantedtobecomea%25E2%2580%25A6%253C%252Fp%253E%250A%253Cp%253E3.Myfavoriteschoolsubjectwas%25E2%2580%25A6%253C%252Fp%253E%250A%253Cp%253E4.Thetuneofmycarefreeyouthis...%253C%252Fp%253E%250A%253Cp%253E5.Abook%28oranauthor%29thatinfluencedme%253C%252Fp%253E%250A%253Cp%253E6.Acity%28orcities%29Itrulylove%253C%252Fp%253E%250A%253Cp%253E7.IstartedanLJblogin%25E2%2580%25A6becauseIwanted...%253C%252Fp%253E%250A%253Cp%253E8.Thecatchphrasethatnearestanddearestrecognizemeby%25E2%2580%25A6%253C%252Fp%253E%250A%253Cp%253E9.AmovieI%25E2%2580%2599mnevertiredtowatchagain%253C%252Fp%253E%250A%253Cp%253E10.WhenIwas25%252CIlikedto%25E2%2580%25A6%253C%252Fp%253E%250A%253Cp%253E11.Ican%25E2%2580%2599tliveadaywithout%25E2%2580%25A6%253C%252Fp%253E%250A%253Cp%253E12.AnLJpostI%25E2%2580%2599dliketorecommendtoeveryone%25E2%2580%25A6%253C%252Fp%253E%250A%253Cp%253E13.I%25E2%2580%2599mproudof%25E2%2580%25A6%253C%252Fp%253E%250A%253Cp%253E14.IfIcouldgiveadvicetomyselffrom1999%252CI%25E2%2580%2599d%25E2%2580%25A6%253C%252Fp%253E%250A%253Cp%253E15.MyfavoriteLJblog%28s%29%253C%252Fp%253E%250A%253Cp%253E16.MyfavoriteLJcommunity%28-ies%29%253C%252Fp%253E%250A%253Cp%253E17.Adish%28orafoodproduct%29Ilearnedtolikeonlyasanadult%253C%252Fp%253E%250A%253Cp%253E18.Withinthese25yearsI%25E2%2580%2599vevisited%25E2%2580%25A6%253C%252Fp%253E%250A%253Cp%253E19.Myfavoritecureforsadnessis%25E2%2580%25A6%253C%252Fp%253E%250A%253Cp%253E20.IfIdidn%25E2%2580%2599thavetowork%252CI%25E2%2580%2599ddo%25E2%2580%25A6%253C%252Fp%253E%250A%253Cp%253E21.Mysuperpoweris%25E2%2580%25A6%253C%252Fp%253E%250A%253Cp%253E22.AusefulskillI%25E2%2580%2599dliketoteachyoungergenerationsis%25E2%2580%25A6%253C%252Fp%253E%250A%253Cp%253E23.IfIcouldspendadayasananimal%252Cthatwouldbe%25E2%2580%25A6%253C%252Fp%253E%250A%253Cp%253E24.ThewayI%25E2%2580%2599dliketogrowoldis%25E2%2580%25A6%253C%252Fp%253E%250A%253Cp%253E25.I%25E2%2580%2599mgratefultoLJfor%25E2%2580%25A6%253C%252Fp%253E%250A%26version%3D2%26ila_campaign%3Dlj25%26ila_location%3Dhashmob_start
============ Link after cleaning: https://www.livejournal.com/login.bml
============ Excluded based on allow/block list.
======== We are on link 205 of 364
========== raw link https://www.livejournal.com/rsearch/?tags=%23LJ25
============ Checking for Redirections: https://www.livejournal.com/rsearch/?tags=%23LJ25
============ Followed Redirection to https://www.livejournal.com/rsearch/?tags=%23LJ25&searchArea=post
============ Link after cleaning: https://www.livejournal.com/rsearch/
========== scraping https://www.livejournal.com/rsearch/
============ Dropping non-English link: https://www.livejournal.com/rsearch/
======== We are on link 206 of 364
========== raw link https://news.livejournal.com/164313.html#cutid1
============ Checking for Redirections: https://news.livejournal.com/164313.html#cutid1
============ Link after cleaning: https://news.livejournal.com/164313.html
========== link already checked
======== We are on link 207 of 364
========== raw link https://news.livejournal.com/164313.html#cutid1
============ Checking for Redirections: https://news.livejournal.com/164313.html#cutid1
============ Link after cleaning: https://news.livejournal.com/164313.html
========== link already checked
======== We are on link 208 of 364
========== raw link https://news.livejournal.com/tag/%23lj25/
============ Checking for Redirections: https://news.livejournal.com/tag/%23lj25/
============ Followed Redirection to https://www.livejournal.com/rsearch/?tags=%23lj25&searchArea=post
============ Link after cleaning: https://www.livejournal.com/rsearch/
========== scraping https://www.livejournal.com/rsearch/
============ Dropping non-English link: https://www.livejournal.com/rsearch/
======== We are on link 209 of 364
========== raw link https://news.livejournal.com/tag/happy%20anniversary/
============ Checking for Redirections: https://news.livejournal.com/tag/happy%20anniversary/
============ Link unchanged
========== link already checked
======== We are on link 210 of 364
========== raw link https://news.livejournal.com/tag/happy%20birthday/
============ Checking for Redirections: https://news.livejournal.com/tag/happy%20birthday/
============ Link unchanged
========== link already checked
======== We are on link 211 of 364
========== raw link https://news.livejournal.com/tag/livejournal%20is%2025/
============ Checking for Redirections: https://news.livejournal.com/tag/livejournal%20is%2025/
============ Link unchanged
========== link already checked
======== We are on link 212 of 364
========== raw link https://news.livejournal.com/tag/lj25/
============ Checking for Redirections: https://news.livejournal.com/tag/lj25/
============ Link unchanged
========== link already checked
======== We are on link 213 of 364
========== raw link #
========== dropped link (either fragment ("#"), js, mailto, comment, pdf, or empty)
======== We are on link 214 of 364
========== raw link #
========== dropped link (either fragment ("#"), js, mailto, comment, pdf, or empty)
======== We are on link 215 of 364
========== raw link https://news.livejournal.com/164313.html?view=comments#comments
============ Checking for Redirections: https://news.livejournal.com/164313.html?view=comments#comments
============ Link after cleaning: https://news.livejournal.com/164313.html
========== link already checked
======== We are on link 216 of 364
========== raw link https://news.livejournal.com/164313.html?mode=reply#add_comment
============ Checking for Redirections: https://news.livejournal.com/164313.html?mode=reply#add_comment
============ Link after cleaning: https://news.livejournal.com/164313.html
========== link already checked
======== We are on link 217 of 364
========== raw link javascript:void(0)
========== dropped link (either fragment ("#"), js, mailto, comment, pdf, or empty)
======== We are on link 218 of 364
========== raw link https://www.livejournal.com/tools/content_flag.bml?user=news&itemid=164313
============ Checking for Redirections: https://www.livejournal.com/tools/content_flag.bml?user=news&itemid=164313
============ Followed Redirection to https://www.livejournal.com/tools/content_flag/?user=news&itemid=164313
============ Link after cleaning: https://www.livejournal.com/tools/content_flag/
========== link already checked
======== We are on link 219 of 364
========== raw link https://news.livejournal.com
============ Checking for Redirections: https://news.livejournal.com
============ Followed Redirection to https://news.livejournal.com/
============ Link after cleaning: https://news.livejournal.com/
========== link already checked
======== We are on link 220 of 364
========== raw link https://livejournal.livejournal.com/profile/
============ Checking for Redirections: https://livejournal.livejournal.com/profile/
============ Link unchanged
========== link already checked
======== We are on link 221 of 364
========== raw link https://livejournal.livejournal.com/
============ Checking for Redirections: https://livejournal.livejournal.com/
============ Link unchanged
========== scraping https://livejournal.livejournal.com/
============ Dropping non-English link: https://livejournal.livejournal.com/
======== We are on link 222 of 364
========== raw link #
========== dropped link (either fragment ("#"), js, mailto, comment, pdf, or empty)
======== We are on link 223 of 364
========== raw link https://news.livejournal.com/163949.html
============ Checking for Redirections: https://news.livejournal.com/163949.html
============ Link unchanged
========== scraping https://news.livejournal.com/163949.html
======== We are on link 224 of 364
========== raw link https://brad.livejournal.com/profile/
============ Checking for Redirections: https://brad.livejournal.com/profile/
============ Link unchanged
========== scraping https://brad.livejournal.com/profile/
======== We are on link 225 of 364
========== raw link https://brad.livejournal.com/
============ Checking for Redirections: https://brad.livejournal.com/
============ Link unchanged
========== scraping https://brad.livejournal.com/
======== We are on link 226 of 364
========== raw link #
========== dropped link (either fragment ("#"), js, mailto, comment, pdf, or empty)
======== We are on link 227 of 364
========== raw link https://news.livejournal.com/163949.html#cutid1
============ Checking for Redirections: https://news.livejournal.com/163949.html#cutid1
============ Link after cleaning: https://news.livejournal.com/163949.html
========== link already checked
======== We are on link 228 of 364
========== raw link https://news.livejournal.com/163949.html#cutid1
============ Checking for Redirections: https://news.livejournal.com/163949.html#cutid1
============ Link after cleaning: https://news.livejournal.com/163949.html
========== link already checked
======== We are on link 229 of 364
========== raw link https://news.livejournal.com/tag/happy%20anniversary/
============ Checking for Redirections: https://news.livejournal.com/tag/happy%20anniversary/
============ Link unchanged
========== link already checked
======== We are on link 230 of 364
========== raw link https://news.livejournal.com/tag/happy%20birthday/
============ Checking for Redirections: https://news.livejournal.com/tag/happy%20birthday/
============ Link unchanged
========== link already checked
======== We are on link 231 of 364
========== raw link https://news.livejournal.com/tag/livejournal%20is%2025/
============ Checking for Redirections: https://news.livejournal.com/tag/livejournal%20is%2025/
============ Link unchanged
========== link already checked
======== We are on link 232 of 364
========== raw link https://news.livejournal.com/tag/lj25/
============ Checking for Redirections: https://news.livejournal.com/tag/lj25/
============ Link unchanged
========== link already checked
======== We are on link 233 of 364
========== raw link #
========== dropped link (either fragment ("#"), js, mailto, comment, pdf, or empty)
======== We are on link 234 of 364
========== raw link #
========== dropped link (either fragment ("#"), js, mailto, comment, pdf, or empty)
======== We are on link 235 of 364
========== raw link https://news.livejournal.com/163949.html?view=comments#comments
============ Checking for Redirections: https://news.livejournal.com/163949.html?view=comments#comments
============ Link after cleaning: https://news.livejournal.com/163949.html
========== link already checked
======== We are on link 236 of 364
========== raw link https://news.livejournal.com/163949.html?mode=reply#add_comment
============ Checking for Redirections: https://news.livejournal.com/163949.html?mode=reply#add_comment
============ Link after cleaning: https://news.livejournal.com/163949.html
========== link already checked
======== We are on link 237 of 364
========== raw link javascript:void(0)
========== dropped link (either fragment ("#"), js, mailto, comment, pdf, or empty)
======== We are on link 238 of 364
========== raw link https://www.livejournal.com/tools/content_flag.bml?user=news&itemid=163949
============ Checking for Redirections: https://www.livejournal.com/tools/content_flag.bml?user=news&itemid=163949
============ Followed Redirection to https://www.livejournal.com/tools/content_flag/?user=news&itemid=163949
============ Link after cleaning: https://www.livejournal.com/tools/content_flag/
========== link already checked
======== We are on link 239 of 364
========== raw link https://news.livejournal.com/?skip=10
============ Checking for Redirections: https://news.livejournal.com/?skip=10
============ Link after cleaning: https://news.livejournal.com/
========== link already checked
======== We are on link 240 of 364
========== raw link #
========== dropped link (either fragment ("#"), js, mailto, comment, pdf, or empty)
======== We are on link 241 of 364
========== raw link javascript:void(0);
========== dropped link (either fragment ("#"), js, mailto, comment, pdf, or empty)
======== We are on link 242 of 364
========== raw link https://news.livejournal.com/calendar/
========== dropped link https://news.livejournal.com/calendar/. Didn't pass first allows/blocks test.
======== We are on link 243 of 364
========== raw link https://news.livejournal.com/2025/05/
============ Checking for Redirections: https://news.livejournal.com/2025/05/
============ Link unchanged
========== scraping https://news.livejournal.com/2025/05/
======== We are on link 244 of 364
========== raw link https://news.livejournal.com/2025/
============ Checking for Redirections: https://news.livejournal.com/2025/
============ Link unchanged
========== scraping https://news.livejournal.com/2025/
======== We are on link 245 of 364
========== raw link https://news.livejournal.com/2025/05/13/
============ Checking for Redirections: https://news.livejournal.com/2025/05/13/
============ Link unchanged
========== scraping https://news.livejournal.com/2025/05/13/
======== We are on link 246 of 364
========== raw link https://news.livejournal.com/tag/
============ Checking for Redirections: https://news.livejournal.com/tag/
============ Link unchanged
========== link already checked
======== We are on link 247 of 364
========== raw link https://news.livejournal.com/tag/2007/
============ Checking for Redirections: https://news.livejournal.com/tag/2007/
============ Link unchanged
========== scraping https://news.livejournal.com/tag/2007/
======== We are on link 248 of 364
========== raw link https://news.livejournal.com/tag/2008/
============ Checking for Redirections: https://news.livejournal.com/tag/2008/
============ Link unchanged
========== scraping https://news.livejournal.com/tag/2008/
======== We are on link 249 of 364
========== raw link https://news.livejournal.com/tag/achievements/
============ Checking for Redirections: https://news.livejournal.com/tag/achievements/
============ Link unchanged
========== link already checked
======== We are on link 250 of 364
========== raw link https://news.livejournal.com/tag/advisory%20board/
============ Checking for Redirections: https://news.livejournal.com/tag/advisory%20board/
============ Link unchanged
========== scraping https://news.livejournal.com/tag/advisory%20board/
======== We are on link 251 of 364
========== raw link https://news.livejournal.com/tag/anniversary%20anthology/
============ Checking for Redirections: https://news.livejournal.com/tag/anniversary%20anthology/
============ Link unchanged
========== scraping https://news.livejournal.com/tag/anniversary%20anthology/
======== We are on link 252 of 364
========== raw link https://news.livejournal.com/tag/blurb/
============ Checking for Redirections: https://news.livejournal.com/tag/blurb/
============ Link unchanged
========== scraping https://news.livejournal.com/tag/blurb/
======== We are on link 253 of 364
========== raw link https://news.livejournal.com/tag/charitable%20vgift/
============ Checking for Redirections: https://news.livejournal.com/tag/charitable%20vgift/
============ Link unchanged
========== scraping https://news.livejournal.com/tag/charitable%20vgift/
======== We are on link 254 of 364
========== raw link https://news.livejournal.com/tag/comments/
============ Checking for Redirections: https://news.livejournal.com/tag/comments/
============ Link unchanged
========== link already checked
======== We are on link 255 of 364
========== raw link https://news.livejournal.com/tag/contest/
============ Checking for Redirections: https://news.livejournal.com/tag/contest/
============ Link unchanged
========== scraping https://news.livejournal.com/tag/contest/
======== We are on link 256 of 364
========== raw link https://news.livejournal.com/tag/customize%20journal/
============ Checking for Redirections: https://news.livejournal.com/tag/customize%20journal/
============ Link unchanged
========== scraping https://news.livejournal.com/tag/customize%20journal/
======== We are on link 257 of 364
========== raw link https://news.livejournal.com/tag/did%20you%20know%3F/
============ Checking for Redirections: https://news.livejournal.com/tag/did%20you%20know%3F/
============ Link unchanged
========== scraping https://news.livejournal.com/tag/did%20you%20know%3F/
======== We are on link 258 of 364
========== raw link https://news.livejournal.com/tag/discount/
============ Checking for Redirections: https://news.livejournal.com/tag/discount/
============ Link unchanged
========== scraping https://news.livejournal.com/tag/discount/
======== We are on link 259 of 364
========== raw link https://news.livejournal.com/tag/elections/
============ Checking for Redirections: https://news.livejournal.com/tag/elections/
============ Link unchanged
========== scraping https://news.livejournal.com/tag/elections/
======== We are on link 260 of 364
========== raw link https://news.livejournal.com/tag/feedback/
============ Checking for Redirections: https://news.livejournal.com/tag/feedback/
============ Link unchanged
========== scraping https://news.livejournal.com/tag/feedback/
======== We are on link 261 of 364
========== raw link https://news.livejournal.com/tag/frank/
============ Checking for Redirections: https://news.livejournal.com/tag/frank/
============ Link unchanged
========== scraping https://news.livejournal.com/tag/frank/
======== We are on link 262 of 364
========== raw link https://news.livejournal.com/tag/frank%20%26%20meme/
============ Checking for Redirections: https://news.livejournal.com/tag/frank%20%26%20meme/
============ Link unchanged
========== scraping https://news.livejournal.com/tag/frank%20%26%20meme/
======== We are on link 263 of 364
========== raw link https://news.livejournal.com/tag/frank%20and%20meme/
============ Checking for Redirections: https://news.livejournal.com/tag/frank%20and%20meme/
============ Link unchanged
========== scraping https://news.livejournal.com/tag/frank%20and%20meme/
======== We are on link 264 of 364
========== raw link https://news.livejournal.com/tag/frank%26meme/
============ Checking for Redirections: https://news.livejournal.com/tag/frank%26meme/
============ Link unchanged
========== scraping https://news.livejournal.com/tag/frank%26meme/
======== We are on link 265 of 364
========== raw link https://news.livejournal.com/tag/frankandmeme/
============ Checking for Redirections: https://news.livejournal.com/tag/frankandmeme/
============ Link unchanged
========== scraping https://news.livejournal.com/tag/frankandmeme/
======== We are on link 266 of 364
========== raw link https://news.livejournal.com/tag/free%20vgift%20for%20paid%20users/
============ Checking for Redirections: https://news.livejournal.com/tag/free%20vgift%20for%20paid%20users/
============ Link unchanged
========== scraping https://news.livejournal.com/tag/free%20vgift%20for%20paid%20users/
======== We are on link 267 of 364
========== raw link https://news.livejournal.com/tag/free%20vgifts%20for%20paid%20users/
============ Checking for Redirections: https://news.livejournal.com/tag/free%20vgifts%20for%20paid%20users/
============ Link unchanged
========== scraping https://news.livejournal.com/tag/free%20vgifts%20for%20paid%20users/
======== We are on link 268 of 364
========== raw link https://news.livejournal.com/tag/give%20more/
============ Checking for Redirections: https://news.livejournal.com/tag/give%20more/
============ Link unchanged
========== scraping https://news.livejournal.com/tag/give%20more/
======== We are on link 269 of 364
========== raw link https://news.livejournal.com/tag/happy%20anniversary/
============ Checking for Redirections: https://news.livejournal.com/tag/happy%20anniversary/
============ Link unchanged
========== link already checked
======== We are on link 270 of 364
========== raw link https://news.livejournal.com/tag/happy%20birthday/
============ Checking for Redirections: https://news.livejournal.com/tag/happy%20birthday/
============ Link unchanged
========== link already checked
======== We are on link 271 of 364
========== raw link https://news.livejournal.com/tag/header%20contest/
============ Checking for Redirections: https://news.livejournal.com/tag/header%20contest/
============ Link unchanged
========== scraping https://news.livejournal.com/tag/header%20contest/
======== We are on link 272 of 364
========== raw link https://news.livejournal.com/tag/header%20design%20contest/
============ Checking for Redirections: https://news.livejournal.com/tag/header%20design%20contest/
============ Link unchanged
========== scraping https://news.livejournal.com/tag/header%20design%20contest/
======== We are on link 273 of 364
========== raw link https://news.livejournal.com/tag/journal%20theme%20contest/
============ Checking for Redirections: https://news.livejournal.com/tag/journal%20theme%20contest/
============ Link unchanged
========== scraping https://news.livejournal.com/tag/journal%20theme%20contest/
======== We are on link 274 of 364
========== raw link https://news.livejournal.com/tag/livejournal%20is%2025/
============ Checking for Redirections: https://news.livejournal.com/tag/livejournal%20is%2025/
============ Link unchanged
========== link already checked
======== We are on link 275 of 364
========== raw link https://news.livejournal.com/tag/lj%20birthday/
============ Checking for Redirections: https://news.livejournal.com/tag/lj%20birthday/
============ Link unchanged
========== link already checked
======== We are on link 276 of 364
========== raw link https://news.livejournal.com/tag/lj%20tenth%20birthday/
============ Checking for Redirections: https://news.livejournal.com/tag/lj%20tenth%20birthday/
============ Link unchanged
========== scraping https://news.livejournal.com/tag/lj%20tenth%20birthday/
======== We are on link 277 of 364
========== raw link https://news.livejournal.com/tag/lj25/
============ Checking for Redirections: https://news.livejournal.com/tag/lj25/
============ Link unchanged
========== link already checked
======== We are on link 278 of 364
========== raw link https://news.livejournal.com/tag/lj_photophile/
============ Checking for Redirections: https://news.livejournal.com/tag/lj_photophile/
============ Link unchanged
========== scraping https://news.livejournal.com/tag/lj_photophile/
======== We are on link 279 of 364
========== raw link https://news.livejournal.com/tag/lj_scribe/
============ Checking for Redirections: https://news.livejournal.com/tag/lj_scribe/
============ Link unchanged
========== scraping https://news.livejournal.com/tag/lj_scribe/
======== We are on link 280 of 364
========== raw link https://news.livejournal.com/tag/mobile%20app/
============ Checking for Redirections: https://news.livejournal.com/tag/mobile%20app/
============ Link unchanged
========== scraping https://news.livejournal.com/tag/mobile%20app/
======== We are on link 281 of 364
========== raw link https://news.livejournal.com/tag/my%20guests/
============ Checking for Redirections: https://news.livejournal.com/tag/my%20guests/
============ Link unchanged
========== scraping https://news.livejournal.com/tag/my%20guests/
======== We are on link 282 of 364
========== raw link https://news.livejournal.com/tag/new%20year/
============ Checking for Redirections: https://news.livejournal.com/tag/new%20year/
============ Link unchanged
========== link already checked
======== We are on link 283 of 364
========== raw link https://news.livejournal.com/tag/news/
============ Checking for Redirections: https://news.livejournal.com/tag/news/
============ Link unchanged
========== scraping https://news.livejournal.com/tag/news/
======== We are on link 284 of 364
========== raw link https://news.livejournal.com/tag/notes/
============ Checking for Redirections: https://news.livejournal.com/tag/notes/
============ Link unchanged
========== scraping https://news.livejournal.com/tag/notes/
======== We are on link 285 of 364
========== raw link https://news.livejournal.com/tag/notifications/
============ Checking for Redirections: https://news.livejournal.com/tag/notifications/
============ Link unchanged
========== scraping https://news.livejournal.com/tag/notifications/
======== We are on link 286 of 364
========== raw link https://news.livejournal.com/tag/ontd/
============ Checking for Redirections: https://news.livejournal.com/tag/ontd/
============ Link unchanged
========== scraping https://news.livejournal.com/tag/ontd/
======== We are on link 287 of 364
========== raw link https://news.livejournal.com/tag/photo%20of%20the%20week/
============ Checking for Redirections: https://news.livejournal.com/tag/photo%20of%20the%20week/
============ Link unchanged
========== scraping https://news.livejournal.com/tag/photo%20of%20the%20week/
======== We are on link 288 of 364
========== raw link https://news.livejournal.com/tag/photophile/
============ Checking for Redirections: https://news.livejournal.com/tag/photophile/
============ Link unchanged
========== scraping https://news.livejournal.com/tag/photophile/
======== We are on link 289 of 364
========== raw link https://news.livejournal.com/tag/pingbacks/
============ Checking for Redirections: https://news.livejournal.com/tag/pingbacks/
============ Link unchanged
========== scraping https://news.livejournal.com/tag/pingbacks/
======== We are on link 290 of 364
========== raw link https://news.livejournal.com/tag/release%2088/
============ Checking for Redirections: https://news.livejournal.com/tag/release%2088/
============ Link unchanged
========== scraping https://news.livejournal.com/tag/release%2088/
======== We are on link 291 of 364
========== raw link https://news.livejournal.com/tag/release%20notes/
============ Checking for Redirections: https://news.livejournal.com/tag/release%20notes/
============ Link unchanged
========== scraping https://news.livejournal.com/tag/release%20notes/
======== We are on link 292 of 364
========== raw link https://news.livejournal.com/tag/spam/
============ Checking for Redirections: https://news.livejournal.com/tag/spam/
============ Link unchanged
========== scraping https://news.livejournal.com/tag/spam/
======== We are on link 293 of 364
========== raw link https://news.livejournal.com/tag/txtlj/
============ Checking for Redirections: https://news.livejournal.com/tag/txtlj/
============ Link unchanged
========== scraping https://news.livejournal.com/tag/txtlj/
======== We are on link 294 of 364
========== raw link https://news.livejournal.com/tag/v-gifts/
============ Checking for Redirections: https://news.livejournal.com/tag/v-gifts/
============ Link unchanged
========== scraping https://news.livejournal.com/tag/v-gifts/
======== We are on link 295 of 364
========== raw link https://news.livejournal.com/tag/vgifts/
============ Checking for Redirections: https://news.livejournal.com/tag/vgifts/
============ Link unchanged
========== scraping https://news.livejournal.com/tag/vgifts/
======== We are on link 296 of 364
========== raw link https://news.livejournal.com/tag/writer%27s%20block/
============ Checking for Redirections: https://news.livejournal.com/tag/writer%27s%20block/
============ Link unchanged
========== scraping https://news.livejournal.com/tag/writer%27s%20block/
======== We are on link 297 of 364
========== raw link https://news.livejournal.com/tag/
============ Checking for Redirections: https://news.livejournal.com/tag/
============ Link unchanged
========== link already checked
======== We are on link 298 of 364
========== raw link https://news.livejournal.com/profile/
============ Checking for Redirections: https://news.livejournal.com/profile/
============ Link unchanged
========== link already checked
======== We are on link 299 of 364
========== raw link https://news.livejournal.com/
============ Checking for Redirections: https://news.livejournal.com/
============ Link unchanged
========== link already checked
======== We are on link 300 of 364
========== raw link #
========== dropped link (either fragment ("#"), js, mailto, comment, pdf, or empty)
======== We are on link 301 of 364
========== raw link #entry-news-166314
========== dropped link (either fragment ("#"), js, mailto, comment, pdf, or empty)
======== We are on link 302 of 364
========== raw link https://news.livejournal.com/166314.html?view=comments#comments
============ Checking for Redirections: https://news.livejournal.com/166314.html?view=comments#comments
============ Link after cleaning: https://news.livejournal.com/166314.html
========== link already checked
======== We are on link 303 of 364
========== raw link https://news.livejournal.com/profile/
============ Checking for Redirections: https://news.livejournal.com/profile/
============ Link unchanged
========== link already checked
======== We are on link 304 of 364
========== raw link https://news.livejournal.com/
============ Checking for Redirections: https://news.livejournal.com/
============ Link unchanged
========== link already checked
======== We are on link 305 of 364
========== raw link #
========== dropped link (either fragment ("#"), js, mailto, comment, pdf, or empty)
======== We are on link 306 of 364
========== raw link #entry-news-165975
========== dropped link (either fragment ("#"), js, mailto, comment, pdf, or empty)
======== We are on link 307 of 364
========== raw link https://news.livejournal.com/165975.html?view=comments#comments
============ Checking for Redirections: https://news.livejournal.com/165975.html?view=comments#comments
============ Link after cleaning: https://news.livejournal.com/165975.html
========== link already checked
======== We are on link 308 of 364
========== raw link https://news.livejournal.com/profile/
============ Checking for Redirections: https://news.livejournal.com/profile/
============ Link unchanged
========== link already checked
======== We are on link 309 of 364
========== raw link https://news.livejournal.com/
============ Checking for Redirections: https://news.livejournal.com/
============ Link unchanged
========== link already checked
======== We are on link 310 of 364
========== raw link #
========== dropped link (either fragment ("#"), js, mailto, comment, pdf, or empty)
======== We are on link 311 of 364
========== raw link #entry-news-165726
========== dropped link (either fragment ("#"), js, mailto, comment, pdf, or empty)
======== We are on link 312 of 364
========== raw link https://news.livejournal.com/165726.html?view=comments#comments
============ Checking for Redirections: https://news.livejournal.com/165726.html?view=comments#comments
============ Link after cleaning: https://news.livejournal.com/165726.html
========== link already checked
======== We are on link 313 of 364
========== raw link https://news.livejournal.com/profile/
============ Checking for Redirections: https://news.livejournal.com/profile/
============ Link unchanged
========== link already checked
======== We are on link 314 of 364
========== raw link https://news.livejournal.com/
============ Checking for Redirections: https://news.livejournal.com/
============ Link unchanged
========== link already checked
======== We are on link 315 of 364
========== raw link #
========== dropped link (either fragment ("#"), js, mailto, comment, pdf, or empty)
======== We are on link 316 of 364
========== raw link #entry-news-165448
========== dropped link (either fragment ("#"), js, mailto, comment, pdf, or empty)
======== We are on link 317 of 364
========== raw link https://news.livejournal.com/165448.html?view=comments#comments
============ Checking for Redirections: https://news.livejournal.com/165448.html?view=comments#comments
============ Link after cleaning: https://news.livejournal.com/165448.html
========== link already checked
======== We are on link 318 of 364
========== raw link https://news.livejournal.com/profile/
============ Checking for Redirections: https://news.livejournal.com/profile/
============ Link unchanged
========== link already checked
======== We are on link 319 of 364
========== raw link https://news.livejournal.com/
============ Checking for Redirections: https://news.livejournal.com/
============ Link unchanged
========== link already checked
======== We are on link 320 of 364
========== raw link #
========== dropped link (either fragment ("#"), js, mailto, comment, pdf, or empty)
======== We are on link 321 of 364
========== raw link #entry-news-165368
========== dropped link (either fragment ("#"), js, mailto, comment, pdf, or empty)
======== We are on link 322 of 364
========== raw link https://news.livejournal.com/165368.html?view=comments#comments
============ Checking for Redirections: https://news.livejournal.com/165368.html?view=comments#comments
============ Link after cleaning: https://news.livejournal.com/165368.html
========== link already checked
======== We are on link 323 of 364
========== raw link https://news.livejournal.com/profile/
============ Checking for Redirections: https://news.livejournal.com/profile/
============ Link unchanged
========== link already checked
======== We are on link 324 of 364
========== raw link https://news.livejournal.com/
============ Checking for Redirections: https://news.livejournal.com/
============ Link unchanged
========== link already checked
======== We are on link 325 of 364
========== raw link #
========== dropped link (either fragment ("#"), js, mailto, comment, pdf, or empty)
======== We are on link 326 of 364
========== raw link #entry-news-164902
========== dropped link (either fragment ("#"), js, mailto, comment, pdf, or empty)
======== We are on link 327 of 364
========== raw link https://news.livejournal.com/164902.html?view=comments#comments
============ Checking for Redirections: https://news.livejournal.com/164902.html?view=comments#comments
============ Link after cleaning: https://news.livejournal.com/164902.html
========== link already checked
======== We are on link 328 of 364
========== raw link https://news.livejournal.com/profile/
============ Checking for Redirections: https://news.livejournal.com/profile/
============ Link unchanged
========== link already checked
======== We are on link 329 of 364
========== raw link https://news.livejournal.com/
============ Checking for Redirections: https://news.livejournal.com/
============ Link unchanged
========== link already checked
======== We are on link 330 of 364
========== raw link #
========== dropped link (either fragment ("#"), js, mailto, comment, pdf, or empty)
======== We are on link 331 of 364
========== raw link #entry-news-164682
========== dropped link (either fragment ("#"), js, mailto, comment, pdf, or empty)
======== We are on link 332 of 364
========== raw link https://news.livejournal.com/164682.html?view=comments#comments
============ Checking for Redirections: https://news.livejournal.com/164682.html?view=comments#comments
============ Link after cleaning: https://news.livejournal.com/164682.html
========== link already checked
======== We are on link 333 of 364
========== raw link https://news.livejournal.com/profile/
============ Checking for Redirections: https://news.livejournal.com/profile/
============ Link unchanged
========== link already checked
======== We are on link 334 of 364
========== raw link https://news.livejournal.com/
============ Checking for Redirections: https://news.livejournal.com/
============ Link unchanged
========== link already checked
======== We are on link 335 of 364
========== raw link #
========== dropped link (either fragment ("#"), js, mailto, comment, pdf, or empty)
======== We are on link 336 of 364
========== raw link #entry-news-164460
========== dropped link (either fragment ("#"), js, mailto, comment, pdf, or empty)
======== We are on link 337 of 364
========== raw link https://news.livejournal.com/164460.html?view=comments#comments
============ Checking for Redirections: https://news.livejournal.com/164460.html?view=comments#comments
============ Link after cleaning: https://news.livejournal.com/164460.html
========== link already checked
======== We are on link 338 of 364
========== raw link https://news.livejournal.com/profile/
============ Checking for Redirections: https://news.livejournal.com/profile/
============ Link unchanged
========== link already checked
======== We are on link 339 of 364
========== raw link https://news.livejournal.com/
============ Checking for Redirections: https://news.livejournal.com/
============ Link unchanged
========== link already checked
======== We are on link 340 of 364
========== raw link #
========== dropped link (either fragment ("#"), js, mailto, comment, pdf, or empty)
======== We are on link 341 of 364
========== raw link #entry-news-164313
========== dropped link (either fragment ("#"), js, mailto, comment, pdf, or empty)
======== We are on link 342 of 364
========== raw link https://news.livejournal.com/164313.html?view=comments#comments
============ Checking for Redirections: https://news.livejournal.com/164313.html?view=comments#comments
============ Link after cleaning: https://news.livejournal.com/164313.html
========== link already checked
======== We are on link 343 of 364
========== raw link https://news.livejournal.com/profile/
============ Checking for Redirections: https://news.livejournal.com/profile/
============ Link unchanged
========== link already checked
======== We are on link 344 of 364
========== raw link https://news.livejournal.com/
============ Checking for Redirections: https://news.livejournal.com/
============ Link unchanged
========== link already checked
======== We are on link 345 of 364
========== raw link #
========== dropped link (either fragment ("#"), js, mailto, comment, pdf, or empty)
======== We are on link 346 of 364
========== raw link #entry-news-163949
========== dropped link (either fragment ("#"), js, mailto, comment, pdf, or empty)
======== We are on link 347 of 364
========== raw link https://news.livejournal.com/163949.html?view=comments#comments
============ Checking for Redirections: https://news.livejournal.com/163949.html?view=comments#comments
============ Link after cleaning: https://news.livejournal.com/163949.html
========== link already checked
======== We are on link 348 of 364
========== raw link https://sireesanwar.livejournal.com/profile/
============ Checking for Redirections: https://sireesanwar.livejournal.com/profile/
============ Link unchanged
========== scraping https://sireesanwar.livejournal.com/profile/
======== We are on link 349 of 364
========== raw link https://sireesanwar.livejournal.com/
============ Checking for Redirections: https://sireesanwar.livejournal.com/
============ Link unchanged
========== scraping https://sireesanwar.livejournal.com/
======== We are on link 350 of 364
========== raw link #
========== dropped link (either fragment ("#"), js, mailto, comment, pdf, or empty)
======== We are on link 351 of 364
========== raw link https://news.livejournal.com/166314.html?thread=104810410#t104810410
============ Checking for Redirections: https://news.livejournal.com/166314.html?thread=104810410#t104810410
============ Link after cleaning: https://news.livejournal.com/166314.html
========== link already checked
======== We are on link 352 of 364
========== raw link https://japaneserose.livejournal.com/profile/
============ Checking for Redirections: https://japaneserose.livejournal.com/profile/
============ Link unchanged
========== scraping https://japaneserose.livejournal.com/profile/
======== We are on link 353 of 364
========== raw link https://japaneserose.livejournal.com/
============ Checking for Redirections: https://japaneserose.livejournal.com/
============ Link unchanged
========== scraping https://japaneserose.livejournal.com/
======== We are on link 354 of 364
========== raw link https://news.livejournal.com/165975.html?thread=104809815#t104809815
============ Checking for Redirections: https://news.livejournal.com/165975.html?thread=104809815#t104809815
============ Link after cleaning: https://news.livejournal.com/165975.html
========== link already checked
======== We are on link 355 of 364
========== raw link https://japaneserose.livejournal.com/profile/
============ Checking for Redirections: https://japaneserose.livejournal.com/profile/
============ Link unchanged
========== link already checked
======== We are on link 356 of 364
========== raw link https://japaneserose.livejournal.com/
============ Checking for Redirections: https://japaneserose.livejournal.com/
============ Link unchanged
========== link already checked
======== We are on link 357 of 364
========== raw link https://news.livejournal.com/165975.html?thread=104809559#t104809559
============ Checking for Redirections: https://news.livejournal.com/165975.html?thread=104809559#t104809559
============ Link after cleaning: https://news.livejournal.com/165975.html
========== link already checked
======== We are on link 358 of 364
========== raw link https://www.livejournal.com/profile/?userid=101559214&t=I
============ Checking for Redirections: https://www.livejournal.com/profile/?userid=101559214&t=I
============ Link after cleaning: https://www.livejournal.com/profile/
========== scraping https://www.livejournal.com/profile/
======== We are on link 359 of 364
========== raw link https://ext-6766251.livejournal.com
============ Checking for Redirections: https://ext-6766251.livejournal.com
============ Followed Redirection to https://ext-6766251.livejournal.com/
============ Link after cleaning: https://ext-6766251.livejournal.com/
========== scraping https://ext-6766251.livejournal.com/
======== We are on link 360 of 364
========== raw link https://news.livejournal.com/44990.html?thread=104808894#t104808894
============ Checking for Redirections: https://news.livejournal.com/44990.html?thread=104808894#t104808894
============ Link after cleaning: https://news.livejournal.com/44990.html
========== scraping https://news.livejournal.com/44990.html
======== We are on link 361 of 364
========== raw link https://www.livejournal.com/profile/?userid=101559214&t=I
============ Checking for Redirections: https://www.livejournal.com/profile/?userid=101559214&t=I
============ Link after cleaning: https://www.livejournal.com/profile/
========== link already checked
======== We are on link 362 of 364
========== raw link https://ext-6766251.livejournal.com
============ Checking for Redirections: https://ext-6766251.livejournal.com
============ Followed Redirection to https://ext-6766251.livejournal.com/
============ Link after cleaning: https://ext-6766251.livejournal.com/
========== link already checked
======== We are on link 363 of 364
========== raw link https://news.livejournal.com/158952.html?thread=104808680#t104808680
============ Checking for Redirections: https://news.livejournal.com/158952.html?thread=104808680#t104808680
============ Link after cleaning: https://news.livejournal.com/158952.html
========== scraping https://news.livejournal.com/158952.html
======== We are on link 364 of 364
========== raw link https://www.livejournal.com/memories/add?journal=&itemid=
============ Checking for Redirections: https://www.livejournal.com/memories/add?journal=&itemid=
============ Followed Redirection to https://www.livejournal.com/login.bml?returnto=https%3A%2F%2Fwww.livejournal.com%2Fmemories%2Fadd%2F%3Fjournal%3D%26itemid%3D
============ Link after cleaning: https://www.livejournal.com/login.bml
============ Excluded based on allow/block list.
====== We are on page 4 of 4: https://www.livejournal.com/legal/tos-en.bml
====== Number of Links on this Page: 60
======== We are on link 1 of 60
========== raw link https://www.livejournal.com/
============ Checking for Redirections: https://www.livejournal.com/
============ Link unchanged
========== link already checked
======== We are on link 2 of 60
========== raw link https://www.livejournal.com/browse/
============ Checking for Redirections: https://www.livejournal.com/browse/
============ Link unchanged
========== link already checked
======== We are on link 3 of 60
========== raw link https://www.livejournal.com/syn/
============ Checking for Redirections: https://www.livejournal.com/syn/
============ Link unchanged
========== link already checked
======== We are on link 4 of 60
========== raw link https://www.livejournal.com/shop/?ila_campaign=ex_shop_pro&ila_location=site_menu&ila_context=shop
========== dropped link https://www.livejournal.com/shop/?ila_campaign=ex_shop_pro&ila_location=site_menu&ila_context=shop. Didn't pass first allows/blocks test.
======== We are on link 5 of 60
========== raw link https://www.livejournal.com/support/
============ Checking for Redirections: https://www.livejournal.com/support/
============ Link unchanged
========== link already checked
======== We are on link 6 of 60
========== raw link //www.livejournal.com/rsearch?journal=&journalId=
============ Prepended scheme.
============ Checking for Redirections: https://www.livejournal.com/rsearch?journal=&journalId=
============ Followed Redirection to https://www.livejournal.com/rsearch/?journal=&journalId=
============ Link after cleaning: https://www.livejournal.com/rsearch/
========== scraping https://www.livejournal.com/rsearch/
============ Dropping non-English link: https://www.livejournal.com/rsearch/
======== We are on link 7 of 60
========== raw link https://www.livejournal.com/login.bml
========== dropped link https://www.livejournal.com/login.bml. Didn't pass first allows/blocks test.
======== We are on link 8 of 60
========== raw link https://www.livejournal.com/login.bml?returnto=https%3A%2F%2Fwww.livejournal.com%2Flegal%2Ftos-en.bml&ret=1
========== dropped link https://www.livejournal.com/login.bml?returnto=https%3A%2F%2Fwww.livejournal.com%2Flegal%2Ftos-en.bml&ret=1. Didn't pass first allows/blocks test.
======== We are on link 9 of 60
========== raw link https://www.livejournal.com/create/
============ Checking for Redirections: https://www.livejournal.com/create/
============ Link unchanged
========== link already checked
======== We are on link 10 of 60
========== raw link https://www.livejournal.com/manage/settings/?cat=display
============ Checking for Redirections: https://www.livejournal.com/manage/settings/?cat=display
============ Followed Redirection to https://www.livejournal.com/login.bml?returnto=https%3A%2F%2Fwww.livejournal.com%2Fsettings%2F%3Fcat%3Ddisplay
============ Link after cleaning: https://www.livejournal.com/login.bml
============ Excluded based on allow/block list.
======== We are on link 11 of 60
========== raw link 
========== dropped link (either fragment ("#"), js, mailto, comment, pdf, or empty)
======== We are on link 12 of 60
========== raw link 
========== dropped link (either fragment ("#"), js, mailto, comment, pdf, or empty)
======== We are on link 13 of 60
========== raw link 
========== dropped link (either fragment ("#"), js, mailto, comment, pdf, or empty)
======== We are on link 14 of 60
========== raw link 
========== dropped link (either fragment ("#"), js, mailto, comment, pdf, or empty)
======== We are on link 15 of 60
========== raw link 
========== dropped link (either fragment ("#"), js, mailto, comment, pdf, or empty)
======== We are on link 16 of 60
========== raw link 
========== dropped link (either fragment ("#"), js, mailto, comment, pdf, or empty)
======== We are on link 17 of 60
========== raw link 
========== dropped link (either fragment ("#"), js, mailto, comment, pdf, or empty)
======== We are on link 18 of 60
========== raw link 
========== dropped link (either fragment ("#"), js, mailto, comment, pdf, or empty)
======== We are on link 19 of 60
========== raw link 
========== dropped link (either fragment ("#"), js, mailto, comment, pdf, or empty)
======== We are on link 20 of 60
========== raw link https://www.livejournal.com/create
============ Checking for Redirections: https://www.livejournal.com/create
============ Followed Redirection to https://www.livejournal.com/create/
============ Link after cleaning: https://www.livejournal.com/create/
========== link already checked
======== We are on link 21 of 60
========== raw link https://www.livejournal.com/lostinfo.bml
============ Checking for Redirections: https://www.livejournal.com/lostinfo.bml
============ Followed Redirection to https://www.livejournal.com/lostinfo/
============ Link after cleaning: https://www.livejournal.com/lostinfo/
========== link already checked
======== We are on link 22 of 60
========== raw link https://www.livejournal.com/identity/login.bml?type=google&auto_forwhat=wwws%24%2Flegal%2Ftos-en.bml
========== dropped link https://www.livejournal.com/identity/login.bml?type=google&auto_forwhat=wwws%24%2Flegal%2Ftos-en.bml. Didn't pass first allows/blocks test.
======== We are on link 23 of 60
========== raw link https://www.livejournal.com/identity/login.bml?type=facebook&auto_forwhat=wwws%24%2Flegal%2Ftos-en.bml
========== dropped link https://www.livejournal.com/identity/login.bml?type=facebook&auto_forwhat=wwws%24%2Flegal%2Ftos-en.bml. Didn't pass first allows/blocks test.
======== We are on link 24 of 60
========== raw link https://www.livejournal.com/identity/login.bml?type=vkontakte&auto_forwhat=wwws%24%2Flegal%2Ftos-en.bml
========== dropped link https://www.livejournal.com/identity/login.bml?type=vkontakte&auto_forwhat=wwws%24%2Flegal%2Ftos-en.bml. Didn't pass first allows/blocks test.
======== We are on link 25 of 60
========== raw link https://www.livejournal.com/identity/login.bml?type=twitter&auto_forwhat=wwws%24%2Flegal%2Ftos-en.bml
========== dropped link https://www.livejournal.com/identity/login.bml?type=twitter&auto_forwhat=wwws%24%2Flegal%2Ftos-en.bml. Didn't pass first allows/blocks test.
======== We are on link 26 of 60
========== raw link https://www.livejournal.com/identity/login.bml?type=mailru&auto_forwhat=wwws%24%2Flegal%2Ftos-en.bml
========== dropped link https://www.livejournal.com/identity/login.bml?type=mailru&auto_forwhat=wwws%24%2Flegal%2Ftos-en.bml. Didn't pass first allows/blocks test.
======== We are on link 27 of 60
========== raw link https://www.livejournal.com/identity/login.bml?type=rambler&auto_forwhat=wwws%24%2Flegal%2Ftos-en.bml
========== dropped link https://www.livejournal.com/identity/login.bml?type=rambler&auto_forwhat=wwws%24%2Flegal%2Ftos-en.bml. Didn't pass first allows/blocks test.
======== We are on link 28 of 60
========== raw link https://www.livejournal.com/identity/login.bml?type=openid&auto_forwhat=wwws%24%2Flegal%2Ftos-en.bml
========== dropped link https://www.livejournal.com/identity/login.bml?type=openid&auto_forwhat=wwws%24%2Flegal%2Ftos-en.bml. Didn't pass first allows/blocks test.
======== We are on link 29 of 60
========== raw link https://www.livejournal.com/create
============ Checking for Redirections: https://www.livejournal.com/create
============ Followed Redirection to https://www.livejournal.com/create/
============ Link after cleaning: https://www.livejournal.com/create/
========== link already checked
======== We are on link 30 of 60
========== raw link https://www.livejournal.com/legal/tos-en.bml
============ Checking for Redirections: https://www.livejournal.com/legal/tos-en.bml
============ Link unchanged
========== link already checked
======== We are on link 31 of 60
========== raw link https://www.livejournal.com/legal/tos-en.bml?r=15272
============ Checking for Redirections: https://www.livejournal.com/legal/tos-en.bml?r=15272
============ Link after cleaning: https://www.livejournal.com/legal/tos-en.bml
========== link already checked
======== We are on link 32 of 60
========== raw link http://www.livejournal.com/legal/tos-en.bml
============ Checking for Redirections: http://www.livejournal.com/legal/tos-en.bml
============ Followed Redirection to https://www.livejournal.com/legal/tos-en.bml
============ Link after cleaning: https://www.livejournal.com/legal/tos-en.bml
========== link already checked
======== We are on link 33 of 60
========== raw link https://maps.google.com/help/terms_maps.html
========== dropped link https://maps.google.com/help/terms_maps.html. Didn't pass first allows/blocks test.
======== We are on link 34 of 60
========== raw link https://www.google.com/policies/privacy/
========== dropped link https://www.google.com/policies/privacy/. Didn't pass first allows/blocks test.
======== We are on link 35 of 60
========== raw link https://www.livejournal.com/legal/privacy-en.bml
============ Checking for Redirections: https://www.livejournal.com/legal/privacy-en.bml
============ Link unchanged
========== link already checked
======== We are on link 36 of 60
========== raw link https://www.livejournal.com/support/submit
============ Checking for Redirections: https://www.livejournal.com/support/submit
============ Followed Redirection to https://www.livejournal.com/support/submit/
============ Link after cleaning: https://www.livejournal.com/support/submit/
========== link already checked
======== We are on link 37 of 60
========== raw link mailto:ljlegal@rambler-co.ru
========== dropped link (either fragment ("#"), js, mailto, comment, pdf, or empty)
======== We are on link 38 of 60
========== raw link https://www.livejournal.com/legal/tos-ru.bml
============ Checking for Redirections: https://www.livejournal.com/legal/tos-ru.bml
============ Link unchanged
========== scraping https://www.livejournal.com/legal/tos-ru.bml
============ Dropping non-English link: https://www.livejournal.com/legal/tos-ru.bml
======== We are on link 39 of 60
========== raw link https://www.livejournal.com/legal/tos-ru.bml
============ Checking for Redirections: https://www.livejournal.com/legal/tos-ru.bml
============ Link unchanged
========== scraping https://www.livejournal.com/legal/tos-ru.bml
============ Dropping non-English link: https://www.livejournal.com/legal/tos-ru.bml
======== We are on link 40 of 60
========== raw link https://www.livejournal.com/legal/tos-ru.bml
============ Checking for Redirections: https://www.livejournal.com/legal/tos-ru.bml
============ Link unchanged
========== scraping https://www.livejournal.com/legal/tos-ru.bml
============ Dropping non-English link: https://www.livejournal.com/legal/tos-ru.bml
======== We are on link 41 of 60
========== raw link https://www.livejournal.com/legal/tos-en.bml?r=15271
============ Checking for Redirections: https://www.livejournal.com/legal/tos-en.bml?r=15271
============ Link after cleaning: https://www.livejournal.com/legal/tos-en.bml
========== link already checked
======== We are on link 42 of 60
========== raw link https://www.livejournal.com/legal/tos-en.bml?r=15270
============ Checking for Redirections: https://www.livejournal.com/legal/tos-en.bml?r=15270
============ Link after cleaning: https://www.livejournal.com/legal/tos-en.bml
========== link already checked
======== We are on link 43 of 60
========== raw link https://www.livejournal.com/legal/tos-en.bml?r=15269
============ Checking for Redirections: https://www.livejournal.com/legal/tos-en.bml?r=15269
============ Link after cleaning: https://www.livejournal.com/legal/tos-en.bml
========== link already checked
======== We are on link 44 of 60
========== raw link https://www.livejournal.com/legal/tos-en.bml?r=15268
============ Checking for Redirections: https://www.livejournal.com/legal/tos-en.bml?r=15268
============ Link after cleaning: https://www.livejournal.com/legal/tos-en.bml
========== link already checked
======== We are on link 45 of 60
========== raw link https://www.livejournal.com/app/
============ Checking for Redirections: https://www.livejournal.com/app/
============ Link unchanged
========== link already checked
======== We are on link 46 of 60
========== raw link https://www.livejournal.com/app/
============ Checking for Redirections: https://www.livejournal.com/app/
============ Link unchanged
========== link already checked
======== We are on link 47 of 60
========== raw link https://redirect.appmetrica.yandex.com/serve/1109058615601278454
========== dropped link https://redirect.appmetrica.yandex.com/serve/1109058615601278454. Didn't pass first allows/blocks test.
======== We are on link 48 of 60
========== raw link https://redirect.appmetrica.yandex.com/serve/748770694350768431
========== dropped link https://redirect.appmetrica.yandex.com/serve/748770694350768431. Didn't pass first allows/blocks test.
======== We are on link 49 of 60
========== raw link https://twitter.com/LiveJournal
========== dropped link https://twitter.com/LiveJournal. Didn't pass first allows/blocks test.
======== We are on link 50 of 60
========== raw link https://www.livejournal.com
============ Checking for Redirections: https://www.livejournal.com
============ Followed Redirection to https://www.livejournal.com/
============ Link after cleaning: https://www.livejournal.com/
========== link already checked
======== We are on link 51 of 60
========== raw link https://www.livejournal.com/about/
============ Checking for Redirections: https://www.livejournal.com/about/
============ Link unchanged
========== link already checked
======== We are on link 52 of 60
========== raw link https://news.livejournal.com/
============ Checking for Redirections: https://news.livejournal.com/
============ Link unchanged
========== link already checked
======== We are on link 53 of 60
========== raw link https://www.livejournal.com/support/
============ Checking for Redirections: https://www.livejournal.com/support/
============ Link unchanged
========== link already checked
======== We are on link 54 of 60
========== raw link https://www.livejournal.com/developer/extshare/
============ Checking for Redirections: https://www.livejournal.com/developer/extshare/
============ Link unchanged
========== link already checked
======== We are on link 55 of 60
========== raw link https://frank.livejournal.com/
============ Checking for Redirections: https://frank.livejournal.com/
============ Link unchanged
========== link already checked
======== We are on link 56 of 60
========== raw link https://www.livejournal.com/betatest.bml
============ Checking for Redirections: https://www.livejournal.com/betatest.bml
============ Followed Redirection to https://www.livejournal.com/login.bml?returnto=https%3A%2F%2Fwww.livejournal.com%2Fbetatest%2F
============ Link after cleaning: https://www.livejournal.com/login.bml
============ Excluded based on allow/block list.
======== We are on link 57 of 60
========== raw link https://www.livejournal.com/legal/privacy-en.bml
============ Checking for Redirections: https://www.livejournal.com/legal/privacy-en.bml
============ Link unchanged
========== link already checked
======== We are on link 58 of 60
========== raw link https://www.livejournal.com/legal/tos-en.bml
============ Checking for Redirections: https://www.livejournal.com/legal/tos-en.bml
============ Link unchanged
========== link already checked
======== We are on link 59 of 60
========== raw link https://www.livejournal.com/legal/recommendation_technologies/
============ Checking for Redirections: https://www.livejournal.com/legal/recommendation_technologies/
============ Link unchanged
========== scraping https://www.livejournal.com/legal/recommendation_technologies/
============ Dropping non-English link: https://www.livejournal.com/legal/recommendation_technologies/
======== We are on link 60 of 60
========== raw link https://www.livejournal.com/support/
============ Checking for Redirections: https://www.livejournal.com/support/
============ Link unchanged
========== link already checked
==== Number of new pages added: 2
==== We are at iteration 2 (tree depth).
====== We are on page 1 of 2: https://www.livejournal.com/
====== Number of Links on this Page: 237
======== We are on link 1 of 237
========== raw link https://www.livejournal.com/
============ Checking for Redirections: https://www.livejournal.com/
============ Link unchanged
========== link already checked
======== We are on link 2 of 237
========== raw link https://www.livejournal.com/browse/
============ Checking for Redirections: https://www.livejournal.com/browse/
============ Link unchanged
========== link already checked
======== We are on link 3 of 237
========== raw link https://www.livejournal.com/syn/
============ Checking for Redirections: https://www.livejournal.com/syn/
============ Link unchanged
========== link already checked
======== We are on link 4 of 237
========== raw link https://www.livejournal.com/shop/?ila_campaign=ex_shop_pro&ila_location=site_menu&ila_context=shop
========== dropped link https://www.livejournal.com/shop/?ila_campaign=ex_shop_pro&ila_location=site_menu&ila_context=shop. Didn't pass first allows/blocks test.
======== We are on link 5 of 237
========== raw link https://www.livejournal.com/support/
============ Checking for Redirections: https://www.livejournal.com/support/
============ Link unchanged
========== link already checked
======== We are on link 6 of 237
========== raw link //www.livejournal.com/rsearch?journal=&journalId=
============ Prepended scheme.
============ Checking for Redirections: https://www.livejournal.com/rsearch?journal=&journalId=
============ Followed Redirection to https://www.livejournal.com/rsearch/?journal=&journalId=
============ Link after cleaning: https://www.livejournal.com/rsearch/
========== scraping https://www.livejournal.com/rsearch/
============ Dropping non-English link: https://www.livejournal.com/rsearch/
======== We are on link 7 of 237
========== raw link https://www.livejournal.com/login.bml
========== dropped link https://www.livejournal.com/login.bml. Didn't pass first allows/blocks test.
======== We are on link 8 of 237
========== raw link https://www.livejournal.com/login.bml?returnto=https%3A%2F%2Fwww.livejournal.com%2F&ret=1
========== dropped link https://www.livejournal.com/login.bml?returnto=https%3A%2F%2Fwww.livejournal.com%2F&ret=1. Didn't pass first allows/blocks test.
======== We are on link 9 of 237
========== raw link https://www.livejournal.com/create/
============ Checking for Redirections: https://www.livejournal.com/create/
============ Link unchanged
========== link already checked
======== We are on link 10 of 237
========== raw link https://www.livejournal.com/manage/settings/?cat=display
============ Checking for Redirections: https://www.livejournal.com/manage/settings/?cat=display
============ Followed Redirection to https://www.livejournal.com/login.bml?returnto=https%3A%2F%2Fwww.livejournal.com%2Fsettings%2F%3Fcat%3Ddisplay
============ Link after cleaning: https://www.livejournal.com/login.bml
============ Excluded based on allow/block list.
======== We are on link 11 of 237
========== raw link 
========== dropped link (either fragment ("#"), js, mailto, comment, pdf, or empty)
======== We are on link 12 of 237
========== raw link 
========== dropped link (either fragment ("#"), js, mailto, comment, pdf, or empty)
======== We are on link 13 of 237
========== raw link 
========== dropped link (either fragment ("#"), js, mailto, comment, pdf, or empty)
======== We are on link 14 of 237
========== raw link 
========== dropped link (either fragment ("#"), js, mailto, comment, pdf, or empty)
======== We are on link 15 of 237
========== raw link 
========== dropped link (either fragment ("#"), js, mailto, comment, pdf, or empty)
======== We are on link 16 of 237
========== raw link 
========== dropped link (either fragment ("#"), js, mailto, comment, pdf, or empty)
======== We are on link 17 of 237
========== raw link 
========== dropped link (either fragment ("#"), js, mailto, comment, pdf, or empty)
======== We are on link 18 of 237
========== raw link 
========== dropped link (either fragment ("#"), js, mailto, comment, pdf, or empty)
======== We are on link 19 of 237
========== raw link 
========== dropped link (either fragment ("#"), js, mailto, comment, pdf, or empty)
======== We are on link 20 of 237
========== raw link https://www.livejournal.com/create
============ Checking for Redirections: https://www.livejournal.com/create
============ Followed Redirection to https://www.livejournal.com/create/
============ Link after cleaning: https://www.livejournal.com/create/
========== link already checked
======== We are on link 21 of 237
========== raw link https://www.livejournal.com/lostinfo.bml
============ Checking for Redirections: https://www.livejournal.com/lostinfo.bml
============ Followed Redirection to https://www.livejournal.com/lostinfo/
============ Link after cleaning: https://www.livejournal.com/lostinfo/
========== link already checked
======== We are on link 22 of 237
========== raw link https://www.livejournal.com/identity/login.bml?type=google&auto_forwhat=wwws%24%2F
========== dropped link https://www.livejournal.com/identity/login.bml?type=google&auto_forwhat=wwws%24%2F. Didn't pass first allows/blocks test.
======== We are on link 23 of 237
========== raw link https://www.livejournal.com/identity/login.bml?type=facebook&auto_forwhat=wwws%24%2F
========== dropped link https://www.livejournal.com/identity/login.bml?type=facebook&auto_forwhat=wwws%24%2F. Didn't pass first allows/blocks test.
======== We are on link 24 of 237
========== raw link https://www.livejournal.com/identity/login.bml?type=vkontakte&auto_forwhat=wwws%24%2F
========== dropped link https://www.livejournal.com/identity/login.bml?type=vkontakte&auto_forwhat=wwws%24%2F. Didn't pass first allows/blocks test.
======== We are on link 25 of 237
========== raw link https://www.livejournal.com/identity/login.bml?type=twitter&auto_forwhat=wwws%24%2F
========== dropped link https://www.livejournal.com/identity/login.bml?type=twitter&auto_forwhat=wwws%24%2F. Didn't pass first allows/blocks test.
======== We are on link 26 of 237
========== raw link https://www.livejournal.com/identity/login.bml?type=mailru&auto_forwhat=wwws%24%2F
========== dropped link https://www.livejournal.com/identity/login.bml?type=mailru&auto_forwhat=wwws%24%2F. Didn't pass first allows/blocks test.
======== We are on link 27 of 237
========== raw link https://www.livejournal.com/identity/login.bml?type=rambler&auto_forwhat=wwws%24%2F
========== dropped link https://www.livejournal.com/identity/login.bml?type=rambler&auto_forwhat=wwws%24%2F. Didn't pass first allows/blocks test.
======== We are on link 28 of 237
========== raw link https://www.livejournal.com/identity/login.bml?type=openid&auto_forwhat=wwws%24%2F
========== dropped link https://www.livejournal.com/identity/login.bml?type=openid&auto_forwhat=wwws%24%2F. Didn't pass first allows/blocks test.
======== We are on link 29 of 237
========== raw link https://www.livejournal.com/create
============ Checking for Redirections: https://www.livejournal.com/create
============ Followed Redirection to https://www.livejournal.com/create/
============ Link after cleaning: https://www.livejournal.com/create/
========== link already checked
======== We are on link 30 of 237
========== raw link https://www.livejournal.com/legal/tos-en.bml
============ Checking for Redirections: https://www.livejournal.com/legal/tos-en.bml
============ Link unchanged
========== link already checked
======== We are on link 31 of 237
========== raw link https://www.livejournal.com
============ Checking for Redirections: https://www.livejournal.com
============ Followed Redirection to https://www.livejournal.com/
============ Link after cleaning: https://www.livejournal.com/
========== link already checked
======== We are on link 32 of 237
========== raw link https://www.livejournal.com/ratings/category/choice/
============ Checking for Redirections: https://www.livejournal.com/ratings/category/choice/
============ Followed Redirection to https://www.livejournal.com/
============ Link after cleaning: https://www.livejournal.com/
========== link already checked
======== We are on link 33 of 237
========== raw link https://www.livejournal.com/category/politika-i-obschestvo?prioritySection=ratings
============ Checking for Redirections: https://www.livejournal.com/category/politika-i-obschestvo?prioritySection=ratings
============ Followed Redirection to https://www.livejournal.com/category/politika-i-obschestvo/?prioritySection=ratings
============ Link after cleaning: https://www.livejournal.com/category/politika-i-obschestvo/
========== scraping https://www.livejournal.com/category/politika-i-obschestvo/
============ Dropping non-English link: https://www.livejournal.com/category/politika-i-obschestvo/
======== We are on link 34 of 237
========== raw link https://www.livejournal.com/category/vokrug-sveta?prioritySection=ratings
============ Checking for Redirections: https://www.livejournal.com/category/vokrug-sveta?prioritySection=ratings
============ Followed Redirection to https://www.livejournal.com/category/vokrug-sveta/?prioritySection=ratings
============ Link after cleaning: https://www.livejournal.com/category/vokrug-sveta/
========== scraping https://www.livejournal.com/category/vokrug-sveta/
============ Dropping non-English link: https://www.livejournal.com/category/vokrug-sveta/
======== We are on link 35 of 237
========== raw link https://www.livejournal.com/category/kino?prioritySection=ratings
============ Checking for Redirections: https://www.livejournal.com/category/kino?prioritySection=ratings
============ Followed Redirection to https://www.livejournal.com/category/kino/?prioritySection=ratings
============ Link after cleaning: https://www.livejournal.com/category/kino/
========== scraping https://www.livejournal.com/category/kino/
============ Dropping non-English link: https://www.livejournal.com/category/kino/
======== We are on link 36 of 237
========== raw link https://www.livejournal.com/category/nauka-i-tehnika?prioritySection=ratings
============ Checking for Redirections: https://www.livejournal.com/category/nauka-i-tehnika?prioritySection=ratings
============ Followed Redirection to https://www.livejournal.com/category/nauka-i-tehnika/?prioritySection=ratings
============ Link after cleaning: https://www.livejournal.com/category/nauka-i-tehnika/
========== scraping https://www.livejournal.com/category/nauka-i-tehnika/
============ Dropping non-English link: https://www.livejournal.com/category/nauka-i-tehnika/
======== We are on link 37 of 237
========== raw link https://www.livejournal.com/category/razvlecheniya?prioritySection=ratings
============ Checking for Redirections: https://www.livejournal.com/category/razvlecheniya?prioritySection=ratings
============ Followed Redirection to https://www.livejournal.com/category/razvlecheniya/?prioritySection=ratings
============ Link after cleaning: https://www.livejournal.com/category/razvlecheniya/
========== scraping https://www.livejournal.com/category/razvlecheniya/
============ Dropping non-English link: https://www.livejournal.com/category/razvlecheniya/
======== We are on link 38 of 237
========== raw link https://www.livejournal.com/category/semya-i-deti?prioritySection=ratings
============ Checking for Redirections: https://www.livejournal.com/category/semya-i-deti?prioritySection=ratings
============ Followed Redirection to https://www.livejournal.com/category/semya-i-deti/?prioritySection=ratings
============ Link after cleaning: https://www.livejournal.com/category/semya-i-deti/
========== scraping https://www.livejournal.com/category/semya-i-deti/
============ Dropping non-English link: https://www.livejournal.com/category/semya-i-deti/
======== We are on link 39 of 237
========== raw link https://www.livejournal.com/category/vkus?prioritySection=ratings
============ Checking for Redirections: https://www.livejournal.com/category/vkus?prioritySection=ratings
============ Followed Redirection to https://www.livejournal.com/category/vkus/?prioritySection=ratings
============ Link after cleaning: https://www.livejournal.com/category/vkus/
========== scraping https://www.livejournal.com/category/vkus/
============ Dropping non-English link: https://www.livejournal.com/category/vkus/
======== We are on link 40 of 237
========== raw link https://www.livejournal.com/category/krasota-i-zdorove?prioritySection=ratings
============ Checking for Redirections: https://www.livejournal.com/category/krasota-i-zdorove?prioritySection=ratings
============ Followed Redirection to https://www.livejournal.com/category/krasota-i-zdorove/?prioritySection=ratings
============ Link after cleaning: https://www.livejournal.com/category/krasota-i-zdorove/
========== scraping https://www.livejournal.com/category/krasota-i-zdorove/
============ Dropping non-English link: https://www.livejournal.com/category/krasota-i-zdorove/
======== We are on link 41 of 237
========== raw link https://www.livejournal.com/category/stil-zhizni?prioritySection=ratings
============ Checking for Redirections: https://www.livejournal.com/category/stil-zhizni?prioritySection=ratings
============ Followed Redirection to https://www.livejournal.com/category/stil-zhizni/?prioritySection=ratings
============ Link after cleaning: https://www.livejournal.com/category/stil-zhizni/
========== scraping https://www.livejournal.com/category/stil-zhizni/
============ Dropping non-English link: https://www.livejournal.com/category/stil-zhizni/
======== We are on link 42 of 237
========== raw link https://www.livejournal.com/category/koronavirus?prioritySection=ratings
============ Checking for Redirections: https://www.livejournal.com/category/koronavirus?prioritySection=ratings
============ Followed Redirection to https://www.livejournal.com/category/koronavirus/?prioritySection=ratings
============ Link after cleaning: https://www.livejournal.com/category/koronavirus/
========== scraping https://www.livejournal.com/category/koronavirus/
============ Dropping non-English link: https://www.livejournal.com/category/koronavirus/
======== We are on link 43 of 237
========== raw link https://www.livejournal.com/category/belarus?prioritySection=ratings
============ Checking for Redirections: https://www.livejournal.com/category/belarus?prioritySection=ratings
============ Followed Redirection to https://www.livejournal.com/category/belarus/?prioritySection=ratings
============ Link after cleaning: https://www.livejournal.com/category/belarus/
========== scraping https://www.livejournal.com/category/belarus/
============ Dropping non-English link: https://www.livejournal.com/category/belarus/
======== We are on link 44 of 237
========== raw link https://www.livejournal.com/category/griby?prioritySection=ratings
============ Checking for Redirections: https://www.livejournal.com/category/griby?prioritySection=ratings
============ Followed Redirection to https://www.livejournal.com/category/griby/?prioritySection=ratings
============ Link after cleaning: https://www.livejournal.com/category/griby/
========== scraping https://www.livejournal.com/category/griby/
============ Dropping non-English link: https://www.livejournal.com/category/griby/
======== We are on link 45 of 237
========== raw link https://www.livejournal.com/category/biznes?prioritySection=ratings
============ Checking for Redirections: https://www.livejournal.com/category/biznes?prioritySection=ratings
============ Followed Redirection to https://www.livejournal.com/category/biznes/?prioritySection=ratings
============ Link after cleaning: https://www.livejournal.com/category/biznes/
========== scraping https://www.livejournal.com/category/biznes/
============ Dropping non-English link: https://www.livejournal.com/category/biznes/
======== We are on link 46 of 237
========== raw link https://www.livejournal.com/category/kultura?prioritySection=ratings
============ Checking for Redirections: https://www.livejournal.com/category/kultura?prioritySection=ratings
============ Followed Redirection to https://www.livejournal.com/category/kultura/?prioritySection=ratings
============ Link after cleaning: https://www.livejournal.com/category/kultura/
========== scraping https://www.livejournal.com/category/kultura/
============ Dropping non-English link: https://www.livejournal.com/category/kultura/
======== We are on link 47 of 237
========== raw link https://www.livejournal.com/category/byt?prioritySection=ratings
============ Checking for Redirections: https://www.livejournal.com/category/byt?prioritySection=ratings
============ Followed Redirection to https://www.livejournal.com/category/byt/?prioritySection=ratings
============ Link after cleaning: https://www.livejournal.com/category/byt/
========== scraping https://www.livejournal.com/category/byt/
============ Dropping non-English link: https://www.livejournal.com/category/byt/
======== We are on link 48 of 237
========== raw link https://www.livejournal.com/category/ii?prioritySection=ratings
============ Checking for Redirections: https://www.livejournal.com/category/ii?prioritySection=ratings
============ Followed Redirection to https://www.livejournal.com/category/ii/?prioritySection=ratings
============ Link after cleaning: https://www.livejournal.com/category/ii/
========== scraping https://www.livejournal.com/category/ii/
============ Dropping non-English link: https://www.livejournal.com/category/ii/
======== We are on link 49 of 237
========== raw link https://www.livejournal.com/category/diy?prioritySection=ratings
============ Checking for Redirections: https://www.livejournal.com/category/diy?prioritySection=ratings
============ Followed Redirection to https://www.livejournal.com/category/diy/?prioritySection=ratings
============ Link after cleaning: https://www.livejournal.com/category/diy/
========== scraping https://www.livejournal.com/category/diy/
============ Dropping non-English link: https://www.livejournal.com/category/diy/
======== We are on link 50 of 237
========== raw link https://www.livejournal.com/latest/
============ Checking for Redirections: https://www.livejournal.com/latest/
============ Followed Redirection to https://www.livejournal.com/
============ Link after cleaning: https://www.livejournal.com/
========== link already checked
======== We are on link 51 of 237
========== raw link https://www.livejournal.com/ratings/category/choice/
============ Checking for Redirections: https://www.livejournal.com/ratings/category/choice/
============ Followed Redirection to https://www.livejournal.com/
============ Link after cleaning: https://www.livejournal.com/
========== link already checked
======== We are on link 52 of 237
========== raw link https://www.livejournal.com/category/politika-i-obschestvo?prioritySection=ratings
============ Checking for Redirections: https://www.livejournal.com/category/politika-i-obschestvo?prioritySection=ratings
============ Followed Redirection to https://www.livejournal.com/category/politika-i-obschestvo/?prioritySection=ratings
============ Link after cleaning: https://www.livejournal.com/category/politika-i-obschestvo/
========== scraping https://www.livejournal.com/category/politika-i-obschestvo/
============ Dropping non-English link: https://www.livejournal.com/category/politika-i-obschestvo/
======== We are on link 53 of 237
========== raw link https://www.livejournal.com/category/vokrug-sveta?prioritySection=ratings
============ Checking for Redirections: https://www.livejournal.com/category/vokrug-sveta?prioritySection=ratings
============ Followed Redirection to https://www.livejournal.com/category/vokrug-sveta/?prioritySection=ratings
============ Link after cleaning: https://www.livejournal.com/category/vokrug-sveta/
========== scraping https://www.livejournal.com/category/vokrug-sveta/
============ Dropping non-English link: https://www.livejournal.com/category/vokrug-sveta/
======== We are on link 54 of 237
========== raw link https://www.livejournal.com/category/kino?prioritySection=ratings
============ Checking for Redirections: https://www.livejournal.com/category/kino?prioritySection=ratings
============ Followed Redirection to https://www.livejournal.com/category/kino/?prioritySection=ratings
============ Link after cleaning: https://www.livejournal.com/category/kino/
========== scraping https://www.livejournal.com/category/kino/
============ Dropping non-English link: https://www.livejournal.com/category/kino/
======== We are on link 55 of 237
========== raw link https://www.livejournal.com/category/nauka-i-tehnika?prioritySection=ratings
============ Checking for Redirections: https://www.livejournal.com/category/nauka-i-tehnika?prioritySection=ratings
============ Followed Redirection to https://www.livejournal.com/category/nauka-i-tehnika/?prioritySection=ratings
============ Link after cleaning: https://www.livejournal.com/category/nauka-i-tehnika/
========== scraping https://www.livejournal.com/category/nauka-i-tehnika/
============ Dropping non-English link: https://www.livejournal.com/category/nauka-i-tehnika/
======== We are on link 56 of 237
========== raw link https://www.livejournal.com/category/razvlecheniya?prioritySection=ratings
============ Checking for Redirections: https://www.livejournal.com/category/razvlecheniya?prioritySection=ratings
============ Followed Redirection to https://www.livejournal.com/category/razvlecheniya/?prioritySection=ratings
============ Link after cleaning: https://www.livejournal.com/category/razvlecheniya/
========== scraping https://www.livejournal.com/category/razvlecheniya/
============ Dropping non-English link: https://www.livejournal.com/category/razvlecheniya/
======== We are on link 57 of 237
========== raw link https://www.livejournal.com/category/semya-i-deti?prioritySection=ratings
============ Checking for Redirections: https://www.livejournal.com/category/semya-i-deti?prioritySection=ratings
============ Followed Redirection to https://www.livejournal.com/category/semya-i-deti/?prioritySection=ratings
============ Link after cleaning: https://www.livejournal.com/category/semya-i-deti/
========== scraping https://www.livejournal.com/category/semya-i-deti/
============ Dropping non-English link: https://www.livejournal.com/category/semya-i-deti/
======== We are on link 58 of 237
========== raw link https://www.livejournal.com/category/vkus?prioritySection=ratings
============ Checking for Redirections: https://www.livejournal.com/category/vkus?prioritySection=ratings
============ Followed Redirection to https://www.livejournal.com/category/vkus/?prioritySection=ratings
============ Link after cleaning: https://www.livejournal.com/category/vkus/
========== scraping https://www.livejournal.com/category/vkus/
============ Dropping non-English link: https://www.livejournal.com/category/vkus/
======== We are on link 59 of 237
========== raw link https://www.livejournal.com/category/krasota-i-zdorove?prioritySection=ratings
============ Checking for Redirections: https://www.livejournal.com/category/krasota-i-zdorove?prioritySection=ratings
============ Followed Redirection to https://www.livejournal.com/category/krasota-i-zdorove/?prioritySection=ratings
============ Link after cleaning: https://www.livejournal.com/category/krasota-i-zdorove/
========== scraping https://www.livejournal.com/category/krasota-i-zdorove/
============ Dropping non-English link: https://www.livejournal.com/category/krasota-i-zdorove/
======== We are on link 60 of 237
========== raw link https://www.livejournal.com/category/stil-zhizni?prioritySection=ratings
============ Checking for Redirections: https://www.livejournal.com/category/stil-zhizni?prioritySection=ratings
============ Followed Redirection to https://www.livejournal.com/category/stil-zhizni/?prioritySection=ratings
============ Link after cleaning: https://www.livejournal.com/category/stil-zhizni/
========== scraping https://www.livejournal.com/category/stil-zhizni/
============ Dropping non-English link: https://www.livejournal.com/category/stil-zhizni/
======== We are on link 61 of 237
========== raw link https://www.livejournal.com/category/koronavirus?prioritySection=ratings
============ Checking for Redirections: https://www.livejournal.com/category/koronavirus?prioritySection=ratings
============ Followed Redirection to https://www.livejournal.com/category/koronavirus/?prioritySection=ratings
============ Link after cleaning: https://www.livejournal.com/category/koronavirus/
========== scraping https://www.livejournal.com/category/koronavirus/
============ Dropping non-English link: https://www.livejournal.com/category/koronavirus/
======== We are on link 62 of 237
========== raw link https://www.livejournal.com/category/belarus?prioritySection=ratings
============ Checking for Redirections: https://www.livejournal.com/category/belarus?prioritySection=ratings
============ Followed Redirection to https://www.livejournal.com/category/belarus/?prioritySection=ratings
============ Link after cleaning: https://www.livejournal.com/category/belarus/
========== scraping https://www.livejournal.com/category/belarus/
============ Dropping non-English link: https://www.livejournal.com/category/belarus/
======== We are on link 63 of 237
========== raw link https://www.livejournal.com/category/griby?prioritySection=ratings
============ Checking for Redirections: https://www.livejournal.com/category/griby?prioritySection=ratings
============ Followed Redirection to https://www.livejournal.com/category/griby/?prioritySection=ratings
============ Link after cleaning: https://www.livejournal.com/category/griby/
========== scraping https://www.livejournal.com/category/griby/
============ Dropping non-English link: https://www.livejournal.com/category/griby/
======== We are on link 64 of 237
========== raw link https://www.livejournal.com/category/biznes?prioritySection=ratings
============ Checking for Redirections: https://www.livejournal.com/category/biznes?prioritySection=ratings
============ Followed Redirection to https://www.livejournal.com/category/biznes/?prioritySection=ratings
============ Link after cleaning: https://www.livejournal.com/category/biznes/
========== scraping https://www.livejournal.com/category/biznes/
============ Dropping non-English link: https://www.livejournal.com/category/biznes/
======== We are on link 65 of 237
========== raw link https://www.livejournal.com/category/kultura?prioritySection=ratings
============ Checking for Redirections: https://www.livejournal.com/category/kultura?prioritySection=ratings
============ Followed Redirection to https://www.livejournal.com/category/kultura/?prioritySection=ratings
============ Link after cleaning: https://www.livejournal.com/category/kultura/
========== scraping https://www.livejournal.com/category/kultura/
============ Dropping non-English link: https://www.livejournal.com/category/kultura/
======== We are on link 66 of 237
========== raw link https://www.livejournal.com/category/byt?prioritySection=ratings
============ Checking for Redirections: https://www.livejournal.com/category/byt?prioritySection=ratings
============ Followed Redirection to https://www.livejournal.com/category/byt/?prioritySection=ratings
============ Link after cleaning: https://www.livejournal.com/category/byt/
========== scraping https://www.livejournal.com/category/byt/
============ Dropping non-English link: https://www.livejournal.com/category/byt/
======== We are on link 67 of 237
========== raw link https://www.livejournal.com/category/ii?prioritySection=ratings
============ Checking for Redirections: https://www.livejournal.com/category/ii?prioritySection=ratings
============ Followed Redirection to https://www.livejournal.com/category/ii/?prioritySection=ratings
============ Link after cleaning: https://www.livejournal.com/category/ii/
========== scraping https://www.livejournal.com/category/ii/
============ Dropping non-English link: https://www.livejournal.com/category/ii/
======== We are on link 68 of 237
========== raw link https://www.livejournal.com/category/diy?prioritySection=ratings
============ Checking for Redirections: https://www.livejournal.com/category/diy?prioritySection=ratings
============ Followed Redirection to https://www.livejournal.com/category/diy/?prioritySection=ratings
============ Link after cleaning: https://www.livejournal.com/category/diy/
========== scraping https://www.livejournal.com/category/diy/
============ Dropping non-English link: https://www.livejournal.com/category/diy/
======== We are on link 69 of 237
========== raw link https://www.livejournal.com/create/?utm_source=homepage&utm_medium=banner
============ Checking for Redirections: https://www.livejournal.com/create/?utm_source=homepage&utm_medium=banner
============ Link after cleaning: https://www.livejournal.com/create/
========== link already checked
======== We are on link 70 of 237
========== raw link /manage/ratings
============ Found Relative: joining https://www.livejournal.com/ and /manage/ratings
============ Checking for Redirections: https://www.livejournal.com/manage/ratings
============ Followed Redirection to https://www.livejournal.com/login.bml?returnto=https%3A%2F%2Fwww.livejournal.com%2Fmanage%2Fratings.bml
============ Link after cleaning: https://www.livejournal.com/login.bml
============ Excluded based on allow/block list.
======== We are on link 71 of 237
========== raw link 
========== dropped link (either fragment ("#"), js, mailto, comment, pdf, or empty)
======== We are on link 72 of 237
========== raw link   ?view=comments#comments  
============ Link starts with ?: joining https://www.livejournal.com/ and ?view=comments#comments
============ Checking for Redirections: https://www.livejournal.com/?view=comments#comments
============ Followed Redirection to https://www.livejournal.com/comments?view=comments
============ Link after cleaning: https://www.livejournal.com/comments
========== scraping https://www.livejournal.com/comments
======== We are on link 73 of 237
========== raw link javascript:void(0)
========== dropped link (either fragment ("#"), js, mailto, comment, pdf, or empty)
======== We are on link 74 of 237
========== raw link javascript:void(0)
========== dropped link (either fragment ("#"), js, mailto, comment, pdf, or empty)
======== We are on link 75 of 237
========== raw link http://www.livejournal.com/shop/selfpromo/history
========== dropped link http://www.livejournal.com/shop/selfpromo/history. Didn't pass first allows/blocks test.
======== We are on link 76 of 237
========== raw link javascript:void(0);
========== dropped link (either fragment ("#"), js, mailto, comment, pdf, or empty)
======== We are on link 77 of 237
========== raw link javascript:void(0);
========== dropped link (either fragment ("#"), js, mailto, comment, pdf, or empty)
======== We are on link 78 of 237
========== raw link https://www.livejournal.com/shop/selfpromo.bml?country=noncyr
========== dropped link https://www.livejournal.com/shop/selfpromo.bml?country=noncyr. Didn't pass first allows/blocks test.
======== We are on link 79 of 237
========== raw link https://www.livejournal.com/shop/selfpromo.bml
========== dropped link https://www.livejournal.com/shop/selfpromo.bml. Didn't pass first allows/blocks test.
======== We are on link 80 of 237
========== raw link https://www.livejournal.com/support/faq/350.html
============ Checking for Redirections: https://www.livejournal.com/support/faq/350.html
============ Link unchanged
========== scraping https://www.livejournal.com/support/faq/350.html
======== We are on link 81 of 237
========== raw link 
========== dropped link (either fragment ("#"), js, mailto, comment, pdf, or empty)
======== We are on link 82 of 237
========== raw link   ?view=comments#comments  
============ Link starts with ?: joining https://www.livejournal.com/ and ?view=comments#comments
============ Checking for Redirections: https://www.livejournal.com/?view=comments#comments
============ Followed Redirection to https://www.livejournal.com/comments?view=comments
============ Link after cleaning: https://www.livejournal.com/comments
========== link already checked
======== We are on link 83 of 237
========== raw link javascript:void(0)
========== dropped link (either fragment ("#"), js, mailto, comment, pdf, or empty)
======== We are on link 84 of 237
========== raw link javascript:void(0)
========== dropped link (either fragment ("#"), js, mailto, comment, pdf, or empty)
======== We are on link 85 of 237
========== raw link http://www.livejournal.com/shop/commpromo.bml
========== dropped link http://www.livejournal.com/shop/commpromo.bml. Didn't pass first allows/blocks test.
======== We are on link 86 of 237
========== raw link javascript:void(0);
========== dropped link (either fragment ("#"), js, mailto, comment, pdf, or empty)
======== We are on link 87 of 237
========== raw link javascript:void(0);
========== dropped link (either fragment ("#"), js, mailto, comment, pdf, or empty)
======== We are on link 88 of 237
========== raw link https://www.livejournal.com/shop/selfpromo.bml?country=noncyr
========== dropped link https://www.livejournal.com/shop/selfpromo.bml?country=noncyr. Didn't pass first allows/blocks test.
======== We are on link 89 of 237
========== raw link http://www.livejournal.com/shop/commpromo.bml
========== dropped link http://www.livejournal.com/shop/commpromo.bml. Didn't pass first allows/blocks test.
======== We are on link 90 of 237
========== raw link http://www.livejournal.com/support/faq/373.html
============ Checking for Redirections: http://www.livejournal.com/support/faq/373.html
============ Followed Redirection to https://www.livejournal.com/support/faq/373.html
============ Link after cleaning: https://www.livejournal.com/support/faq/373.html
========== scraping https://www.livejournal.com/support/faq/373.html
======== We are on link 91 of 237
========== raw link javascript:void(0);
========== dropped link (either fragment ("#"), js, mailto, comment, pdf, or empty)
======== We are on link 92 of 237
========== raw link https://ohnotheydidnt.livejournal.com/profile/
============ Checking for Redirections: https://ohnotheydidnt.livejournal.com/profile/
============ Link unchanged
========== scraping https://ohnotheydidnt.livejournal.com/profile/
======== We are on link 93 of 237
========== raw link https://ohnotheydidnt.livejournal.com/
============ Checking for Redirections: https://ohnotheydidnt.livejournal.com/
============ Link unchanged
========== scraping https://ohnotheydidnt.livejournal.com/
======== We are on link 94 of 237
========== raw link #
========== dropped link (either fragment ("#"), js, mailto, comment, pdf, or empty)
======== We are on link 95 of 237
========== raw link https://ohnotheydidnt.livejournal.com/130545587.html
============ Checking for Redirections: https://ohnotheydidnt.livejournal.com/130545587.html
============ Link unchanged
========== scraping https://ohnotheydidnt.livejournal.com/130545587.html
======== We are on link 96 of 237
========== raw link   https://ohnotheydidnt.livejournal.com/130545587.html?view=comments#comments  
============ Checking for Redirections: https://ohnotheydidnt.livejournal.com/130545587.html?view=comments#comments
============ Link after cleaning: https://ohnotheydidnt.livejournal.com/130545587.html
========== link already checked
======== We are on link 97 of 237
========== raw link https://ohnotheydidnt.livejournal.com/130545587.html?view=comments#comments
============ Checking for Redirections: https://ohnotheydidnt.livejournal.com/130545587.html?view=comments#comments
============ Link after cleaning: https://ohnotheydidnt.livejournal.com/130545587.html
========== link already checked
======== We are on link 98 of 237
========== raw link https://ohnotheydidnt.livejournal.com/130545587.html
============ Checking for Redirections: https://ohnotheydidnt.livejournal.com/130545587.html
============ Link unchanged
========== link already checked
======== We are on link 99 of 237
========== raw link javascript:void(0)
========== dropped link (either fragment ("#"), js, mailto, comment, pdf, or empty)
======== We are on link 100 of 237
========== raw link javascript:void(0)
========== dropped link (either fragment ("#"), js, mailto, comment, pdf, or empty)
======== We are on link 101 of 237
========== raw link https://mallorys-camera.livejournal.com/profile/
============ Checking for Redirections: https://mallorys-camera.livejournal.com/profile/
============ Link unchanged
========== scraping https://mallorys-camera.livejournal.com/profile/
======== We are on link 102 of 237
========== raw link https://mallorys-camera.livejournal.com/
============ Checking for Redirections: https://mallorys-camera.livejournal.com/
============ Link unchanged
========== scraping https://mallorys-camera.livejournal.com/
============ New link added. Search term (AI) found on https://mallorys-camera.livejournal.com/.
======== We are on link 103 of 237
========== raw link https://mallorys-camera.livejournal.com/1344835.html
============ Checking for Redirections: https://mallorys-camera.livejournal.com/1344835.html
============ Link unchanged
========== scraping https://mallorys-camera.livejournal.com/1344835.html
============ New link added. Search term (AI) found on https://mallorys-camera.livejournal.com/1344835.html.
======== We are on link 104 of 237
========== raw link   https://mallorys-camera.livejournal.com/1344835.html?view=comments#comments  
============ Checking for Redirections: https://mallorys-camera.livejournal.com/1344835.html?view=comments#comments
============ Link after cleaning: https://mallorys-camera.livejournal.com/1344835.html
========== link already checked
======== We are on link 105 of 237
========== raw link https://mallorys-camera.livejournal.com/1344835.html?view=comments#comments
============ Checking for Redirections: https://mallorys-camera.livejournal.com/1344835.html?view=comments#comments
============ Link after cleaning: https://mallorys-camera.livejournal.com/1344835.html
========== link already checked
======== We are on link 106 of 237
========== raw link https://mallorys-camera.livejournal.com/1344835.html
============ Checking for Redirections: https://mallorys-camera.livejournal.com/1344835.html
============ Link unchanged
========== link already checked
======== We are on link 107 of 237
========== raw link javascript:void(0)
========== dropped link (either fragment ("#"), js, mailto, comment, pdf, or empty)
======== We are on link 108 of 237
========== raw link javascript:void(0)
========== dropped link (either fragment ("#"), js, mailto, comment, pdf, or empty)
======== We are on link 109 of 237
========== raw link https://wasop.livejournal.com/profile/
============ Checking for Redirections: https://wasop.livejournal.com/profile/
============ Link unchanged
========== scraping https://wasop.livejournal.com/profile/
======== We are on link 110 of 237
========== raw link https://wasop.livejournal.com/
============ Checking for Redirections: https://wasop.livejournal.com/
============ Link unchanged
========== scraping https://wasop.livejournal.com/
============ Dropping non-English link: https://wasop.livejournal.com/
======== We are on link 111 of 237
========== raw link https://wasop.livejournal.com/5067205.html
============ Checking for Redirections: https://wasop.livejournal.com/5067205.html
============ Link unchanged
========== scraping https://wasop.livejournal.com/5067205.html
============ Dropping non-English link: https://wasop.livejournal.com/5067205.html
======== We are on link 112 of 237
========== raw link   https://wasop.livejournal.com/5067205.html?view=comments#comments  
============ Checking for Redirections: https://wasop.livejournal.com/5067205.html?view=comments#comments
============ Link after cleaning: https://wasop.livejournal.com/5067205.html
========== scraping https://wasop.livejournal.com/5067205.html
============ Dropping non-English link: https://wasop.livejournal.com/5067205.html
======== We are on link 113 of 237
========== raw link https://wasop.livejournal.com/5067205.html?view=comments#comments
============ Checking for Redirections: https://wasop.livejournal.com/5067205.html?view=comments#comments
============ Link after cleaning: https://wasop.livejournal.com/5067205.html
========== scraping https://wasop.livejournal.com/5067205.html
============ Dropping non-English link: https://wasop.livejournal.com/5067205.html
======== We are on link 114 of 237
========== raw link https://wasop.livejournal.com/5067205.html
============ Checking for Redirections: https://wasop.livejournal.com/5067205.html
============ Link unchanged
========== scraping https://wasop.livejournal.com/5067205.html
============ Dropping non-English link: https://wasop.livejournal.com/5067205.html
======== We are on link 115 of 237
========== raw link javascript:void(0)
========== dropped link (either fragment ("#"), js, mailto, comment, pdf, or empty)
======== We are on link 116 of 237
========== raw link javascript:void(0)
========== dropped link (either fragment ("#"), js, mailto, comment, pdf, or empty)
======== We are on link 117 of 237
========== raw link https://thelast-verse.livejournal.com/profile/
============ Checking for Redirections: https://thelast-verse.livejournal.com/profile/
============ Link unchanged
========== scraping https://thelast-verse.livejournal.com/profile/
======== We are on link 118 of 237
========== raw link https://thelast-verse.livejournal.com/
============ Checking for Redirections: https://thelast-verse.livejournal.com/
============ Link unchanged
========== scraping https://thelast-verse.livejournal.com/
======== We are on link 119 of 237
========== raw link https://thelast-verse.livejournal.com/144710.html
============ Checking for Redirections: https://thelast-verse.livejournal.com/144710.html
============ Link unchanged
========== scraping https://thelast-verse.livejournal.com/144710.html
======== We are on link 120 of 237
========== raw link   https://thelast-verse.livejournal.com/144710.html?view=comments#comments  
============ Checking for Redirections: https://thelast-verse.livejournal.com/144710.html?view=comments#comments
============ Link after cleaning: https://thelast-verse.livejournal.com/144710.html
========== link already checked
======== We are on link 121 of 237
========== raw link https://thelast-verse.livejournal.com/144710.html?view=comments#comments
============ Checking for Redirections: https://thelast-verse.livejournal.com/144710.html?view=comments#comments
============ Link after cleaning: https://thelast-verse.livejournal.com/144710.html
========== link already checked
======== We are on link 122 of 237
========== raw link https://thelast-verse.livejournal.com/144710.html
============ Checking for Redirections: https://thelast-verse.livejournal.com/144710.html
============ Link unchanged
========== link already checked
======== We are on link 123 of 237
========== raw link javascript:void(0)
========== dropped link (either fragment ("#"), js, mailto, comment, pdf, or empty)
======== We are on link 124 of 237
========== raw link javascript:void(0)
========== dropped link (either fragment ("#"), js, mailto, comment, pdf, or empty)
======== We are on link 125 of 237
========== raw link https://news.livejournal.com/profile/
============ Checking for Redirections: https://news.livejournal.com/profile/
============ Link unchanged
========== link already checked
======== We are on link 126 of 237
========== raw link https://news.livejournal.com/
============ Checking for Redirections: https://news.livejournal.com/
============ Link unchanged
========== link already checked
======== We are on link 127 of 237
========== raw link #
========== dropped link (either fragment ("#"), js, mailto, comment, pdf, or empty)
======== We are on link 128 of 237
========== raw link https://news.livejournal.com/166314.html
============ Checking for Redirections: https://news.livejournal.com/166314.html
============ Link unchanged
========== link already checked
======== We are on link 129 of 237
========== raw link https://news.livejournal.com/166314.html
============ Checking for Redirections: https://news.livejournal.com/166314.html
============ Link unchanged
========== link already checked
======== We are on link 130 of 237
========== raw link   https://news.livejournal.com/166314.html?view=comments#comments  
============ Checking for Redirections: https://news.livejournal.com/166314.html?view=comments#comments
============ Link after cleaning: https://news.livejournal.com/166314.html
========== link already checked
======== We are on link 131 of 237
========== raw link https://news.livejournal.com/166314.html?view=comments#comments
============ Checking for Redirections: https://news.livejournal.com/166314.html?view=comments#comments
============ Link after cleaning: https://news.livejournal.com/166314.html
========== link already checked
======== We are on link 132 of 237
========== raw link https://news.livejournal.com/166314.html
============ Checking for Redirections: https://news.livejournal.com/166314.html
============ Link unchanged
========== link already checked
======== We are on link 133 of 237
========== raw link javascript:void(0)
========== dropped link (either fragment ("#"), js, mailto, comment, pdf, or empty)
======== We are on link 134 of 237
========== raw link javascript:void(0)
========== dropped link (either fragment ("#"), js, mailto, comment, pdf, or empty)
======== We are on link 135 of 237
========== raw link https://ayano-hanari16.livejournal.com/profile/
============ Checking for Redirections: https://ayano-hanari16.livejournal.com/profile/
============ Link unchanged
========== scraping https://ayano-hanari16.livejournal.com/profile/
======== We are on link 136 of 237
========== raw link https://ayano-hanari16.livejournal.com/
============ Checking for Redirections: https://ayano-hanari16.livejournal.com/
============ Link unchanged
========== scraping https://ayano-hanari16.livejournal.com/
============ New link added. Search term (AI) found on https://ayano-hanari16.livejournal.com/.
======== We are on link 137 of 237
========== raw link https://ayano-hanari16.livejournal.com/406277.html
============ Checking for Redirections: https://ayano-hanari16.livejournal.com/406277.html
============ Link unchanged
========== scraping https://ayano-hanari16.livejournal.com/406277.html
======== We are on link 138 of 237
========== raw link   https://ayano-hanari16.livejournal.com/406277.html?mode=reply#add_comment  
============ Checking for Redirections: https://ayano-hanari16.livejournal.com/406277.html?mode=reply#add_comment
============ Link after cleaning: https://ayano-hanari16.livejournal.com/406277.html
========== link already checked
======== We are on link 139 of 237
========== raw link https://ayano-hanari16.livejournal.com/406277.html?mode=reply#add_comment
============ Checking for Redirections: https://ayano-hanari16.livejournal.com/406277.html?mode=reply#add_comment
============ Link after cleaning: https://ayano-hanari16.livejournal.com/406277.html
========== link already checked
======== We are on link 140 of 237
========== raw link https://ayano-hanari16.livejournal.com/406277.html
============ Checking for Redirections: https://ayano-hanari16.livejournal.com/406277.html
============ Link unchanged
========== link already checked
======== We are on link 141 of 237
========== raw link javascript:void(0)
========== dropped link (either fragment ("#"), js, mailto, comment, pdf, or empty)
======== We are on link 142 of 237
========== raw link javascript:void(0)
========== dropped link (either fragment ("#"), js, mailto, comment, pdf, or empty)
======== We are on link 143 of 237
========== raw link https://crookedfingers.livejournal.com/profile/
============ Checking for Redirections: https://crookedfingers.livejournal.com/profile/
============ Link unchanged
========== scraping https://crookedfingers.livejournal.com/profile/
======== We are on link 144 of 237
========== raw link https://crookedfingers.livejournal.com/
============ Checking for Redirections: https://crookedfingers.livejournal.com/
============ Link unchanged
========== scraping https://crookedfingers.livejournal.com/
============ New link added. Search term (AI) found on https://crookedfingers.livejournal.com/.
======== We are on link 145 of 237
========== raw link #
========== dropped link (either fragment ("#"), js, mailto, comment, pdf, or empty)
======== We are on link 146 of 237
========== raw link https://crookedfingers.livejournal.com/7760870.html
============ Checking for Redirections: https://crookedfingers.livejournal.com/7760870.html
============ Link unchanged
========== scraping https://crookedfingers.livejournal.com/7760870.html
======== We are on link 147 of 237
========== raw link   https://crookedfingers.livejournal.com/7760870.html?mode=reply#add_comment  
============ Checking for Redirections: https://crookedfingers.livejournal.com/7760870.html?mode=reply#add_comment
============ Link after cleaning: https://crookedfingers.livejournal.com/7760870.html
========== link already checked
======== We are on link 148 of 237
========== raw link https://crookedfingers.livejournal.com/7760870.html?mode=reply#add_comment
============ Checking for Redirections: https://crookedfingers.livejournal.com/7760870.html?mode=reply#add_comment
============ Link after cleaning: https://crookedfingers.livejournal.com/7760870.html
========== link already checked
======== We are on link 149 of 237
========== raw link https://crookedfingers.livejournal.com/7760870.html
============ Checking for Redirections: https://crookedfingers.livejournal.com/7760870.html
============ Link unchanged
========== link already checked
======== We are on link 150 of 237
========== raw link javascript:void(0)
========== dropped link (either fragment ("#"), js, mailto, comment, pdf, or empty)
======== We are on link 151 of 237
========== raw link javascript:void(0)
========== dropped link (either fragment ("#"), js, mailto, comment, pdf, or empty)
======== We are on link 152 of 237
========== raw link https://www.livejournal.com/shop/selfpromo.bml?country=
========== dropped link https://www.livejournal.com/shop/selfpromo.bml?country=. Didn't pass first allows/blocks test.
======== We are on link 153 of 237
========== raw link https://lizzyawsumpants.livejournal.com/profile/
============ Checking for Redirections: https://lizzyawsumpants.livejournal.com/profile/
============ Link unchanged
========== scraping https://lizzyawsumpants.livejournal.com/profile/
======== We are on link 154 of 237
========== raw link https://lizzyawsumpants.livejournal.com/
============ Checking for Redirections: https://lizzyawsumpants.livejournal.com/
============ Link unchanged
========== scraping https://lizzyawsumpants.livejournal.com/
======== We are on link 155 of 237
========== raw link https://lizzyawsumpants.livejournal.com/878.html
============ Checking for Redirections: https://lizzyawsumpants.livejournal.com/878.html
============ Link unchanged
========== scraping https://lizzyawsumpants.livejournal.com/878.html
======== We are on link 156 of 237
========== raw link   https://lizzyawsumpants.livejournal.com/878.html?mode=reply#add_comment  
============ Checking for Redirections: https://lizzyawsumpants.livejournal.com/878.html?mode=reply#add_comment
============ Link after cleaning: https://lizzyawsumpants.livejournal.com/878.html
========== link already checked
======== We are on link 157 of 237
========== raw link https://lizzyawsumpants.livejournal.com/878.html?mode=reply#add_comment
============ Checking for Redirections: https://lizzyawsumpants.livejournal.com/878.html?mode=reply#add_comment
============ Link after cleaning: https://lizzyawsumpants.livejournal.com/878.html
========== link already checked
======== We are on link 158 of 237
========== raw link https://lizzyawsumpants.livejournal.com/878.html
============ Checking for Redirections: https://lizzyawsumpants.livejournal.com/878.html
============ Link unchanged
========== link already checked
======== We are on link 159 of 237
========== raw link javascript:void(0)
========== dropped link (either fragment ("#"), js, mailto, comment, pdf, or empty)
======== We are on link 160 of 237
========== raw link javascript:void(0)
========== dropped link (either fragment ("#"), js, mailto, comment, pdf, or empty)
======== We are on link 161 of 237
========== raw link ?
============ Link starts with ?: joining https://www.livejournal.com/ and ?
============ Checking for Redirections: https://www.livejournal.com/?
============ Followed Redirection to https://www.livejournal.com/
============ Link after cleaning: https://www.livejournal.com/
========== link already checked
======== We are on link 162 of 237
========== raw link javascript:void(0);
========== dropped link (either fragment ("#"), js, mailto, comment, pdf, or empty)
======== We are on link 163 of 237
========== raw link javascript:void(0);
========== dropped link (either fragment ("#"), js, mailto, comment, pdf, or empty)
======== We are on link 164 of 237
========== raw link https://rohanwarrior.livejournal.com/profile/
============ Checking for Redirections: https://rohanwarrior.livejournal.com/profile/
============ Link unchanged
========== scraping https://rohanwarrior.livejournal.com/profile/
============ Dropping non-English link: https://rohanwarrior.livejournal.com/profile/
======== We are on link 165 of 237
========== raw link https://rohanwarrior.livejournal.com/
============ Checking for Redirections: https://rohanwarrior.livejournal.com/
============ Link unchanged
========== scraping https://rohanwarrior.livejournal.com/
============ Dropping non-English link: https://rohanwarrior.livejournal.com/
======== We are on link 166 of 237
========== raw link https://vad-nes.livejournal.com/profile/
============ Checking for Redirections: https://vad-nes.livejournal.com/profile/
============ Link unchanged
========== scraping https://vad-nes.livejournal.com/profile/
============ Dropping non-English link: https://vad-nes.livejournal.com/profile/
======== We are on link 167 of 237
========== raw link https://vad-nes.livejournal.com/
============ Checking for Redirections: https://vad-nes.livejournal.com/
============ Link unchanged
========== scraping https://vad-nes.livejournal.com/
============ Dropping non-English link: https://vad-nes.livejournal.com/
======== We are on link 168 of 237
========== raw link https://stewie-e.livejournal.com/profile/
============ Checking for Redirections: https://stewie-e.livejournal.com/profile/
============ Link unchanged
========== scraping https://stewie-e.livejournal.com/profile/
======== We are on link 169 of 237
========== raw link https://stewie-e.livejournal.com/
============ Checking for Redirections: https://stewie-e.livejournal.com/
============ Link unchanged
========== scraping https://stewie-e.livejournal.com/
======== We are on link 170 of 237
========== raw link https://cantanapoli.livejournal.com/profile/
============ Checking for Redirections: https://cantanapoli.livejournal.com/profile/
============ Link unchanged
========== scraping https://cantanapoli.livejournal.com/profile/
============ Dropping non-English link: https://cantanapoli.livejournal.com/profile/
======== We are on link 171 of 237
========== raw link https://cantanapoli.livejournal.com/
============ Checking for Redirections: https://cantanapoli.livejournal.com/
============ Link unchanged
========== scraping https://cantanapoli.livejournal.com/
============ Dropping non-English link: https://cantanapoli.livejournal.com/
======== We are on link 172 of 237
========== raw link https://theleveebroke.livejournal.com/profile/
============ Checking for Redirections: https://theleveebroke.livejournal.com/profile/
============ Link unchanged
========== scraping https://theleveebroke.livejournal.com/profile/
======== We are on link 173 of 237
========== raw link https://theleveebroke.livejournal.com/
============ Checking for Redirections: https://theleveebroke.livejournal.com/
============ Link unchanged
========== scraping https://theleveebroke.livejournal.com/
======== We are on link 174 of 237
========== raw link https://queenursula.livejournal.com/profile/
============ Checking for Redirections: https://queenursula.livejournal.com/profile/
============ Link unchanged
========== scraping https://queenursula.livejournal.com/profile/
======== We are on link 175 of 237
========== raw link https://queenursula.livejournal.com/
============ Checking for Redirections: https://queenursula.livejournal.com/
============ Link unchanged
========== scraping https://queenursula.livejournal.com/
======== We are on link 176 of 237
========== raw link https://estellla.livejournal.com/profile/
============ Checking for Redirections: https://estellla.livejournal.com/profile/
============ Link unchanged
========== scraping https://estellla.livejournal.com/profile/
======== We are on link 177 of 237
========== raw link https://estellla.livejournal.com/
============ Checking for Redirections: https://estellla.livejournal.com/
============ Link unchanged
========== scraping https://estellla.livejournal.com/
======== We are on link 178 of 237
========== raw link https://crocosaurus.livejournal.com/profile/
============ Checking for Redirections: https://crocosaurus.livejournal.com/profile/
============ Link unchanged
========== scraping https://crocosaurus.livejournal.com/profile/
======== We are on link 179 of 237
========== raw link https://crocosaurus.livejournal.com/
============ Checking for Redirections: https://crocosaurus.livejournal.com/
============ Link unchanged
========== scraping https://crocosaurus.livejournal.com/
============ Dropping non-English link: https://crocosaurus.livejournal.com/
======== We are on link 180 of 237
========== raw link https://mastiphal25.livejournal.com/profile/
============ Checking for Redirections: https://mastiphal25.livejournal.com/profile/
============ Link unchanged
========== scraping https://mastiphal25.livejournal.com/profile/
======== We are on link 181 of 237
========== raw link https://mastiphal25.livejournal.com/
============ Checking for Redirections: https://mastiphal25.livejournal.com/
============ Link unchanged
========== scraping https://mastiphal25.livejournal.com/
======== We are on link 182 of 237
========== raw link https://anairos.livejournal.com/profile/
============ Checking for Redirections: https://anairos.livejournal.com/profile/
============ Link unchanged
========== scraping https://anairos.livejournal.com/profile/
======== We are on link 183 of 237
========== raw link https://anairos.livejournal.com/
============ Checking for Redirections: https://anairos.livejournal.com/
============ Link unchanged
========== scraping https://anairos.livejournal.com/
============ Dropping non-English link: https://anairos.livejournal.com/
======== We are on link 184 of 237
========== raw link https://www.livejournal.com/ratings/users?country=noncyr
============ Checking for Redirections: https://www.livejournal.com/ratings/users?country=noncyr
============ Followed Redirection to https://www.livejournal.com/ratings/users/?country=noncyr
============ Link after cleaning: https://www.livejournal.com/ratings/users/
========== scraping https://www.livejournal.com/ratings/users/
======== We are on link 185 of 237
========== raw link javascript:void(0);
========== dropped link (either fragment ("#"), js, mailto, comment, pdf, or empty)
======== We are on link 186 of 237
========== raw link javascript:void(0);
========== dropped link (either fragment ("#"), js, mailto, comment, pdf, or empty)
======== We are on link 187 of 237
========== raw link https://ohnotheydidnt.livejournal.com/profile/
============ Checking for Redirections: https://ohnotheydidnt.livejournal.com/profile/
============ Link unchanged
========== link already checked
======== We are on link 188 of 237
========== raw link https://ohnotheydidnt.livejournal.com/
============ Checking for Redirections: https://ohnotheydidnt.livejournal.com/
============ Link unchanged
========== link already checked
======== We are on link 189 of 237
========== raw link https://kattunlove.livejournal.com/profile/
============ Checking for Redirections: https://kattunlove.livejournal.com/profile/
============ Link unchanged
========== scraping https://kattunlove.livejournal.com/profile/
======== We are on link 190 of 237
========== raw link https://kattunlove.livejournal.com/
============ Checking for Redirections: https://kattunlove.livejournal.com/
============ Link unchanged
========== scraping https://kattunlove.livejournal.com/
======== We are on link 191 of 237
========== raw link https://omonatheydidnt.livejournal.com/profile/
============ Checking for Redirections: https://omonatheydidnt.livejournal.com/profile/
============ Link unchanged
========== scraping https://omonatheydidnt.livejournal.com/profile/
======== We are on link 192 of 237
========== raw link https://omonatheydidnt.livejournal.com/
============ Checking for Redirections: https://omonatheydidnt.livejournal.com/
============ Link unchanged
========== scraping https://omonatheydidnt.livejournal.com/
======== We are on link 193 of 237
========== raw link https://ichi-ruki.livejournal.com/profile/
============ Checking for Redirections: https://ichi-ruki.livejournal.com/profile/
============ Link unchanged
========== scraping https://ichi-ruki.livejournal.com/profile/
======== We are on link 194 of 237
========== raw link https://ichi-ruki.livejournal.com/
============ Checking for Redirections: https://ichi-ruki.livejournal.com/
============ Link unchanged
========== scraping https://ichi-ruki.livejournal.com/
======== We are on link 195 of 237
========== raw link https://songlations.livejournal.com/profile/
============ Checking for Redirections: https://songlations.livejournal.com/profile/
============ Link unchanged
========== scraping https://songlations.livejournal.com/profile/
======== We are on link 196 of 237
========== raw link https://songlations.livejournal.com/
============ Checking for Redirections: https://songlations.livejournal.com/
============ Link unchanged
========== scraping https://songlations.livejournal.com/
======== We are on link 197 of 237
========== raw link https://hh-clubs.livejournal.com/profile/
============ Checking for Redirections: https://hh-clubs.livejournal.com/profile/
============ Link unchanged
========== scraping https://hh-clubs.livejournal.com/profile/
======== We are on link 198 of 237
========== raw link https://hh-clubs.livejournal.com/
============ Checking for Redirections: https://hh-clubs.livejournal.com/
============ Link unchanged
========== scraping https://hh-clubs.livejournal.com/
======== We are on link 199 of 237
========== raw link https://potus-geeks.livejournal.com/profile/
============ Checking for Redirections: https://potus-geeks.livejournal.com/profile/
============ Link unchanged
========== scraping https://potus-geeks.livejournal.com/profile/
======== We are on link 200 of 237
========== raw link https://potus-geeks.livejournal.com/
============ Checking for Redirections: https://potus-geeks.livejournal.com/
============ Link unchanged
========== scraping https://potus-geeks.livejournal.com/
======== We are on link 201 of 237
========== raw link https://pkmncollectors.livejournal.com/profile/
============ Checking for Redirections: https://pkmncollectors.livejournal.com/profile/
============ Link unchanged
========== scraping https://pkmncollectors.livejournal.com/profile/
======== We are on link 202 of 237
========== raw link https://pkmncollectors.livejournal.com/
============ Checking for Redirections: https://pkmncollectors.livejournal.com/
============ Link unchanged
========== scraping https://pkmncollectors.livejournal.com/
======== We are on link 203 of 237
========== raw link https://egl.livejournal.com/profile/
============ Checking for Redirections: https://egl.livejournal.com/profile/
============ Link unchanged
========== scraping https://egl.livejournal.com/profile/
======== We are on link 204 of 237
========== raw link https://egl.livejournal.com/
============ Checking for Redirections: https://egl.livejournal.com/
============ Link unchanged
========== scraping https://egl.livejournal.com/
======== We are on link 205 of 237
========== raw link https://sv-vids.livejournal.com/profile/
============ Checking for Redirections: https://sv-vids.livejournal.com/profile/
============ Link unchanged
========== scraping https://sv-vids.livejournal.com/profile/
======== We are on link 206 of 237
========== raw link https://sv-vids.livejournal.com/
============ Checking for Redirections: https://sv-vids.livejournal.com/
============ Link unchanged
========== scraping https://sv-vids.livejournal.com/
======== We are on link 207 of 237
========== raw link https://www.livejournal.com/ratings/community?country=noncyr
============ Checking for Redirections: https://www.livejournal.com/ratings/community?country=noncyr
============ Followed Redirection to https://www.livejournal.com/ratings/community/?country=noncyr
============ Link after cleaning: https://www.livejournal.com/ratings/community/
========== scraping https://www.livejournal.com/ratings/community/
======== We are on link 208 of 237
========== raw link https://www.livejournal.com/interesting
============ Checking for Redirections: https://www.livejournal.com/interesting
============ Followed Redirection to https://www.livejournal.com/interesting/
============ Link after cleaning: https://www.livejournal.com/interesting/
========== scraping https://www.livejournal.com/interesting/
======== We are on link 209 of 237
========== raw link https://www.livejournal.com/create
============ Checking for Redirections: https://www.livejournal.com/create
============ Followed Redirection to https://www.livejournal.com/create/
============ Link after cleaning: https://www.livejournal.com/create/
========== link already checked
======== We are on link 210 of 237
========== raw link 
========== dropped link (either fragment ("#"), js, mailto, comment, pdf, or empty)
======== We are on link 211 of 237
========== raw link https://www.livejournal.com/app/
============ Checking for Redirections: https://www.livejournal.com/app/
============ Link unchanged
========== link already checked
======== We are on link 212 of 237
========== raw link https://www.livejournal.com/app/
============ Checking for Redirections: https://www.livejournal.com/app/
============ Link unchanged
========== link already checked
======== We are on link 213 of 237
========== raw link https://redirect.appmetrica.yandex.com/serve/1109058615601278454
========== dropped link https://redirect.appmetrica.yandex.com/serve/1109058615601278454. Didn't pass first allows/blocks test.
======== We are on link 214 of 237
========== raw link https://redirect.appmetrica.yandex.com/serve/748770694350768431
========== dropped link https://redirect.appmetrica.yandex.com/serve/748770694350768431. Didn't pass first allows/blocks test.
======== We are on link 215 of 237
========== raw link https://twitter.com/LiveJournal
========== dropped link https://twitter.com/LiveJournal. Didn't pass first allows/blocks test.
======== We are on link 216 of 237
========== raw link https://www.livejournal.com
============ Checking for Redirections: https://www.livejournal.com
============ Followed Redirection to https://www.livejournal.com/
============ Link after cleaning: https://www.livejournal.com/
========== link already checked
======== We are on link 217 of 237
========== raw link https://www.livejournal.com/about/
============ Checking for Redirections: https://www.livejournal.com/about/
============ Link unchanged
========== link already checked
======== We are on link 218 of 237
========== raw link https://news.livejournal.com/
============ Checking for Redirections: https://news.livejournal.com/
============ Link unchanged
========== link already checked
======== We are on link 219 of 237
========== raw link https://www.livejournal.com/support/
============ Checking for Redirections: https://www.livejournal.com/support/
============ Link unchanged
========== link already checked
======== We are on link 220 of 237
========== raw link https://www.livejournal.com/developer/extshare/
============ Checking for Redirections: https://www.livejournal.com/developer/extshare/
============ Link unchanged
========== link already checked
======== We are on link 221 of 237
========== raw link https://frank.livejournal.com/
============ Checking for Redirections: https://frank.livejournal.com/
============ Link unchanged
========== link already checked
======== We are on link 222 of 237
========== raw link https://www.livejournal.com/betatest.bml
============ Checking for Redirections: https://www.livejournal.com/betatest.bml
============ Followed Redirection to https://www.livejournal.com/login.bml?returnto=https%3A%2F%2Fwww.livejournal.com%2Fbetatest%2F
============ Link after cleaning: https://www.livejournal.com/login.bml
============ Excluded based on allow/block list.
======== We are on link 223 of 237
========== raw link https://www.livejournal.com/legal/privacy-en.bml
============ Checking for Redirections: https://www.livejournal.com/legal/privacy-en.bml
============ Link unchanged
========== link already checked
======== We are on link 224 of 237
========== raw link https://www.livejournal.com/legal/tos-en.bml
============ Checking for Redirections: https://www.livejournal.com/legal/tos-en.bml
============ Link unchanged
========== link already checked
======== We are on link 225 of 237
========== raw link https://www.livejournal.com/legal/recommendation_technologies/
============ Checking for Redirections: https://www.livejournal.com/legal/recommendation_technologies/
============ Link unchanged
========== scraping https://www.livejournal.com/legal/recommendation_technologies/
============ Dropping non-English link: https://www.livejournal.com/legal/recommendation_technologies/
======== We are on link 226 of 237
========== raw link https://www.livejournal.com/support/
============ Checking for Redirections: https://www.livejournal.com/support/
============ Link unchanged
========== link already checked
======== We are on link 227 of 237
========== raw link javascript:void(0)
========== dropped link (either fragment ("#"), js, mailto, comment, pdf, or empty)
======== We are on link 228 of 237
========== raw link javascript:void(0)
========== dropped link (either fragment ("#"), js, mailto, comment, pdf, or empty)
======== We are on link 229 of 237
========== raw link javascript:void(0)
========== dropped link (either fragment ("#"), js, mailto, comment, pdf, or empty)
======== We are on link 230 of 237
========== raw link javascript:void(0)
========== dropped link (either fragment ("#"), js, mailto, comment, pdf, or empty)
======== We are on link 231 of 237
========== raw link javascript:void(0)
========== dropped link (either fragment ("#"), js, mailto, comment, pdf, or empty)
======== We are on link 232 of 237
========== raw link javascript:void(0)
========== dropped link (either fragment ("#"), js, mailto, comment, pdf, or empty)
======== We are on link 233 of 237
========== raw link javascript:void(0);
========== dropped link (either fragment ("#"), js, mailto, comment, pdf, or empty)
======== We are on link 234 of 237
========== raw link javascript:void(0)
========== dropped link (either fragment ("#"), js, mailto, comment, pdf, or empty)
======== We are on link 235 of 237
========== raw link javascript:void(0);
========== dropped link (either fragment ("#"), js, mailto, comment, pdf, or empty)
======== We are on link 236 of 237
========== raw link javascript:void(0);
========== dropped link (either fragment ("#"), js, mailto, comment, pdf, or empty)
======== We are on link 237 of 237
========== raw link https://www.livejournal.com/manage/ratings
============ Checking for Redirections: https://www.livejournal.com/manage/ratings
============ Followed Redirection to https://www.livejournal.com/login.bml?returnto=https%3A%2F%2Fwww.livejournal.com%2Fmanage%2Fratings.bml
============ Link after cleaning: https://www.livejournal.com/login.bml
============ Excluded based on allow/block list.
====== We are on page 2 of 2: https://siege.livejournal.com/
====== Number of Links on this Page: 146
======== We are on link 1 of 146
========== raw link https://www.livejournal.com/
============ Checking for Redirections: https://www.livejournal.com/
============ Link unchanged
========== link already checked
======== We are on link 2 of 146
========== raw link https://www.livejournal.com/browse/
============ Checking for Redirections: https://www.livejournal.com/browse/
============ Link unchanged
========== link already checked
======== We are on link 3 of 146
========== raw link https://www.livejournal.com/syn/
============ Checking for Redirections: https://www.livejournal.com/syn/
============ Link unchanged
========== link already checked
======== We are on link 4 of 146
========== raw link https://www.livejournal.com/shop/?ila_campaign=ex_shop_pro&ila_location=site_menu&ila_context=shop
========== dropped link https://www.livejournal.com/shop/?ila_campaign=ex_shop_pro&ila_location=site_menu&ila_context=shop. Didn't pass first allows/blocks test.
======== We are on link 5 of 146
========== raw link https://www.livejournal.com/support/
============ Checking for Redirections: https://www.livejournal.com/support/
============ Link unchanged
========== link already checked
======== We are on link 6 of 146
========== raw link //www.livejournal.com/rsearch?journal=siege&journalId=79023
============ Prepended scheme.
============ Checking for Redirections: https://www.livejournal.com/rsearch?journal=siege&journalId=79023
============ Followed Redirection to https://www.livejournal.com/rsearch/?journal=siege&journalId=79023
============ Link after cleaning: https://www.livejournal.com/rsearch/
========== scraping https://www.livejournal.com/rsearch/
============ Dropping non-English link: https://www.livejournal.com/rsearch/
======== We are on link 7 of 146
========== raw link https://www.livejournal.com/login.bml
========== dropped link https://www.livejournal.com/login.bml. Didn't pass first allows/blocks test.
======== We are on link 8 of 146
========== raw link https://siege.livejournal.com/profile/
============ Checking for Redirections: https://siege.livejournal.com/profile/
============ Link unchanged
========== link already checked
======== We are on link 9 of 146
========== raw link https://siege.livejournal.com/
============ Checking for Redirections: https://siege.livejournal.com/
============ Link unchanged
========== link already checked
======== We are on link 10 of 146
========== raw link https://www.livejournal.com/login.bml?returnto=https%3A%2F%2Fsiege.livejournal.com%2F&ret=1
========== dropped link https://www.livejournal.com/login.bml?returnto=https%3A%2F%2Fsiege.livejournal.com%2F&ret=1. Didn't pass first allows/blocks test.
======== We are on link 11 of 146
========== raw link https://www.livejournal.com/create/
============ Checking for Redirections: https://www.livejournal.com/create/
============ Link unchanged
========== link already checked
======== We are on link 12 of 146
========== raw link https://www.livejournal.com/manage/settings/?cat=display
============ Checking for Redirections: https://www.livejournal.com/manage/settings/?cat=display
============ Followed Redirection to https://www.livejournal.com/login.bml?returnto=https%3A%2F%2Fwww.livejournal.com%2Fsettings%2F%3Fcat%3Ddisplay
============ Link after cleaning: https://www.livejournal.com/login.bml
============ Excluded based on allow/block list.
======== We are on link 13 of 146
========== raw link 
========== dropped link (either fragment ("#"), js, mailto, comment, pdf, or empty)
======== We are on link 14 of 146
========== raw link 
========== dropped link (either fragment ("#"), js, mailto, comment, pdf, or empty)
======== We are on link 15 of 146
========== raw link 
========== dropped link (either fragment ("#"), js, mailto, comment, pdf, or empty)
======== We are on link 16 of 146
========== raw link 
========== dropped link (either fragment ("#"), js, mailto, comment, pdf, or empty)
======== We are on link 17 of 146
========== raw link 
========== dropped link (either fragment ("#"), js, mailto, comment, pdf, or empty)
======== We are on link 18 of 146
========== raw link 
========== dropped link (either fragment ("#"), js, mailto, comment, pdf, or empty)
======== We are on link 19 of 146
========== raw link 
========== dropped link (either fragment ("#"), js, mailto, comment, pdf, or empty)
======== We are on link 20 of 146
========== raw link 
========== dropped link (either fragment ("#"), js, mailto, comment, pdf, or empty)
======== We are on link 21 of 146
========== raw link 
========== dropped link (either fragment ("#"), js, mailto, comment, pdf, or empty)
======== We are on link 22 of 146
========== raw link https://siege.livejournal.com/profile/
============ Checking for Redirections: https://siege.livejournal.com/profile/
============ Link unchanged
========== link already checked
======== We are on link 23 of 146
========== raw link https://siege.livejournal.com/
============ Checking for Redirections: https://siege.livejournal.com/
============ Link unchanged
========== link already checked
======== We are on link 24 of 146
========== raw link https://siege.livejournal.com/profile/
============ Checking for Redirections: https://siege.livejournal.com/profile/
============ Link unchanged
========== link already checked
======== We are on link 25 of 146
========== raw link https://siege.livejournal.com/
============ Checking for Redirections: https://siege.livejournal.com/
============ Link unchanged
========== link already checked
======== We are on link 26 of 146
========== raw link https://siege.livejournal.com/calendar/?ila_campaign=control_strip
========== dropped link https://siege.livejournal.com/calendar/?ila_campaign=control_strip. Didn't pass first allows/blocks test.
======== We are on link 27 of 146
========== raw link https://siege.livejournal.com/pics/catalog/
============ Checking for Redirections: https://siege.livejournal.com/pics/catalog/
============ Followed Redirection to https://siege.livejournal.com/photo/
============ Link after cleaning: https://siege.livejournal.com/photo/
========== scraping https://siege.livejournal.com/photo/
======== We are on link 28 of 146
========== raw link https://siege.livejournal.com/video/
============ Checking for Redirections: https://siege.livejournal.com/video/
============ Link unchanged
========== scraping https://siege.livejournal.com/video/
======== We are on link 29 of 146
========== raw link https://www.livejournal.com/create
============ Checking for Redirections: https://www.livejournal.com/create
============ Followed Redirection to https://www.livejournal.com/create/
============ Link after cleaning: https://www.livejournal.com/create/
========== link already checked
======== We are on link 30 of 146
========== raw link https://www.livejournal.com/lostinfo.bml
============ Checking for Redirections: https://www.livejournal.com/lostinfo.bml
============ Followed Redirection to https://www.livejournal.com/lostinfo/
============ Link after cleaning: https://www.livejournal.com/lostinfo/
========== link already checked
======== We are on link 31 of 146
========== raw link https://www.livejournal.com/identity/login.bml?type=google&auto_forwhat=user%24siege%24%2F
========== dropped link https://www.livejournal.com/identity/login.bml?type=google&auto_forwhat=user%24siege%24%2F. Didn't pass first allows/blocks test.
======== We are on link 32 of 146
========== raw link https://www.livejournal.com/identity/login.bml?type=facebook&auto_forwhat=user%24siege%24%2F
========== dropped link https://www.livejournal.com/identity/login.bml?type=facebook&auto_forwhat=user%24siege%24%2F. Didn't pass first allows/blocks test.
======== We are on link 33 of 146
========== raw link https://www.livejournal.com/identity/login.bml?type=vkontakte&auto_forwhat=user%24siege%24%2F
========== dropped link https://www.livejournal.com/identity/login.bml?type=vkontakte&auto_forwhat=user%24siege%24%2F. Didn't pass first allows/blocks test.
======== We are on link 34 of 146
========== raw link https://www.livejournal.com/identity/login.bml?type=twitter&auto_forwhat=user%24siege%24%2F
========== dropped link https://www.livejournal.com/identity/login.bml?type=twitter&auto_forwhat=user%24siege%24%2F. Didn't pass first allows/blocks test.
======== We are on link 35 of 146
========== raw link https://www.livejournal.com/identity/login.bml?type=mailru&auto_forwhat=user%24siege%24%2F
========== dropped link https://www.livejournal.com/identity/login.bml?type=mailru&auto_forwhat=user%24siege%24%2F. Didn't pass first allows/blocks test.
======== We are on link 36 of 146
========== raw link https://www.livejournal.com/identity/login.bml?type=rambler&auto_forwhat=user%24siege%24%2F
========== dropped link https://www.livejournal.com/identity/login.bml?type=rambler&auto_forwhat=user%24siege%24%2F. Didn't pass first allows/blocks test.
======== We are on link 37 of 146
========== raw link https://www.livejournal.com/identity/login.bml?type=openid&auto_forwhat=user%24siege%24%2F
========== dropped link https://www.livejournal.com/identity/login.bml?type=openid&auto_forwhat=user%24siege%24%2F. Didn't pass first allows/blocks test.
======== We are on link 38 of 146
========== raw link https://www.livejournal.com/create
============ Checking for Redirections: https://www.livejournal.com/create
============ Followed Redirection to https://www.livejournal.com/create/
============ Link after cleaning: https://www.livejournal.com/create/
========== link already checked
======== We are on link 39 of 146
========== raw link https://www.livejournal.com/legal/tos-en.bml
============ Checking for Redirections: https://www.livejournal.com/legal/tos-en.bml
============ Link unchanged
========== link already checked
======== We are on link 40 of 146
========== raw link https://siege.livejournal.com/calendar
========== dropped link https://siege.livejournal.com/calendar. Didn't pass first allows/blocks test.
======== We are on link 41 of 146
========== raw link https://siege.livejournal.com/friends
========== dropped link https://siege.livejournal.com/friends. Didn't pass first allows/blocks test.
======== We are on link 42 of 146
========== raw link https://www.livejournal.com/userinfo.bml?user=siege
============ Checking for Redirections: https://www.livejournal.com/userinfo.bml?user=siege
============ Link after cleaning: https://www.livejournal.com/userinfo.bml
========== scraping https://www.livejournal.com/userinfo.bml
======== We are on link 43 of 146
========== raw link https://siege.livejournal.com/?skip=20
============ Checking for Redirections: https://siege.livejournal.com/?skip=20
============ Link after cleaning: https://siege.livejournal.com/
========== link already checked
======== We are on link 44 of 146
========== raw link https://siege.livejournal.com/896576.html
============ Checking for Redirections: https://siege.livejournal.com/896576.html
============ Link unchanged
========== scraping https://siege.livejournal.com/896576.html
======== We are on link 45 of 146
========== raw link https://www.livejournal.com/away?to=https%3A%2F%2Fzeeth-kyrah.dreamwidth.org%2F50506.html
============ Checking for Redirections: https://www.livejournal.com/away?to=https%3A%2F%2Fzeeth-kyrah.dreamwidth.org%2F50506.html
============ Followed Redirection to https://www.livejournal.com/away/?to=https%3A%2F%2Fzeeth-kyrah.dreamwidth.org%2F50506.html
============ Link after cleaning: https://www.livejournal.com/away/
========== scraping https://www.livejournal.com/away/
======== We are on link 46 of 146
========== raw link https://www.livejournal.com/away?to=https%3A%2F%2Fwww.dreamwidth.org%2Fopenid%2F
============ Checking for Redirections: https://www.livejournal.com/away?to=https%3A%2F%2Fwww.dreamwidth.org%2Fopenid%2F
============ Followed Redirection to https://www.livejournal.com/away/?to=https%3A%2F%2Fwww.dreamwidth.org%2Fopenid%2F
============ Link after cleaning: https://www.livejournal.com/away/
========== link already checked
======== We are on link 47 of 146
========== raw link https://siege.livejournal.com/896576.html?mode=reply#add_comment
============ Checking for Redirections: https://siege.livejournal.com/896576.html?mode=reply#add_comment
============ Link after cleaning: https://siege.livejournal.com/896576.html
========== link already checked
======== We are on link 48 of 146
========== raw link https://siege.livejournal.com/896312.html
============ Checking for Redirections: https://siege.livejournal.com/896312.html
============ Link unchanged
========== scraping https://siege.livejournal.com/896312.html
======== We are on link 49 of 146
========== raw link https://www.livejournal.com/away?to=https%3A%2F%2Fwww.youtube.com%2Fwatch%3Fv%3DEk1buV2HA68
============ Checking for Redirections: https://www.livejournal.com/away?to=https%3A%2F%2Fwww.youtube.com%2Fwatch%3Fv%3DEk1buV2HA68
============ Followed Redirection to https://www.livejournal.com/away/?to=https%3A%2F%2Fwww.youtube.com%2Fwatch%3Fv%3DEk1buV2HA68
============ Link after cleaning: https://www.livejournal.com/away/
========== link already checked
======== We are on link 50 of 146
========== raw link https://www.livejournal.com/away?to=https%3A%2F%2Fzeeth-kyrah.dreamwidth.org%2F50306.html
============ Checking for Redirections: https://www.livejournal.com/away?to=https%3A%2F%2Fzeeth-kyrah.dreamwidth.org%2F50306.html
============ Followed Redirection to https://www.livejournal.com/away/?to=https%3A%2F%2Fzeeth-kyrah.dreamwidth.org%2F50306.html
============ Link after cleaning: https://www.livejournal.com/away/
========== link already checked
======== We are on link 51 of 146
========== raw link https://www.livejournal.com/away?to=https%3A%2F%2Fwww.dreamwidth.org%2Fopenid%2F
============ Checking for Redirections: https://www.livejournal.com/away?to=https%3A%2F%2Fwww.dreamwidth.org%2Fopenid%2F
============ Followed Redirection to https://www.livejournal.com/away/?to=https%3A%2F%2Fwww.dreamwidth.org%2Fopenid%2F
============ Link after cleaning: https://www.livejournal.com/away/
========== link already checked
======== We are on link 52 of 146
========== raw link https://siege.livejournal.com/896312.html?mode=reply#add_comment
============ Checking for Redirections: https://siege.livejournal.com/896312.html?mode=reply#add_comment
============ Link after cleaning: https://siege.livejournal.com/896312.html
========== link already checked
======== We are on link 53 of 146
========== raw link https://siege.livejournal.com/895601.html
============ Checking for Redirections: https://siege.livejournal.com/895601.html
============ Link unchanged
========== scraping https://siege.livejournal.com/895601.html
======== We are on link 54 of 146
========== raw link https://www.livejournal.com/away?to=https%3A%2F%2Fdigg.com%2F2021%2Farnold-schwarzenegger-condemns-capitol-mob-violence
============ Checking for Redirections: https://www.livejournal.com/away?to=https%3A%2F%2Fdigg.com%2F2021%2Farnold-schwarzenegger-condemns-capitol-mob-violence
============ Followed Redirection to https://www.livejournal.com/away/?to=https%3A%2F%2Fdigg.com%2F2021%2Farnold-schwarzenegger-condemns-capitol-mob-violence
============ Link after cleaning: https://www.livejournal.com/away/
========== link already checked
======== We are on link 55 of 146
========== raw link https://www.livejournal.com/away?to=https%3A%2F%2Fzeeth-kyrah.dreamwidth.org%2F49529.html
============ Checking for Redirections: https://www.livejournal.com/away?to=https%3A%2F%2Fzeeth-kyrah.dreamwidth.org%2F49529.html
============ Followed Redirection to https://www.livejournal.com/away/?to=https%3A%2F%2Fzeeth-kyrah.dreamwidth.org%2F49529.html
============ Link after cleaning: https://www.livejournal.com/away/
========== link already checked
======== We are on link 56 of 146
========== raw link https://www.livejournal.com/away?to=https%3A%2F%2Fwww.dreamwidth.org%2Fopenid%2F
============ Checking for Redirections: https://www.livejournal.com/away?to=https%3A%2F%2Fwww.dreamwidth.org%2Fopenid%2F
============ Followed Redirection to https://www.livejournal.com/away/?to=https%3A%2F%2Fwww.dreamwidth.org%2Fopenid%2F
============ Link after cleaning: https://www.livejournal.com/away/
========== link already checked
======== We are on link 57 of 146
========== raw link https://siege.livejournal.com/895601.html?mode=reply#add_comment
============ Checking for Redirections: https://siege.livejournal.com/895601.html?mode=reply#add_comment
============ Link after cleaning: https://siege.livejournal.com/895601.html
========== link already checked
======== We are on link 58 of 146
========== raw link https://siege.livejournal.com/895369.html
============ Checking for Redirections: https://siege.livejournal.com/895369.html
============ Link unchanged
========== scraping https://siege.livejournal.com/895369.html
======== We are on link 59 of 146
========== raw link https://www.livejournal.com/away?to=https%3A%2F%2Fyoutu.be%2F8Fow61Zsn2s
============ Checking for Redirections: https://www.livejournal.com/away?to=https%3A%2F%2Fyoutu.be%2F8Fow61Zsn2s
============ Followed Redirection to https://www.livejournal.com/away/?to=https%3A%2F%2Fyoutu.be%2F8Fow61Zsn2s
============ Link after cleaning: https://www.livejournal.com/away/
========== link already checked
======== We are on link 60 of 146
========== raw link https://www.livejournal.com/away?to=https%3A%2F%2Fzeeth-kyrah.dreamwidth.org%2F49314.html
============ Checking for Redirections: https://www.livejournal.com/away?to=https%3A%2F%2Fzeeth-kyrah.dreamwidth.org%2F49314.html
============ Followed Redirection to https://www.livejournal.com/away/?to=https%3A%2F%2Fzeeth-kyrah.dreamwidth.org%2F49314.html
============ Link after cleaning: https://www.livejournal.com/away/
========== link already checked
======== We are on link 61 of 146
========== raw link https://www.livejournal.com/away?to=https%3A%2F%2Fwww.dreamwidth.org%2Fopenid%2F
============ Checking for Redirections: https://www.livejournal.com/away?to=https%3A%2F%2Fwww.dreamwidth.org%2Fopenid%2F
============ Followed Redirection to https://www.livejournal.com/away/?to=https%3A%2F%2Fwww.dreamwidth.org%2Fopenid%2F
============ Link after cleaning: https://www.livejournal.com/away/
========== link already checked
======== We are on link 62 of 146
========== raw link https://siege.livejournal.com/895369.html?mode=reply#add_comment
============ Checking for Redirections: https://siege.livejournal.com/895369.html?mode=reply#add_comment
============ Link after cleaning: https://siege.livejournal.com/895369.html
========== link already checked
======== We are on link 63 of 146
========== raw link https://siege.livejournal.com/895160.html
============ Checking for Redirections: https://siege.livejournal.com/895160.html
============ Link unchanged
========== scraping https://siege.livejournal.com/895160.html
======== We are on link 64 of 146
========== raw link https://www.livejournal.com/away?to=https%3A%2F%2Fwww.newsweek.com%2Fsea-urchin-hats-saltwater-aquarium-cowboy-viking-top-hat-3d-printing-1500500
============ Checking for Redirections: https://www.livejournal.com/away?to=https%3A%2F%2Fwww.newsweek.com%2Fsea-urchin-hats-saltwater-aquarium-cowboy-viking-top-hat-3d-printing-1500500
============ Followed Redirection to https://www.livejournal.com/away/?to=https%3A%2F%2Fwww.newsweek.com%2Fsea-urchin-hats-saltwater-aquarium-cowboy-viking-top-hat-3d-printing-1500500
============ Link after cleaning: https://www.livejournal.com/away/
========== link already checked
======== We are on link 65 of 146
========== raw link https://www.livejournal.com/away?to=https%3A%2F%2Fzeeth-kyrah.dreamwidth.org%2F49150.html
============ Checking for Redirections: https://www.livejournal.com/away?to=https%3A%2F%2Fzeeth-kyrah.dreamwidth.org%2F49150.html
============ Followed Redirection to https://www.livejournal.com/away/?to=https%3A%2F%2Fzeeth-kyrah.dreamwidth.org%2F49150.html
============ Link after cleaning: https://www.livejournal.com/away/
========== link already checked
======== We are on link 66 of 146
========== raw link https://www.livejournal.com/away?to=https%3A%2F%2Fwww.dreamwidth.org%2Fopenid%2F
============ Checking for Redirections: https://www.livejournal.com/away?to=https%3A%2F%2Fwww.dreamwidth.org%2Fopenid%2F
============ Followed Redirection to https://www.livejournal.com/away/?to=https%3A%2F%2Fwww.dreamwidth.org%2Fopenid%2F
============ Link after cleaning: https://www.livejournal.com/away/
========== link already checked
======== We are on link 67 of 146
========== raw link https://siege.livejournal.com/895160.html?mode=reply#add_comment
============ Checking for Redirections: https://siege.livejournal.com/895160.html?mode=reply#add_comment
============ Link after cleaning: https://siege.livejournal.com/895160.html
========== link already checked
======== We are on link 68 of 146
========== raw link https://siege.livejournal.com/894819.html
============ Checking for Redirections: https://siege.livejournal.com/894819.html
============ Link unchanged
========== scraping https://siege.livejournal.com/894819.html
======== We are on link 69 of 146
========== raw link https://www.livejournal.com/away?to=https%3A%2F%2Fsneak.berlin%2F20201112%2Fyour-computer-isnt-yours%2F
============ Checking for Redirections: https://www.livejournal.com/away?to=https%3A%2F%2Fsneak.berlin%2F20201112%2Fyour-computer-isnt-yours%2F
============ Followed Redirection to https://www.livejournal.com/away/?to=https%3A%2F%2Fsneak.berlin%2F20201112%2Fyour-computer-isnt-yours%2F
============ Link after cleaning: https://www.livejournal.com/away/
========== link already checked
======== We are on link 70 of 146
========== raw link https://www.livejournal.com/away?to=https%3A%2F%2Fzeeth-kyrah.dreamwidth.org%2F48722.html
============ Checking for Redirections: https://www.livejournal.com/away?to=https%3A%2F%2Fzeeth-kyrah.dreamwidth.org%2F48722.html
============ Followed Redirection to https://www.livejournal.com/away/?to=https%3A%2F%2Fzeeth-kyrah.dreamwidth.org%2F48722.html
============ Link after cleaning: https://www.livejournal.com/away/
========== link already checked
======== We are on link 71 of 146
========== raw link https://www.livejournal.com/away?to=https%3A%2F%2Fwww.dreamwidth.org%2Fopenid%2F
============ Checking for Redirections: https://www.livejournal.com/away?to=https%3A%2F%2Fwww.dreamwidth.org%2Fopenid%2F
============ Followed Redirection to https://www.livejournal.com/away/?to=https%3A%2F%2Fwww.dreamwidth.org%2Fopenid%2F
============ Link after cleaning: https://www.livejournal.com/away/
========== link already checked
======== We are on link 72 of 146
========== raw link https://siege.livejournal.com/894819.html?mode=reply#add_comment
============ Checking for Redirections: https://siege.livejournal.com/894819.html?mode=reply#add_comment
============ Link after cleaning: https://siege.livejournal.com/894819.html
========== link already checked
======== We are on link 73 of 146
========== raw link https://siege.livejournal.com/894696.html
============ Checking for Redirections: https://siege.livejournal.com/894696.html
============ Link unchanged
========== scraping https://siege.livejournal.com/894696.html
======== We are on link 74 of 146
========== raw link https://www.livejournal.com/away?to=https%3A%2F%2Fwww.youtube.com%2Fwatch%3Fv%3DlnAbTNtm1xU
============ Checking for Redirections: https://www.livejournal.com/away?to=https%3A%2F%2Fwww.youtube.com%2Fwatch%3Fv%3DlnAbTNtm1xU
============ Followed Redirection to https://www.livejournal.com/away/?to=https%3A%2F%2Fwww.youtube.com%2Fwatch%3Fv%3DlnAbTNtm1xU
============ Link after cleaning: https://www.livejournal.com/away/
========== link already checked
======== We are on link 75 of 146
========== raw link https://www.livejournal.com/away?to=https%3A%2F%2Fwww.youtube.com%2Fchannel%2FUCILamLkehRwaRRBjhNIw_1g
============ Checking for Redirections: https://www.livejournal.com/away?to=https%3A%2F%2Fwww.youtube.com%2Fchannel%2FUCILamLkehRwaRRBjhNIw_1g
============ Followed Redirection to https://www.livejournal.com/away/?to=https%3A%2F%2Fwww.youtube.com%2Fchannel%2FUCILamLkehRwaRRBjhNIw_1g
============ Link after cleaning: https://www.livejournal.com/away/
========== link already checked
======== We are on link 76 of 146
========== raw link https://www.livejournal.com/away?to=https%3A%2F%2Fzeeth-kyrah.dreamwidth.org%2F48428.html
============ Checking for Redirections: https://www.livejournal.com/away?to=https%3A%2F%2Fzeeth-kyrah.dreamwidth.org%2F48428.html
============ Followed Redirection to https://www.livejournal.com/away/?to=https%3A%2F%2Fzeeth-kyrah.dreamwidth.org%2F48428.html
============ Link after cleaning: https://www.livejournal.com/away/
========== link already checked
======== We are on link 77 of 146
========== raw link https://www.livejournal.com/away?to=https%3A%2F%2Fwww.dreamwidth.org%2Fopenid%2F
============ Checking for Redirections: https://www.livejournal.com/away?to=https%3A%2F%2Fwww.dreamwidth.org%2Fopenid%2F
============ Followed Redirection to https://www.livejournal.com/away/?to=https%3A%2F%2Fwww.dreamwidth.org%2Fopenid%2F
============ Link after cleaning: https://www.livejournal.com/away/
========== link already checked
======== We are on link 78 of 146
========== raw link https://siege.livejournal.com/894696.html?mode=reply#add_comment
============ Checking for Redirections: https://siege.livejournal.com/894696.html?mode=reply#add_comment
============ Link after cleaning: https://siege.livejournal.com/894696.html
========== link already checked
======== We are on link 79 of 146
========== raw link https://siege.livejournal.com/894425.html
============ Checking for Redirections: https://siege.livejournal.com/894425.html
============ Link unchanged
========== scraping https://siege.livejournal.com/894425.html
======== We are on link 80 of 146
========== raw link https://www.livejournal.com/away?to=https%3A%2F%2Fwww.npr.org%2F2020%2F10%2F07%2F920967175%2Fi-can-see-clearly-now-singer-johnny-nash-has-died-age-80
============ Checking for Redirections: https://www.livejournal.com/away?to=https%3A%2F%2Fwww.npr.org%2F2020%2F10%2F07%2F920967175%2Fi-can-see-clearly-now-singer-johnny-nash-has-died-age-80
============ Followed Redirection to https://www.livejournal.com/away/?to=https%3A%2F%2Fwww.npr.org%2F2020%2F10%2F07%2F920967175%2Fi-can-see-clearly-now-singer-johnny-nash-has-died-age-80
============ Link after cleaning: https://www.livejournal.com/away/
========== link already checked
======== We are on link 81 of 146
========== raw link https://www.livejournal.com/away?to=https%3A%2F%2Fzeeth-kyrah.dreamwidth.org%2F48222.html
============ Checking for Redirections: https://www.livejournal.com/away?to=https%3A%2F%2Fzeeth-kyrah.dreamwidth.org%2F48222.html
============ Followed Redirection to https://www.livejournal.com/away/?to=https%3A%2F%2Fzeeth-kyrah.dreamwidth.org%2F48222.html
============ Link after cleaning: https://www.livejournal.com/away/
========== link already checked
======== We are on link 82 of 146
========== raw link https://www.livejournal.com/away?to=https%3A%2F%2Fwww.dreamwidth.org%2Fopenid%2F
============ Checking for Redirections: https://www.livejournal.com/away?to=https%3A%2F%2Fwww.dreamwidth.org%2Fopenid%2F
============ Followed Redirection to https://www.livejournal.com/away/?to=https%3A%2F%2Fwww.dreamwidth.org%2Fopenid%2F
============ Link after cleaning: https://www.livejournal.com/away/
========== link already checked
======== We are on link 83 of 146
========== raw link https://siege.livejournal.com/894425.html?mode=reply#add_comment
============ Checking for Redirections: https://siege.livejournal.com/894425.html?mode=reply#add_comment
============ Link after cleaning: https://siege.livejournal.com/894425.html
========== link already checked
======== We are on link 84 of 146
========== raw link https://siege.livejournal.com/894052.html
============ Checking for Redirections: https://siege.livejournal.com/894052.html
============ Link unchanged
========== scraping https://siege.livejournal.com/894052.html
======== We are on link 85 of 146
========== raw link https://www.livejournal.com/away?to=https%3A%2F%2Fwww.youtube.com%2Fwatch%3Fv%3D2rvri_da8_E
============ Checking for Redirections: https://www.livejournal.com/away?to=https%3A%2F%2Fwww.youtube.com%2Fwatch%3Fv%3D2rvri_da8_E
============ Followed Redirection to https://www.livejournal.com/away/?to=https%3A%2F%2Fwww.youtube.com%2Fwatch%3Fv%3D2rvri_da8_E
============ Link after cleaning: https://www.livejournal.com/away/
========== link already checked
======== We are on link 86 of 146
========== raw link https://www.livejournal.com/away?to=https%3A%2F%2Fzeeth-kyrah.dreamwidth.org%2F47942.html
============ Checking for Redirections: https://www.livejournal.com/away?to=https%3A%2F%2Fzeeth-kyrah.dreamwidth.org%2F47942.html
============ Followed Redirection to https://www.livejournal.com/away/?to=https%3A%2F%2Fzeeth-kyrah.dreamwidth.org%2F47942.html
============ Link after cleaning: https://www.livejournal.com/away/
========== link already checked
======== We are on link 87 of 146
========== raw link https://www.livejournal.com/away?to=https%3A%2F%2Fwww.dreamwidth.org%2Fopenid%2F
============ Checking for Redirections: https://www.livejournal.com/away?to=https%3A%2F%2Fwww.dreamwidth.org%2Fopenid%2F
============ Followed Redirection to https://www.livejournal.com/away/?to=https%3A%2F%2Fwww.dreamwidth.org%2Fopenid%2F
============ Link after cleaning: https://www.livejournal.com/away/
========== link already checked
======== We are on link 88 of 146
========== raw link https://siege.livejournal.com/894052.html?mode=reply#add_comment
============ Checking for Redirections: https://siege.livejournal.com/894052.html?mode=reply#add_comment
============ Link after cleaning: https://siege.livejournal.com/894052.html
========== link already checked
======== We are on link 89 of 146
========== raw link https://siege.livejournal.com/893701.html
============ Checking for Redirections: https://siege.livejournal.com/893701.html
============ Link unchanged
========== scraping https://siege.livejournal.com/893701.html
======== We are on link 90 of 146
========== raw link https://www.livejournal.com/away?to=https%3A%2F%2Fi.pinimg.com%2Foriginals%2F52%2Fe5%2Fe2%2F52e5e294b9c717223dcaff3661a83ab1.jpg
============ Checking for Redirections: https://www.livejournal.com/away?to=https%3A%2F%2Fi.pinimg.com%2Foriginals%2F52%2Fe5%2Fe2%2F52e5e294b9c717223dcaff3661a83ab1.jpg
============ Followed Redirection to https://www.livejournal.com/away/?to=https%3A%2F%2Fi.pinimg.com%2Foriginals%2F52%2Fe5%2Fe2%2F52e5e294b9c717223dcaff3661a83ab1.jpg
============ Link after cleaning: https://www.livejournal.com/away/
========== link already checked
======== We are on link 91 of 146
========== raw link https://www.livejournal.com/away?to=http%3A%2F%2Fwww.personalitytutor.com%2Fqualities-of-a-hero.html
============ Checking for Redirections: https://www.livejournal.com/away?to=http%3A%2F%2Fwww.personalitytutor.com%2Fqualities-of-a-hero.html
============ Followed Redirection to https://www.livejournal.com/away/?to=http%3A%2F%2Fwww.personalitytutor.com%2Fqualities-of-a-hero.html
============ Link after cleaning: https://www.livejournal.com/away/
========== link already checked
======== We are on link 92 of 146
========== raw link https://www.livejournal.com/away?to=https%3A%2F%2Fysabetwordsmith.dreamwidth.org%2Fprofile
============ Checking for Redirections: https://www.livejournal.com/away?to=https%3A%2F%2Fysabetwordsmith.dreamwidth.org%2Fprofile
============ Followed Redirection to https://www.livejournal.com/away/?to=https%3A%2F%2Fysabetwordsmith.dreamwidth.org%2Fprofile
============ Link after cleaning: https://www.livejournal.com/away/
========== link already checked
======== We are on link 93 of 146
========== raw link https://www.livejournal.com/away?to=https%3A%2F%2Fysabetwordsmith.dreamwidth.org%2F
============ Checking for Redirections: https://www.livejournal.com/away?to=https%3A%2F%2Fysabetwordsmith.dreamwidth.org%2F
============ Followed Redirection to https://www.livejournal.com/away/?to=https%3A%2F%2Fysabetwordsmith.dreamwidth.org%2F
============ Link after cleaning: https://www.livejournal.com/away/
========== link already checked
======== We are on link 94 of 146
========== raw link https://www.livejournal.com/away?to=https%3A%2F%2Fzeeth-kyrah.dreamwidth.org%2F47653.html
============ Checking for Redirections: https://www.livejournal.com/away?to=https%3A%2F%2Fzeeth-kyrah.dreamwidth.org%2F47653.html
============ Followed Redirection to https://www.livejournal.com/away/?to=https%3A%2F%2Fzeeth-kyrah.dreamwidth.org%2F47653.html
============ Link after cleaning: https://www.livejournal.com/away/
========== link already checked
======== We are on link 95 of 146
========== raw link https://www.livejournal.com/away?to=https%3A%2F%2Fwww.dreamwidth.org%2Fopenid%2F
============ Checking for Redirections: https://www.livejournal.com/away?to=https%3A%2F%2Fwww.dreamwidth.org%2Fopenid%2F
============ Followed Redirection to https://www.livejournal.com/away/?to=https%3A%2F%2Fwww.dreamwidth.org%2Fopenid%2F
============ Link after cleaning: https://www.livejournal.com/away/
========== link already checked
======== We are on link 96 of 146
========== raw link https://siege.livejournal.com/893701.html?mode=reply#add_comment
============ Checking for Redirections: https://siege.livejournal.com/893701.html?mode=reply#add_comment
============ Link after cleaning: https://siege.livejournal.com/893701.html
========== link already checked
======== We are on link 97 of 146
========== raw link https://siege.livejournal.com/893456.html
============ Checking for Redirections: https://siege.livejournal.com/893456.html
============ Link unchanged
========== scraping https://siege.livejournal.com/893456.html
======== We are on link 98 of 146
========== raw link https://www.livejournal.com/away?to=https%3A%2F%2Fwww.nature.com%2Farticles%2Fs41467-020-17708-1
============ Checking for Redirections: https://www.livejournal.com/away?to=https%3A%2F%2Fwww.nature.com%2Farticles%2Fs41467-020-17708-1
============ Followed Redirection to https://www.livejournal.com/away/?to=https%3A%2F%2Fwww.nature.com%2Farticles%2Fs41467-020-17708-1
============ Link after cleaning: https://www.livejournal.com/away/
========== link already checked
======== We are on link 99 of 146
========== raw link https://www.livejournal.com/away?to=https%3A%2F%2Fzeeth-kyrah.dreamwidth.org%2F47604.html
============ Checking for Redirections: https://www.livejournal.com/away?to=https%3A%2F%2Fzeeth-kyrah.dreamwidth.org%2F47604.html
============ Followed Redirection to https://www.livejournal.com/away/?to=https%3A%2F%2Fzeeth-kyrah.dreamwidth.org%2F47604.html
============ Link after cleaning: https://www.livejournal.com/away/
========== link already checked
======== We are on link 100 of 146
========== raw link https://www.livejournal.com/away?to=https%3A%2F%2Fwww.dreamwidth.org%2Fopenid%2F
============ Checking for Redirections: https://www.livejournal.com/away?to=https%3A%2F%2Fwww.dreamwidth.org%2Fopenid%2F
============ Followed Redirection to https://www.livejournal.com/away/?to=https%3A%2F%2Fwww.dreamwidth.org%2Fopenid%2F
============ Link after cleaning: https://www.livejournal.com/away/
========== link already checked
======== We are on link 101 of 146
========== raw link https://siege.livejournal.com/893456.html?mode=reply#add_comment
============ Checking for Redirections: https://siege.livejournal.com/893456.html?mode=reply#add_comment
============ Link after cleaning: https://siege.livejournal.com/893456.html
========== link already checked
======== We are on link 102 of 146
========== raw link https://siege.livejournal.com/893248.html
============ Checking for Redirections: https://siege.livejournal.com/893248.html
============ Link unchanged
========== scraping https://siege.livejournal.com/893248.html
======== We are on link 103 of 146
========== raw link https://www.livejournal.com/away?to=https%3A%2F%2Fwww.bbc.com%2Fnews%2Fworld-us-canada-54214729
============ Checking for Redirections: https://www.livejournal.com/away?to=https%3A%2F%2Fwww.bbc.com%2Fnews%2Fworld-us-canada-54214729
============ Followed Redirection to https://www.livejournal.com/away/?to=https%3A%2F%2Fwww.bbc.com%2Fnews%2Fworld-us-canada-54214729
============ Link after cleaning: https://www.livejournal.com/away/
========== link already checked
======== We are on link 104 of 146
========== raw link https://www.livejournal.com/away?to=https%3A%2F%2Fwww.npr.org%2F2020%2F09%2F18%2F100306972%2Fjustice-ruth-bader-ginsburg-champion-of-gender-equality-dies-at-87%3Futm_source%3Ddigg
============ Checking for Redirections: https://www.livejournal.com/away?to=https%3A%2F%2Fwww.npr.org%2F2020%2F09%2F18%2F100306972%2Fjustice-ruth-bader-ginsburg-champion-of-gender-equality-dies-at-87%3Futm_source%3Ddigg
============ Followed Redirection to https://www.livejournal.com/away/?to=https%3A%2F%2Fwww.npr.org%2F2020%2F09%2F18%2F100306972%2Fjustice-ruth-bader-ginsburg-champion-of-gender-equality-dies-at-87%3Futm_source%3Ddigg
============ Link after cleaning: https://www.livejournal.com/away/
========== link already checked
======== We are on link 105 of 146
========== raw link https://www.livejournal.com/away?to=https%3A%2F%2Fzeeth-kyrah.dreamwidth.org%2F47220.html
============ Checking for Redirections: https://www.livejournal.com/away?to=https%3A%2F%2Fzeeth-kyrah.dreamwidth.org%2F47220.html
============ Followed Redirection to https://www.livejournal.com/away/?to=https%3A%2F%2Fzeeth-kyrah.dreamwidth.org%2F47220.html
============ Link after cleaning: https://www.livejournal.com/away/
========== link already checked
======== We are on link 106 of 146
========== raw link https://www.livejournal.com/away?to=https%3A%2F%2Fwww.dreamwidth.org%2Fopenid%2F
============ Checking for Redirections: https://www.livejournal.com/away?to=https%3A%2F%2Fwww.dreamwidth.org%2Fopenid%2F
============ Followed Redirection to https://www.livejournal.com/away/?to=https%3A%2F%2Fwww.dreamwidth.org%2Fopenid%2F
============ Link after cleaning: https://www.livejournal.com/away/
========== link already checked
======== We are on link 107 of 146
========== raw link https://siege.livejournal.com/893248.html?mode=reply#add_comment
============ Checking for Redirections: https://siege.livejournal.com/893248.html?mode=reply#add_comment
============ Link after cleaning: https://siege.livejournal.com/893248.html
========== link already checked
======== We are on link 108 of 146
========== raw link https://siege.livejournal.com/893162.html
============ Checking for Redirections: https://siege.livejournal.com/893162.html
============ Link unchanged
========== scraping https://siege.livejournal.com/893162.html
======== We are on link 109 of 146
========== raw link https://www.livejournal.com/away?to=https%3A%2F%2Fzeeth-kyrah.dreamwidth.org%2F46882.html
============ Checking for Redirections: https://www.livejournal.com/away?to=https%3A%2F%2Fzeeth-kyrah.dreamwidth.org%2F46882.html
============ Followed Redirection to https://www.livejournal.com/away/?to=https%3A%2F%2Fzeeth-kyrah.dreamwidth.org%2F46882.html
============ Link after cleaning: https://www.livejournal.com/away/
========== link already checked
======== We are on link 110 of 146
========== raw link https://www.livejournal.com/away?to=https%3A%2F%2Fwww.dreamwidth.org%2Fopenid%2F
============ Checking for Redirections: https://www.livejournal.com/away?to=https%3A%2F%2Fwww.dreamwidth.org%2Fopenid%2F
============ Followed Redirection to https://www.livejournal.com/away/?to=https%3A%2F%2Fwww.dreamwidth.org%2Fopenid%2F
============ Link after cleaning: https://www.livejournal.com/away/
========== link already checked
======== We are on link 111 of 146
========== raw link https://siege.livejournal.com/893162.html?mode=reply#add_comment
============ Checking for Redirections: https://siege.livejournal.com/893162.html?mode=reply#add_comment
============ Link after cleaning: https://siege.livejournal.com/893162.html
========== link already checked
======== We are on link 112 of 146
========== raw link https://siege.livejournal.com/892843.html
============ Checking for Redirections: https://siege.livejournal.com/892843.html
============ Link unchanged
========== scraping https://siege.livejournal.com/892843.html
======== We are on link 113 of 146
========== raw link https://www.livejournal.com/away?to=https%3A%2F%2Fwww.sciencedaily.com%2Freleases%2F2020%2F07%2F200709085318.htm
============ Checking for Redirections: https://www.livejournal.com/away?to=https%3A%2F%2Fwww.sciencedaily.com%2Freleases%2F2020%2F07%2F200709085318.htm
============ Followed Redirection to https://www.livejournal.com/away/?to=https%3A%2F%2Fwww.sciencedaily.com%2Freleases%2F2020%2F07%2F200709085318.htm
============ Link after cleaning: https://www.livejournal.com/away/
========== link already checked
======== We are on link 114 of 146
========== raw link https://www.livejournal.com/away?to=https%3A%2F%2Fzeeth-kyrah.dreamwidth.org%2F46834.html
============ Checking for Redirections: https://www.livejournal.com/away?to=https%3A%2F%2Fzeeth-kyrah.dreamwidth.org%2F46834.html
============ Followed Redirection to https://www.livejournal.com/away/?to=https%3A%2F%2Fzeeth-kyrah.dreamwidth.org%2F46834.html
============ Link after cleaning: https://www.livejournal.com/away/
========== link already checked
======== We are on link 115 of 146
========== raw link https://www.livejournal.com/away?to=https%3A%2F%2Fwww.dreamwidth.org%2Fopenid%2F
============ Checking for Redirections: https://www.livejournal.com/away?to=https%3A%2F%2Fwww.dreamwidth.org%2Fopenid%2F
============ Followed Redirection to https://www.livejournal.com/away/?to=https%3A%2F%2Fwww.dreamwidth.org%2Fopenid%2F
============ Link after cleaning: https://www.livejournal.com/away/
========== link already checked
======== We are on link 116 of 146
========== raw link https://siege.livejournal.com/892843.html?mode=reply#add_comment
============ Checking for Redirections: https://siege.livejournal.com/892843.html?mode=reply#add_comment
============ Link after cleaning: https://siege.livejournal.com/892843.html
========== link already checked
======== We are on link 117 of 146
========== raw link https://siege.livejournal.com/892554.html
============ Checking for Redirections: https://siege.livejournal.com/892554.html
============ Link unchanged
========== scraping https://siege.livejournal.com/892554.html
======== We are on link 118 of 146
========== raw link https://www.livejournal.com/away?to=https%3A%2F%2Fzeeth-kyrah.dreamwidth.org%2F46414.html
============ Checking for Redirections: https://www.livejournal.com/away?to=https%3A%2F%2Fzeeth-kyrah.dreamwidth.org%2F46414.html
============ Followed Redirection to https://www.livejournal.com/away/?to=https%3A%2F%2Fzeeth-kyrah.dreamwidth.org%2F46414.html
============ Link after cleaning: https://www.livejournal.com/away/
========== link already checked
======== We are on link 119 of 146
========== raw link https://www.livejournal.com/away?to=https%3A%2F%2Fwww.dreamwidth.org%2Fopenid%2F
============ Checking for Redirections: https://www.livejournal.com/away?to=https%3A%2F%2Fwww.dreamwidth.org%2Fopenid%2F
============ Followed Redirection to https://www.livejournal.com/away/?to=https%3A%2F%2Fwww.dreamwidth.org%2Fopenid%2F
============ Link after cleaning: https://www.livejournal.com/away/
========== link already checked
======== We are on link 120 of 146
========== raw link https://siege.livejournal.com/892554.html?mode=reply#add_comment
============ Checking for Redirections: https://siege.livejournal.com/892554.html?mode=reply#add_comment
============ Link after cleaning: https://siege.livejournal.com/892554.html
========== link already checked
======== We are on link 121 of 146
========== raw link https://siege.livejournal.com/892225.html
============ Checking for Redirections: https://siege.livejournal.com/892225.html
============ Link unchanged
========== scraping https://siege.livejournal.com/892225.html
======== We are on link 122 of 146
========== raw link https://www.livejournal.com/away?to=https%3A%2F%2Fzeeth-kyrah.dreamwidth.org%2F46003.html
============ Checking for Redirections: https://www.livejournal.com/away?to=https%3A%2F%2Fzeeth-kyrah.dreamwidth.org%2F46003.html
============ Followed Redirection to https://www.livejournal.com/away/?to=https%3A%2F%2Fzeeth-kyrah.dreamwidth.org%2F46003.html
============ Link after cleaning: https://www.livejournal.com/away/
========== link already checked
======== We are on link 123 of 146
========== raw link https://www.livejournal.com/away?to=https%3A%2F%2Fwww.dreamwidth.org%2Fopenid%2F
============ Checking for Redirections: https://www.livejournal.com/away?to=https%3A%2F%2Fwww.dreamwidth.org%2Fopenid%2F
============ Followed Redirection to https://www.livejournal.com/away/?to=https%3A%2F%2Fwww.dreamwidth.org%2Fopenid%2F
============ Link after cleaning: https://www.livejournal.com/away/
========== link already checked
======== We are on link 124 of 146
========== raw link https://siege.livejournal.com/892225.html?mode=reply#add_comment
============ Checking for Redirections: https://siege.livejournal.com/892225.html?mode=reply#add_comment
============ Link after cleaning: https://siege.livejournal.com/892225.html
========== link already checked
======== We are on link 125 of 146
========== raw link https://siege.livejournal.com/892068.html
============ Checking for Redirections: https://siege.livejournal.com/892068.html
============ Link unchanged
========== scraping https://siege.livejournal.com/892068.html
============ New link added. Search term (AI) found on https://siege.livejournal.com/892068.html.
======== We are on link 126 of 146
========== raw link https://www.livejournal.com/away?to=http%3A%2F%2Fnews.mit.edu%2F2020%2Fthousands-artificial-brain-synapses-single-chip-0608
============ Checking for Redirections: https://www.livejournal.com/away?to=http%3A%2F%2Fnews.mit.edu%2F2020%2Fthousands-artificial-brain-synapses-single-chip-0608
============ Followed Redirection to https://www.livejournal.com/away/?to=http%3A%2F%2Fnews.mit.edu%2F2020%2Fthousands-artificial-brain-synapses-single-chip-0608
============ Link after cleaning: https://www.livejournal.com/away/
========== link already checked
======== We are on link 127 of 146
========== raw link https://www.livejournal.com/away?to=https%3A%2F%2Fzeeth-kyrah.dreamwidth.org%2F45692.html
============ Checking for Redirections: https://www.livejournal.com/away?to=https%3A%2F%2Fzeeth-kyrah.dreamwidth.org%2F45692.html
============ Followed Redirection to https://www.livejournal.com/away/?to=https%3A%2F%2Fzeeth-kyrah.dreamwidth.org%2F45692.html
============ Link after cleaning: https://www.livejournal.com/away/
========== link already checked
======== We are on link 128 of 146
========== raw link https://www.livejournal.com/away?to=https%3A%2F%2Fwww.dreamwidth.org%2Fopenid%2F
============ Checking for Redirections: https://www.livejournal.com/away?to=https%3A%2F%2Fwww.dreamwidth.org%2Fopenid%2F
============ Followed Redirection to https://www.livejournal.com/away/?to=https%3A%2F%2Fwww.dreamwidth.org%2Fopenid%2F
============ Link after cleaning: https://www.livejournal.com/away/
========== link already checked
======== We are on link 129 of 146
========== raw link https://siege.livejournal.com/892068.html?mode=reply#add_comment
============ Checking for Redirections: https://siege.livejournal.com/892068.html?mode=reply#add_comment
============ Link after cleaning: https://siege.livejournal.com/892068.html
========== link already checked
======== We are on link 130 of 146
========== raw link https://siege.livejournal.com/891765.html
============ Checking for Redirections: https://siege.livejournal.com/891765.html
============ Link unchanged
========== scraping https://siege.livejournal.com/891765.html
============ New link added. Search term (AI) found on https://siege.livejournal.com/891765.html.
======== We are on link 131 of 146
========== raw link https://www.livejournal.com/away?to=https%3A%2F%2Fwww.youtube.com%2Fwatch%3Fv%3D2wkeV5JDGSc
============ Checking for Redirections: https://www.livejournal.com/away?to=https%3A%2F%2Fwww.youtube.com%2Fwatch%3Fv%3D2wkeV5JDGSc
============ Followed Redirection to https://www.livejournal.com/away/?to=https%3A%2F%2Fwww.youtube.com%2Fwatch%3Fv%3D2wkeV5JDGSc
============ Link after cleaning: https://www.livejournal.com/away/
========== link already checked
======== We are on link 132 of 146
========== raw link https://www.livejournal.com/away?to=https%3A%2F%2Fzeeth-kyrah.dreamwidth.org%2F45495.html
============ Checking for Redirections: https://www.livejournal.com/away?to=https%3A%2F%2Fzeeth-kyrah.dreamwidth.org%2F45495.html
============ Followed Redirection to https://www.livejournal.com/away/?to=https%3A%2F%2Fzeeth-kyrah.dreamwidth.org%2F45495.html
============ Link after cleaning: https://www.livejournal.com/away/
========== link already checked
======== We are on link 133 of 146
========== raw link https://www.livejournal.com/away?to=https%3A%2F%2Fwww.dreamwidth.org%2Fopenid%2F
============ Checking for Redirections: https://www.livejournal.com/away?to=https%3A%2F%2Fwww.dreamwidth.org%2Fopenid%2F
============ Followed Redirection to https://www.livejournal.com/away/?to=https%3A%2F%2Fwww.dreamwidth.org%2Fopenid%2F
============ Link after cleaning: https://www.livejournal.com/away/
========== link already checked
======== We are on link 134 of 146
========== raw link https://siege.livejournal.com/891765.html?mode=reply#add_comment
============ Checking for Redirections: https://siege.livejournal.com/891765.html?mode=reply#add_comment
============ Link after cleaning: https://siege.livejournal.com/891765.html
========== link already checked
======== We are on link 135 of 146
========== raw link https://siege.livejournal.com/891637.html
============ Checking for Redirections: https://siege.livejournal.com/891637.html
============ Link unchanged
========== scraping https://siege.livejournal.com/891637.html
============ New link added. Search term (AI) found on https://siege.livejournal.com/891637.html.
======== We are on link 136 of 146
========== raw link https://siege.livejournal.com/891637.html#cutid1
============ Checking for Redirections: https://siege.livejournal.com/891637.html#cutid1
============ Link after cleaning: https://siege.livejournal.com/891637.html
========== link already checked
======== We are on link 137 of 146
========== raw link https://siege.livejournal.com/891637.html#cutid1
============ Checking for Redirections: https://siege.livejournal.com/891637.html#cutid1
============ Link after cleaning: https://siege.livejournal.com/891637.html
========== link already checked
======== We are on link 138 of 146
========== raw link https://www.livejournal.com/away?to=https%3A%2F%2Fzeeth-kyrah.dreamwidth.org%2F44308.html
============ Checking for Redirections: https://www.livejournal.com/away?to=https%3A%2F%2Fzeeth-kyrah.dreamwidth.org%2F44308.html
============ Followed Redirection to https://www.livejournal.com/away/?to=https%3A%2F%2Fzeeth-kyrah.dreamwidth.org%2F44308.html
============ Link after cleaning: https://www.livejournal.com/away/
========== link already checked
======== We are on link 139 of 146
========== raw link https://www.livejournal.com/away?to=https%3A%2F%2Fwww.dreamwidth.org%2Fopenid%2F
============ Checking for Redirections: https://www.livejournal.com/away?to=https%3A%2F%2Fwww.dreamwidth.org%2Fopenid%2F
============ Followed Redirection to https://www.livejournal.com/away/?to=https%3A%2F%2Fwww.dreamwidth.org%2Fopenid%2F
============ Link after cleaning: https://www.livejournal.com/away/
========== link already checked
======== We are on link 140 of 146
========== raw link https://siege.livejournal.com/891637.html?mode=reply#add_comment
============ Checking for Redirections: https://siege.livejournal.com/891637.html?mode=reply#add_comment
============ Link after cleaning: https://siege.livejournal.com/891637.html
========== link already checked
======== We are on link 141 of 146
========== raw link https://siege.livejournal.com/891372.html
============ Checking for Redirections: https://siege.livejournal.com/891372.html
============ Link unchanged
========== scraping https://siege.livejournal.com/891372.html
============ New link added. Search term (AI) found on https://siege.livejournal.com/891372.html.
======== We are on link 142 of 146
========== raw link https://www.livejournal.com/away?to=https%3A%2F%2Fzeeth-kyrah.dreamwidth.org%2F43980.html
============ Checking for Redirections: https://www.livejournal.com/away?to=https%3A%2F%2Fzeeth-kyrah.dreamwidth.org%2F43980.html
============ Followed Redirection to https://www.livejournal.com/away/?to=https%3A%2F%2Fzeeth-kyrah.dreamwidth.org%2F43980.html
============ Link after cleaning: https://www.livejournal.com/away/
========== link already checked
======== We are on link 143 of 146
========== raw link https://www.livejournal.com/away?to=https%3A%2F%2Fwww.dreamwidth.org%2Fopenid%2F
============ Checking for Redirections: https://www.livejournal.com/away?to=https%3A%2F%2Fwww.dreamwidth.org%2Fopenid%2F
============ Followed Redirection to https://www.livejournal.com/away/?to=https%3A%2F%2Fwww.dreamwidth.org%2Fopenid%2F
============ Link after cleaning: https://www.livejournal.com/away/
========== link already checked
======== We are on link 144 of 146
========== raw link https://siege.livejournal.com/891372.html?mode=reply#add_comment
============ Checking for Redirections: https://siege.livejournal.com/891372.html?mode=reply#add_comment
============ Link after cleaning: https://siege.livejournal.com/891372.html
========== link already checked
======== We are on link 145 of 146
========== raw link https://siege.livejournal.com/?skip=20
============ Checking for Redirections: https://siege.livejournal.com/?skip=20
============ Link after cleaning: https://siege.livejournal.com/
========== link already checked
======== We are on link 146 of 146
========== raw link https://www.livejournal.com/
============ Checking for Redirections: https://www.livejournal.com/
============ Link unchanged
========== link already checked
==== Number of new pages added: 8
== Finished scraping livejournal.com-AI_Moderation in 2517.2822 seconds.
== Writing to db file
== Done (/home/zaynacheema/ContentModerationWebScraper/data/05_13_25_22_38/all_htmls/AI_Moderation_livejournal_com_05_13_25_22_38.json)
