== Conducting scraping for AI_Moderation on steamcommunity.com
== Getting initial 7 pages in sheet
==== We are at iteration 1 (tree depth).
====== We are on page 1 of 7: https://help.steampowered.com/en/faqs/view/61F0-72B7-9A18-C70B
====== Number of Links on this Page: 141
======== We are on link 1 of 141
========== raw link https://help.steampowered.com/en/login/
========== dropped link https://help.steampowered.com/en/login/. Didn't pass first allows/blocks test.
======== We are on link 2 of 141
========== raw link https://store.steampowered.com/
============ Checking for Redirections: https://store.steampowered.com/
============ Link unchanged
========== scraping https://store.steampowered.com/
======== We are on link 3 of 141
========== raw link https://store.steampowered.com/
============ Checking for Redirections: https://store.steampowered.com/
============ Link unchanged
========== link already checked
======== We are on link 4 of 141
========== raw link https://store.steampowered.com/explore/
============ Checking for Redirections: https://store.steampowered.com/explore/
============ Followed Redirection to https://store.steampowered.com/login/?redir=explore%2F&redir_ssl=1
============ Link after cleaning: https://store.steampowered.com/login/
============ Excluded based on allow/block list.
======== We are on link 5 of 141
========== raw link https://steamcommunity.com/my/wishlist/
============ Checking for Redirections: https://steamcommunity.com/my/wishlist/
============ Followed Redirection to https://store.steampowered.com/login/?redir=https%3A%2F%2Fstore.steampowered.com%2Fwishlist%2F
============ Link after cleaning: https://store.steampowered.com/login/
============ Excluded based on allow/block list.
======== We are on link 6 of 141
========== raw link https://store.steampowered.com/points/shop/
============ Checking for Redirections: https://store.steampowered.com/points/shop/
============ Link unchanged
========== scraping https://store.steampowered.com/points/shop/
======== We are on link 7 of 141
========== raw link https://store.steampowered.com/news/
============ Checking for Redirections: https://store.steampowered.com/news/
============ Link unchanged
========== scraping https://store.steampowered.com/news/
======== We are on link 8 of 141
========== raw link https://store.steampowered.com/stats/
============ Checking for Redirections: https://store.steampowered.com/stats/
============ Followed Redirection to https://store.steampowered.com/charts/
============ Link after cleaning: https://store.steampowered.com/charts/
========== scraping https://store.steampowered.com/charts/
======== We are on link 9 of 141
========== raw link https://steamcommunity.com/
============ Checking for Redirections: https://steamcommunity.com/
============ Link unchanged
========== scraping https://steamcommunity.com/
======== We are on link 10 of 141
========== raw link https://steamcommunity.com/
============ Checking for Redirections: https://steamcommunity.com/
============ Link unchanged
========== link already checked
======== We are on link 11 of 141
========== raw link https://steamcommunity.com/discussions/
============ Checking for Redirections: https://steamcommunity.com/discussions/
============ Link unchanged
========== scraping https://steamcommunity.com/discussions/
======== We are on link 12 of 141
========== raw link https://steamcommunity.com/workshop/
============ Checking for Redirections: https://steamcommunity.com/workshop/
============ Link unchanged
========== scraping https://steamcommunity.com/workshop/
======== We are on link 13 of 141
========== raw link https://steamcommunity.com/market/
============ Checking for Redirections: https://steamcommunity.com/market/
============ Link unchanged
========== scraping https://steamcommunity.com/market/
======== We are on link 14 of 141
========== raw link https://steamcommunity.com/?subsection=broadcasts
============ Checking for Redirections: https://steamcommunity.com/?subsection=broadcasts
============ Link after cleaning: https://steamcommunity.com/
========== link already checked
======== We are on link 15 of 141
========== raw link https://store.steampowered.com/about/
============ Checking for Redirections: https://store.steampowered.com/about/
============ Link unchanged
========== scraping https://store.steampowered.com/about/
======== We are on link 16 of 141
========== raw link https://help.steampowered.com/en/
============ Checking for Redirections: https://help.steampowered.com/en/
============ Link unchanged
========== scraping https://help.steampowered.com/en/
======== We are on link 17 of 141
========== raw link https://store.steampowered.com/mobile
============ Checking for Redirections: https://store.steampowered.com/mobile
============ Link unchanged
========== scraping https://store.steampowered.com/mobile
======== We are on link 18 of 141
========== raw link https://store.steampowered.com/privacy_agreement/
============ Checking for Redirections: https://store.steampowered.com/privacy_agreement/
============ Link unchanged
========== scraping https://store.steampowered.com/privacy_agreement/
======== We are on link 19 of 141
========== raw link http://www.valvesoftware.com/legal.htm
========== dropped link http://www.valvesoftware.com/legal.htm. Didn't pass first allows/blocks test.
======== We are on link 20 of 141
========== raw link https://store.steampowered.com/subscriber_agreement/
============ Checking for Redirections: https://store.steampowered.com/subscriber_agreement/
============ Link unchanged
========== link already checked
======== We are on link 21 of 141
========== raw link https://store.steampowered.com/steam_refunds/
============ Checking for Redirections: https://store.steampowered.com/steam_refunds/
============ Link unchanged
========== scraping https://store.steampowered.com/steam_refunds/
======== We are on link 22 of 141
========== raw link https://store.steampowered.com/
============ Checking for Redirections: https://store.steampowered.com/
============ Link unchanged
========== link already checked
======== We are on link 23 of 141
========== raw link https://store.steampowered.com/
============ Checking for Redirections: https://store.steampowered.com/
============ Link unchanged
========== link already checked
======== We are on link 24 of 141
========== raw link https://store.steampowered.com/
============ Checking for Redirections: https://store.steampowered.com/
============ Link unchanged
========== link already checked
======== We are on link 25 of 141
========== raw link https://store.steampowered.com/
============ Checking for Redirections: https://store.steampowered.com/
============ Link unchanged
========== link already checked
======== We are on link 26 of 141
========== raw link https://store.steampowered.com/explore/
============ Checking for Redirections: https://store.steampowered.com/explore/
============ Followed Redirection to https://store.steampowered.com/login/?redir=explore%2F&redir_ssl=1
============ Link after cleaning: https://store.steampowered.com/login/
============ Excluded based on allow/block list.
======== We are on link 27 of 141
========== raw link https://steamcommunity.com/my/wishlist/
============ Checking for Redirections: https://steamcommunity.com/my/wishlist/
============ Followed Redirection to https://store.steampowered.com/login/?redir=https%3A%2F%2Fstore.steampowered.com%2Fwishlist%2F
============ Link after cleaning: https://store.steampowered.com/login/
============ Excluded based on allow/block list.
======== We are on link 28 of 141
========== raw link https://store.steampowered.com/points/shop/
============ Checking for Redirections: https://store.steampowered.com/points/shop/
============ Link unchanged
========== link already checked
======== We are on link 29 of 141
========== raw link https://store.steampowered.com/news/
============ Checking for Redirections: https://store.steampowered.com/news/
============ Link unchanged
========== link already checked
======== We are on link 30 of 141
========== raw link https://store.steampowered.com/stats/
============ Checking for Redirections: https://store.steampowered.com/stats/
============ Followed Redirection to https://store.steampowered.com/charts/
============ Link after cleaning: https://store.steampowered.com/charts/
========== link already checked
======== We are on link 31 of 141
========== raw link https://steamcommunity.com/
============ Checking for Redirections: https://steamcommunity.com/
============ Link unchanged
========== link already checked
======== We are on link 32 of 141
========== raw link https://steamcommunity.com/
============ Checking for Redirections: https://steamcommunity.com/
============ Link unchanged
========== link already checked
======== We are on link 33 of 141
========== raw link https://steamcommunity.com/discussions/
============ Checking for Redirections: https://steamcommunity.com/discussions/
============ Link unchanged
========== link already checked
======== We are on link 34 of 141
========== raw link https://steamcommunity.com/workshop/
============ Checking for Redirections: https://steamcommunity.com/workshop/
============ Link unchanged
========== link already checked
======== We are on link 35 of 141
========== raw link https://steamcommunity.com/market/
============ Checking for Redirections: https://steamcommunity.com/market/
============ Link unchanged
========== link already checked
======== We are on link 36 of 141
========== raw link https://steamcommunity.com/?subsection=broadcasts
============ Checking for Redirections: https://steamcommunity.com/?subsection=broadcasts
============ Link after cleaning: https://steamcommunity.com/
========== link already checked
======== We are on link 37 of 141
========== raw link https://store.steampowered.com/about/
============ Checking for Redirections: https://store.steampowered.com/about/
============ Link unchanged
========== link already checked
======== We are on link 38 of 141
========== raw link https://help.steampowered.com/en/
============ Checking for Redirections: https://help.steampowered.com/en/
============ Link unchanged
========== link already checked
======== We are on link 39 of 141
========== raw link https://store.steampowered.com/about/
============ Checking for Redirections: https://store.steampowered.com/about/
============ Link unchanged
========== link already checked
======== We are on link 40 of 141
========== raw link https://help.steampowered.com/en/login/
========== dropped link https://help.steampowered.com/en/login/. Didn't pass first allows/blocks test.
======== We are on link 41 of 141
========== raw link https://help.steampowered.com/zh-cn/faqs/view/61F0-72B7-9A18-C70B
============ Checking for Redirections: https://help.steampowered.com/zh-cn/faqs/view/61F0-72B7-9A18-C70B
============ Link unchanged
========== scraping https://help.steampowered.com/zh-cn/faqs/view/61F0-72B7-9A18-C70B
============ Dropping non-English link: https://help.steampowered.com/zh-cn/faqs/view/61F0-72B7-9A18-C70B
======== We are on link 42 of 141
========== raw link https://help.steampowered.com/zh-tw/faqs/view/61F0-72B7-9A18-C70B
============ Checking for Redirections: https://help.steampowered.com/zh-tw/faqs/view/61F0-72B7-9A18-C70B
============ Link unchanged
========== scraping https://help.steampowered.com/zh-tw/faqs/view/61F0-72B7-9A18-C70B
============ Dropping non-English link: https://help.steampowered.com/zh-tw/faqs/view/61F0-72B7-9A18-C70B
======== We are on link 43 of 141
========== raw link https://help.steampowered.com/ja/faqs/view/61F0-72B7-9A18-C70B
============ Checking for Redirections: https://help.steampowered.com/ja/faqs/view/61F0-72B7-9A18-C70B
============ Link unchanged
========== scraping https://help.steampowered.com/ja/faqs/view/61F0-72B7-9A18-C70B
============ Dropping non-English link: https://help.steampowered.com/ja/faqs/view/61F0-72B7-9A18-C70B
======== We are on link 44 of 141
========== raw link https://help.steampowered.com/ko/faqs/view/61F0-72B7-9A18-C70B
============ Checking for Redirections: https://help.steampowered.com/ko/faqs/view/61F0-72B7-9A18-C70B
============ Link unchanged
========== scraping https://help.steampowered.com/ko/faqs/view/61F0-72B7-9A18-C70B
============ Dropping non-English link: https://help.steampowered.com/ko/faqs/view/61F0-72B7-9A18-C70B
======== We are on link 45 of 141
========== raw link https://help.steampowered.com/th/faqs/view/61F0-72B7-9A18-C70B
============ Checking for Redirections: https://help.steampowered.com/th/faqs/view/61F0-72B7-9A18-C70B
============ Link unchanged
========== scraping https://help.steampowered.com/th/faqs/view/61F0-72B7-9A18-C70B
============ Dropping non-English link: https://help.steampowered.com/th/faqs/view/61F0-72B7-9A18-C70B
======== We are on link 46 of 141
========== raw link https://help.steampowered.com/bg/faqs/view/61F0-72B7-9A18-C70B
============ Checking for Redirections: https://help.steampowered.com/bg/faqs/view/61F0-72B7-9A18-C70B
============ Link unchanged
========== scraping https://help.steampowered.com/bg/faqs/view/61F0-72B7-9A18-C70B
============ Dropping non-English link: https://help.steampowered.com/bg/faqs/view/61F0-72B7-9A18-C70B
======== We are on link 47 of 141
========== raw link https://help.steampowered.com/cs/faqs/view/61F0-72B7-9A18-C70B
============ Checking for Redirections: https://help.steampowered.com/cs/faqs/view/61F0-72B7-9A18-C70B
============ Link unchanged
========== scraping https://help.steampowered.com/cs/faqs/view/61F0-72B7-9A18-C70B
============ Dropping non-English link: https://help.steampowered.com/cs/faqs/view/61F0-72B7-9A18-C70B
======== We are on link 48 of 141
========== raw link https://help.steampowered.com/da/faqs/view/61F0-72B7-9A18-C70B
============ Checking for Redirections: https://help.steampowered.com/da/faqs/view/61F0-72B7-9A18-C70B
============ Link unchanged
========== scraping https://help.steampowered.com/da/faqs/view/61F0-72B7-9A18-C70B
============ Dropping non-English link: https://help.steampowered.com/da/faqs/view/61F0-72B7-9A18-C70B
======== We are on link 49 of 141
========== raw link https://help.steampowered.com/de/faqs/view/61F0-72B7-9A18-C70B
============ Checking for Redirections: https://help.steampowered.com/de/faqs/view/61F0-72B7-9A18-C70B
============ Link unchanged
========== scraping https://help.steampowered.com/de/faqs/view/61F0-72B7-9A18-C70B
============ Dropping non-English link: https://help.steampowered.com/de/faqs/view/61F0-72B7-9A18-C70B
======== We are on link 50 of 141
========== raw link https://help.steampowered.com/en/faqs/view/61F0-72B7-9A18-C70B
============ Checking for Redirections: https://help.steampowered.com/en/faqs/view/61F0-72B7-9A18-C70B
============ Link unchanged
========== link already checked
======== We are on link 51 of 141
========== raw link https://help.steampowered.com/es/faqs/view/61F0-72B7-9A18-C70B
============ Checking for Redirections: https://help.steampowered.com/es/faqs/view/61F0-72B7-9A18-C70B
============ Link unchanged
========== scraping https://help.steampowered.com/es/faqs/view/61F0-72B7-9A18-C70B
============ Dropping non-English link: https://help.steampowered.com/es/faqs/view/61F0-72B7-9A18-C70B
======== We are on link 52 of 141
========== raw link https://help.steampowered.com/es-419/faqs/view/61F0-72B7-9A18-C70B
============ Checking for Redirections: https://help.steampowered.com/es-419/faqs/view/61F0-72B7-9A18-C70B
============ Link unchanged
========== scraping https://help.steampowered.com/es-419/faqs/view/61F0-72B7-9A18-C70B
============ Dropping non-English link: https://help.steampowered.com/es-419/faqs/view/61F0-72B7-9A18-C70B
======== We are on link 53 of 141
========== raw link https://help.steampowered.com/el/faqs/view/61F0-72B7-9A18-C70B
============ Checking for Redirections: https://help.steampowered.com/el/faqs/view/61F0-72B7-9A18-C70B
============ Link unchanged
========== scraping https://help.steampowered.com/el/faqs/view/61F0-72B7-9A18-C70B
============ Dropping non-English link: https://help.steampowered.com/el/faqs/view/61F0-72B7-9A18-C70B
======== We are on link 54 of 141
========== raw link https://help.steampowered.com/fr/faqs/view/61F0-72B7-9A18-C70B
============ Checking for Redirections: https://help.steampowered.com/fr/faqs/view/61F0-72B7-9A18-C70B
============ Link unchanged
========== scraping https://help.steampowered.com/fr/faqs/view/61F0-72B7-9A18-C70B
============ Dropping non-English link: https://help.steampowered.com/fr/faqs/view/61F0-72B7-9A18-C70B
======== We are on link 55 of 141
========== raw link https://help.steampowered.com/it/faqs/view/61F0-72B7-9A18-C70B
============ Checking for Redirections: https://help.steampowered.com/it/faqs/view/61F0-72B7-9A18-C70B
============ Link unchanged
========== scraping https://help.steampowered.com/it/faqs/view/61F0-72B7-9A18-C70B
============ Dropping non-English link: https://help.steampowered.com/it/faqs/view/61F0-72B7-9A18-C70B
======== We are on link 56 of 141
========== raw link https://help.steampowered.com/id/faqs/view/61F0-72B7-9A18-C70B
============ Checking for Redirections: https://help.steampowered.com/id/faqs/view/61F0-72B7-9A18-C70B
============ Link unchanged
========== scraping https://help.steampowered.com/id/faqs/view/61F0-72B7-9A18-C70B
============ Dropping non-English link: https://help.steampowered.com/id/faqs/view/61F0-72B7-9A18-C70B
======== We are on link 57 of 141
========== raw link https://help.steampowered.com/hu/faqs/view/61F0-72B7-9A18-C70B
============ Checking for Redirections: https://help.steampowered.com/hu/faqs/view/61F0-72B7-9A18-C70B
============ Link unchanged
========== scraping https://help.steampowered.com/hu/faqs/view/61F0-72B7-9A18-C70B
============ Dropping non-English link: https://help.steampowered.com/hu/faqs/view/61F0-72B7-9A18-C70B
======== We are on link 58 of 141
========== raw link https://help.steampowered.com/nl/faqs/view/61F0-72B7-9A18-C70B
============ Checking for Redirections: https://help.steampowered.com/nl/faqs/view/61F0-72B7-9A18-C70B
============ Link unchanged
========== scraping https://help.steampowered.com/nl/faqs/view/61F0-72B7-9A18-C70B
============ Dropping non-English link: https://help.steampowered.com/nl/faqs/view/61F0-72B7-9A18-C70B
======== We are on link 59 of 141
========== raw link https://help.steampowered.com/no/faqs/view/61F0-72B7-9A18-C70B
============ Checking for Redirections: https://help.steampowered.com/no/faqs/view/61F0-72B7-9A18-C70B
============ Link unchanged
========== scraping https://help.steampowered.com/no/faqs/view/61F0-72B7-9A18-C70B
============ Dropping non-English link: https://help.steampowered.com/no/faqs/view/61F0-72B7-9A18-C70B
======== We are on link 60 of 141
========== raw link https://help.steampowered.com/pl/faqs/view/61F0-72B7-9A18-C70B
============ Checking for Redirections: https://help.steampowered.com/pl/faqs/view/61F0-72B7-9A18-C70B
============ Link unchanged
========== scraping https://help.steampowered.com/pl/faqs/view/61F0-72B7-9A18-C70B
============ Dropping non-English link: https://help.steampowered.com/pl/faqs/view/61F0-72B7-9A18-C70B
======== We are on link 61 of 141
========== raw link https://help.steampowered.com/pt/faqs/view/61F0-72B7-9A18-C70B
============ Checking for Redirections: https://help.steampowered.com/pt/faqs/view/61F0-72B7-9A18-C70B
============ Link unchanged
========== scraping https://help.steampowered.com/pt/faqs/view/61F0-72B7-9A18-C70B
============ Dropping non-English link: https://help.steampowered.com/pt/faqs/view/61F0-72B7-9A18-C70B
======== We are on link 62 of 141
========== raw link https://help.steampowered.com/pt-br/faqs/view/61F0-72B7-9A18-C70B
============ Checking for Redirections: https://help.steampowered.com/pt-br/faqs/view/61F0-72B7-9A18-C70B
============ Link unchanged
========== scraping https://help.steampowered.com/pt-br/faqs/view/61F0-72B7-9A18-C70B
============ Dropping non-English link: https://help.steampowered.com/pt-br/faqs/view/61F0-72B7-9A18-C70B
======== We are on link 63 of 141
========== raw link https://help.steampowered.com/ro/faqs/view/61F0-72B7-9A18-C70B
============ Checking for Redirections: https://help.steampowered.com/ro/faqs/view/61F0-72B7-9A18-C70B
============ Link unchanged
========== scraping https://help.steampowered.com/ro/faqs/view/61F0-72B7-9A18-C70B
============ Dropping non-English link: https://help.steampowered.com/ro/faqs/view/61F0-72B7-9A18-C70B
======== We are on link 64 of 141
========== raw link https://help.steampowered.com/ru/faqs/view/61F0-72B7-9A18-C70B
============ Checking for Redirections: https://help.steampowered.com/ru/faqs/view/61F0-72B7-9A18-C70B
============ Link unchanged
========== scraping https://help.steampowered.com/ru/faqs/view/61F0-72B7-9A18-C70B
============ Dropping non-English link: https://help.steampowered.com/ru/faqs/view/61F0-72B7-9A18-C70B
======== We are on link 65 of 141
========== raw link https://help.steampowered.com/fi/faqs/view/61F0-72B7-9A18-C70B
============ Checking for Redirections: https://help.steampowered.com/fi/faqs/view/61F0-72B7-9A18-C70B
============ Link unchanged
========== scraping https://help.steampowered.com/fi/faqs/view/61F0-72B7-9A18-C70B
============ Dropping non-English link: https://help.steampowered.com/fi/faqs/view/61F0-72B7-9A18-C70B
======== We are on link 66 of 141
========== raw link https://help.steampowered.com/sv/faqs/view/61F0-72B7-9A18-C70B
============ Checking for Redirections: https://help.steampowered.com/sv/faqs/view/61F0-72B7-9A18-C70B
============ Link unchanged
========== scraping https://help.steampowered.com/sv/faqs/view/61F0-72B7-9A18-C70B
============ Dropping non-English link: https://help.steampowered.com/sv/faqs/view/61F0-72B7-9A18-C70B
======== We are on link 67 of 141
========== raw link https://help.steampowered.com/tr/faqs/view/61F0-72B7-9A18-C70B
============ Checking for Redirections: https://help.steampowered.com/tr/faqs/view/61F0-72B7-9A18-C70B
============ Link unchanged
========== scraping https://help.steampowered.com/tr/faqs/view/61F0-72B7-9A18-C70B
============ Dropping non-English link: https://help.steampowered.com/tr/faqs/view/61F0-72B7-9A18-C70B
======== We are on link 68 of 141
========== raw link https://help.steampowered.com/vi/faqs/view/61F0-72B7-9A18-C70B
============ Checking for Redirections: https://help.steampowered.com/vi/faqs/view/61F0-72B7-9A18-C70B
============ Link unchanged
========== scraping https://help.steampowered.com/vi/faqs/view/61F0-72B7-9A18-C70B
============ Dropping non-English link: https://help.steampowered.com/vi/faqs/view/61F0-72B7-9A18-C70B
======== We are on link 69 of 141
========== raw link https://help.steampowered.com/uk/faqs/view/61F0-72B7-9A18-C70B
============ Checking for Redirections: https://help.steampowered.com/uk/faqs/view/61F0-72B7-9A18-C70B
============ Link unchanged
========== scraping https://help.steampowered.com/uk/faqs/view/61F0-72B7-9A18-C70B
============ Dropping non-English link: https://help.steampowered.com/uk/faqs/view/61F0-72B7-9A18-C70B
======== We are on link 70 of 141
========== raw link https://www.valvesoftware.com/en/contact?contact-person=Translation%20Team%20Feedback
========== dropped link https://www.valvesoftware.com/en/contact?contact-person=Translation%20Team%20Feedback. Didn't pass first allows/blocks test.
======== We are on link 71 of 141
========== raw link https://help.steampowered.com/
============ Checking for Redirections: https://help.steampowered.com/
============ Followed Redirection to https://help.steampowered.com/en/
============ Link after cleaning: https://help.steampowered.com/en/
========== link already checked
======== We are on link 72 of 141
========== raw link #howtosell
========== dropped link (either fragment ("#"), js, mailto, comment, pdf, or empty)
======== We are on link 73 of 141
========== raw link #howtobuy
========== dropped link (either fragment ("#"), js, mailto, comment, pdf, or empty)
======== We are on link 74 of 141
========== raw link #removelisting
========== dropped link (either fragment ("#"), js, mailto, comment, pdf, or empty)
======== We are on link 75 of 141
========== raw link #walletfunds
========== dropped link (either fragment ("#"), js, mailto, comment, pdf, or empty)
======== We are on link 76 of 141
========== raw link #refund
========== dropped link (either fragment ("#"), js, mailto, comment, pdf, or empty)
======== We are on link 77 of 141
========== raw link #eligibleparticipants
========== dropped link (either fragment ("#"), js, mailto, comment, pdf, or empty)
======== We are on link 78 of 141
========== raw link #allitems
========== dropped link (either fragment ("#"), js, mailto, comment, pdf, or empty)
======== We are on link 79 of 141
========== raw link #currency
========== dropped link (either fragment ("#"), js, mailto, comment, pdf, or empty)
======== We are on link 80 of 141
========== raw link #viewtransactions
========== dropped link (either fragment ("#"), js, mailto, comment, pdf, or empty)
======== We are on link 81 of 141
========== raw link #restrictions
========== dropped link (either fragment ("#"), js, mailto, comment, pdf, or empty)
======== We are on link 82 of 141
========== raw link #prices
========== dropped link (either fragment ("#"), js, mailto, comment, pdf, or empty)
======== We are on link 83 of 141
========== raw link #steamguard
========== dropped link (either fragment ("#"), js, mailto, comment, pdf, or empty)
======== We are on link 84 of 141
========== raw link #withdrawfunds
========== dropped link (either fragment ("#"), js, mailto, comment, pdf, or empty)
======== We are on link 85 of 141
========== raw link #eligibleitems
========== dropped link (either fragment ("#"), js, mailto, comment, pdf, or empty)
======== We are on link 86 of 141
========== raw link #limited
========== dropped link (either fragment ("#"), js, mailto, comment, pdf, or empty)
======== We are on link 87 of 141
========== raw link #whererestrictions
========== dropped link (either fragment ("#"), js, mailto, comment, pdf, or empty)
======== We are on link 88 of 141
========== raw link #steamfee
========== dropped link (either fragment ("#"), js, mailto, comment, pdf, or empty)
======== We are on link 89 of 141
========== raw link #whopayssteamfee
========== dropped link (either fragment ("#"), js, mailto, comment, pdf, or empty)
======== We are on link 90 of 141
========== raw link #tf2fee
========== dropped link (either fragment ("#"), js, mailto, comment, pdf, or empty)
======== We are on link 91 of 141
========== raw link #dota2fee
========== dropped link (either fragment ("#"), js, mailto, comment, pdf, or empty)
======== We are on link 92 of 141
========== raw link #csgofee
========== dropped link (either fragment ("#"), js, mailto, comment, pdf, or empty)
======== We are on link 93 of 141
========== raw link #artifactfee
========== dropped link (either fragment ("#"), js, mailto, comment, pdf, or empty)
======== We are on link 94 of 141
========== raw link #providing1099s
========== dropped link (either fragment ("#"), js, mailto, comment, pdf, or empty)
======== We are on link 95 of 141
========== raw link #incometaxes
========== dropped link (either fragment ("#"), js, mailto, comment, pdf, or empty)
======== We are on link 96 of 141
========== raw link #VATtaxes
========== dropped link (either fragment ("#"), js, mailto, comment, pdf, or empty)
======== We are on link 97 of 141
========== raw link #commodity
========== dropped link (either fragment ("#"), js, mailto, comment, pdf, or empty)
======== We are on link 98 of 141
========== raw link #buyorder
========== dropped link (either fragment ("#"), js, mailto, comment, pdf, or empty)
======== We are on link 99 of 141
========== raw link #buyordersactive
========== dropped link (either fragment ("#"), js, mailto, comment, pdf, or empty)
======== We are on link 100 of 141
========== raw link #buyordersview
========== dropped link (either fragment ("#"), js, mailto, comment, pdf, or empty)
======== We are on link 101 of 141
========== raw link #buyordersperiod
========== dropped link (either fragment ("#"), js, mailto, comment, pdf, or empty)
======== We are on link 102 of 141
========== raw link #buyordershelp
========== dropped link (either fragment ("#"), js, mailto, comment, pdf, or empty)
======== We are on link 103 of 141
========== raw link #buyordersinfo
========== dropped link (either fragment ("#"), js, mailto, comment, pdf, or empty)
======== We are on link 104 of 141
========== raw link #buyordersnewlistings
========== dropped link (either fragment ("#"), js, mailto, comment, pdf, or empty)
======== We are on link 105 of 141
========== raw link #whatisit
========== dropped link (either fragment ("#"), js, mailto, comment, pdf, or empty)
======== We are on link 106 of 141
========== raw link #howtoverify
========== dropped link (either fragment ("#"), js, mailto, comment, pdf, or empty)
======== We are on link 107 of 141
========== raw link #failattempts
========== dropped link (either fragment ("#"), js, mailto, comment, pdf, or empty)
======== We are on link 108 of 141
========== raw link #drop
========== dropped link (either fragment ("#"), js, mailto, comment, pdf, or empty)
======== We are on link 109 of 141
========== raw link #conversion
========== dropped link (either fragment ("#"), js, mailto, comment, pdf, or empty)
======== We are on link 110 of 141
========== raw link #virtual
========== dropped link (either fragment ("#"), js, mailto, comment, pdf, or empty)
======== We are on link 111 of 141
========== raw link #paypal
========== dropped link (either fragment ("#"), js, mailto, comment, pdf, or empty)
======== We are on link 112 of 141
========== raw link #onecharge
========== dropped link (either fragment ("#"), js, mailto, comment, pdf, or empty)
======== We are on link 113 of 141
========== raw link #banksupport
========== dropped link (either fragment ("#"), js, mailto, comment, pdf, or empty)
======== We are on link 114 of 141
========== raw link #howlong
========== dropped link (either fragment ("#"), js, mailto, comment, pdf, or empty)
======== We are on link 115 of 141
========== raw link #paymentmethods
========== dropped link (either fragment ("#"), js, mailto, comment, pdf, or empty)
======== We are on link 116 of 141
========== raw link #keephittingit
========== dropped link (either fragment ("#"), js, mailto, comment, pdf, or empty)
======== We are on link 117 of 141
========== raw link #whatifIwait
========== dropped link (either fragment ("#"), js, mailto, comment, pdf, or empty)
======== We are on link 118 of 141
========== raw link #giftcards
========== dropped link (either fragment ("#"), js, mailto, comment, pdf, or empty)
======== We are on link 119 of 141
========== raw link https://help.steampowered.com/en/faqs/view/78E3-7431-1E88-AD59
============ Checking for Redirections: https://help.steampowered.com/en/faqs/view/78E3-7431-1E88-AD59
============ Link unchanged
========== scraping https://help.steampowered.com/en/faqs/view/78E3-7431-1E88-AD59
======== We are on link 120 of 141
========== raw link https://store.steampowered.com/steamaccount/addfunds?snr=100601___
============ Checking for Redirections: https://store.steampowered.com/steamaccount/addfunds?snr=100601___
============ Followed Redirection to https://store.steampowered.com/steamaccount/addfunds
============ Link after cleaning: https://store.steampowered.com/steamaccount/addfunds
========== scraping https://store.steampowered.com/steamaccount/addfunds
======== We are on link 121 of 141
========== raw link https://help.steampowered.com/en/faqs/view/451E-96B3-D194-50FC
============ Checking for Redirections: https://help.steampowered.com/en/faqs/view/451E-96B3-D194-50FC
============ Link unchanged
========== scraping https://help.steampowered.com/en/faqs/view/451E-96B3-D194-50FC
======== We are on link 122 of 141
========== raw link https://help.steampowered.com/en/faqs/view/71D3-35C2-AD96-AA3A
============ Checking for Redirections: https://help.steampowered.com/en/faqs/view/71D3-35C2-AD96-AA3A
============ Link unchanged
========== scraping https://help.steampowered.com/en/faqs/view/71D3-35C2-AD96-AA3A
======== We are on link 123 of 141
========== raw link https://help.steampowered.com/en/faqs/view/78E3-7431-1E88-AD59
============ Checking for Redirections: https://help.steampowered.com/en/faqs/view/78E3-7431-1E88-AD59
============ Link unchanged
========== link already checked
======== We are on link 124 of 141
========== raw link https://help.steampowered.com/en/faqs/view/451E-96B3-D194-50FC
============ Checking for Redirections: https://help.steampowered.com/en/faqs/view/451E-96B3-D194-50FC
============ Link unchanged
========== link already checked
======== We are on link 125 of 141
========== raw link https://steamcommunity.com/market/?snr=100601___
============ Checking for Redirections: https://steamcommunity.com/market/?snr=100601___
============ Link after cleaning: https://steamcommunity.com/market/
========== link already checked
======== We are on link 126 of 141
========== raw link https://steamcommunity.com/market/?snr=100601___
============ Checking for Redirections: https://steamcommunity.com/market/?snr=100601___
============ Link after cleaning: https://steamcommunity.com/market/
========== link already checked
======== We are on link 127 of 141
========== raw link https://store.steampowered.com/account/verifycards?snr=100601___
============ Checking for Redirections: https://store.steampowered.com/account/verifycards?snr=100601___
============ Followed Redirection to https://store.steampowered.com/login/?redir=account%2Fverifycards%3Fsnr%3D100601___&redir_ssl=1&snr=100601___
============ Link after cleaning: https://store.steampowered.com/login/
============ Excluded based on allow/block list.
======== We are on link 128 of 141
========== raw link https://help.steampowered.com/en/faqs/view/78E3-7431-1E88-AD59
============ Checking for Redirections: https://help.steampowered.com/en/faqs/view/78E3-7431-1E88-AD59
============ Link unchanged
========== link already checked
======== We are on link 129 of 141
========== raw link https://store.steampowered.com/account/verifycards?snr=100601___
============ Checking for Redirections: https://store.steampowered.com/account/verifycards?snr=100601___
============ Followed Redirection to https://store.steampowered.com/login/?redir=account%2Fverifycards%3Fsnr%3D100601___&redir_ssl=1&snr=100601___
============ Link after cleaning: https://store.steampowered.com/login/
============ Excluded based on allow/block list.
======== We are on link 130 of 141
========== raw link https://steamcommunity.com/groups/community_market?snr=100601___
============ Checking for Redirections: https://steamcommunity.com/groups/community_market?snr=100601___
============ Followed Redirection to https://steamcommunity.com/groups/community_market
============ Link after cleaning: https://steamcommunity.com/groups/community_market
========== scraping https://steamcommunity.com/groups/community_market
======== We are on link 131 of 141
========== raw link https://help.steampowered.com/
============ Checking for Redirections: https://help.steampowered.com/
============ Followed Redirection to https://help.steampowered.com/en/
============ Link after cleaning: https://help.steampowered.com/en/
========== link already checked
======== We are on link 132 of 141
========== raw link https://steamcommunity.com/discussions
============ Checking for Redirections: https://steamcommunity.com/discussions
============ Link unchanged
========== scraping https://steamcommunity.com/discussions
======== We are on link 133 of 141
========== raw link http://www.valvesoftware.com
========== dropped link http://www.valvesoftware.com. Didn't pass first allows/blocks test.
======== We are on link 134 of 141
========== raw link https://store.steampowered.com/privacy_agreement/?snr=100601_44_44_
============ Checking for Redirections: https://store.steampowered.com/privacy_agreement/?snr=100601_44_44_
============ Link after cleaning: https://store.steampowered.com/privacy_agreement/
========== link already checked
======== We are on link 135 of 141
========== raw link https://store.steampowered.com/legal/?snr=100601_44_44_
============ Checking for Redirections: https://store.steampowered.com/legal/?snr=100601_44_44_
============ Link after cleaning: https://store.steampowered.com/legal/
========== scraping https://store.steampowered.com/legal/
======== We are on link 136 of 141
========== raw link https://store.steampowered.com/subscriber_agreement/?snr=100601_44_44_
============ Checking for Redirections: https://store.steampowered.com/subscriber_agreement/?snr=100601_44_44_
============ Link after cleaning: https://store.steampowered.com/subscriber_agreement/
========== link already checked
======== We are on link 137 of 141
========== raw link http://www.valvesoftware.com/about.html
========== dropped link http://www.valvesoftware.com/about.html. Didn't pass first allows/blocks test.
======== We are on link 138 of 141
========== raw link https://partner.steamgames.com/?snr=100601_44_44_
============ Checking for Redirections: https://partner.steamgames.com/?snr=100601_44_44_
============ Link after cleaning: https://partner.steamgames.com/
========== scraping https://partner.steamgames.com/
======== We are on link 139 of 141
========== raw link http://www.valvesoftware.com/jobs.html
========== dropped link http://www.valvesoftware.com/jobs.html. Didn't pass first allows/blocks test.
======== We are on link 140 of 141
========== raw link https://partner.steamgames.com/steamdirect
============ Checking for Redirections: https://partner.steamgames.com/steamdirect
============ Link unchanged
========== scraping https://partner.steamgames.com/steamdirect
======== We are on link 141 of 141
========== raw link https://store.steampowered.com/digitalgiftcards/?snr=100601_44_44_
============ Checking for Redirections: https://store.steampowered.com/digitalgiftcards/?snr=100601_44_44_
============ Followed Redirection to https://store.steampowered.com/digitalgiftcards/
============ Link after cleaning: https://store.steampowered.com/digitalgiftcards/
========== scraping https://store.steampowered.com/digitalgiftcards/
====== We are on page 2 of 7: https://store.steampowered.com/online_conduct/
====== Number of Links on this Page: 90
======== We are on link 1 of 90
========== raw link https://store.steampowered.com/login/?redir=online_conduct%2F&redir_ssl=1&snr=1_subscriberagreement_OnlineConduct__global-header
========== dropped link https://store.steampowered.com/login/?redir=online_conduct%2F&redir_ssl=1&snr=1_subscriberagreement_OnlineConduct__global-header. Didn't pass first allows/blocks test.
======== We are on link 2 of 90
========== raw link https://store.steampowered.com/?snr=1_subscriberagreement_OnlineConduct__global-responsive-menu
============ Checking for Redirections: https://store.steampowered.com/?snr=1_subscriberagreement_OnlineConduct__global-responsive-menu
============ Followed Redirection to https://store.steampowered.com/
============ Link after cleaning: https://store.steampowered.com/
========== link already checked
======== We are on link 3 of 90
========== raw link https://store.steampowered.com/?snr=1_subscriberagreement_OnlineConduct__global-responsive-menu
============ Checking for Redirections: https://store.steampowered.com/?snr=1_subscriberagreement_OnlineConduct__global-responsive-menu
============ Followed Redirection to https://store.steampowered.com/
============ Link after cleaning: https://store.steampowered.com/
========== link already checked
======== We are on link 4 of 90
========== raw link https://store.steampowered.com/explore/?snr=1_subscriberagreement_OnlineConduct__global-responsive-menu
============ Checking for Redirections: https://store.steampowered.com/explore/?snr=1_subscriberagreement_OnlineConduct__global-responsive-menu
============ Followed Redirection to https://store.steampowered.com/login/?redir=explore%2F%3Fsnr%3D1_subscriberagreement_OnlineConduct__global-responsive-menu&redir_ssl=1&snr=1_subscriberagreement_OnlineConduct__global-responsive-menu
============ Link after cleaning: https://store.steampowered.com/login/
============ Excluded based on allow/block list.
======== We are on link 5 of 90
========== raw link https://steamcommunity.com/my/wishlist/
============ Checking for Redirections: https://steamcommunity.com/my/wishlist/
============ Followed Redirection to https://store.steampowered.com/login/?redir=https%3A%2F%2Fstore.steampowered.com%2Fwishlist%2F
============ Link after cleaning: https://store.steampowered.com/login/
============ Excluded based on allow/block list.
======== We are on link 6 of 90
========== raw link https://store.steampowered.com/points/shop/?snr=1_subscriberagreement_OnlineConduct__global-responsive-menu
============ Checking for Redirections: https://store.steampowered.com/points/shop/?snr=1_subscriberagreement_OnlineConduct__global-responsive-menu
============ Followed Redirection to https://store.steampowered.com/points/shop/
============ Link after cleaning: https://store.steampowered.com/points/shop/
========== link already checked
======== We are on link 7 of 90
========== raw link https://store.steampowered.com/news/?snr=1_subscriberagreement_OnlineConduct__global-responsive-menu
============ Checking for Redirections: https://store.steampowered.com/news/?snr=1_subscriberagreement_OnlineConduct__global-responsive-menu
============ Followed Redirection to https://store.steampowered.com/news/
============ Link after cleaning: https://store.steampowered.com/news/
========== link already checked
======== We are on link 8 of 90
========== raw link https://store.steampowered.com/stats/?snr=1_subscriberagreement_OnlineConduct__global-responsive-menu
============ Checking for Redirections: https://store.steampowered.com/stats/?snr=1_subscriberagreement_OnlineConduct__global-responsive-menu
============ Followed Redirection to https://store.steampowered.com/charts
============ Link after cleaning: https://store.steampowered.com/charts
========== scraping https://store.steampowered.com/charts
======== We are on link 9 of 90
========== raw link https://steamcommunity.com/
============ Checking for Redirections: https://steamcommunity.com/
============ Link unchanged
========== link already checked
======== We are on link 10 of 90
========== raw link https://steamcommunity.com/
============ Checking for Redirections: https://steamcommunity.com/
============ Link unchanged
========== link already checked
======== We are on link 11 of 90
========== raw link https://steamcommunity.com/discussions/
============ Checking for Redirections: https://steamcommunity.com/discussions/
============ Link unchanged
========== link already checked
======== We are on link 12 of 90
========== raw link https://steamcommunity.com/workshop/
============ Checking for Redirections: https://steamcommunity.com/workshop/
============ Link unchanged
========== link already checked
======== We are on link 13 of 90
========== raw link https://steamcommunity.com/market/
============ Checking for Redirections: https://steamcommunity.com/market/
============ Link unchanged
========== link already checked
======== We are on link 14 of 90
========== raw link https://steamcommunity.com/?subsection=broadcasts
============ Checking for Redirections: https://steamcommunity.com/?subsection=broadcasts
============ Link after cleaning: https://steamcommunity.com/
========== link already checked
======== We are on link 15 of 90
========== raw link https://store.steampowered.com/about/?snr=1_subscriberagreement_OnlineConduct__global-responsive-menu
============ Checking for Redirections: https://store.steampowered.com/about/?snr=1_subscriberagreement_OnlineConduct__global-responsive-menu
============ Followed Redirection to https://store.steampowered.com/about/
============ Link after cleaning: https://store.steampowered.com/about/
========== link already checked
======== We are on link 16 of 90
========== raw link https://help.steampowered.com/en/
============ Checking for Redirections: https://help.steampowered.com/en/
============ Link unchanged
========== link already checked
======== We are on link 17 of 90
========== raw link https://store.steampowered.com/mobile
============ Checking for Redirections: https://store.steampowered.com/mobile
============ Link unchanged
========== link already checked
======== We are on link 18 of 90
========== raw link https://store.steampowered.com/privacy_agreement/?snr=1_subscriberagreement_OnlineConduct__global-responsive-menu
============ Checking for Redirections: https://store.steampowered.com/privacy_agreement/?snr=1_subscriberagreement_OnlineConduct__global-responsive-menu
============ Link after cleaning: https://store.steampowered.com/privacy_agreement/
========== link already checked
======== We are on link 19 of 90
========== raw link http://www.valvesoftware.com/legal.htm
========== dropped link http://www.valvesoftware.com/legal.htm. Didn't pass first allows/blocks test.
======== We are on link 20 of 90
========== raw link https://store.steampowered.com/subscriber_agreement/?snr=1_subscriberagreement_OnlineConduct__global-responsive-menu
============ Checking for Redirections: https://store.steampowered.com/subscriber_agreement/?snr=1_subscriberagreement_OnlineConduct__global-responsive-menu
============ Link after cleaning: https://store.steampowered.com/subscriber_agreement/
========== link already checked
======== We are on link 21 of 90
========== raw link https://store.steampowered.com/steam_refunds/?snr=1_subscriberagreement_OnlineConduct__global-responsive-menu
============ Checking for Redirections: https://store.steampowered.com/steam_refunds/?snr=1_subscriberagreement_OnlineConduct__global-responsive-menu
============ Link after cleaning: https://store.steampowered.com/steam_refunds/
========== link already checked
======== We are on link 22 of 90
========== raw link https://store.steampowered.com/?snr=1_subscriberagreement_OnlineConduct__global-responsive-menu
============ Checking for Redirections: https://store.steampowered.com/?snr=1_subscriberagreement_OnlineConduct__global-responsive-menu
============ Followed Redirection to https://store.steampowered.com/
============ Link after cleaning: https://store.steampowered.com/
========== link already checked
======== We are on link 23 of 90
========== raw link https://store.steampowered.com/?snr=1_subscriberagreement_OnlineConduct__global-header
============ Checking for Redirections: https://store.steampowered.com/?snr=1_subscriberagreement_OnlineConduct__global-header
============ Followed Redirection to https://store.steampowered.com/
============ Link after cleaning: https://store.steampowered.com/
========== link already checked
======== We are on link 24 of 90
========== raw link https://store.steampowered.com/?snr=1_subscriberagreement_OnlineConduct__global-header
============ Checking for Redirections: https://store.steampowered.com/?snr=1_subscriberagreement_OnlineConduct__global-header
============ Followed Redirection to https://store.steampowered.com/
============ Link after cleaning: https://store.steampowered.com/
========== link already checked
======== We are on link 25 of 90
========== raw link https://store.steampowered.com/?snr=1_subscriberagreement_OnlineConduct__global-header
============ Checking for Redirections: https://store.steampowered.com/?snr=1_subscriberagreement_OnlineConduct__global-header
============ Followed Redirection to https://store.steampowered.com/
============ Link after cleaning: https://store.steampowered.com/
========== link already checked
======== We are on link 26 of 90
========== raw link https://store.steampowered.com/explore/?snr=1_subscriberagreement_OnlineConduct__global-header
============ Checking for Redirections: https://store.steampowered.com/explore/?snr=1_subscriberagreement_OnlineConduct__global-header
============ Followed Redirection to https://store.steampowered.com/login/?redir=explore%2F%3Fsnr%3D1_subscriberagreement_OnlineConduct__global-header&redir_ssl=1&snr=1_subscriberagreement_OnlineConduct__global-header
============ Link after cleaning: https://store.steampowered.com/login/
============ Excluded based on allow/block list.
======== We are on link 27 of 90
========== raw link https://steamcommunity.com/my/wishlist/
============ Checking for Redirections: https://steamcommunity.com/my/wishlist/
============ Followed Redirection to https://store.steampowered.com/login/?redir=https%3A%2F%2Fstore.steampowered.com%2Fwishlist%2F
============ Link after cleaning: https://store.steampowered.com/login/
============ Excluded based on allow/block list.
======== We are on link 28 of 90
========== raw link https://store.steampowered.com/points/shop/?snr=1_subscriberagreement_OnlineConduct__global-header
============ Checking for Redirections: https://store.steampowered.com/points/shop/?snr=1_subscriberagreement_OnlineConduct__global-header
============ Followed Redirection to https://store.steampowered.com/points/shop/
============ Link after cleaning: https://store.steampowered.com/points/shop/
========== link already checked
======== We are on link 29 of 90
========== raw link https://store.steampowered.com/news/?snr=1_subscriberagreement_OnlineConduct__global-header
============ Checking for Redirections: https://store.steampowered.com/news/?snr=1_subscriberagreement_OnlineConduct__global-header
============ Followed Redirection to https://store.steampowered.com/news/
============ Link after cleaning: https://store.steampowered.com/news/
========== link already checked
======== We are on link 30 of 90
========== raw link https://store.steampowered.com/stats/?snr=1_subscriberagreement_OnlineConduct__global-header
============ Checking for Redirections: https://store.steampowered.com/stats/?snr=1_subscriberagreement_OnlineConduct__global-header
============ Followed Redirection to https://store.steampowered.com/charts
============ Link after cleaning: https://store.steampowered.com/charts
========== link already checked
======== We are on link 31 of 90
========== raw link https://steamcommunity.com/
============ Checking for Redirections: https://steamcommunity.com/
============ Link unchanged
========== link already checked
======== We are on link 32 of 90
========== raw link https://steamcommunity.com/
============ Checking for Redirections: https://steamcommunity.com/
============ Link unchanged
========== link already checked
======== We are on link 33 of 90
========== raw link https://steamcommunity.com/discussions/
============ Checking for Redirections: https://steamcommunity.com/discussions/
============ Link unchanged
========== link already checked
======== We are on link 34 of 90
========== raw link https://steamcommunity.com/workshop/
============ Checking for Redirections: https://steamcommunity.com/workshop/
============ Link unchanged
========== link already checked
======== We are on link 35 of 90
========== raw link https://steamcommunity.com/market/
============ Checking for Redirections: https://steamcommunity.com/market/
============ Link unchanged
========== link already checked
======== We are on link 36 of 90
========== raw link https://steamcommunity.com/?subsection=broadcasts
============ Checking for Redirections: https://steamcommunity.com/?subsection=broadcasts
============ Link after cleaning: https://steamcommunity.com/
========== link already checked
======== We are on link 37 of 90
========== raw link https://store.steampowered.com/about/?snr=1_subscriberagreement_OnlineConduct__global-header
============ Checking for Redirections: https://store.steampowered.com/about/?snr=1_subscriberagreement_OnlineConduct__global-header
============ Followed Redirection to https://store.steampowered.com/about/
============ Link after cleaning: https://store.steampowered.com/about/
========== link already checked
======== We are on link 38 of 90
========== raw link https://help.steampowered.com/en/
============ Checking for Redirections: https://help.steampowered.com/en/
============ Link unchanged
========== link already checked
======== We are on link 39 of 90
========== raw link https://store.steampowered.com/about/?snr=1_subscriberagreement_OnlineConduct__global-header
============ Checking for Redirections: https://store.steampowered.com/about/?snr=1_subscriberagreement_OnlineConduct__global-header
============ Followed Redirection to https://store.steampowered.com/about/
============ Link after cleaning: https://store.steampowered.com/about/
========== link already checked
======== We are on link 40 of 90
========== raw link https://store.steampowered.com/login/?redir=online_conduct%2F&redir_ssl=1&snr=1_subscriberagreement_OnlineConduct__global-header
========== dropped link https://store.steampowered.com/login/?redir=online_conduct%2F&redir_ssl=1&snr=1_subscriberagreement_OnlineConduct__global-header. Didn't pass first allows/blocks test.
======== We are on link 41 of 90
========== raw link ?l=schinese
============ Link starts with ?: joining https://store.steampowered.com/online_conduct/ and ?l=schinese
============ Checking for Redirections: https://store.steampowered.com/online_conduct/?l=schinese
============ Link after cleaning: https://store.steampowered.com/online_conduct/
========== link already checked
======== We are on link 42 of 90
========== raw link ?l=tchinese
============ Link starts with ?: joining https://store.steampowered.com/online_conduct/ and ?l=tchinese
============ Checking for Redirections: https://store.steampowered.com/online_conduct/?l=tchinese
============ Link after cleaning: https://store.steampowered.com/online_conduct/
========== link already checked
======== We are on link 43 of 90
========== raw link ?l=japanese
============ Link starts with ?: joining https://store.steampowered.com/online_conduct/ and ?l=japanese
============ Checking for Redirections: https://store.steampowered.com/online_conduct/?l=japanese
============ Link after cleaning: https://store.steampowered.com/online_conduct/
========== link already checked
======== We are on link 44 of 90
========== raw link ?l=koreana
============ Link starts with ?: joining https://store.steampowered.com/online_conduct/ and ?l=koreana
============ Checking for Redirections: https://store.steampowered.com/online_conduct/?l=koreana
============ Link after cleaning: https://store.steampowered.com/online_conduct/
========== link already checked
======== We are on link 45 of 90
========== raw link ?l=thai
============ Link starts with ?: joining https://store.steampowered.com/online_conduct/ and ?l=thai
============ Checking for Redirections: https://store.steampowered.com/online_conduct/?l=thai
============ Link after cleaning: https://store.steampowered.com/online_conduct/
========== link already checked
======== We are on link 46 of 90
========== raw link ?l=bulgarian
============ Link starts with ?: joining https://store.steampowered.com/online_conduct/ and ?l=bulgarian
============ Checking for Redirections: https://store.steampowered.com/online_conduct/?l=bulgarian
============ Link after cleaning: https://store.steampowered.com/online_conduct/
========== link already checked
======== We are on link 47 of 90
========== raw link ?l=czech
============ Link starts with ?: joining https://store.steampowered.com/online_conduct/ and ?l=czech
============ Checking for Redirections: https://store.steampowered.com/online_conduct/?l=czech
============ Link after cleaning: https://store.steampowered.com/online_conduct/
========== link already checked
======== We are on link 48 of 90
========== raw link ?l=danish
============ Link starts with ?: joining https://store.steampowered.com/online_conduct/ and ?l=danish
============ Checking for Redirections: https://store.steampowered.com/online_conduct/?l=danish
============ Link after cleaning: https://store.steampowered.com/online_conduct/
========== link already checked
======== We are on link 49 of 90
========== raw link ?l=german
============ Link starts with ?: joining https://store.steampowered.com/online_conduct/ and ?l=german
============ Checking for Redirections: https://store.steampowered.com/online_conduct/?l=german
============ Link after cleaning: https://store.steampowered.com/online_conduct/
========== link already checked
======== We are on link 50 of 90
========== raw link ?l=spanish
============ Link starts with ?: joining https://store.steampowered.com/online_conduct/ and ?l=spanish
============ Checking for Redirections: https://store.steampowered.com/online_conduct/?l=spanish
============ Link after cleaning: https://store.steampowered.com/online_conduct/
========== link already checked
======== We are on link 51 of 90
========== raw link ?l=latam
============ Link starts with ?: joining https://store.steampowered.com/online_conduct/ and ?l=latam
============ Checking for Redirections: https://store.steampowered.com/online_conduct/?l=latam
============ Link after cleaning: https://store.steampowered.com/online_conduct/
========== link already checked
======== We are on link 52 of 90
========== raw link ?l=greek
============ Link starts with ?: joining https://store.steampowered.com/online_conduct/ and ?l=greek
============ Checking for Redirections: https://store.steampowered.com/online_conduct/?l=greek
============ Link after cleaning: https://store.steampowered.com/online_conduct/
========== link already checked
======== We are on link 53 of 90
========== raw link ?l=french
============ Link starts with ?: joining https://store.steampowered.com/online_conduct/ and ?l=french
============ Checking for Redirections: https://store.steampowered.com/online_conduct/?l=french
============ Link after cleaning: https://store.steampowered.com/online_conduct/
========== link already checked
======== We are on link 54 of 90
========== raw link ?l=italian
============ Link starts with ?: joining https://store.steampowered.com/online_conduct/ and ?l=italian
============ Checking for Redirections: https://store.steampowered.com/online_conduct/?l=italian
============ Link after cleaning: https://store.steampowered.com/online_conduct/
========== link already checked
======== We are on link 55 of 90
========== raw link ?l=indonesian
============ Link starts with ?: joining https://store.steampowered.com/online_conduct/ and ?l=indonesian
============ Checking for Redirections: https://store.steampowered.com/online_conduct/?l=indonesian
============ Link after cleaning: https://store.steampowered.com/online_conduct/
========== link already checked
======== We are on link 56 of 90
========== raw link ?l=hungarian
============ Link starts with ?: joining https://store.steampowered.com/online_conduct/ and ?l=hungarian
============ Checking for Redirections: https://store.steampowered.com/online_conduct/?l=hungarian
============ Link after cleaning: https://store.steampowered.com/online_conduct/
========== link already checked
======== We are on link 57 of 90
========== raw link ?l=dutch
============ Link starts with ?: joining https://store.steampowered.com/online_conduct/ and ?l=dutch
============ Checking for Redirections: https://store.steampowered.com/online_conduct/?l=dutch
============ Link after cleaning: https://store.steampowered.com/online_conduct/
========== link already checked
======== We are on link 58 of 90
========== raw link ?l=norwegian
============ Link starts with ?: joining https://store.steampowered.com/online_conduct/ and ?l=norwegian
============ Checking for Redirections: https://store.steampowered.com/online_conduct/?l=norwegian
============ Link after cleaning: https://store.steampowered.com/online_conduct/
========== link already checked
======== We are on link 59 of 90
========== raw link ?l=polish
============ Link starts with ?: joining https://store.steampowered.com/online_conduct/ and ?l=polish
============ Checking for Redirections: https://store.steampowered.com/online_conduct/?l=polish
============ Link after cleaning: https://store.steampowered.com/online_conduct/
========== link already checked
======== We are on link 60 of 90
========== raw link ?l=portuguese
============ Link starts with ?: joining https://store.steampowered.com/online_conduct/ and ?l=portuguese
============ Checking for Redirections: https://store.steampowered.com/online_conduct/?l=portuguese
============ Link after cleaning: https://store.steampowered.com/online_conduct/
========== link already checked
======== We are on link 61 of 90
========== raw link ?l=brazilian
============ Link starts with ?: joining https://store.steampowered.com/online_conduct/ and ?l=brazilian
============ Checking for Redirections: https://store.steampowered.com/online_conduct/?l=brazilian
============ Link after cleaning: https://store.steampowered.com/online_conduct/
========== link already checked
======== We are on link 62 of 90
========== raw link ?l=romanian
============ Link starts with ?: joining https://store.steampowered.com/online_conduct/ and ?l=romanian
============ Checking for Redirections: https://store.steampowered.com/online_conduct/?l=romanian
============ Link after cleaning: https://store.steampowered.com/online_conduct/
========== link already checked
======== We are on link 63 of 90
========== raw link ?l=russian
============ Link starts with ?: joining https://store.steampowered.com/online_conduct/ and ?l=russian
============ Checking for Redirections: https://store.steampowered.com/online_conduct/?l=russian
============ Link after cleaning: https://store.steampowered.com/online_conduct/
========== link already checked
======== We are on link 64 of 90
========== raw link ?l=finnish
============ Link starts with ?: joining https://store.steampowered.com/online_conduct/ and ?l=finnish
============ Checking for Redirections: https://store.steampowered.com/online_conduct/?l=finnish
============ Link after cleaning: https://store.steampowered.com/online_conduct/
========== link already checked
======== We are on link 65 of 90
========== raw link ?l=swedish
============ Link starts with ?: joining https://store.steampowered.com/online_conduct/ and ?l=swedish
============ Checking for Redirections: https://store.steampowered.com/online_conduct/?l=swedish
============ Link after cleaning: https://store.steampowered.com/online_conduct/
========== link already checked
======== We are on link 66 of 90
========== raw link ?l=turkish
============ Link starts with ?: joining https://store.steampowered.com/online_conduct/ and ?l=turkish
============ Checking for Redirections: https://store.steampowered.com/online_conduct/?l=turkish
============ Link after cleaning: https://store.steampowered.com/online_conduct/
========== link already checked
======== We are on link 67 of 90
========== raw link ?l=vietnamese
============ Link starts with ?: joining https://store.steampowered.com/online_conduct/ and ?l=vietnamese
============ Checking for Redirections: https://store.steampowered.com/online_conduct/?l=vietnamese
============ Link after cleaning: https://store.steampowered.com/online_conduct/
========== link already checked
======== We are on link 68 of 90
========== raw link ?l=ukrainian
============ Link starts with ?: joining https://store.steampowered.com/online_conduct/ and ?l=ukrainian
============ Checking for Redirections: https://store.steampowered.com/online_conduct/?l=ukrainian
============ Link after cleaning: https://store.steampowered.com/online_conduct/
========== link already checked
======== We are on link 69 of 90
========== raw link https://www.valvesoftware.com/en/contact?contact-person=Translation%20Team%20Feedback
========== dropped link https://www.valvesoftware.com/en/contact?contact-person=Translation%20Team%20Feedback. Didn't pass first allows/blocks test.
======== We are on link 70 of 90
========== raw link https://store.steampowered.com/
============ Checking for Redirections: https://store.steampowered.com/
============ Link unchanged
========== link already checked
======== We are on link 71 of 90
========== raw link https://store.steampowered.com/subscriber_agreement/
============ Checking for Redirections: https://store.steampowered.com/subscriber_agreement/
============ Link unchanged
========== link already checked
======== We are on link 72 of 90
========== raw link https://help.steampowered.com/faqs/view/6862-8119-C23E-EA7B
============ Checking for Redirections: https://help.steampowered.com/faqs/view/6862-8119-C23E-EA7B
============ Followed Redirection to https://help.steampowered.com/en/faqs/view/6862-8119-C23E-EA7B
============ Link after cleaning: https://help.steampowered.com/en/faqs/view/6862-8119-C23E-EA7B
========== link already checked
======== We are on link 73 of 90
========== raw link https://help.steampowered.com/faqs/view/4DE7-17AA-0E8B-C1AD
============ Checking for Redirections: https://help.steampowered.com/faqs/view/4DE7-17AA-0E8B-C1AD
============ Followed Redirection to https://help.steampowered.com/en/faqs/view/4DE7-17AA-0E8B-C1AD
============ Link after cleaning: https://help.steampowered.com/en/faqs/view/4DE7-17AA-0E8B-C1AD
========== scraping https://help.steampowered.com/en/faqs/view/4DE7-17AA-0E8B-C1AD
======== We are on link 74 of 90
========== raw link https://help.steampowered.com/faqs/view/4F8E-AE41-B6B1-F836
============ Checking for Redirections: https://help.steampowered.com/faqs/view/4F8E-AE41-B6B1-F836
============ Followed Redirection to https://help.steampowered.com/en/faqs/view/4F8E-AE41-B6B1-F836
============ Link after cleaning: https://help.steampowered.com/en/faqs/view/4F8E-AE41-B6B1-F836
========== scraping https://help.steampowered.com/en/faqs/view/4F8E-AE41-B6B1-F836
======== We are on link 75 of 90
========== raw link http://www.valvesoftware.com
========== dropped link http://www.valvesoftware.com. Didn't pass first allows/blocks test.
======== We are on link 76 of 90
========== raw link https://store.steampowered.com/privacy_agreement/?snr=1_44_44_
============ Checking for Redirections: https://store.steampowered.com/privacy_agreement/?snr=1_44_44_
============ Link after cleaning: https://store.steampowered.com/privacy_agreement/
========== link already checked
======== We are on link 77 of 90
========== raw link https://store.steampowered.com/legal/?snr=1_44_44_
============ Checking for Redirections: https://store.steampowered.com/legal/?snr=1_44_44_
============ Link after cleaning: https://store.steampowered.com/legal/
========== link already checked
======== We are on link 78 of 90
========== raw link https://store.steampowered.com/subscriber_agreement/?snr=1_44_44_
============ Checking for Redirections: https://store.steampowered.com/subscriber_agreement/?snr=1_44_44_
============ Link after cleaning: https://store.steampowered.com/subscriber_agreement/
========== link already checked
======== We are on link 79 of 90
========== raw link https://store.steampowered.com/steam_refunds/?snr=1_44_44_
============ Checking for Redirections: https://store.steampowered.com/steam_refunds/?snr=1_44_44_
============ Link after cleaning: https://store.steampowered.com/steam_refunds/
========== link already checked
======== We are on link 80 of 90
========== raw link https://store.steampowered.com/account/cookiepreferences/?snr=1_44_44_
============ Checking for Redirections: https://store.steampowered.com/account/cookiepreferences/?snr=1_44_44_
============ Link after cleaning: https://store.steampowered.com/account/cookiepreferences/
========== scraping https://store.steampowered.com/account/cookiepreferences/
======== We are on link 81 of 90
========== raw link http://www.valvesoftware.com/about
========== dropped link http://www.valvesoftware.com/about. Didn't pass first allows/blocks test.
======== We are on link 82 of 90
========== raw link http://www.valvesoftware.com
========== dropped link http://www.valvesoftware.com. Didn't pass first allows/blocks test.
======== We are on link 83 of 90
========== raw link http://www.steampowered.com/steamworks/
============ Checking for Redirections: http://www.steampowered.com/steamworks/
============ Followed Redirection to https://partner.steamgames.com/
============ Link after cleaning: https://partner.steamgames.com/
========== link already checked
======== We are on link 84 of 90
========== raw link https://partner.steamgames.com/steamdirect
============ Checking for Redirections: https://partner.steamgames.com/steamdirect
============ Link unchanged
========== link already checked
======== We are on link 85 of 90
========== raw link https://help.steampowered.com/en/?snr=1_44_44_
============ Checking for Redirections: https://help.steampowered.com/en/?snr=1_44_44_
============ Link after cleaning: https://help.steampowered.com/en/
========== link already checked
======== We are on link 86 of 90
========== raw link https://store.steampowered.com/hardware_recycling/?snr=1_44_44_
============ Checking for Redirections: https://store.steampowered.com/hardware_recycling/?snr=1_44_44_
============ Link after cleaning: https://store.steampowered.com/hardware_recycling/
========== scraping https://store.steampowered.com/hardware_recycling/
======== We are on link 87 of 90
========== raw link https://store.steampowered.com/digitalgiftcards/?snr=1_44_44_
============ Checking for Redirections: https://store.steampowered.com/digitalgiftcards/?snr=1_44_44_
============ Followed Redirection to https://store.steampowered.com/digitalgiftcards/
============ Link after cleaning: https://store.steampowered.com/digitalgiftcards/
========== link already checked
======== We are on link 88 of 90
========== raw link https://steamcommunity.com/linkfilter/?u=http%3A%2F%2Fwww.facebook.com%2FSteam
============ Checking for Redirections: https://steamcommunity.com/linkfilter/?u=http%3A%2F%2Fwww.facebook.com%2FSteam
============ Link after cleaning: https://steamcommunity.com/linkfilter/
========== scraping https://steamcommunity.com/linkfilter/
======== We are on link 89 of 90
========== raw link http://twitter.com/steam
============ Checking for Redirections: http://twitter.com/steam
========== dropped link http://twitter.com/steam. Could not follow redirection (or it was a meaninglessly small page or bot blocked by sessionID).
======== We are on link 90 of 90
========== raw link https://steamcommunity.com/linkfilter/?u=https%3A%2F%2Fbsky.app%2Fprofile%2Fsteampowered.com
============ Checking for Redirections: https://steamcommunity.com/linkfilter/?u=https%3A%2F%2Fbsky.app%2Fprofile%2Fsteampowered.com
============ Link after cleaning: https://steamcommunity.com/linkfilter/
========== link already checked
====== We are on page 3 of 7: https://help.steampowered.com/en/faqs/view/6862-8119-C23E-EA7B
====== Number of Links on this Page: 91
======== We are on link 1 of 91
========== raw link https://help.steampowered.com/en/login/
========== dropped link https://help.steampowered.com/en/login/. Didn't pass first allows/blocks test.
======== We are on link 2 of 91
========== raw link https://store.steampowered.com/
============ Checking for Redirections: https://store.steampowered.com/
============ Link unchanged
========== link already checked
======== We are on link 3 of 91
========== raw link https://store.steampowered.com/
============ Checking for Redirections: https://store.steampowered.com/
============ Link unchanged
========== link already checked
======== We are on link 4 of 91
========== raw link https://store.steampowered.com/explore/
============ Checking for Redirections: https://store.steampowered.com/explore/
============ Followed Redirection to https://store.steampowered.com/login/?redir=explore%2F&redir_ssl=1
============ Link after cleaning: https://store.steampowered.com/login/
============ Excluded based on allow/block list.
======== We are on link 5 of 91
========== raw link https://steamcommunity.com/my/wishlist/
============ Checking for Redirections: https://steamcommunity.com/my/wishlist/
============ Followed Redirection to https://store.steampowered.com/login/?redir=https%3A%2F%2Fstore.steampowered.com%2Fwishlist%2F
============ Link after cleaning: https://store.steampowered.com/login/
============ Excluded based on allow/block list.
======== We are on link 6 of 91
========== raw link https://store.steampowered.com/points/shop/
============ Checking for Redirections: https://store.steampowered.com/points/shop/
============ Link unchanged
========== link already checked
======== We are on link 7 of 91
========== raw link https://store.steampowered.com/news/
============ Checking for Redirections: https://store.steampowered.com/news/
============ Link unchanged
========== link already checked
======== We are on link 8 of 91
========== raw link https://store.steampowered.com/stats/
============ Checking for Redirections: https://store.steampowered.com/stats/
============ Followed Redirection to https://store.steampowered.com/charts/
============ Link after cleaning: https://store.steampowered.com/charts/
========== link already checked
======== We are on link 9 of 91
========== raw link https://steamcommunity.com/
============ Checking for Redirections: https://steamcommunity.com/
============ Link unchanged
========== link already checked
======== We are on link 10 of 91
========== raw link https://steamcommunity.com/
============ Checking for Redirections: https://steamcommunity.com/
============ Link unchanged
========== link already checked
======== We are on link 11 of 91
========== raw link https://steamcommunity.com/discussions/
============ Checking for Redirections: https://steamcommunity.com/discussions/
============ Link unchanged
========== link already checked
======== We are on link 12 of 91
========== raw link https://steamcommunity.com/workshop/
============ Checking for Redirections: https://steamcommunity.com/workshop/
============ Link unchanged
========== link already checked
======== We are on link 13 of 91
========== raw link https://steamcommunity.com/market/
============ Checking for Redirections: https://steamcommunity.com/market/
============ Link unchanged
========== link already checked
======== We are on link 14 of 91
========== raw link https://steamcommunity.com/?subsection=broadcasts
============ Checking for Redirections: https://steamcommunity.com/?subsection=broadcasts
============ Link after cleaning: https://steamcommunity.com/
========== link already checked
======== We are on link 15 of 91
========== raw link https://store.steampowered.com/about/
============ Checking for Redirections: https://store.steampowered.com/about/
============ Link unchanged
========== link already checked
======== We are on link 16 of 91
========== raw link https://help.steampowered.com/en/
============ Checking for Redirections: https://help.steampowered.com/en/
============ Link unchanged
========== link already checked
======== We are on link 17 of 91
========== raw link https://store.steampowered.com/mobile
============ Checking for Redirections: https://store.steampowered.com/mobile
============ Link unchanged
========== link already checked
======== We are on link 18 of 91
========== raw link https://store.steampowered.com/privacy_agreement/
============ Checking for Redirections: https://store.steampowered.com/privacy_agreement/
============ Link unchanged
========== link already checked
======== We are on link 19 of 91
========== raw link http://www.valvesoftware.com/legal.htm
========== dropped link http://www.valvesoftware.com/legal.htm. Didn't pass first allows/blocks test.
======== We are on link 20 of 91
========== raw link https://store.steampowered.com/subscriber_agreement/
============ Checking for Redirections: https://store.steampowered.com/subscriber_agreement/
============ Link unchanged
========== link already checked
======== We are on link 21 of 91
========== raw link https://store.steampowered.com/steam_refunds/
============ Checking for Redirections: https://store.steampowered.com/steam_refunds/
============ Link unchanged
========== link already checked
======== We are on link 22 of 91
========== raw link https://store.steampowered.com/
============ Checking for Redirections: https://store.steampowered.com/
============ Link unchanged
========== link already checked
======== We are on link 23 of 91
========== raw link https://store.steampowered.com/
============ Checking for Redirections: https://store.steampowered.com/
============ Link unchanged
========== link already checked
======== We are on link 24 of 91
========== raw link https://store.steampowered.com/
============ Checking for Redirections: https://store.steampowered.com/
============ Link unchanged
========== link already checked
======== We are on link 25 of 91
========== raw link https://store.steampowered.com/
============ Checking for Redirections: https://store.steampowered.com/
============ Link unchanged
========== link already checked
======== We are on link 26 of 91
========== raw link https://store.steampowered.com/explore/
============ Checking for Redirections: https://store.steampowered.com/explore/
============ Followed Redirection to https://store.steampowered.com/login/?redir=explore%2F&redir_ssl=1
============ Link after cleaning: https://store.steampowered.com/login/
============ Excluded based on allow/block list.
======== We are on link 27 of 91
========== raw link https://steamcommunity.com/my/wishlist/
============ Checking for Redirections: https://steamcommunity.com/my/wishlist/
============ Followed Redirection to https://store.steampowered.com/login/?redir=https%3A%2F%2Fstore.steampowered.com%2Fwishlist%2F
============ Link after cleaning: https://store.steampowered.com/login/
============ Excluded based on allow/block list.
======== We are on link 28 of 91
========== raw link https://store.steampowered.com/points/shop/
============ Checking for Redirections: https://store.steampowered.com/points/shop/
============ Link unchanged
========== link already checked
======== We are on link 29 of 91
========== raw link https://store.steampowered.com/news/
============ Checking for Redirections: https://store.steampowered.com/news/
============ Link unchanged
========== link already checked
======== We are on link 30 of 91
========== raw link https://store.steampowered.com/stats/
============ Checking for Redirections: https://store.steampowered.com/stats/
============ Followed Redirection to https://store.steampowered.com/charts/
============ Link after cleaning: https://store.steampowered.com/charts/
========== link already checked
======== We are on link 31 of 91
========== raw link https://steamcommunity.com/
============ Checking for Redirections: https://steamcommunity.com/
============ Link unchanged
========== link already checked
======== We are on link 32 of 91
========== raw link https://steamcommunity.com/
============ Checking for Redirections: https://steamcommunity.com/
============ Link unchanged
========== link already checked
======== We are on link 33 of 91
========== raw link https://steamcommunity.com/discussions/
============ Checking for Redirections: https://steamcommunity.com/discussions/
============ Link unchanged
========== link already checked
======== We are on link 34 of 91
========== raw link https://steamcommunity.com/workshop/
============ Checking for Redirections: https://steamcommunity.com/workshop/
============ Link unchanged
========== link already checked
======== We are on link 35 of 91
========== raw link https://steamcommunity.com/market/
============ Checking for Redirections: https://steamcommunity.com/market/
============ Link unchanged
========== link already checked
======== We are on link 36 of 91
========== raw link https://steamcommunity.com/?subsection=broadcasts
============ Checking for Redirections: https://steamcommunity.com/?subsection=broadcasts
============ Link after cleaning: https://steamcommunity.com/
========== link already checked
======== We are on link 37 of 91
========== raw link https://store.steampowered.com/about/
============ Checking for Redirections: https://store.steampowered.com/about/
============ Link unchanged
========== link already checked
======== We are on link 38 of 91
========== raw link https://help.steampowered.com/en/
============ Checking for Redirections: https://help.steampowered.com/en/
============ Link unchanged
========== link already checked
======== We are on link 39 of 91
========== raw link https://store.steampowered.com/about/
============ Checking for Redirections: https://store.steampowered.com/about/
============ Link unchanged
========== link already checked
======== We are on link 40 of 91
========== raw link https://help.steampowered.com/en/login/
========== dropped link https://help.steampowered.com/en/login/. Didn't pass first allows/blocks test.
======== We are on link 41 of 91
========== raw link https://help.steampowered.com/zh-cn/faqs/view/6862-8119-C23E-EA7B
============ Checking for Redirections: https://help.steampowered.com/zh-cn/faqs/view/6862-8119-C23E-EA7B
============ Link unchanged
========== scraping https://help.steampowered.com/zh-cn/faqs/view/6862-8119-C23E-EA7B
============ Dropping non-English link: https://help.steampowered.com/zh-cn/faqs/view/6862-8119-C23E-EA7B
======== We are on link 42 of 91
========== raw link https://help.steampowered.com/zh-tw/faqs/view/6862-8119-C23E-EA7B
============ Checking for Redirections: https://help.steampowered.com/zh-tw/faqs/view/6862-8119-C23E-EA7B
============ Link unchanged
========== scraping https://help.steampowered.com/zh-tw/faqs/view/6862-8119-C23E-EA7B
============ Dropping non-English link: https://help.steampowered.com/zh-tw/faqs/view/6862-8119-C23E-EA7B
======== We are on link 43 of 91
========== raw link https://help.steampowered.com/ja/faqs/view/6862-8119-C23E-EA7B
============ Checking for Redirections: https://help.steampowered.com/ja/faqs/view/6862-8119-C23E-EA7B
============ Link unchanged
========== scraping https://help.steampowered.com/ja/faqs/view/6862-8119-C23E-EA7B
============ Dropping non-English link: https://help.steampowered.com/ja/faqs/view/6862-8119-C23E-EA7B
======== We are on link 44 of 91
========== raw link https://help.steampowered.com/ko/faqs/view/6862-8119-C23E-EA7B
============ Checking for Redirections: https://help.steampowered.com/ko/faqs/view/6862-8119-C23E-EA7B
============ Link unchanged
========== scraping https://help.steampowered.com/ko/faqs/view/6862-8119-C23E-EA7B
============ Dropping non-English link: https://help.steampowered.com/ko/faqs/view/6862-8119-C23E-EA7B
======== We are on link 45 of 91
========== raw link https://help.steampowered.com/th/faqs/view/6862-8119-C23E-EA7B
============ Checking for Redirections: https://help.steampowered.com/th/faqs/view/6862-8119-C23E-EA7B
============ Link unchanged
========== scraping https://help.steampowered.com/th/faqs/view/6862-8119-C23E-EA7B
============ Dropping non-English link: https://help.steampowered.com/th/faqs/view/6862-8119-C23E-EA7B
======== We are on link 46 of 91
========== raw link https://help.steampowered.com/bg/faqs/view/6862-8119-C23E-EA7B
============ Checking for Redirections: https://help.steampowered.com/bg/faqs/view/6862-8119-C23E-EA7B
============ Link unchanged
========== scraping https://help.steampowered.com/bg/faqs/view/6862-8119-C23E-EA7B
============ Dropping non-English link: https://help.steampowered.com/bg/faqs/view/6862-8119-C23E-EA7B
======== We are on link 47 of 91
========== raw link https://help.steampowered.com/cs/faqs/view/6862-8119-C23E-EA7B
============ Checking for Redirections: https://help.steampowered.com/cs/faqs/view/6862-8119-C23E-EA7B
============ Link unchanged
========== scraping https://help.steampowered.com/cs/faqs/view/6862-8119-C23E-EA7B
============ Dropping non-English link: https://help.steampowered.com/cs/faqs/view/6862-8119-C23E-EA7B
======== We are on link 48 of 91
========== raw link https://help.steampowered.com/da/faqs/view/6862-8119-C23E-EA7B
============ Checking for Redirections: https://help.steampowered.com/da/faqs/view/6862-8119-C23E-EA7B
============ Link unchanged
========== scraping https://help.steampowered.com/da/faqs/view/6862-8119-C23E-EA7B
============ Dropping non-English link: https://help.steampowered.com/da/faqs/view/6862-8119-C23E-EA7B
======== We are on link 49 of 91
========== raw link https://help.steampowered.com/de/faqs/view/6862-8119-C23E-EA7B
============ Checking for Redirections: https://help.steampowered.com/de/faqs/view/6862-8119-C23E-EA7B
============ Link unchanged
========== scraping https://help.steampowered.com/de/faqs/view/6862-8119-C23E-EA7B
============ Dropping non-English link: https://help.steampowered.com/de/faqs/view/6862-8119-C23E-EA7B
======== We are on link 50 of 91
========== raw link https://help.steampowered.com/en/faqs/view/6862-8119-C23E-EA7B
============ Checking for Redirections: https://help.steampowered.com/en/faqs/view/6862-8119-C23E-EA7B
============ Link unchanged
========== link already checked
======== We are on link 51 of 91
========== raw link https://help.steampowered.com/es/faqs/view/6862-8119-C23E-EA7B
============ Checking for Redirections: https://help.steampowered.com/es/faqs/view/6862-8119-C23E-EA7B
============ Link unchanged
========== scraping https://help.steampowered.com/es/faqs/view/6862-8119-C23E-EA7B
============ Dropping non-English link: https://help.steampowered.com/es/faqs/view/6862-8119-C23E-EA7B
======== We are on link 52 of 91
========== raw link https://help.steampowered.com/es-419/faqs/view/6862-8119-C23E-EA7B
============ Checking for Redirections: https://help.steampowered.com/es-419/faqs/view/6862-8119-C23E-EA7B
============ Link unchanged
========== scraping https://help.steampowered.com/es-419/faqs/view/6862-8119-C23E-EA7B
============ Dropping non-English link: https://help.steampowered.com/es-419/faqs/view/6862-8119-C23E-EA7B
======== We are on link 53 of 91
========== raw link https://help.steampowered.com/el/faqs/view/6862-8119-C23E-EA7B
============ Checking for Redirections: https://help.steampowered.com/el/faqs/view/6862-8119-C23E-EA7B
============ Link unchanged
========== scraping https://help.steampowered.com/el/faqs/view/6862-8119-C23E-EA7B
============ Dropping non-English link: https://help.steampowered.com/el/faqs/view/6862-8119-C23E-EA7B
======== We are on link 54 of 91
========== raw link https://help.steampowered.com/fr/faqs/view/6862-8119-C23E-EA7B
============ Checking for Redirections: https://help.steampowered.com/fr/faqs/view/6862-8119-C23E-EA7B
============ Link unchanged
========== scraping https://help.steampowered.com/fr/faqs/view/6862-8119-C23E-EA7B
============ Dropping non-English link: https://help.steampowered.com/fr/faqs/view/6862-8119-C23E-EA7B
======== We are on link 55 of 91
========== raw link https://help.steampowered.com/it/faqs/view/6862-8119-C23E-EA7B
============ Checking for Redirections: https://help.steampowered.com/it/faqs/view/6862-8119-C23E-EA7B
============ Link unchanged
========== scraping https://help.steampowered.com/it/faqs/view/6862-8119-C23E-EA7B
============ Dropping non-English link: https://help.steampowered.com/it/faqs/view/6862-8119-C23E-EA7B
======== We are on link 56 of 91
========== raw link https://help.steampowered.com/id/faqs/view/6862-8119-C23E-EA7B
============ Checking for Redirections: https://help.steampowered.com/id/faqs/view/6862-8119-C23E-EA7B
============ Link unchanged
========== scraping https://help.steampowered.com/id/faqs/view/6862-8119-C23E-EA7B
============ Dropping non-English link: https://help.steampowered.com/id/faqs/view/6862-8119-C23E-EA7B
======== We are on link 57 of 91
========== raw link https://help.steampowered.com/hu/faqs/view/6862-8119-C23E-EA7B
============ Checking for Redirections: https://help.steampowered.com/hu/faqs/view/6862-8119-C23E-EA7B
============ Link unchanged
========== scraping https://help.steampowered.com/hu/faqs/view/6862-8119-C23E-EA7B
============ Dropping non-English link: https://help.steampowered.com/hu/faqs/view/6862-8119-C23E-EA7B
======== We are on link 58 of 91
========== raw link https://help.steampowered.com/nl/faqs/view/6862-8119-C23E-EA7B
============ Checking for Redirections: https://help.steampowered.com/nl/faqs/view/6862-8119-C23E-EA7B
============ Link unchanged
========== scraping https://help.steampowered.com/nl/faqs/view/6862-8119-C23E-EA7B
============ Dropping non-English link: https://help.steampowered.com/nl/faqs/view/6862-8119-C23E-EA7B
======== We are on link 59 of 91
========== raw link https://help.steampowered.com/no/faqs/view/6862-8119-C23E-EA7B
============ Checking for Redirections: https://help.steampowered.com/no/faqs/view/6862-8119-C23E-EA7B
============ Link unchanged
========== scraping https://help.steampowered.com/no/faqs/view/6862-8119-C23E-EA7B
============ Dropping non-English link: https://help.steampowered.com/no/faqs/view/6862-8119-C23E-EA7B
======== We are on link 60 of 91
========== raw link https://help.steampowered.com/pl/faqs/view/6862-8119-C23E-EA7B
============ Checking for Redirections: https://help.steampowered.com/pl/faqs/view/6862-8119-C23E-EA7B
============ Link unchanged
========== scraping https://help.steampowered.com/pl/faqs/view/6862-8119-C23E-EA7B
============ Dropping non-English link: https://help.steampowered.com/pl/faqs/view/6862-8119-C23E-EA7B
======== We are on link 61 of 91
========== raw link https://help.steampowered.com/pt/faqs/view/6862-8119-C23E-EA7B
============ Checking for Redirections: https://help.steampowered.com/pt/faqs/view/6862-8119-C23E-EA7B
============ Link unchanged
========== scraping https://help.steampowered.com/pt/faqs/view/6862-8119-C23E-EA7B
============ Dropping non-English link: https://help.steampowered.com/pt/faqs/view/6862-8119-C23E-EA7B
======== We are on link 62 of 91
========== raw link https://help.steampowered.com/pt-br/faqs/view/6862-8119-C23E-EA7B
============ Checking for Redirections: https://help.steampowered.com/pt-br/faqs/view/6862-8119-C23E-EA7B
============ Link unchanged
========== scraping https://help.steampowered.com/pt-br/faqs/view/6862-8119-C23E-EA7B
============ Dropping non-English link: https://help.steampowered.com/pt-br/faqs/view/6862-8119-C23E-EA7B
======== We are on link 63 of 91
========== raw link https://help.steampowered.com/ro/faqs/view/6862-8119-C23E-EA7B
============ Checking for Redirections: https://help.steampowered.com/ro/faqs/view/6862-8119-C23E-EA7B
============ Link unchanged
========== scraping https://help.steampowered.com/ro/faqs/view/6862-8119-C23E-EA7B
============ Dropping non-English link: https://help.steampowered.com/ro/faqs/view/6862-8119-C23E-EA7B
======== We are on link 64 of 91
========== raw link https://help.steampowered.com/ru/faqs/view/6862-8119-C23E-EA7B
============ Checking for Redirections: https://help.steampowered.com/ru/faqs/view/6862-8119-C23E-EA7B
============ Link unchanged
========== scraping https://help.steampowered.com/ru/faqs/view/6862-8119-C23E-EA7B
============ Dropping non-English link: https://help.steampowered.com/ru/faqs/view/6862-8119-C23E-EA7B
======== We are on link 65 of 91
========== raw link https://help.steampowered.com/fi/faqs/view/6862-8119-C23E-EA7B
============ Checking for Redirections: https://help.steampowered.com/fi/faqs/view/6862-8119-C23E-EA7B
============ Link unchanged
========== scraping https://help.steampowered.com/fi/faqs/view/6862-8119-C23E-EA7B
============ Dropping non-English link: https://help.steampowered.com/fi/faqs/view/6862-8119-C23E-EA7B
======== We are on link 66 of 91
========== raw link https://help.steampowered.com/sv/faqs/view/6862-8119-C23E-EA7B
============ Checking for Redirections: https://help.steampowered.com/sv/faqs/view/6862-8119-C23E-EA7B
============ Link unchanged
========== scraping https://help.steampowered.com/sv/faqs/view/6862-8119-C23E-EA7B
============ Dropping non-English link: https://help.steampowered.com/sv/faqs/view/6862-8119-C23E-EA7B
======== We are on link 67 of 91
========== raw link https://help.steampowered.com/tr/faqs/view/6862-8119-C23E-EA7B
============ Checking for Redirections: https://help.steampowered.com/tr/faqs/view/6862-8119-C23E-EA7B
============ Link unchanged
========== scraping https://help.steampowered.com/tr/faqs/view/6862-8119-C23E-EA7B
============ Dropping non-English link: https://help.steampowered.com/tr/faqs/view/6862-8119-C23E-EA7B
======== We are on link 68 of 91
========== raw link https://help.steampowered.com/vi/faqs/view/6862-8119-C23E-EA7B
============ Checking for Redirections: https://help.steampowered.com/vi/faqs/view/6862-8119-C23E-EA7B
============ Link unchanged
========== scraping https://help.steampowered.com/vi/faqs/view/6862-8119-C23E-EA7B
============ Dropping non-English link: https://help.steampowered.com/vi/faqs/view/6862-8119-C23E-EA7B
======== We are on link 69 of 91
========== raw link https://help.steampowered.com/uk/faqs/view/6862-8119-C23E-EA7B
============ Checking for Redirections: https://help.steampowered.com/uk/faqs/view/6862-8119-C23E-EA7B
============ Link unchanged
========== scraping https://help.steampowered.com/uk/faqs/view/6862-8119-C23E-EA7B
============ Dropping non-English link: https://help.steampowered.com/uk/faqs/view/6862-8119-C23E-EA7B
======== We are on link 70 of 91
========== raw link https://www.valvesoftware.com/en/contact?contact-person=Translation%20Team%20Feedback
========== dropped link https://www.valvesoftware.com/en/contact?contact-person=Translation%20Team%20Feedback. Didn't pass first allows/blocks test.
======== We are on link 71 of 91
========== raw link https://help.steampowered.com/
============ Checking for Redirections: https://help.steampowered.com/
============ Followed Redirection to https://help.steampowered.com/en/
============ Link after cleaning: https://help.steampowered.com/en/
========== link already checked
======== We are on link 72 of 91
========== raw link https://store.steampowered.com/online_conduct?snr=100601___
============ Checking for Redirections: https://store.steampowered.com/online_conduct?snr=100601___
============ Link after cleaning: https://store.steampowered.com/online_conduct
========== scraping https://store.steampowered.com/online_conduct
======== We are on link 73 of 91
========== raw link #enforce
========== dropped link (either fragment ("#"), js, mailto, comment, pdf, or empty)
======== We are on link 74 of 91
========== raw link #report
========== dropped link (either fragment ("#"), js, mailto, comment, pdf, or empty)
======== We are on link 75 of 91
========== raw link #mature
========== dropped link (either fragment ("#"), js, mailto, comment, pdf, or empty)
======== We are on link 76 of 91
========== raw link #mistake
========== dropped link (either fragment ("#"), js, mailto, comment, pdf, or empty)
======== We are on link 77 of 91
========== raw link #why
========== dropped link (either fragment ("#"), js, mailto, comment, pdf, or empty)
======== We are on link 78 of 91
========== raw link #violate
========== dropped link (either fragment ("#"), js, mailto, comment, pdf, or empty)
======== We are on link 79 of 91
========== raw link https://help.steampowered.com/en/faqs/view/4DE7-17AA-0E8B-C1AD
============ Checking for Redirections: https://help.steampowered.com/en/faqs/view/4DE7-17AA-0E8B-C1AD
============ Link unchanged
========== link already checked
======== We are on link 80 of 91
========== raw link https://store.steampowered.com/account/preferences/?snr=100601___
============ Checking for Redirections: https://store.steampowered.com/account/preferences/?snr=100601___
============ Followed Redirection to https://store.steampowered.com/login/?redir=account%2Fpreferences%2F%3Fsnr%3D100601___&redir_ssl=1&snr=100601___
============ Link after cleaning: https://store.steampowered.com/login/
============ Excluded based on allow/block list.
======== We are on link 81 of 91
========== raw link https://help.steampowered.com/
============ Checking for Redirections: https://help.steampowered.com/
============ Followed Redirection to https://help.steampowered.com/en/
============ Link after cleaning: https://help.steampowered.com/en/
========== link already checked
======== We are on link 82 of 91
========== raw link https://steamcommunity.com/discussions
============ Checking for Redirections: https://steamcommunity.com/discussions
============ Link unchanged
========== link already checked
======== We are on link 83 of 91
========== raw link http://www.valvesoftware.com
========== dropped link http://www.valvesoftware.com. Didn't pass first allows/blocks test.
======== We are on link 84 of 91
========== raw link https://store.steampowered.com/privacy_agreement/?snr=100601_44_44_
============ Checking for Redirections: https://store.steampowered.com/privacy_agreement/?snr=100601_44_44_
============ Link after cleaning: https://store.steampowered.com/privacy_agreement/
========== link already checked
======== We are on link 85 of 91
========== raw link https://store.steampowered.com/legal/?snr=100601_44_44_
============ Checking for Redirections: https://store.steampowered.com/legal/?snr=100601_44_44_
============ Link after cleaning: https://store.steampowered.com/legal/
========== link already checked
======== We are on link 86 of 91
========== raw link https://store.steampowered.com/subscriber_agreement/?snr=100601_44_44_
============ Checking for Redirections: https://store.steampowered.com/subscriber_agreement/?snr=100601_44_44_
============ Link after cleaning: https://store.steampowered.com/subscriber_agreement/
========== link already checked
======== We are on link 87 of 91
========== raw link http://www.valvesoftware.com/about.html
========== dropped link http://www.valvesoftware.com/about.html. Didn't pass first allows/blocks test.
======== We are on link 88 of 91
========== raw link https://partner.steamgames.com/?snr=100601_44_44_
============ Checking for Redirections: https://partner.steamgames.com/?snr=100601_44_44_
============ Link after cleaning: https://partner.steamgames.com/
========== link already checked
======== We are on link 89 of 91
========== raw link http://www.valvesoftware.com/jobs.html
========== dropped link http://www.valvesoftware.com/jobs.html. Didn't pass first allows/blocks test.
======== We are on link 90 of 91
========== raw link https://partner.steamgames.com/steamdirect
============ Checking for Redirections: https://partner.steamgames.com/steamdirect
============ Link unchanged
========== link already checked
======== We are on link 91 of 91
========== raw link https://store.steampowered.com/digitalgiftcards/?snr=100601_44_44_
============ Checking for Redirections: https://store.steampowered.com/digitalgiftcards/?snr=100601_44_44_
============ Followed Redirection to https://store.steampowered.com/digitalgiftcards/
============ Link after cleaning: https://store.steampowered.com/digitalgiftcards/
========== link already checked
====== We are on page 4 of 7: https://steamcommunity.com/app/593110/allnews/
====== Number of Links on this Page: 80
======== We are on link 1 of 80
========== raw link https://steamcommunity.com/login/home/?goto=app%2F593110%2Fallnews%2F
========== dropped link https://steamcommunity.com/login/home/?goto=app%2F593110%2Fallnews%2F. Didn't pass first allows/blocks test.
======== We are on link 2 of 80
========== raw link https://store.steampowered.com/
============ Checking for Redirections: https://store.steampowered.com/
============ Link unchanged
========== link already checked
======== We are on link 3 of 80
========== raw link https://store.steampowered.com/
============ Checking for Redirections: https://store.steampowered.com/
============ Link unchanged
========== link already checked
======== We are on link 4 of 80
========== raw link https://store.steampowered.com/explore/
============ Checking for Redirections: https://store.steampowered.com/explore/
============ Followed Redirection to https://store.steampowered.com/login/?redir=explore%2F&redir_ssl=1
============ Link after cleaning: https://store.steampowered.com/login/
============ Excluded based on allow/block list.
======== We are on link 5 of 80
========== raw link https://steamcommunity.com/my/wishlist/
============ Checking for Redirections: https://steamcommunity.com/my/wishlist/
============ Followed Redirection to https://store.steampowered.com/login/?redir=https%3A%2F%2Fstore.steampowered.com%2Fwishlist%2F
============ Link after cleaning: https://store.steampowered.com/login/
============ Excluded based on allow/block list.
======== We are on link 6 of 80
========== raw link https://store.steampowered.com/points/shop/
============ Checking for Redirections: https://store.steampowered.com/points/shop/
============ Link unchanged
========== link already checked
======== We are on link 7 of 80
========== raw link https://store.steampowered.com/news/
============ Checking for Redirections: https://store.steampowered.com/news/
============ Link unchanged
========== link already checked
======== We are on link 8 of 80
========== raw link https://store.steampowered.com/stats/
============ Checking for Redirections: https://store.steampowered.com/stats/
============ Followed Redirection to https://store.steampowered.com/charts/
============ Link after cleaning: https://store.steampowered.com/charts/
========== link already checked
======== We are on link 9 of 80
========== raw link https://steamcommunity.com/
============ Checking for Redirections: https://steamcommunity.com/
============ Link unchanged
========== link already checked
======== We are on link 10 of 80
========== raw link https://steamcommunity.com/
============ Checking for Redirections: https://steamcommunity.com/
============ Link unchanged
========== link already checked
======== We are on link 11 of 80
========== raw link https://steamcommunity.com/discussions/
============ Checking for Redirections: https://steamcommunity.com/discussions/
============ Link unchanged
========== link already checked
======== We are on link 12 of 80
========== raw link https://steamcommunity.com/workshop/
============ Checking for Redirections: https://steamcommunity.com/workshop/
============ Link unchanged
========== link already checked
======== We are on link 13 of 80
========== raw link https://steamcommunity.com/market/
============ Checking for Redirections: https://steamcommunity.com/market/
============ Link unchanged
========== link already checked
======== We are on link 14 of 80
========== raw link https://steamcommunity.com/?subsection=broadcasts
============ Checking for Redirections: https://steamcommunity.com/?subsection=broadcasts
============ Link after cleaning: https://steamcommunity.com/
========== link already checked
======== We are on link 15 of 80
========== raw link https://store.steampowered.com/about/
============ Checking for Redirections: https://store.steampowered.com/about/
============ Link unchanged
========== link already checked
======== We are on link 16 of 80
========== raw link https://help.steampowered.com/en/
============ Checking for Redirections: https://help.steampowered.com/en/
============ Link unchanged
========== link already checked
======== We are on link 17 of 80
========== raw link https://store.steampowered.com/mobile
============ Checking for Redirections: https://store.steampowered.com/mobile
============ Link unchanged
========== link already checked
======== We are on link 18 of 80
========== raw link https://store.steampowered.com/privacy_agreement/
============ Checking for Redirections: https://store.steampowered.com/privacy_agreement/
============ Link unchanged
========== link already checked
======== We are on link 19 of 80
========== raw link http://www.valvesoftware.com/legal.htm
========== dropped link http://www.valvesoftware.com/legal.htm. Didn't pass first allows/blocks test.
======== We are on link 20 of 80
========== raw link https://store.steampowered.com/subscriber_agreement/
============ Checking for Redirections: https://store.steampowered.com/subscriber_agreement/
============ Link unchanged
========== link already checked
======== We are on link 21 of 80
========== raw link https://store.steampowered.com/steam_refunds/
============ Checking for Redirections: https://store.steampowered.com/steam_refunds/
============ Link unchanged
========== link already checked
======== We are on link 22 of 80
========== raw link https://store.steampowered.com/
============ Checking for Redirections: https://store.steampowered.com/
============ Link unchanged
========== link already checked
======== We are on link 23 of 80
========== raw link https://store.steampowered.com/
============ Checking for Redirections: https://store.steampowered.com/
============ Link unchanged
========== link already checked
======== We are on link 24 of 80
========== raw link https://store.steampowered.com/
============ Checking for Redirections: https://store.steampowered.com/
============ Link unchanged
========== link already checked
======== We are on link 25 of 80
========== raw link https://store.steampowered.com/
============ Checking for Redirections: https://store.steampowered.com/
============ Link unchanged
========== link already checked
======== We are on link 26 of 80
========== raw link https://store.steampowered.com/explore/
============ Checking for Redirections: https://store.steampowered.com/explore/
============ Followed Redirection to https://store.steampowered.com/login/?redir=explore%2F&redir_ssl=1
============ Link after cleaning: https://store.steampowered.com/login/
============ Excluded based on allow/block list.
======== We are on link 27 of 80
========== raw link https://steamcommunity.com/my/wishlist/
============ Checking for Redirections: https://steamcommunity.com/my/wishlist/
============ Followed Redirection to https://store.steampowered.com/login/?redir=https%3A%2F%2Fstore.steampowered.com%2Fwishlist%2F
============ Link after cleaning: https://store.steampowered.com/login/
============ Excluded based on allow/block list.
======== We are on link 28 of 80
========== raw link https://store.steampowered.com/points/shop/
============ Checking for Redirections: https://store.steampowered.com/points/shop/
============ Link unchanged
========== link already checked
======== We are on link 29 of 80
========== raw link https://store.steampowered.com/news/
============ Checking for Redirections: https://store.steampowered.com/news/
============ Link unchanged
========== link already checked
======== We are on link 30 of 80
========== raw link https://store.steampowered.com/stats/
============ Checking for Redirections: https://store.steampowered.com/stats/
============ Followed Redirection to https://store.steampowered.com/charts/
============ Link after cleaning: https://store.steampowered.com/charts/
========== link already checked
======== We are on link 31 of 80
========== raw link https://steamcommunity.com/
============ Checking for Redirections: https://steamcommunity.com/
============ Link unchanged
========== link already checked
======== We are on link 32 of 80
========== raw link https://steamcommunity.com/
============ Checking for Redirections: https://steamcommunity.com/
============ Link unchanged
========== link already checked
======== We are on link 33 of 80
========== raw link https://steamcommunity.com/discussions/
============ Checking for Redirections: https://steamcommunity.com/discussions/
============ Link unchanged
========== link already checked
======== We are on link 34 of 80
========== raw link https://steamcommunity.com/workshop/
============ Checking for Redirections: https://steamcommunity.com/workshop/
============ Link unchanged
========== link already checked
======== We are on link 35 of 80
========== raw link https://steamcommunity.com/market/
============ Checking for Redirections: https://steamcommunity.com/market/
============ Link unchanged
========== link already checked
======== We are on link 36 of 80
========== raw link https://steamcommunity.com/?subsection=broadcasts
============ Checking for Redirections: https://steamcommunity.com/?subsection=broadcasts
============ Link after cleaning: https://steamcommunity.com/
========== link already checked
======== We are on link 37 of 80
========== raw link https://store.steampowered.com/about/
============ Checking for Redirections: https://store.steampowered.com/about/
============ Link unchanged
========== link already checked
======== We are on link 38 of 80
========== raw link https://help.steampowered.com/en/
============ Checking for Redirections: https://help.steampowered.com/en/
============ Link unchanged
========== link already checked
======== We are on link 39 of 80
========== raw link https://store.steampowered.com/about/
============ Checking for Redirections: https://store.steampowered.com/about/
============ Link unchanged
========== link already checked
======== We are on link 40 of 80
========== raw link https://steamcommunity.com/login/home/?goto=app%2F593110%2Fallnews%2F
========== dropped link https://steamcommunity.com/login/home/?goto=app%2F593110%2Fallnews%2F. Didn't pass first allows/blocks test.
======== We are on link 41 of 80
========== raw link ?l=schinese
============ Link starts with ?: joining https://steamcommunity.com/app/593110/allnews/ and ?l=schinese
========== dropped link https://steamcommunity.com/app/593110/allnews/?l=schinese. Didn't pass first allows/blocks test.
======== We are on link 42 of 80
========== raw link ?l=tchinese
============ Link starts with ?: joining https://steamcommunity.com/app/593110/allnews/ and ?l=tchinese
========== dropped link https://steamcommunity.com/app/593110/allnews/?l=tchinese. Didn't pass first allows/blocks test.
======== We are on link 43 of 80
========== raw link ?l=japanese
============ Link starts with ?: joining https://steamcommunity.com/app/593110/allnews/ and ?l=japanese
========== dropped link https://steamcommunity.com/app/593110/allnews/?l=japanese. Didn't pass first allows/blocks test.
======== We are on link 44 of 80
========== raw link ?l=koreana
============ Link starts with ?: joining https://steamcommunity.com/app/593110/allnews/ and ?l=koreana
========== dropped link https://steamcommunity.com/app/593110/allnews/?l=koreana. Didn't pass first allows/blocks test.
======== We are on link 45 of 80
========== raw link ?l=thai
============ Link starts with ?: joining https://steamcommunity.com/app/593110/allnews/ and ?l=thai
========== dropped link https://steamcommunity.com/app/593110/allnews/?l=thai. Didn't pass first allows/blocks test.
======== We are on link 46 of 80
========== raw link ?l=bulgarian
============ Link starts with ?: joining https://steamcommunity.com/app/593110/allnews/ and ?l=bulgarian
========== dropped link https://steamcommunity.com/app/593110/allnews/?l=bulgarian. Didn't pass first allows/blocks test.
======== We are on link 47 of 80
========== raw link ?l=czech
============ Link starts with ?: joining https://steamcommunity.com/app/593110/allnews/ and ?l=czech
========== dropped link https://steamcommunity.com/app/593110/allnews/?l=czech. Didn't pass first allows/blocks test.
======== We are on link 48 of 80
========== raw link ?l=danish
============ Link starts with ?: joining https://steamcommunity.com/app/593110/allnews/ and ?l=danish
========== dropped link https://steamcommunity.com/app/593110/allnews/?l=danish. Didn't pass first allows/blocks test.
======== We are on link 49 of 80
========== raw link ?l=german
============ Link starts with ?: joining https://steamcommunity.com/app/593110/allnews/ and ?l=german
========== dropped link https://steamcommunity.com/app/593110/allnews/?l=german. Didn't pass first allows/blocks test.
======== We are on link 50 of 80
========== raw link ?l=spanish
============ Link starts with ?: joining https://steamcommunity.com/app/593110/allnews/ and ?l=spanish
========== dropped link https://steamcommunity.com/app/593110/allnews/?l=spanish. Didn't pass first allows/blocks test.
======== We are on link 51 of 80
========== raw link ?l=latam
============ Link starts with ?: joining https://steamcommunity.com/app/593110/allnews/ and ?l=latam
========== dropped link https://steamcommunity.com/app/593110/allnews/?l=latam. Didn't pass first allows/blocks test.
======== We are on link 52 of 80
========== raw link ?l=greek
============ Link starts with ?: joining https://steamcommunity.com/app/593110/allnews/ and ?l=greek
========== dropped link https://steamcommunity.com/app/593110/allnews/?l=greek. Didn't pass first allows/blocks test.
======== We are on link 53 of 80
========== raw link ?l=french
============ Link starts with ?: joining https://steamcommunity.com/app/593110/allnews/ and ?l=french
========== dropped link https://steamcommunity.com/app/593110/allnews/?l=french. Didn't pass first allows/blocks test.
======== We are on link 54 of 80
========== raw link ?l=italian
============ Link starts with ?: joining https://steamcommunity.com/app/593110/allnews/ and ?l=italian
========== dropped link https://steamcommunity.com/app/593110/allnews/?l=italian. Didn't pass first allows/blocks test.
======== We are on link 55 of 80
========== raw link ?l=indonesian
============ Link starts with ?: joining https://steamcommunity.com/app/593110/allnews/ and ?l=indonesian
========== dropped link https://steamcommunity.com/app/593110/allnews/?l=indonesian. Didn't pass first allows/blocks test.
======== We are on link 56 of 80
========== raw link ?l=hungarian
============ Link starts with ?: joining https://steamcommunity.com/app/593110/allnews/ and ?l=hungarian
========== dropped link https://steamcommunity.com/app/593110/allnews/?l=hungarian. Didn't pass first allows/blocks test.
======== We are on link 57 of 80
========== raw link ?l=dutch
============ Link starts with ?: joining https://steamcommunity.com/app/593110/allnews/ and ?l=dutch
========== dropped link https://steamcommunity.com/app/593110/allnews/?l=dutch. Didn't pass first allows/blocks test.
======== We are on link 58 of 80
========== raw link ?l=norwegian
============ Link starts with ?: joining https://steamcommunity.com/app/593110/allnews/ and ?l=norwegian
========== dropped link https://steamcommunity.com/app/593110/allnews/?l=norwegian. Didn't pass first allows/blocks test.
======== We are on link 59 of 80
========== raw link ?l=polish
============ Link starts with ?: joining https://steamcommunity.com/app/593110/allnews/ and ?l=polish
========== dropped link https://steamcommunity.com/app/593110/allnews/?l=polish. Didn't pass first allows/blocks test.
======== We are on link 60 of 80
========== raw link ?l=portuguese
============ Link starts with ?: joining https://steamcommunity.com/app/593110/allnews/ and ?l=portuguese
========== dropped link https://steamcommunity.com/app/593110/allnews/?l=portuguese. Didn't pass first allows/blocks test.
======== We are on link 61 of 80
========== raw link ?l=brazilian
============ Link starts with ?: joining https://steamcommunity.com/app/593110/allnews/ and ?l=brazilian
========== dropped link https://steamcommunity.com/app/593110/allnews/?l=brazilian. Didn't pass first allows/blocks test.
======== We are on link 62 of 80
========== raw link ?l=romanian
============ Link starts with ?: joining https://steamcommunity.com/app/593110/allnews/ and ?l=romanian
========== dropped link https://steamcommunity.com/app/593110/allnews/?l=romanian. Didn't pass first allows/blocks test.
======== We are on link 63 of 80
========== raw link ?l=russian
============ Link starts with ?: joining https://steamcommunity.com/app/593110/allnews/ and ?l=russian
========== dropped link https://steamcommunity.com/app/593110/allnews/?l=russian. Didn't pass first allows/blocks test.
======== We are on link 64 of 80
========== raw link ?l=finnish
============ Link starts with ?: joining https://steamcommunity.com/app/593110/allnews/ and ?l=finnish
========== dropped link https://steamcommunity.com/app/593110/allnews/?l=finnish. Didn't pass first allows/blocks test.
======== We are on link 65 of 80
========== raw link ?l=swedish
============ Link starts with ?: joining https://steamcommunity.com/app/593110/allnews/ and ?l=swedish
========== dropped link https://steamcommunity.com/app/593110/allnews/?l=swedish. Didn't pass first allows/blocks test.
======== We are on link 66 of 80
========== raw link ?l=turkish
============ Link starts with ?: joining https://steamcommunity.com/app/593110/allnews/ and ?l=turkish
========== dropped link https://steamcommunity.com/app/593110/allnews/?l=turkish. Didn't pass first allows/blocks test.
======== We are on link 67 of 80
========== raw link ?l=vietnamese
============ Link starts with ?: joining https://steamcommunity.com/app/593110/allnews/ and ?l=vietnamese
========== dropped link https://steamcommunity.com/app/593110/allnews/?l=vietnamese. Didn't pass first allows/blocks test.
======== We are on link 68 of 80
========== raw link ?l=ukrainian
============ Link starts with ?: joining https://steamcommunity.com/app/593110/allnews/ and ?l=ukrainian
========== dropped link https://steamcommunity.com/app/593110/allnews/?l=ukrainian. Didn't pass first allows/blocks test.
======== We are on link 69 of 80
========== raw link https://www.valvesoftware.com/en/contact?contact-person=Translation%20Team%20Feedback
========== dropped link https://www.valvesoftware.com/en/contact?contact-person=Translation%20Team%20Feedback. Didn't pass first allows/blocks test.
======== We are on link 70 of 80
========== raw link https://steamcommunity.com/app/593110/allnews/
========== dropped link https://steamcommunity.com/app/593110/allnews/. Didn't pass first allows/blocks test.
======== We are on link 71 of 80
========== raw link javascript:CheckForMoreContent();
========== dropped link (either fragment ("#"), js, mailto, comment, pdf, or empty)
======== We are on link 72 of 80
========== raw link https://steamcommunity.com/sharedfiles/filedetails/?id=181142704
============ Checking for Redirections: https://steamcommunity.com/sharedfiles/filedetails/?id=181142704
============ Link after cleaning: https://steamcommunity.com/sharedfiles/filedetails/
========== scraping https://steamcommunity.com/sharedfiles/filedetails/
======== We are on link 73 of 80
========== raw link #
========== dropped link (either fragment ("#"), js, mailto, comment, pdf, or empty)
======== We are on link 74 of 80
========== raw link javascript:ScrollToLastCancel();
========== dropped link (either fragment ("#"), js, mailto, comment, pdf, or empty)
======== We are on link 75 of 80
========== raw link 
========== dropped link (either fragment ("#"), js, mailto, comment, pdf, or empty)
======== We are on link 76 of 80
========== raw link 
========== dropped link (either fragment ("#"), js, mailto, comment, pdf, or empty)
======== We are on link 77 of 80
========== raw link http://store.steampowered.com/privacy_agreement/
============ Checking for Redirections: http://store.steampowered.com/privacy_agreement/
============ Followed Redirection to https://store.steampowered.com/privacy_agreement/
============ Link after cleaning: https://store.steampowered.com/privacy_agreement/
========== link already checked
======== We are on link 78 of 80
========== raw link https://store.steampowered.com/legal/
============ Checking for Redirections: https://store.steampowered.com/legal/
============ Link unchanged
========== link already checked
======== We are on link 79 of 80
========== raw link http://store.steampowered.com/account/cookiepreferences/
============ Checking for Redirections: http://store.steampowered.com/account/cookiepreferences/
============ Followed Redirection to https://store.steampowered.com/account/cookiepreferences/
============ Link after cleaning: https://store.steampowered.com/account/cookiepreferences/
========== link already checked
======== We are on link 80 of 80
========== raw link http://store.steampowered.com/subscriber_agreement/
============ Checking for Redirections: http://store.steampowered.com/subscriber_agreement/
============ Followed Redirection to https://store.steampowered.com/subscriber_agreement/
============ Link after cleaning: https://store.steampowered.com/subscriber_agreement/
========== link already checked
====== We are on page 5 of 7: https://steamcommunity.com/groups/steamworks/announcements
====== Number of Links on this Page: 150
======== We are on link 1 of 150
========== raw link https://steamcommunity.com/login/home/?goto=groups%2Fsteamworks%2Fannouncements
========== dropped link https://steamcommunity.com/login/home/?goto=groups%2Fsteamworks%2Fannouncements. Didn't pass first allows/blocks test.
======== We are on link 2 of 150
========== raw link https://store.steampowered.com/
============ Checking for Redirections: https://store.steampowered.com/
============ Link unchanged
========== link already checked
======== We are on link 3 of 150
========== raw link https://store.steampowered.com/
============ Checking for Redirections: https://store.steampowered.com/
============ Link unchanged
========== link already checked
======== We are on link 4 of 150
========== raw link https://store.steampowered.com/explore/
============ Checking for Redirections: https://store.steampowered.com/explore/
============ Followed Redirection to https://store.steampowered.com/login/?redir=explore%2F&redir_ssl=1
============ Link after cleaning: https://store.steampowered.com/login/
============ Excluded based on allow/block list.
======== We are on link 5 of 150
========== raw link https://steamcommunity.com/my/wishlist/
============ Checking for Redirections: https://steamcommunity.com/my/wishlist/
============ Followed Redirection to https://store.steampowered.com/login/?redir=https%3A%2F%2Fstore.steampowered.com%2Fwishlist%2F
============ Link after cleaning: https://store.steampowered.com/login/
============ Excluded based on allow/block list.
======== We are on link 6 of 150
========== raw link https://store.steampowered.com/points/shop/
============ Checking for Redirections: https://store.steampowered.com/points/shop/
============ Link unchanged
========== link already checked
======== We are on link 7 of 150
========== raw link https://store.steampowered.com/news/
============ Checking for Redirections: https://store.steampowered.com/news/
============ Link unchanged
========== link already checked
======== We are on link 8 of 150
========== raw link https://store.steampowered.com/stats/
============ Checking for Redirections: https://store.steampowered.com/stats/
============ Followed Redirection to https://store.steampowered.com/charts/
============ Link after cleaning: https://store.steampowered.com/charts/
========== link already checked
======== We are on link 9 of 150
========== raw link https://steamcommunity.com/
============ Checking for Redirections: https://steamcommunity.com/
============ Link unchanged
========== link already checked
======== We are on link 10 of 150
========== raw link https://steamcommunity.com/
============ Checking for Redirections: https://steamcommunity.com/
============ Link unchanged
========== link already checked
======== We are on link 11 of 150
========== raw link https://steamcommunity.com/discussions/
============ Checking for Redirections: https://steamcommunity.com/discussions/
============ Link unchanged
========== link already checked
======== We are on link 12 of 150
========== raw link https://steamcommunity.com/workshop/
============ Checking for Redirections: https://steamcommunity.com/workshop/
============ Link unchanged
========== link already checked
======== We are on link 13 of 150
========== raw link https://steamcommunity.com/market/
============ Checking for Redirections: https://steamcommunity.com/market/
============ Link unchanged
========== link already checked
======== We are on link 14 of 150
========== raw link https://steamcommunity.com/?subsection=broadcasts
============ Checking for Redirections: https://steamcommunity.com/?subsection=broadcasts
============ Link after cleaning: https://steamcommunity.com/
========== link already checked
======== We are on link 15 of 150
========== raw link https://store.steampowered.com/about/
============ Checking for Redirections: https://store.steampowered.com/about/
============ Link unchanged
========== link already checked
======== We are on link 16 of 150
========== raw link https://help.steampowered.com/en/
============ Checking for Redirections: https://help.steampowered.com/en/
============ Link unchanged
========== link already checked
======== We are on link 17 of 150
========== raw link https://store.steampowered.com/mobile
============ Checking for Redirections: https://store.steampowered.com/mobile
============ Link unchanged
========== link already checked
======== We are on link 18 of 150
========== raw link https://store.steampowered.com/privacy_agreement/
============ Checking for Redirections: https://store.steampowered.com/privacy_agreement/
============ Link unchanged
========== link already checked
======== We are on link 19 of 150
========== raw link http://www.valvesoftware.com/legal.htm
========== dropped link http://www.valvesoftware.com/legal.htm. Didn't pass first allows/blocks test.
======== We are on link 20 of 150
========== raw link https://store.steampowered.com/subscriber_agreement/
============ Checking for Redirections: https://store.steampowered.com/subscriber_agreement/
============ Link unchanged
========== link already checked
======== We are on link 21 of 150
========== raw link https://store.steampowered.com/steam_refunds/
============ Checking for Redirections: https://store.steampowered.com/steam_refunds/
============ Link unchanged
========== link already checked
======== We are on link 22 of 150
========== raw link https://store.steampowered.com/
============ Checking for Redirections: https://store.steampowered.com/
============ Link unchanged
========== link already checked
======== We are on link 23 of 150
========== raw link https://store.steampowered.com/
============ Checking for Redirections: https://store.steampowered.com/
============ Link unchanged
========== link already checked
======== We are on link 24 of 150
========== raw link https://store.steampowered.com/
============ Checking for Redirections: https://store.steampowered.com/
============ Link unchanged
========== link already checked
======== We are on link 25 of 150
========== raw link https://store.steampowered.com/
============ Checking for Redirections: https://store.steampowered.com/
============ Link unchanged
========== link already checked
======== We are on link 26 of 150
========== raw link https://store.steampowered.com/explore/
============ Checking for Redirections: https://store.steampowered.com/explore/
============ Followed Redirection to https://store.steampowered.com/login/?redir=explore%2F&redir_ssl=1
============ Link after cleaning: https://store.steampowered.com/login/
============ Excluded based on allow/block list.
======== We are on link 27 of 150
========== raw link https://steamcommunity.com/my/wishlist/
============ Checking for Redirections: https://steamcommunity.com/my/wishlist/
============ Followed Redirection to https://store.steampowered.com/login/?redir=https%3A%2F%2Fstore.steampowered.com%2Fwishlist%2F
============ Link after cleaning: https://store.steampowered.com/login/
============ Excluded based on allow/block list.
======== We are on link 28 of 150
========== raw link https://store.steampowered.com/points/shop/
============ Checking for Redirections: https://store.steampowered.com/points/shop/
============ Link unchanged
========== link already checked
======== We are on link 29 of 150
========== raw link https://store.steampowered.com/news/
============ Checking for Redirections: https://store.steampowered.com/news/
============ Link unchanged
========== link already checked
======== We are on link 30 of 150
========== raw link https://store.steampowered.com/stats/
============ Checking for Redirections: https://store.steampowered.com/stats/
============ Followed Redirection to https://store.steampowered.com/charts/
============ Link after cleaning: https://store.steampowered.com/charts/
========== link already checked
======== We are on link 31 of 150
========== raw link https://steamcommunity.com/
============ Checking for Redirections: https://steamcommunity.com/
============ Link unchanged
========== link already checked
======== We are on link 32 of 150
========== raw link https://steamcommunity.com/
============ Checking for Redirections: https://steamcommunity.com/
============ Link unchanged
========== link already checked
======== We are on link 33 of 150
========== raw link https://steamcommunity.com/discussions/
============ Checking for Redirections: https://steamcommunity.com/discussions/
============ Link unchanged
========== link already checked
======== We are on link 34 of 150
========== raw link https://steamcommunity.com/workshop/
============ Checking for Redirections: https://steamcommunity.com/workshop/
============ Link unchanged
========== link already checked
======== We are on link 35 of 150
========== raw link https://steamcommunity.com/market/
============ Checking for Redirections: https://steamcommunity.com/market/
============ Link unchanged
========== link already checked
======== We are on link 36 of 150
========== raw link https://steamcommunity.com/?subsection=broadcasts
============ Checking for Redirections: https://steamcommunity.com/?subsection=broadcasts
============ Link after cleaning: https://steamcommunity.com/
========== link already checked
======== We are on link 37 of 150
========== raw link https://store.steampowered.com/about/
============ Checking for Redirections: https://store.steampowered.com/about/
============ Link unchanged
========== link already checked
======== We are on link 38 of 150
========== raw link https://help.steampowered.com/en/
============ Checking for Redirections: https://help.steampowered.com/en/
============ Link unchanged
========== link already checked
======== We are on link 39 of 150
========== raw link https://store.steampowered.com/about/
============ Checking for Redirections: https://store.steampowered.com/about/
============ Link unchanged
========== link already checked
======== We are on link 40 of 150
========== raw link https://steamcommunity.com/login/home/?goto=groups%2Fsteamworks%2Fannouncements
========== dropped link https://steamcommunity.com/login/home/?goto=groups%2Fsteamworks%2Fannouncements. Didn't pass first allows/blocks test.
======== We are on link 41 of 150
========== raw link ?l=schinese
============ Link starts with ?: joining https://steamcommunity.com/groups/steamworks/announcements and ?l=schinese
============ Checking for Redirections: https://steamcommunity.com/groups/steamworks/announcements?l=schinese
============ Link after cleaning: https://steamcommunity.com/groups/steamworks/announcements
========== link already checked
======== We are on link 42 of 150
========== raw link ?l=tchinese
============ Link starts with ?: joining https://steamcommunity.com/groups/steamworks/announcements and ?l=tchinese
============ Checking for Redirections: https://steamcommunity.com/groups/steamworks/announcements?l=tchinese
============ Link after cleaning: https://steamcommunity.com/groups/steamworks/announcements
========== link already checked
======== We are on link 43 of 150
========== raw link ?l=japanese
============ Link starts with ?: joining https://steamcommunity.com/groups/steamworks/announcements and ?l=japanese
============ Checking for Redirections: https://steamcommunity.com/groups/steamworks/announcements?l=japanese
============ Link after cleaning: https://steamcommunity.com/groups/steamworks/announcements
========== link already checked
======== We are on link 44 of 150
========== raw link ?l=koreana
============ Link starts with ?: joining https://steamcommunity.com/groups/steamworks/announcements and ?l=koreana
============ Checking for Redirections: https://steamcommunity.com/groups/steamworks/announcements?l=koreana
============ Link after cleaning: https://steamcommunity.com/groups/steamworks/announcements
========== link already checked
======== We are on link 45 of 150
========== raw link ?l=thai
============ Link starts with ?: joining https://steamcommunity.com/groups/steamworks/announcements and ?l=thai
============ Checking for Redirections: https://steamcommunity.com/groups/steamworks/announcements?l=thai
============ Link after cleaning: https://steamcommunity.com/groups/steamworks/announcements
========== link already checked
======== We are on link 46 of 150
========== raw link ?l=bulgarian
============ Link starts with ?: joining https://steamcommunity.com/groups/steamworks/announcements and ?l=bulgarian
============ Checking for Redirections: https://steamcommunity.com/groups/steamworks/announcements?l=bulgarian
============ Link after cleaning: https://steamcommunity.com/groups/steamworks/announcements
========== link already checked
======== We are on link 47 of 150
========== raw link ?l=czech
============ Link starts with ?: joining https://steamcommunity.com/groups/steamworks/announcements and ?l=czech
============ Checking for Redirections: https://steamcommunity.com/groups/steamworks/announcements?l=czech
============ Link after cleaning: https://steamcommunity.com/groups/steamworks/announcements
========== link already checked
======== We are on link 48 of 150
========== raw link ?l=danish
============ Link starts with ?: joining https://steamcommunity.com/groups/steamworks/announcements and ?l=danish
============ Checking for Redirections: https://steamcommunity.com/groups/steamworks/announcements?l=danish
============ Link after cleaning: https://steamcommunity.com/groups/steamworks/announcements
========== link already checked
======== We are on link 49 of 150
========== raw link ?l=german
============ Link starts with ?: joining https://steamcommunity.com/groups/steamworks/announcements and ?l=german
============ Checking for Redirections: https://steamcommunity.com/groups/steamworks/announcements?l=german
============ Link after cleaning: https://steamcommunity.com/groups/steamworks/announcements
========== link already checked
======== We are on link 50 of 150
========== raw link ?l=spanish
============ Link starts with ?: joining https://steamcommunity.com/groups/steamworks/announcements and ?l=spanish
============ Checking for Redirections: https://steamcommunity.com/groups/steamworks/announcements?l=spanish
============ Link after cleaning: https://steamcommunity.com/groups/steamworks/announcements
========== link already checked
======== We are on link 51 of 150
========== raw link ?l=latam
============ Link starts with ?: joining https://steamcommunity.com/groups/steamworks/announcements and ?l=latam
============ Checking for Redirections: https://steamcommunity.com/groups/steamworks/announcements?l=latam
============ Link after cleaning: https://steamcommunity.com/groups/steamworks/announcements
========== link already checked
======== We are on link 52 of 150
========== raw link ?l=greek
============ Link starts with ?: joining https://steamcommunity.com/groups/steamworks/announcements and ?l=greek
============ Checking for Redirections: https://steamcommunity.com/groups/steamworks/announcements?l=greek
============ Link after cleaning: https://steamcommunity.com/groups/steamworks/announcements
========== link already checked
======== We are on link 53 of 150
========== raw link ?l=french
============ Link starts with ?: joining https://steamcommunity.com/groups/steamworks/announcements and ?l=french
============ Checking for Redirections: https://steamcommunity.com/groups/steamworks/announcements?l=french
============ Link after cleaning: https://steamcommunity.com/groups/steamworks/announcements
========== link already checked
======== We are on link 54 of 150
========== raw link ?l=italian
============ Link starts with ?: joining https://steamcommunity.com/groups/steamworks/announcements and ?l=italian
============ Checking for Redirections: https://steamcommunity.com/groups/steamworks/announcements?l=italian
============ Link after cleaning: https://steamcommunity.com/groups/steamworks/announcements
========== link already checked
======== We are on link 55 of 150
========== raw link ?l=indonesian
============ Link starts with ?: joining https://steamcommunity.com/groups/steamworks/announcements and ?l=indonesian
============ Checking for Redirections: https://steamcommunity.com/groups/steamworks/announcements?l=indonesian
============ Link after cleaning: https://steamcommunity.com/groups/steamworks/announcements
========== link already checked
======== We are on link 56 of 150
========== raw link ?l=hungarian
============ Link starts with ?: joining https://steamcommunity.com/groups/steamworks/announcements and ?l=hungarian
============ Checking for Redirections: https://steamcommunity.com/groups/steamworks/announcements?l=hungarian
============ Link after cleaning: https://steamcommunity.com/groups/steamworks/announcements
========== link already checked
======== We are on link 57 of 150
========== raw link ?l=dutch
============ Link starts with ?: joining https://steamcommunity.com/groups/steamworks/announcements and ?l=dutch
============ Checking for Redirections: https://steamcommunity.com/groups/steamworks/announcements?l=dutch
============ Link after cleaning: https://steamcommunity.com/groups/steamworks/announcements
========== link already checked
======== We are on link 58 of 150
========== raw link ?l=norwegian
============ Link starts with ?: joining https://steamcommunity.com/groups/steamworks/announcements and ?l=norwegian
============ Checking for Redirections: https://steamcommunity.com/groups/steamworks/announcements?l=norwegian
============ Link after cleaning: https://steamcommunity.com/groups/steamworks/announcements
========== link already checked
======== We are on link 59 of 150
========== raw link ?l=polish
============ Link starts with ?: joining https://steamcommunity.com/groups/steamworks/announcements and ?l=polish
============ Checking for Redirections: https://steamcommunity.com/groups/steamworks/announcements?l=polish
============ Link after cleaning: https://steamcommunity.com/groups/steamworks/announcements
========== link already checked
======== We are on link 60 of 150
========== raw link ?l=portuguese
============ Link starts with ?: joining https://steamcommunity.com/groups/steamworks/announcements and ?l=portuguese
============ Checking for Redirections: https://steamcommunity.com/groups/steamworks/announcements?l=portuguese
============ Link after cleaning: https://steamcommunity.com/groups/steamworks/announcements
========== link already checked
======== We are on link 61 of 150
========== raw link ?l=brazilian
============ Link starts with ?: joining https://steamcommunity.com/groups/steamworks/announcements and ?l=brazilian
============ Checking for Redirections: https://steamcommunity.com/groups/steamworks/announcements?l=brazilian
============ Link after cleaning: https://steamcommunity.com/groups/steamworks/announcements
========== link already checked
======== We are on link 62 of 150
========== raw link ?l=romanian
============ Link starts with ?: joining https://steamcommunity.com/groups/steamworks/announcements and ?l=romanian
============ Checking for Redirections: https://steamcommunity.com/groups/steamworks/announcements?l=romanian
============ Link after cleaning: https://steamcommunity.com/groups/steamworks/announcements
========== link already checked
======== We are on link 63 of 150
========== raw link ?l=russian
============ Link starts with ?: joining https://steamcommunity.com/groups/steamworks/announcements and ?l=russian
============ Checking for Redirections: https://steamcommunity.com/groups/steamworks/announcements?l=russian
============ Link after cleaning: https://steamcommunity.com/groups/steamworks/announcements
========== link already checked
======== We are on link 64 of 150
========== raw link ?l=finnish
============ Link starts with ?: joining https://steamcommunity.com/groups/steamworks/announcements and ?l=finnish
============ Checking for Redirections: https://steamcommunity.com/groups/steamworks/announcements?l=finnish
============ Link after cleaning: https://steamcommunity.com/groups/steamworks/announcements
========== link already checked
======== We are on link 65 of 150
========== raw link ?l=swedish
============ Link starts with ?: joining https://steamcommunity.com/groups/steamworks/announcements and ?l=swedish
============ Checking for Redirections: https://steamcommunity.com/groups/steamworks/announcements?l=swedish
============ Link after cleaning: https://steamcommunity.com/groups/steamworks/announcements
========== link already checked
======== We are on link 66 of 150
========== raw link ?l=turkish
============ Link starts with ?: joining https://steamcommunity.com/groups/steamworks/announcements and ?l=turkish
============ Checking for Redirections: https://steamcommunity.com/groups/steamworks/announcements?l=turkish
============ Link after cleaning: https://steamcommunity.com/groups/steamworks/announcements
========== link already checked
======== We are on link 67 of 150
========== raw link ?l=vietnamese
============ Link starts with ?: joining https://steamcommunity.com/groups/steamworks/announcements and ?l=vietnamese
============ Checking for Redirections: https://steamcommunity.com/groups/steamworks/announcements?l=vietnamese
============ Link after cleaning: https://steamcommunity.com/groups/steamworks/announcements
========== link already checked
======== We are on link 68 of 150
========== raw link ?l=ukrainian
============ Link starts with ?: joining https://steamcommunity.com/groups/steamworks/announcements and ?l=ukrainian
============ Checking for Redirections: https://steamcommunity.com/groups/steamworks/announcements?l=ukrainian
============ Link after cleaning: https://steamcommunity.com/groups/steamworks/announcements
========== link already checked
======== We are on link 69 of 150
========== raw link https://www.valvesoftware.com/en/contact?contact-person=Translation%20Team%20Feedback
========== dropped link https://www.valvesoftware.com/en/contact?contact-person=Translation%20Team%20Feedback. Didn't pass first allows/blocks test.
======== We are on link 70 of 150
========== raw link https://store.steampowered.com/curator/4145017?snr=2___
============ Checking for Redirections: https://store.steampowered.com/curator/4145017?snr=2___
============ Followed Redirection to https://store.steampowered.com/curator/4145017
============ Link after cleaning: https://store.steampowered.com/curator/4145017
========== scraping https://store.steampowered.com/curator/4145017
======== We are on link 71 of 150
========== raw link /groups/steamworks/announcements/detail/536595840131663919
============ Found Relative: joining https://steamcommunity.com/groups/steamworks/announcements and /groups/steamworks/announcements/detail/536595840131663919
============ Checking for Redirections: https://steamcommunity.com/groups/steamworks/announcements/detail/536595840131663919
============ Link after cleaning: https://steamcommunity.com/groups/steamworks/announcements/detail/536595840131663919
========== scraping https://steamcommunity.com/groups/steamworks/announcements/detail/536595840131663919
======== We are on link 72 of 150
========== raw link https://partner.steamgames.com/doc/accessibility_features
============ Checking for Redirections: https://partner.steamgames.com/doc/accessibility_features
============ Link unchanged
========== scraping https://partner.steamgames.com/doc/accessibility_features
======== We are on link 73 of 150
========== raw link https://steamcommunity.com/groups/steamworks/eventcomments/591769371817281071?snr=2_groupannouncements_DefaultAction_
============ Checking for Redirections: https://steamcommunity.com/groups/steamworks/eventcomments/591769371817281071?snr=2_groupannouncements_DefaultAction_
============ Link after cleaning: https://steamcommunity.com/groups/steamworks/eventcomments/591769371817281071
========== scraping https://steamcommunity.com/groups/steamworks/eventcomments/591769371817281071
======== We are on link 74 of 150
========== raw link /groups/steamworks/announcements/detail/532094139769028777
============ Found Relative: joining https://steamcommunity.com/groups/steamworks/announcements and /groups/steamworks/announcements/detail/532094139769028777
============ Checking for Redirections: https://steamcommunity.com/groups/steamworks/announcements/detail/532094139769028777
============ Link after cleaning: https://steamcommunity.com/groups/steamworks/announcements/detail/532094139769028777
========== scraping https://steamcommunity.com/groups/steamworks/announcements/detail/532094139769028777
======== We are on link 75 of 150
========== raw link https://partner.steamgames.com/meetsteam/2025
============ Checking for Redirections: https://partner.steamgames.com/meetsteam/2025
============ Followed Redirection to https://partner.steamgames.com/?goto=%2Fmeetsteam%2F2025
============ Link after cleaning: https://partner.steamgames.com/
========== link already checked
======== We are on link 76 of 150
========== raw link https://partner.steamgames.com/doc/store/releasing
============ Checking for Redirections: https://partner.steamgames.com/doc/store/releasing
============ Link unchanged
========== scraping https://partner.steamgames.com/doc/store/releasing
======== We are on link 77 of 150
========== raw link https://partner.steamgames.com/doc/features
============ Checking for Redirections: https://partner.steamgames.com/doc/features
============ Link unchanged
========== scraping https://partner.steamgames.com/doc/features
======== We are on link 78 of 150
========== raw link https://partner.steamgames.com/doc/marketing/upcoming_events/nextfest
============ Checking for Redirections: https://partner.steamgames.com/doc/marketing/upcoming_events/nextfest
============ Link unchanged
========== scraping https://partner.steamgames.com/doc/marketing/upcoming_events/nextfest
======== We are on link 79 of 150
========== raw link https://partner.steamgames.com/doc/marketing/upcoming_events/nextfest#wrap-up
============ Checking for Redirections: https://partner.steamgames.com/doc/marketing/upcoming_events/nextfest#wrap-up
============ Link after cleaning: https://partner.steamgames.com/doc/marketing/upcoming_events/nextfest
========== link already checked
======== We are on link 80 of 150
========== raw link https://steamcommunity.com/groups/steamworks/announcements/detail/751641001553035272?snr=2___
============ Checking for Redirections: https://steamcommunity.com/groups/steamworks/announcements/detail/751641001553035272?snr=2___
============ Link after cleaning: https://steamcommunity.com/groups/steamworks/announcements/detail/751641001553035272
========== scraping https://steamcommunity.com/groups/steamworks/announcements/detail/751641001553035272
============ New link added. Search term (AI) found on https://steamcommunity.com/groups/steamworks/announcements/detail/751641001553035272.
======== We are on link 81 of 150
========== raw link https://partner.steamgames.com/doc/features/enhancedrichpresence
============ Checking for Redirections: https://partner.steamgames.com/doc/features/enhancedrichpresence
============ Link unchanged
========== scraping https://partner.steamgames.com/doc/features/enhancedrichpresence
======== We are on link 82 of 150
========== raw link https://partner.steamgames.com/doc/features/cloud
============ Checking for Redirections: https://partner.steamgames.com/doc/features/cloud
============ Link unchanged
========== scraping https://partner.steamgames.com/doc/features/cloud
======== We are on link 83 of 150
========== raw link https://partner.steamgames.com/doc/features/steam_controller
============ Checking for Redirections: https://partner.steamgames.com/doc/features/steam_controller
============ Link unchanged
========== scraping https://partner.steamgames.com/doc/features/steam_controller
======== We are on link 84 of 150
========== raw link https://partner.steamgames.com/doc/features/playtest
============ Checking for Redirections: https://partner.steamgames.com/doc/features/playtest
============ Link unchanged
========== scraping https://partner.steamgames.com/doc/features/playtest
======== We are on link 85 of 150
========== raw link https://partner.steamgames.com/doc/features/playtest#4
============ Checking for Redirections: https://partner.steamgames.com/doc/features/playtest#4
============ Link after cleaning: https://partner.steamgames.com/doc/features/playtest
========== link already checked
======== We are on link 86 of 150
========== raw link https://partner.steamgames.com/doc/store/earlyaccess
============ Checking for Redirections: https://partner.steamgames.com/doc/store/earlyaccess
============ Link unchanged
========== scraping https://partner.steamgames.com/doc/store/earlyaccess
======== We are on link 87 of 150
========== raw link https://partner.steamgames.com/doc/marketing/tools
============ Checking for Redirections: https://partner.steamgames.com/doc/marketing/tools
============ Link unchanged
========== scraping https://partner.steamgames.com/doc/marketing/tools
======== We are on link 88 of 150
========== raw link https://partner.steamgames.com/doc/store/localization
============ Checking for Redirections: https://partner.steamgames.com/doc/store/localization
============ Link unchanged
========== scraping https://partner.steamgames.com/doc/store/localization
======== We are on link 89 of 150
========== raw link https://partner.steamgames.com/meetsteam/2025
============ Checking for Redirections: https://partner.steamgames.com/meetsteam/2025
============ Followed Redirection to https://partner.steamgames.com/?goto=%2Fmeetsteam%2F2025
============ Link after cleaning: https://partner.steamgames.com/
========== link already checked
======== We are on link 90 of 150
========== raw link https://steamcommunity.com/groups/steamworks/eventcomments/591767892517782409?snr=2_groupannouncements_DefaultAction_
============ Checking for Redirections: https://steamcommunity.com/groups/steamworks/eventcomments/591767892517782409?snr=2_groupannouncements_DefaultAction_
============ Link after cleaning: https://steamcommunity.com/groups/steamworks/eventcomments/591767892517782409
========== scraping https://steamcommunity.com/groups/steamworks/eventcomments/591767892517782409
======== We are on link 91 of 150
========== raw link /groups/steamworks/announcements/detail/579380755053937955
============ Found Relative: joining https://steamcommunity.com/groups/steamworks/announcements and /groups/steamworks/announcements/detail/579380755053937955
============ Checking for Redirections: https://steamcommunity.com/groups/steamworks/announcements/detail/579380755053937955
============ Link after cleaning: https://steamcommunity.com/groups/steamworks/announcements/detail/579380755053937955
========== scraping https://steamcommunity.com/groups/steamworks/announcements/detail/579380755053937955
======== We are on link 92 of 150
========== raw link https://partner.steamgames.com/
============ Checking for Redirections: https://partner.steamgames.com/
============ Link unchanged
========== link already checked
======== We are on link 93 of 150
========== raw link https://steamcommunity.com/groups/steamworks/eventcomments/612031950881886284?snr=2_groupannouncements_DefaultAction_
============ Checking for Redirections: https://steamcommunity.com/groups/steamworks/eventcomments/612031950881886284?snr=2_groupannouncements_DefaultAction_
============ Link after cleaning: https://steamcommunity.com/groups/steamworks/eventcomments/612031950881886284
========== scraping https://steamcommunity.com/groups/steamworks/eventcomments/612031950881886284
======== We are on link 94 of 150
========== raw link /groups/steamworks/announcements/detail/751641001553035272
============ Found Relative: joining https://steamcommunity.com/groups/steamworks/announcements and /groups/steamworks/announcements/detail/751641001553035272
============ Checking for Redirections: https://steamcommunity.com/groups/steamworks/announcements/detail/751641001553035272
============ Link after cleaning: https://steamcommunity.com/groups/steamworks/announcements/detail/751641001553035272
========== link already checked
======== We are on link 95 of 150
========== raw link https://steamcommunity.com/linkfilter/?u=https%3A%2F%2Fwww.steamdeck.com%2Fen%2Foled
============ Checking for Redirections: https://steamcommunity.com/linkfilter/?u=https%3A%2F%2Fwww.steamdeck.com%2Fen%2Foled
============ Followed Redirection to https://www.steamdeck.com/en/oled
============ Link after cleaning: https://www.steamdeck.com/en/oled
========== scraping https://www.steamdeck.com/en/oled
======== We are on link 96 of 150
========== raw link https://store.steampowered.com/news/app/593110/view/4530150757095178610?l=english&snr=2___
========== dropped link https://store.steampowered.com/news/app/593110/view/4530150757095178610?l=english&snr=2___. Didn't pass first allows/blocks test.
======== We are on link 97 of 150
========== raw link https://store.steampowered.com/about/newstore?snr=2___
============ Checking for Redirections: https://store.steampowered.com/about/newstore?snr=2___
============ Link after cleaning: https://store.steampowered.com/about/newstore
========== scraping https://store.steampowered.com/about/newstore
======== We are on link 98 of 150
========== raw link https://partner.steamgames.com/doc/marketing/upcoming_events/nextfest
============ Checking for Redirections: https://partner.steamgames.com/doc/marketing/upcoming_events/nextfest
============ Link unchanged
========== link already checked
======== We are on link 99 of 150
========== raw link https://partner.steamgames.com/doc/marketing/upcoming_events
============ Checking for Redirections: https://partner.steamgames.com/doc/marketing/upcoming_events
============ Link unchanged
========== scraping https://partner.steamgames.com/doc/marketing/upcoming_events
======== We are on link 100 of 150
========== raw link https://store.steampowered.com/sale/CoffeeStainGhostShip2024?snr=2___
============ Checking for Redirections: https://store.steampowered.com/sale/CoffeeStainGhostShip2024?snr=2___
============ Followed Redirection to https://store.steampowered.com/sale/CoffeeStainGhostShip2024
============ Link after cleaning: https://store.steampowered.com/sale/CoffeeStainGhostShip2024
========== scraping https://store.steampowered.com/sale/CoffeeStainGhostShip2024
======== We are on link 101 of 150
========== raw link https://store.steampowered.com/sale/baftagameawards2024/?snr=2___
============ Checking for Redirections: https://store.steampowered.com/sale/baftagameawards2024/?snr=2___
============ Followed Redirection to https://store.steampowered.com/sale/baftagameawards2024/
============ Link after cleaning: https://store.steampowered.com/sale/baftagameawards2024/
========== scraping https://store.steampowered.com/sale/baftagameawards2024/
======== We are on link 102 of 150
========== raw link https://store.steampowered.com/sale/tgs2024?snr=2___
============ Checking for Redirections: https://store.steampowered.com/sale/tgs2024?snr=2___
============ Followed Redirection to https://store.steampowered.com/sale/tgs2024
============ Link after cleaning: https://store.steampowered.com/sale/tgs2024
========== scraping https://store.steampowered.com/sale/tgs2024
======== We are on link 103 of 150
========== raw link https://store.steampowered.com/sale/gdocexpo2024?snr=2___
============ Checking for Redirections: https://store.steampowered.com/sale/gdocexpo2024?snr=2___
============ Followed Redirection to https://store.steampowered.com/sale/gdocexpo2024
============ Link after cleaning: https://store.steampowered.com/sale/gdocexpo2024
========== scraping https://store.steampowered.com/sale/gdocexpo2024
======== We are on link 104 of 150
========== raw link https://store.steampowered.com/sale/summer_showcase_2024?snr=2___
============ Checking for Redirections: https://store.steampowered.com/sale/summer_showcase_2024?snr=2___
============ Followed Redirection to https://store.steampowered.com/sale/summer_showcase_2024
============ Link after cleaning: https://store.steampowered.com/sale/summer_showcase_2024
========== scraping https://store.steampowered.com/sale/summer_showcase_2024
======== We are on link 105 of 150
========== raw link https://store.steampowered.com/steamawards/2024?snr=2___
============ Checking for Redirections: https://store.steampowered.com/steamawards/2024?snr=2___
============ Link after cleaning: https://store.steampowered.com/steamawards/2024
========== scraping https://store.steampowered.com/steamawards/2024
======== We are on link 106 of 150
========== raw link https://partner.steamgames.com/doc/store/advancedaccess
============ Checking for Redirections: https://partner.steamgames.com/doc/store/advancedaccess
============ Link unchanged
========== scraping https://partner.steamgames.com/doc/store/advancedaccess
======== We are on link 107 of 150
========== raw link https://partner.steamgames.com/doc/store/manageeditions
============ Checking for Redirections: https://partner.steamgames.com/doc/store/manageeditions
============ Link unchanged
========== scraping https://partner.steamgames.com/doc/store/manageeditions
======== We are on link 108 of 150
========== raw link https://steamcommunity.com/groups/steamworks/announcements/detail/4264427597939647538?snr=2___
============ Checking for Redirections: https://steamcommunity.com/groups/steamworks/announcements/detail/4264427597939647538?snr=2___
============ Link after cleaning: https://steamcommunity.com/groups/steamworks/announcements/detail/4264427597939647538
========== scraping https://steamcommunity.com/groups/steamworks/announcements/detail/4264427597939647538
======== We are on link 109 of 150
========== raw link https://steamcommunity.com/groups/steamworks/announcements/detail/4201376568915048836?snr=2___
============ Checking for Redirections: https://steamcommunity.com/groups/steamworks/announcements/detail/4201376568915048836?snr=2___
============ Link after cleaning: https://steamcommunity.com/groups/steamworks/announcements/detail/4201376568915048836
========== scraping https://steamcommunity.com/groups/steamworks/announcements/detail/4201376568915048836
======== We are on link 110 of 150
========== raw link https://steamcommunity.com/groups/steamworks/announcements/detail/4578559379959234051?snr=2___
============ Checking for Redirections: https://steamcommunity.com/groups/steamworks/announcements/detail/4578559379959234051?snr=2___
============ Link after cleaning: https://steamcommunity.com/groups/steamworks/announcements/detail/4578559379959234051
========== scraping https://steamcommunity.com/groups/steamworks/announcements/detail/4578559379959234051
======== We are on link 111 of 150
========== raw link https://store.steampowered.com/news/app/593110/view/4326355263805583415?snr=2___
========== dropped link https://store.steampowered.com/news/app/593110/view/4326355263805583415?snr=2___. Didn't pass first allows/blocks test.
======== We are on link 112 of 150
========== raw link https://store.steampowered.com/news/app/593110/view/4149575031731807335?snr=2___
========== dropped link https://store.steampowered.com/news/app/593110/view/4149575031731807335?snr=2___. Didn't pass first allows/blocks test.
======== We are on link 113 of 150
========== raw link https://store.steampowered.com/news/group/4145017/view/3862463747997849618?l=english&snr=2___
============ Checking for Redirections: https://store.steampowered.com/news/group/4145017/view/3862463747997849618?l=english&snr=2___
============ Followed Redirection to https://store.steampowered.com/news/group/4145017/view/3862463747997849618?l=english
============ Link after cleaning: https://store.steampowered.com/news/group/4145017/view/3862463747997849618
========== scraping https://store.steampowered.com/news/group/4145017/view/3862463747997849618
============ New link added. Search term (AI) found on https://store.steampowered.com/news/group/4145017/view/3862463747997849618.
======== We are on link 114 of 150
========== raw link https://store.steampowered.com/news/group/4145017/view/4547038620960934856?snr=2___
============ Checking for Redirections: https://store.steampowered.com/news/group/4145017/view/4547038620960934856?snr=2___
============ Followed Redirection to https://store.steampowered.com/news/group/4145017/view/4547038620960934856
============ Link after cleaning: https://store.steampowered.com/news/group/4145017/view/4547038620960934856
========== scraping https://store.steampowered.com/news/group/4145017/view/4547038620960934856
======== We are on link 115 of 150
========== raw link https://partner.steamgames.com/doc/store/seasonpass
============ Checking for Redirections: https://partner.steamgames.com/doc/store/seasonpass
============ Link unchanged
========== scraping https://partner.steamgames.com/doc/store/seasonpass
======== We are on link 116 of 150
========== raw link https://store.steampowered.com/news/app/593110/view/4696782040345941641?snr=2___
========== dropped link https://store.steampowered.com/news/app/593110/view/4696782040345941641?snr=2___. Didn't pass first allows/blocks test.
======== We are on link 117 of 150
========== raw link https://store.steampowered.com/news/app/593110/view/573746375651492594?snr=2___
========== dropped link https://store.steampowered.com/news/app/593110/view/573746375651492594?snr=2___. Didn't pass first allows/blocks test.
======== We are on link 118 of 150
========== raw link https://store.steampowered.com/news/app/593110/view/3901870710035098052?snr=2___
========== dropped link https://store.steampowered.com/news/app/593110/view/3901870710035098052?snr=2___. Didn't pass first allows/blocks test.
======== We are on link 119 of 150
========== raw link https://store.steampowered.com/news/app/593110/view/4149575031735702628?snr=2___
========== dropped link https://store.steampowered.com/news/app/593110/view/4149575031735702628?snr=2___. Didn't pass first allows/blocks test.
======== We are on link 120 of 150
========== raw link https://store.steampowered.com/news/app/593110/view/4599952112537386540?snr=2___
========== dropped link https://store.steampowered.com/news/app/593110/view/4599952112537386540?snr=2___. Didn't pass first allows/blocks test.
======== We are on link 121 of 150
========== raw link https://store.steampowered.com/gamerecording?snr=2___
============ Checking for Redirections: https://store.steampowered.com/gamerecording?snr=2___
============ Followed Redirection to https://store.steampowered.com/gamerecording
============ Link after cleaning: https://store.steampowered.com/gamerecording
========== scraping https://store.steampowered.com/gamerecording
======== We are on link 122 of 150
========== raw link https://partner.steamgames.com/doc/features/timeline
============ Checking for Redirections: https://partner.steamgames.com/doc/features/timeline
============ Link unchanged
========== scraping https://partner.steamgames.com/doc/features/timeline
======== We are on link 123 of 150
========== raw link https://partner.steamgames.com/doc/features/enhancedrichpresence
============ Checking for Redirections: https://partner.steamgames.com/doc/features/enhancedrichpresence
============ Link unchanged
========== link already checked
======== We are on link 124 of 150
========== raw link https://steamcommunity.com/linkfilter/?u=https%3A%2F%2Fwww.youtube.com%2Fwatch%3Fv%3DYwBD0E4-EsI
============ Checking for Redirections: https://steamcommunity.com/linkfilter/?u=https%3A%2F%2Fwww.youtube.com%2Fwatch%3Fv%3DYwBD0E4-EsI
============ Followed Redirection to https://www.youtube.com/watch?v=YwBD0E4-EsI
============ Link after cleaning: https://www.youtube.com/watch
============ Excluded based on allow/block list.
======== We are on link 125 of 150
========== raw link https://steamcommunity.com/groups/steamworks/announcements/detail/4155211502162971563?snr=2___
============ Checking for Redirections: https://steamcommunity.com/groups/steamworks/announcements/detail/4155211502162971563?snr=2___
============ Link after cleaning: https://steamcommunity.com/groups/steamworks/announcements/detail/4155211502162971563
========== scraping https://steamcommunity.com/groups/steamworks/announcements/detail/4155211502162971563
======== We are on link 126 of 150
========== raw link https://store.steampowered.com/news/group/4145017/view/4678768276768588863?snr=2___
============ Checking for Redirections: https://store.steampowered.com/news/group/4145017/view/4678768276768588863?snr=2___
============ Followed Redirection to https://store.steampowered.com/news/group/4145017/view/4678768276768588863
============ Link after cleaning: https://store.steampowered.com/news/group/4145017/view/4678768276768588863
========== scraping https://store.steampowered.com/news/group/4145017/view/4678768276768588863
======== We are on link 127 of 150
========== raw link https://steamcommunity.com/groups/steamworks/announcements/detail/4127057033586949948?snr=2___
============ Checking for Redirections: https://steamcommunity.com/groups/steamworks/announcements/detail/4127057033586949948?snr=2___
============ Link after cleaning: https://steamcommunity.com/groups/steamworks/announcements/detail/4127057033586949948
========== scraping https://steamcommunity.com/groups/steamworks/announcements/detail/4127057033586949948
======== We are on link 128 of 150
========== raw link https://steamcommunity.com/groups/steamworks/announcements/detail/7126472323852954169?snr=2___
============ Checking for Redirections: https://steamcommunity.com/groups/steamworks/announcements/detail/7126472323852954169?snr=2___
============ Link after cleaning: https://steamcommunity.com/groups/steamworks/announcements/detail/7126472323852954169
========== scraping https://steamcommunity.com/groups/steamworks/announcements/detail/7126472323852954169
======== We are on link 129 of 150
========== raw link https://steamcommunity.com/groups/steamworks/announcements/detail/4264427597939647538?snr=2___
============ Checking for Redirections: https://steamcommunity.com/groups/steamworks/announcements/detail/4264427597939647538?snr=2___
============ Link after cleaning: https://steamcommunity.com/groups/steamworks/announcements/detail/4264427597939647538
========== link already checked
======== We are on link 130 of 150
========== raw link https://store.steampowered.com/news/group/4145017/view/4031353167279731010?snr=2___
============ Checking for Redirections: https://store.steampowered.com/news/group/4145017/view/4031353167279731010?snr=2___
============ Followed Redirection to https://store.steampowered.com/news/group/4145017/view/4031353167279731010
============ Link after cleaning: https://store.steampowered.com/news/group/4145017/view/4031353167279731010
========== scraping https://store.steampowered.com/news/group/4145017/view/4031353167279731010
======== We are on link 131 of 150
========== raw link https://partner.steamgames.com/doc/marketing/discounts/dailydeal
============ Checking for Redirections: https://partner.steamgames.com/doc/marketing/discounts/dailydeal
============ Link unchanged
========== scraping https://partner.steamgames.com/doc/marketing/discounts/dailydeal
======== We are on link 132 of 150
========== raw link https://steamcommunity.com/groups/steamworks/announcements/detail/497186807117513038?snr=2___
============ Checking for Redirections: https://steamcommunity.com/groups/steamworks/announcements/detail/497186807117513038?snr=2___
============ Link after cleaning: https://steamcommunity.com/groups/steamworks/announcements/detail/497186807117513038
========== scraping https://steamcommunity.com/groups/steamworks/announcements/detail/497186807117513038
======== We are on link 133 of 150
========== raw link https://help.steampowered.com/en/wizard/HelpWithPublishing?issueid=919
============ Checking for Redirections: https://help.steampowered.com/en/wizard/HelpWithPublishing?issueid=919
============ Followed Redirection to https://help.steampowered.com/en/login?need_password=1&title=Sign+In&redir=%2Fen%2Fwizard%2FHelpWithPublishing%3Fissueid%3D919
============ Link after cleaning: https://help.steampowered.com/en/login
============ Excluded based on allow/block list.
======== We are on link 134 of 150
========== raw link https://steamcommunity.com/groups/steamworks/announcements/detail/4547039255696769967?snr=2___
============ Checking for Redirections: https://steamcommunity.com/groups/steamworks/announcements/detail/4547039255696769967?snr=2___
============ Link after cleaning: https://steamcommunity.com/groups/steamworks/announcements/detail/4547039255696769967
========== scraping https://steamcommunity.com/groups/steamworks/announcements/detail/4547039255696769967
======== We are on link 135 of 150
========== raw link https://steamcommunity.com/groups/steamworks/announcements/detail/4191238396458987548?snr=2___
============ Checking for Redirections: https://steamcommunity.com/groups/steamworks/announcements/detail/4191238396458987548?snr=2___
============ Link after cleaning: https://steamcommunity.com/groups/steamworks/announcements/detail/4191238396458987548
========== scraping https://steamcommunity.com/groups/steamworks/announcements/detail/4191238396458987548
======== We are on link 136 of 150
========== raw link https://help.steampowered.com/en/faqs/view/0E2C-406B-9135-38A4
============ Checking for Redirections: https://help.steampowered.com/en/faqs/view/0E2C-406B-9135-38A4
============ Link unchanged
========== scraping https://help.steampowered.com/en/faqs/view/0E2C-406B-9135-38A4
======== We are on link 137 of 150
========== raw link https://store.steampowered.com/news/app/250820?snr=2___
========== dropped link https://store.steampowered.com/news/app/250820?snr=2___. Didn't pass first allows/blocks test.
======== We are on link 138 of 150
========== raw link https://store.steampowered.com/news/app/1675200/view/4472731215261073464?snr=2___
========== dropped link https://store.steampowered.com/news/app/1675200/view/4472731215261073464?snr=2___. Didn't pass first allows/blocks test.
======== We are on link 139 of 150
========== raw link https://store.steampowered.com/news/app/593110/view/529834914570306831?snr=2___
========== dropped link https://store.steampowered.com/news/app/593110/view/529834914570306831?snr=2___. Didn't pass first allows/blocks test.
======== We are on link 140 of 150
========== raw link https://store.steampowered.com/sale/BestOf2024?tab=6&snr=2___
============ Checking for Redirections: https://store.steampowered.com/sale/BestOf2024?tab=6&snr=2___
============ Followed Redirection to https://store.steampowered.com/sale/BestOf2024?tab=6
============ Link after cleaning: https://store.steampowered.com/sale/BestOf2024
========== scraping https://store.steampowered.com/sale/BestOf2024
======== We are on link 141 of 150
========== raw link https://store.steampowered.com/charts/?snr=2___
============ Checking for Redirections: https://store.steampowered.com/charts/?snr=2___
============ Followed Redirection to https://store.steampowered.com/charts/
============ Link after cleaning: https://store.steampowered.com/charts/
========== link already checked
======== We are on link 142 of 150
========== raw link https://store.steampowered.com/app/3070070/TCG_Card_Shop_Simulator/?snr=2___
========== dropped link https://store.steampowered.com/app/3070070/TCG_Card_Shop_Simulator/?snr=2___. Didn't pass first allows/blocks test.
======== We are on link 143 of 150
========== raw link https://steamcommunity.com/linkfilter/?u=https%3A%2F%2Fopneon.com%2F
============ Checking for Redirections: https://steamcommunity.com/linkfilter/?u=https%3A%2F%2Fopneon.com%2F
============ Link after cleaning: https://steamcommunity.com/linkfilter/
========== link already checked
======== We are on link 144 of 150
========== raw link https://store.steampowered.com/app/1574820/Until_Then/?snr=2___
========== dropped link https://store.steampowered.com/app/1574820/Until_Then/?snr=2___. Didn't pass first allows/blocks test.
======== We are on link 145 of 150
========== raw link https://steamcommunity.com/linkfilter/?u=https%3A%2F%2Fpolychromagames.com%2F
============ Checking for Redirections: https://steamcommunity.com/linkfilter/?u=https%3A%2F%2Fpolychromagames.com%2F
============ Link after cleaning: https://steamcommunity.com/linkfilter/
========== link already checked
======== We are on link 146 of 150
========== raw link https://store.steampowered.com/publisher/maximumentertainment?snr=2___
============ Checking for Redirections: https://store.steampowered.com/publisher/maximumentertainment?snr=2___
============ Followed Redirection to https://store.steampowered.com/publisher/maximumentertainment
============ Link after cleaning: https://store.steampowered.com/publisher/maximumentertainment
========== scraping https://store.steampowered.com/publisher/maximumentertainment
======== We are on link 147 of 150
========== raw link https://store.steampowered.com/news/collection/steam/?snr=2___
============ Checking for Redirections: https://store.steampowered.com/news/collection/steam/?snr=2___
============ Followed Redirection to https://store.steampowered.com/news/collection/steam/
============ Link after cleaning: https://store.steampowered.com/news/collection/steam/
========== scraping https://store.steampowered.com/news/collection/steam/
======== We are on link 148 of 150
========== raw link https://steamcommunity.com/linkfilter/?u=https%3A%2F%2Fwww.youtube.com%2Fc%2FSteamworksDev%2Fvideos
============ Checking for Redirections: https://steamcommunity.com/linkfilter/?u=https%3A%2F%2Fwww.youtube.com%2Fc%2FSteamworksDev%2Fvideos
============ Followed Redirection to https://www.youtube.com/c/SteamworksDev/videos
============ Link after cleaning: https://www.youtube.com/c/SteamworksDev/videos
============ Excluded based on allow/block list.
======== We are on link 149 of 150
========== raw link https://help.steampowered.com/wizard/HelpWithPublishing
============ Checking for Redirections: https://help.steampowered.com/wizard/HelpWithPublishing
============ Followed Redirection to https://help.steampowered.com/en/login?need_password=1&title=Sign+In&redir=%2Fen%2Fwizard%2FHelpWithPublishing
============ Link after cleaning: https://help.steampowered.com/en/login
============ Excluded based on allow/block list.
======== We are on link 150 of 150
========== raw link https://steamcommunity.com/groups/steamworks/eventcomments/612031852355589759?snr=2_groupannouncements_DefaultAction_
============ Checking for Redirections: https://steamcommunity.com/groups/steamworks/eventcomments/612031852355589759?snr=2_groupannouncements_DefaultAction_
============ Link after cleaning: https://steamcommunity.com/groups/steamworks/eventcomments/612031852355589759
========== scraping https://steamcommunity.com/groups/steamworks/eventcomments/612031852355589759
============ New link added. Search term (LLM) found on https://steamcommunity.com/groups/steamworks/eventcomments/612031852355589759.
====== We are on page 6 of 7: https://steamcommunity.com/groups/steamworks/announcements/detail/3862463747997849619
====== Number of Links on this Page: 82
======== We are on link 1 of 82
========== raw link https://steamcommunity.com/login/home/?goto=groups%2Fsteamworks%2Fannouncements%2Fdetail%2F3862463747997849619
========== dropped link https://steamcommunity.com/login/home/?goto=groups%2Fsteamworks%2Fannouncements%2Fdetail%2F3862463747997849619. Didn't pass first allows/blocks test.
======== We are on link 2 of 82
========== raw link https://store.steampowered.com/
============ Checking for Redirections: https://store.steampowered.com/
============ Link unchanged
========== link already checked
======== We are on link 3 of 82
========== raw link https://store.steampowered.com/
============ Checking for Redirections: https://store.steampowered.com/
============ Link unchanged
========== link already checked
======== We are on link 4 of 82
========== raw link https://store.steampowered.com/explore/
============ Checking for Redirections: https://store.steampowered.com/explore/
============ Followed Redirection to https://store.steampowered.com/login/?redir=explore%2F&redir_ssl=1
============ Link after cleaning: https://store.steampowered.com/login/
============ Excluded based on allow/block list.
======== We are on link 5 of 82
========== raw link https://steamcommunity.com/my/wishlist/
============ Checking for Redirections: https://steamcommunity.com/my/wishlist/
============ Followed Redirection to https://store.steampowered.com/login/?redir=https%3A%2F%2Fstore.steampowered.com%2Fwishlist%2F
============ Link after cleaning: https://store.steampowered.com/login/
============ Excluded based on allow/block list.
======== We are on link 6 of 82
========== raw link https://store.steampowered.com/points/shop/
============ Checking for Redirections: https://store.steampowered.com/points/shop/
============ Link unchanged
========== link already checked
======== We are on link 7 of 82
========== raw link https://store.steampowered.com/news/
============ Checking for Redirections: https://store.steampowered.com/news/
============ Link unchanged
========== link already checked
======== We are on link 8 of 82
========== raw link https://store.steampowered.com/stats/
============ Checking for Redirections: https://store.steampowered.com/stats/
============ Followed Redirection to https://store.steampowered.com/charts/
============ Link after cleaning: https://store.steampowered.com/charts/
========== link already checked
======== We are on link 9 of 82
========== raw link https://steamcommunity.com/
============ Checking for Redirections: https://steamcommunity.com/
============ Link unchanged
========== link already checked
======== We are on link 10 of 82
========== raw link https://steamcommunity.com/
============ Checking for Redirections: https://steamcommunity.com/
============ Link unchanged
========== link already checked
======== We are on link 11 of 82
========== raw link https://steamcommunity.com/discussions/
============ Checking for Redirections: https://steamcommunity.com/discussions/
============ Link unchanged
========== link already checked
======== We are on link 12 of 82
========== raw link https://steamcommunity.com/workshop/
============ Checking for Redirections: https://steamcommunity.com/workshop/
============ Link unchanged
========== link already checked
======== We are on link 13 of 82
========== raw link https://steamcommunity.com/market/
============ Checking for Redirections: https://steamcommunity.com/market/
============ Link unchanged
========== link already checked
======== We are on link 14 of 82
========== raw link https://steamcommunity.com/?subsection=broadcasts
============ Checking for Redirections: https://steamcommunity.com/?subsection=broadcasts
============ Link after cleaning: https://steamcommunity.com/
========== link already checked
======== We are on link 15 of 82
========== raw link https://store.steampowered.com/about/
============ Checking for Redirections: https://store.steampowered.com/about/
============ Link unchanged
========== link already checked
======== We are on link 16 of 82
========== raw link https://help.steampowered.com/en/
============ Checking for Redirections: https://help.steampowered.com/en/
============ Link unchanged
========== link already checked
======== We are on link 17 of 82
========== raw link https://store.steampowered.com/mobile
============ Checking for Redirections: https://store.steampowered.com/mobile
============ Link unchanged
========== link already checked
======== We are on link 18 of 82
========== raw link https://store.steampowered.com/privacy_agreement/
============ Checking for Redirections: https://store.steampowered.com/privacy_agreement/
============ Link unchanged
========== link already checked
======== We are on link 19 of 82
========== raw link http://www.valvesoftware.com/legal.htm
========== dropped link http://www.valvesoftware.com/legal.htm. Didn't pass first allows/blocks test.
======== We are on link 20 of 82
========== raw link https://store.steampowered.com/subscriber_agreement/
============ Checking for Redirections: https://store.steampowered.com/subscriber_agreement/
============ Link unchanged
========== link already checked
======== We are on link 21 of 82
========== raw link https://store.steampowered.com/steam_refunds/
============ Checking for Redirections: https://store.steampowered.com/steam_refunds/
============ Link unchanged
========== link already checked
======== We are on link 22 of 82
========== raw link https://store.steampowered.com/
============ Checking for Redirections: https://store.steampowered.com/
============ Link unchanged
========== link already checked
======== We are on link 23 of 82
========== raw link https://store.steampowered.com/
============ Checking for Redirections: https://store.steampowered.com/
============ Link unchanged
========== link already checked
======== We are on link 24 of 82
========== raw link https://store.steampowered.com/
============ Checking for Redirections: https://store.steampowered.com/
============ Link unchanged
========== link already checked
======== We are on link 25 of 82
========== raw link https://store.steampowered.com/
============ Checking for Redirections: https://store.steampowered.com/
============ Link unchanged
========== link already checked
======== We are on link 26 of 82
========== raw link https://store.steampowered.com/explore/
============ Checking for Redirections: https://store.steampowered.com/explore/
============ Followed Redirection to https://store.steampowered.com/login/?redir=explore%2F&redir_ssl=1
============ Link after cleaning: https://store.steampowered.com/login/
============ Excluded based on allow/block list.
======== We are on link 27 of 82
========== raw link https://steamcommunity.com/my/wishlist/
============ Checking for Redirections: https://steamcommunity.com/my/wishlist/
============ Followed Redirection to https://store.steampowered.com/login/?redir=https%3A%2F%2Fstore.steampowered.com%2Fwishlist%2F
============ Link after cleaning: https://store.steampowered.com/login/
============ Excluded based on allow/block list.
======== We are on link 28 of 82
========== raw link https://store.steampowered.com/points/shop/
============ Checking for Redirections: https://store.steampowered.com/points/shop/
============ Link unchanged
========== link already checked
======== We are on link 29 of 82
========== raw link https://store.steampowered.com/news/
============ Checking for Redirections: https://store.steampowered.com/news/
============ Link unchanged
========== link already checked
======== We are on link 30 of 82
========== raw link https://store.steampowered.com/stats/
============ Checking for Redirections: https://store.steampowered.com/stats/
============ Followed Redirection to https://store.steampowered.com/charts/
============ Link after cleaning: https://store.steampowered.com/charts/
========== link already checked
======== We are on link 31 of 82
========== raw link https://steamcommunity.com/
============ Checking for Redirections: https://steamcommunity.com/
============ Link unchanged
========== link already checked
======== We are on link 32 of 82
========== raw link https://steamcommunity.com/
============ Checking for Redirections: https://steamcommunity.com/
============ Link unchanged
========== link already checked
======== We are on link 33 of 82
========== raw link https://steamcommunity.com/discussions/
============ Checking for Redirections: https://steamcommunity.com/discussions/
============ Link unchanged
========== link already checked
======== We are on link 34 of 82
========== raw link https://steamcommunity.com/workshop/
============ Checking for Redirections: https://steamcommunity.com/workshop/
============ Link unchanged
========== link already checked
======== We are on link 35 of 82
========== raw link https://steamcommunity.com/market/
============ Checking for Redirections: https://steamcommunity.com/market/
============ Link unchanged
========== link already checked
======== We are on link 36 of 82
========== raw link https://steamcommunity.com/?subsection=broadcasts
============ Checking for Redirections: https://steamcommunity.com/?subsection=broadcasts
============ Link after cleaning: https://steamcommunity.com/
========== link already checked
======== We are on link 37 of 82
========== raw link https://store.steampowered.com/about/
============ Checking for Redirections: https://store.steampowered.com/about/
============ Link unchanged
========== link already checked
======== We are on link 38 of 82
========== raw link https://help.steampowered.com/en/
============ Checking for Redirections: https://help.steampowered.com/en/
============ Link unchanged
========== link already checked
======== We are on link 39 of 82
========== raw link https://store.steampowered.com/about/
============ Checking for Redirections: https://store.steampowered.com/about/
============ Link unchanged
========== link already checked
======== We are on link 40 of 82
========== raw link https://steamcommunity.com/login/home/?goto=groups%2Fsteamworks%2Fannouncements%2Fdetail%2F3862463747997849619
========== dropped link https://steamcommunity.com/login/home/?goto=groups%2Fsteamworks%2Fannouncements%2Fdetail%2F3862463747997849619. Didn't pass first allows/blocks test.
======== We are on link 41 of 82
========== raw link ?l=schinese
============ Link starts with ?: joining https://steamcommunity.com/groups/steamworks/announcements/detail/3862463747997849619 and ?l=schinese
============ Checking for Redirections: https://steamcommunity.com/groups/steamworks/announcements/detail/3862463747997849619?l=schinese
============ Link after cleaning: https://steamcommunity.com/groups/steamworks/announcements/detail/3862463747997849619
========== link already checked
======== We are on link 42 of 82
========== raw link ?l=tchinese
============ Link starts with ?: joining https://steamcommunity.com/groups/steamworks/announcements/detail/3862463747997849619 and ?l=tchinese
============ Checking for Redirections: https://steamcommunity.com/groups/steamworks/announcements/detail/3862463747997849619?l=tchinese
============ Link after cleaning: https://steamcommunity.com/groups/steamworks/announcements/detail/3862463747997849619
========== link already checked
======== We are on link 43 of 82
========== raw link ?l=japanese
============ Link starts with ?: joining https://steamcommunity.com/groups/steamworks/announcements/detail/3862463747997849619 and ?l=japanese
============ Checking for Redirections: https://steamcommunity.com/groups/steamworks/announcements/detail/3862463747997849619?l=japanese
============ Link after cleaning: https://steamcommunity.com/groups/steamworks/announcements/detail/3862463747997849619
========== link already checked
======== We are on link 44 of 82
========== raw link ?l=koreana
============ Link starts with ?: joining https://steamcommunity.com/groups/steamworks/announcements/detail/3862463747997849619 and ?l=koreana
============ Checking for Redirections: https://steamcommunity.com/groups/steamworks/announcements/detail/3862463747997849619?l=koreana
============ Link after cleaning: https://steamcommunity.com/groups/steamworks/announcements/detail/3862463747997849619
========== link already checked
======== We are on link 45 of 82
========== raw link ?l=thai
============ Link starts with ?: joining https://steamcommunity.com/groups/steamworks/announcements/detail/3862463747997849619 and ?l=thai
============ Checking for Redirections: https://steamcommunity.com/groups/steamworks/announcements/detail/3862463747997849619?l=thai
============ Link after cleaning: https://steamcommunity.com/groups/steamworks/announcements/detail/3862463747997849619
========== link already checked
======== We are on link 46 of 82
========== raw link ?l=bulgarian
============ Link starts with ?: joining https://steamcommunity.com/groups/steamworks/announcements/detail/3862463747997849619 and ?l=bulgarian
============ Checking for Redirections: https://steamcommunity.com/groups/steamworks/announcements/detail/3862463747997849619?l=bulgarian
============ Link after cleaning: https://steamcommunity.com/groups/steamworks/announcements/detail/3862463747997849619
========== link already checked
======== We are on link 47 of 82
========== raw link ?l=czech
============ Link starts with ?: joining https://steamcommunity.com/groups/steamworks/announcements/detail/3862463747997849619 and ?l=czech
============ Checking for Redirections: https://steamcommunity.com/groups/steamworks/announcements/detail/3862463747997849619?l=czech
============ Link after cleaning: https://steamcommunity.com/groups/steamworks/announcements/detail/3862463747997849619
========== link already checked
======== We are on link 48 of 82
========== raw link ?l=danish
============ Link starts with ?: joining https://steamcommunity.com/groups/steamworks/announcements/detail/3862463747997849619 and ?l=danish
============ Checking for Redirections: https://steamcommunity.com/groups/steamworks/announcements/detail/3862463747997849619?l=danish
============ Link after cleaning: https://steamcommunity.com/groups/steamworks/announcements/detail/3862463747997849619
========== link already checked
======== We are on link 49 of 82
========== raw link ?l=german
============ Link starts with ?: joining https://steamcommunity.com/groups/steamworks/announcements/detail/3862463747997849619 and ?l=german
============ Checking for Redirections: https://steamcommunity.com/groups/steamworks/announcements/detail/3862463747997849619?l=german
============ Link after cleaning: https://steamcommunity.com/groups/steamworks/announcements/detail/3862463747997849619
========== link already checked
======== We are on link 50 of 82
========== raw link ?l=spanish
============ Link starts with ?: joining https://steamcommunity.com/groups/steamworks/announcements/detail/3862463747997849619 and ?l=spanish
============ Checking for Redirections: https://steamcommunity.com/groups/steamworks/announcements/detail/3862463747997849619?l=spanish
============ Link after cleaning: https://steamcommunity.com/groups/steamworks/announcements/detail/3862463747997849619
========== link already checked
======== We are on link 51 of 82
========== raw link ?l=latam
============ Link starts with ?: joining https://steamcommunity.com/groups/steamworks/announcements/detail/3862463747997849619 and ?l=latam
============ Checking for Redirections: https://steamcommunity.com/groups/steamworks/announcements/detail/3862463747997849619?l=latam
============ Link after cleaning: https://steamcommunity.com/groups/steamworks/announcements/detail/3862463747997849619
========== link already checked
======== We are on link 52 of 82
========== raw link ?l=greek
============ Link starts with ?: joining https://steamcommunity.com/groups/steamworks/announcements/detail/3862463747997849619 and ?l=greek
============ Checking for Redirections: https://steamcommunity.com/groups/steamworks/announcements/detail/3862463747997849619?l=greek
============ Link after cleaning: https://steamcommunity.com/groups/steamworks/announcements/detail/3862463747997849619
========== link already checked
======== We are on link 53 of 82
========== raw link ?l=french
============ Link starts with ?: joining https://steamcommunity.com/groups/steamworks/announcements/detail/3862463747997849619 and ?l=french
============ Checking for Redirections: https://steamcommunity.com/groups/steamworks/announcements/detail/3862463747997849619?l=french
============ Link after cleaning: https://steamcommunity.com/groups/steamworks/announcements/detail/3862463747997849619
========== link already checked
======== We are on link 54 of 82
========== raw link ?l=italian
============ Link starts with ?: joining https://steamcommunity.com/groups/steamworks/announcements/detail/3862463747997849619 and ?l=italian
============ Checking for Redirections: https://steamcommunity.com/groups/steamworks/announcements/detail/3862463747997849619?l=italian
============ Link after cleaning: https://steamcommunity.com/groups/steamworks/announcements/detail/3862463747997849619
========== link already checked
======== We are on link 55 of 82
========== raw link ?l=indonesian
============ Link starts with ?: joining https://steamcommunity.com/groups/steamworks/announcements/detail/3862463747997849619 and ?l=indonesian
============ Checking for Redirections: https://steamcommunity.com/groups/steamworks/announcements/detail/3862463747997849619?l=indonesian
============ Link after cleaning: https://steamcommunity.com/groups/steamworks/announcements/detail/3862463747997849619
========== link already checked
======== We are on link 56 of 82
========== raw link ?l=hungarian
============ Link starts with ?: joining https://steamcommunity.com/groups/steamworks/announcements/detail/3862463747997849619 and ?l=hungarian
============ Checking for Redirections: https://steamcommunity.com/groups/steamworks/announcements/detail/3862463747997849619?l=hungarian
============ Link after cleaning: https://steamcommunity.com/groups/steamworks/announcements/detail/3862463747997849619
========== link already checked
======== We are on link 57 of 82
========== raw link ?l=dutch
============ Link starts with ?: joining https://steamcommunity.com/groups/steamworks/announcements/detail/3862463747997849619 and ?l=dutch
============ Checking for Redirections: https://steamcommunity.com/groups/steamworks/announcements/detail/3862463747997849619?l=dutch
============ Link after cleaning: https://steamcommunity.com/groups/steamworks/announcements/detail/3862463747997849619
========== link already checked
======== We are on link 58 of 82
========== raw link ?l=norwegian
============ Link starts with ?: joining https://steamcommunity.com/groups/steamworks/announcements/detail/3862463747997849619 and ?l=norwegian
============ Checking for Redirections: https://steamcommunity.com/groups/steamworks/announcements/detail/3862463747997849619?l=norwegian
============ Link after cleaning: https://steamcommunity.com/groups/steamworks/announcements/detail/3862463747997849619
========== link already checked
======== We are on link 59 of 82
========== raw link ?l=polish
============ Link starts with ?: joining https://steamcommunity.com/groups/steamworks/announcements/detail/3862463747997849619 and ?l=polish
============ Checking for Redirections: https://steamcommunity.com/groups/steamworks/announcements/detail/3862463747997849619?l=polish
============ Link after cleaning: https://steamcommunity.com/groups/steamworks/announcements/detail/3862463747997849619
========== link already checked
======== We are on link 60 of 82
========== raw link ?l=portuguese
============ Link starts with ?: joining https://steamcommunity.com/groups/steamworks/announcements/detail/3862463747997849619 and ?l=portuguese
============ Checking for Redirections: https://steamcommunity.com/groups/steamworks/announcements/detail/3862463747997849619?l=portuguese
============ Link after cleaning: https://steamcommunity.com/groups/steamworks/announcements/detail/3862463747997849619
========== link already checked
======== We are on link 61 of 82
========== raw link ?l=brazilian
============ Link starts with ?: joining https://steamcommunity.com/groups/steamworks/announcements/detail/3862463747997849619 and ?l=brazilian
============ Checking for Redirections: https://steamcommunity.com/groups/steamworks/announcements/detail/3862463747997849619?l=brazilian
============ Link after cleaning: https://steamcommunity.com/groups/steamworks/announcements/detail/3862463747997849619
========== link already checked
======== We are on link 62 of 82
========== raw link ?l=romanian
============ Link starts with ?: joining https://steamcommunity.com/groups/steamworks/announcements/detail/3862463747997849619 and ?l=romanian
============ Checking for Redirections: https://steamcommunity.com/groups/steamworks/announcements/detail/3862463747997849619?l=romanian
============ Link after cleaning: https://steamcommunity.com/groups/steamworks/announcements/detail/3862463747997849619
========== link already checked
======== We are on link 63 of 82
========== raw link ?l=russian
============ Link starts with ?: joining https://steamcommunity.com/groups/steamworks/announcements/detail/3862463747997849619 and ?l=russian
============ Checking for Redirections: https://steamcommunity.com/groups/steamworks/announcements/detail/3862463747997849619?l=russian
============ Link after cleaning: https://steamcommunity.com/groups/steamworks/announcements/detail/3862463747997849619
========== link already checked
======== We are on link 64 of 82
========== raw link ?l=finnish
============ Link starts with ?: joining https://steamcommunity.com/groups/steamworks/announcements/detail/3862463747997849619 and ?l=finnish
============ Checking for Redirections: https://steamcommunity.com/groups/steamworks/announcements/detail/3862463747997849619?l=finnish
============ Link after cleaning: https://steamcommunity.com/groups/steamworks/announcements/detail/3862463747997849619
========== link already checked
======== We are on link 65 of 82
========== raw link ?l=swedish
============ Link starts with ?: joining https://steamcommunity.com/groups/steamworks/announcements/detail/3862463747997849619 and ?l=swedish
============ Checking for Redirections: https://steamcommunity.com/groups/steamworks/announcements/detail/3862463747997849619?l=swedish
============ Link after cleaning: https://steamcommunity.com/groups/steamworks/announcements/detail/3862463747997849619
========== link already checked
======== We are on link 66 of 82
========== raw link ?l=turkish
============ Link starts with ?: joining https://steamcommunity.com/groups/steamworks/announcements/detail/3862463747997849619 and ?l=turkish
============ Checking for Redirections: https://steamcommunity.com/groups/steamworks/announcements/detail/3862463747997849619?l=turkish
============ Link after cleaning: https://steamcommunity.com/groups/steamworks/announcements/detail/3862463747997849619
========== link already checked
======== We are on link 67 of 82
========== raw link ?l=vietnamese
============ Link starts with ?: joining https://steamcommunity.com/groups/steamworks/announcements/detail/3862463747997849619 and ?l=vietnamese
============ Checking for Redirections: https://steamcommunity.com/groups/steamworks/announcements/detail/3862463747997849619?l=vietnamese
============ Link after cleaning: https://steamcommunity.com/groups/steamworks/announcements/detail/3862463747997849619
========== link already checked
======== We are on link 68 of 82
========== raw link ?l=ukrainian
============ Link starts with ?: joining https://steamcommunity.com/groups/steamworks/announcements/detail/3862463747997849619 and ?l=ukrainian
============ Checking for Redirections: https://steamcommunity.com/groups/steamworks/announcements/detail/3862463747997849619?l=ukrainian
============ Link after cleaning: https://steamcommunity.com/groups/steamworks/announcements/detail/3862463747997849619
========== link already checked
======== We are on link 69 of 82
========== raw link https://www.valvesoftware.com/en/contact?contact-person=Translation%20Team%20Feedback
========== dropped link https://www.valvesoftware.com/en/contact?contact-person=Translation%20Team%20Feedback. Didn't pass first allows/blocks test.
======== We are on link 70 of 82
========== raw link https://store.steampowered.com/curator/4145017?snr=2___
============ Checking for Redirections: https://store.steampowered.com/curator/4145017?snr=2___
============ Followed Redirection to https://store.steampowered.com/curator/4145017
============ Link after cleaning: https://store.steampowered.com/curator/4145017
========== link already checked
======== We are on link 71 of 82
========== raw link https://store.steampowered.com/news/
============ Checking for Redirections: https://store.steampowered.com/news/
============ Link unchanged
========== link already checked
======== We are on link 72 of 82
========== raw link https://store.steampowered.com/news/group/4145017
============ Checking for Redirections: https://store.steampowered.com/news/group/4145017
============ Link unchanged
========== scraping https://store.steampowered.com/news/group/4145017
======== We are on link 73 of 82
========== raw link https://steamcommunity.com/groups/steamworks?snr=2_groupannouncements_detail_
============ Checking for Redirections: https://steamcommunity.com/groups/steamworks?snr=2_groupannouncements_detail_
============ Followed Redirection to https://steamcommunity.com/groups/steamworks
============ Link after cleaning: https://steamcommunity.com/groups/steamworks
========== scraping https://steamcommunity.com/groups/steamworks
======== We are on link 74 of 82
========== raw link https://steamcommunity.com/groups/steamworks/eventcomments/4137185692902102798?snr=2_groupannouncements_detail_
============ Checking for Redirections: https://steamcommunity.com/groups/steamworks/eventcomments/4137185692902102798?snr=2_groupannouncements_detail_
============ Link after cleaning: https://steamcommunity.com/groups/steamworks/eventcomments/4137185692902102798
========== scraping https://steamcommunity.com/groups/steamworks/eventcomments/4137185692902102798
============ New link added. Search term (AI) found on https://steamcommunity.com/groups/steamworks/eventcomments/4137185692902102798.
======== We are on link 75 of 82
========== raw link /groups/steamworks/announcements/detail/4031353167279731011
============ Found Relative: joining https://steamcommunity.com/groups/steamworks/announcements/detail/3862463747997849619 and /groups/steamworks/announcements/detail/4031353167279731011
============ Checking for Redirections: https://steamcommunity.com/groups/steamworks/announcements/detail/4031353167279731011
============ Link after cleaning: https://steamcommunity.com/groups/steamworks/announcements/detail/4031353167279731011
========== scraping https://steamcommunity.com/groups/steamworks/announcements/detail/4031353167279731011
======== We are on link 76 of 82
========== raw link /groups/steamworks/announcements/detail/3728476412305545764
============ Found Relative: joining https://steamcommunity.com/groups/steamworks/announcements/detail/3862463747997849619 and /groups/steamworks/announcements/detail/3728476412305545764
============ Checking for Redirections: https://steamcommunity.com/groups/steamworks/announcements/detail/3728476412305545764
============ Link after cleaning: https://steamcommunity.com/groups/steamworks/announcements/detail/3728476412305545764
========== scraping https://steamcommunity.com/groups/steamworks/announcements/detail/3728476412305545764
============ New link added. Search term (AI) found on https://steamcommunity.com/groups/steamworks/announcements/detail/3728476412305545764.
======== We are on link 77 of 82
========== raw link /groups/steamworks/announcements/detail/3788151013299508612
============ Found Relative: joining https://steamcommunity.com/groups/steamworks/announcements/detail/3862463747997849619 and /groups/steamworks/announcements/detail/3788151013299508612
============ Checking for Redirections: https://steamcommunity.com/groups/steamworks/announcements/detail/3788151013299508612
============ Link after cleaning: https://steamcommunity.com/groups/steamworks/announcements/detail/3788151013299508612
========== scraping https://steamcommunity.com/groups/steamworks/announcements/detail/3788151013299508612
======== We are on link 78 of 82
========== raw link https://steamcommunity.com/linkfilter/?u=http%3A%2F%2Fwww.geonames.org
============ Checking for Redirections: https://steamcommunity.com/linkfilter/?u=http%3A%2F%2Fwww.geonames.org
============ Link after cleaning: https://steamcommunity.com/linkfilter/
========== link already checked
======== We are on link 79 of 82
========== raw link http://store.steampowered.com/privacy_agreement/
============ Checking for Redirections: http://store.steampowered.com/privacy_agreement/
============ Followed Redirection to https://store.steampowered.com/privacy_agreement/
============ Link after cleaning: https://store.steampowered.com/privacy_agreement/
========== link already checked
======== We are on link 80 of 82
========== raw link https://store.steampowered.com/legal/
============ Checking for Redirections: https://store.steampowered.com/legal/
============ Link unchanged
========== link already checked
======== We are on link 81 of 82
========== raw link http://store.steampowered.com/subscriber_agreement/
============ Checking for Redirections: http://store.steampowered.com/subscriber_agreement/
============ Followed Redirection to https://store.steampowered.com/subscriber_agreement/
============ Link after cleaning: https://store.steampowered.com/subscriber_agreement/
========== link already checked
======== We are on link 82 of 82
========== raw link http://store.steampowered.com/account/cookiepreferences/
============ Checking for Redirections: http://store.steampowered.com/account/cookiepreferences/
============ Followed Redirection to https://store.steampowered.com/account/cookiepreferences/
============ Link after cleaning: https://store.steampowered.com/account/cookiepreferences/
========== link already checked
====== We are on page 7 of 7: https://store.steampowered.com/subscriber_agreement/
====== Number of Links on this Page: 135
======== We are on link 1 of 135
========== raw link https://store.steampowered.com/login/?redir=subscriber_agreement%2F&redir_ssl=1&snr=1_subscriberagreement_SubscriberAgreement__global-header
========== dropped link https://store.steampowered.com/login/?redir=subscriber_agreement%2F&redir_ssl=1&snr=1_subscriberagreement_SubscriberAgreement__global-header. Didn't pass first allows/blocks test.
======== We are on link 2 of 135
========== raw link https://store.steampowered.com/?snr=1_subscriberagreement_SubscriberAgreement__global-responsive-menu
============ Checking for Redirections: https://store.steampowered.com/?snr=1_subscriberagreement_SubscriberAgreement__global-responsive-menu
============ Followed Redirection to https://store.steampowered.com/
============ Link after cleaning: https://store.steampowered.com/
========== link already checked
======== We are on link 3 of 135
========== raw link https://store.steampowered.com/?snr=1_subscriberagreement_SubscriberAgreement__global-responsive-menu
============ Checking for Redirections: https://store.steampowered.com/?snr=1_subscriberagreement_SubscriberAgreement__global-responsive-menu
============ Followed Redirection to https://store.steampowered.com/
============ Link after cleaning: https://store.steampowered.com/
========== link already checked
======== We are on link 4 of 135
========== raw link https://store.steampowered.com/explore/?snr=1_subscriberagreement_SubscriberAgreement__global-responsive-menu
============ Checking for Redirections: https://store.steampowered.com/explore/?snr=1_subscriberagreement_SubscriberAgreement__global-responsive-menu
============ Followed Redirection to https://store.steampowered.com/login/?redir=explore%2F%3Fsnr%3D1_subscriberagreement_SubscriberAgreement__global-responsive-menu&redir_ssl=1&snr=1_subscriberagreement_SubscriberAgreement__global-responsive-menu
============ Link after cleaning: https://store.steampowered.com/login/
============ Excluded based on allow/block list.
======== We are on link 5 of 135
========== raw link https://steamcommunity.com/my/wishlist/
============ Checking for Redirections: https://steamcommunity.com/my/wishlist/
============ Followed Redirection to https://store.steampowered.com/login/?redir=https%3A%2F%2Fstore.steampowered.com%2Fwishlist%2F
============ Link after cleaning: https://store.steampowered.com/login/
============ Excluded based on allow/block list.
======== We are on link 6 of 135
========== raw link https://store.steampowered.com/points/shop/?snr=1_subscriberagreement_SubscriberAgreement__global-responsive-menu
============ Checking for Redirections: https://store.steampowered.com/points/shop/?snr=1_subscriberagreement_SubscriberAgreement__global-responsive-menu
============ Followed Redirection to https://store.steampowered.com/points/shop/
============ Link after cleaning: https://store.steampowered.com/points/shop/
========== link already checked
======== We are on link 7 of 135
========== raw link https://store.steampowered.com/news/?snr=1_subscriberagreement_SubscriberAgreement__global-responsive-menu
============ Checking for Redirections: https://store.steampowered.com/news/?snr=1_subscriberagreement_SubscriberAgreement__global-responsive-menu
============ Followed Redirection to https://store.steampowered.com/news/
============ Link after cleaning: https://store.steampowered.com/news/
========== link already checked
======== We are on link 8 of 135
========== raw link https://store.steampowered.com/stats/?snr=1_subscriberagreement_SubscriberAgreement__global-responsive-menu
============ Checking for Redirections: https://store.steampowered.com/stats/?snr=1_subscriberagreement_SubscriberAgreement__global-responsive-menu
============ Followed Redirection to https://store.steampowered.com/charts
============ Link after cleaning: https://store.steampowered.com/charts
========== link already checked
======== We are on link 9 of 135
========== raw link https://steamcommunity.com/
============ Checking for Redirections: https://steamcommunity.com/
============ Link unchanged
========== link already checked
======== We are on link 10 of 135
========== raw link https://steamcommunity.com/
============ Checking for Redirections: https://steamcommunity.com/
============ Link unchanged
========== link already checked
======== We are on link 11 of 135
========== raw link https://steamcommunity.com/discussions/
============ Checking for Redirections: https://steamcommunity.com/discussions/
============ Link unchanged
========== link already checked
======== We are on link 12 of 135
========== raw link https://steamcommunity.com/workshop/
============ Checking for Redirections: https://steamcommunity.com/workshop/
============ Link unchanged
========== link already checked
======== We are on link 13 of 135
========== raw link https://steamcommunity.com/market/
============ Checking for Redirections: https://steamcommunity.com/market/
============ Link unchanged
========== link already checked
======== We are on link 14 of 135
========== raw link https://steamcommunity.com/?subsection=broadcasts
============ Checking for Redirections: https://steamcommunity.com/?subsection=broadcasts
============ Link after cleaning: https://steamcommunity.com/
========== link already checked
======== We are on link 15 of 135
========== raw link https://store.steampowered.com/about/?snr=1_subscriberagreement_SubscriberAgreement__global-responsive-menu
============ Checking for Redirections: https://store.steampowered.com/about/?snr=1_subscriberagreement_SubscriberAgreement__global-responsive-menu
============ Followed Redirection to https://store.steampowered.com/about/
============ Link after cleaning: https://store.steampowered.com/about/
========== link already checked
======== We are on link 16 of 135
========== raw link https://help.steampowered.com/en/
============ Checking for Redirections: https://help.steampowered.com/en/
============ Link unchanged
========== link already checked
======== We are on link 17 of 135
========== raw link https://store.steampowered.com/mobile
============ Checking for Redirections: https://store.steampowered.com/mobile
============ Link unchanged
========== link already checked
======== We are on link 18 of 135
========== raw link https://store.steampowered.com/privacy_agreement/?snr=1_subscriberagreement_SubscriberAgreement__global-responsive-menu
============ Checking for Redirections: https://store.steampowered.com/privacy_agreement/?snr=1_subscriberagreement_SubscriberAgreement__global-responsive-menu
============ Link after cleaning: https://store.steampowered.com/privacy_agreement/
========== link already checked
======== We are on link 19 of 135
========== raw link http://www.valvesoftware.com/legal.htm
========== dropped link http://www.valvesoftware.com/legal.htm. Didn't pass first allows/blocks test.
======== We are on link 20 of 135
========== raw link https://store.steampowered.com/subscriber_agreement/?snr=1_subscriberagreement_SubscriberAgreement__global-responsive-menu
============ Checking for Redirections: https://store.steampowered.com/subscriber_agreement/?snr=1_subscriberagreement_SubscriberAgreement__global-responsive-menu
============ Link after cleaning: https://store.steampowered.com/subscriber_agreement/
========== link already checked
======== We are on link 21 of 135
========== raw link https://store.steampowered.com/steam_refunds/?snr=1_subscriberagreement_SubscriberAgreement__global-responsive-menu
============ Checking for Redirections: https://store.steampowered.com/steam_refunds/?snr=1_subscriberagreement_SubscriberAgreement__global-responsive-menu
============ Link after cleaning: https://store.steampowered.com/steam_refunds/
========== link already checked
======== We are on link 22 of 135
========== raw link https://store.steampowered.com/?snr=1_subscriberagreement_SubscriberAgreement__global-responsive-menu
============ Checking for Redirections: https://store.steampowered.com/?snr=1_subscriberagreement_SubscriberAgreement__global-responsive-menu
============ Followed Redirection to https://store.steampowered.com/
============ Link after cleaning: https://store.steampowered.com/
========== link already checked
======== We are on link 23 of 135
========== raw link https://store.steampowered.com/?snr=1_subscriberagreement_SubscriberAgreement__global-header
============ Checking for Redirections: https://store.steampowered.com/?snr=1_subscriberagreement_SubscriberAgreement__global-header
============ Followed Redirection to https://store.steampowered.com/
============ Link after cleaning: https://store.steampowered.com/
========== link already checked
======== We are on link 24 of 135
========== raw link https://store.steampowered.com/?snr=1_subscriberagreement_SubscriberAgreement__global-header
============ Checking for Redirections: https://store.steampowered.com/?snr=1_subscriberagreement_SubscriberAgreement__global-header
============ Followed Redirection to https://store.steampowered.com/
============ Link after cleaning: https://store.steampowered.com/
========== link already checked
======== We are on link 25 of 135
========== raw link https://store.steampowered.com/?snr=1_subscriberagreement_SubscriberAgreement__global-header
============ Checking for Redirections: https://store.steampowered.com/?snr=1_subscriberagreement_SubscriberAgreement__global-header
============ Followed Redirection to https://store.steampowered.com/
============ Link after cleaning: https://store.steampowered.com/
========== link already checked
======== We are on link 26 of 135
========== raw link https://store.steampowered.com/explore/?snr=1_subscriberagreement_SubscriberAgreement__global-header
============ Checking for Redirections: https://store.steampowered.com/explore/?snr=1_subscriberagreement_SubscriberAgreement__global-header
============ Followed Redirection to https://store.steampowered.com/login/?redir=explore%2F%3Fsnr%3D1_subscriberagreement_SubscriberAgreement__global-header&redir_ssl=1&snr=1_subscriberagreement_SubscriberAgreement__global-header
============ Link after cleaning: https://store.steampowered.com/login/
============ Excluded based on allow/block list.
======== We are on link 27 of 135
========== raw link https://steamcommunity.com/my/wishlist/
============ Checking for Redirections: https://steamcommunity.com/my/wishlist/
============ Followed Redirection to https://store.steampowered.com/login/?redir=https%3A%2F%2Fstore.steampowered.com%2Fwishlist%2F
============ Link after cleaning: https://store.steampowered.com/login/
============ Excluded based on allow/block list.
======== We are on link 28 of 135
========== raw link https://store.steampowered.com/points/shop/?snr=1_subscriberagreement_SubscriberAgreement__global-header
============ Checking for Redirections: https://store.steampowered.com/points/shop/?snr=1_subscriberagreement_SubscriberAgreement__global-header
============ Followed Redirection to https://store.steampowered.com/points/shop/
============ Link after cleaning: https://store.steampowered.com/points/shop/
========== link already checked
======== We are on link 29 of 135
========== raw link https://store.steampowered.com/news/?snr=1_subscriberagreement_SubscriberAgreement__global-header
============ Checking for Redirections: https://store.steampowered.com/news/?snr=1_subscriberagreement_SubscriberAgreement__global-header
============ Followed Redirection to https://store.steampowered.com/news/
============ Link after cleaning: https://store.steampowered.com/news/
========== link already checked
======== We are on link 30 of 135
========== raw link https://store.steampowered.com/stats/?snr=1_subscriberagreement_SubscriberAgreement__global-header
============ Checking for Redirections: https://store.steampowered.com/stats/?snr=1_subscriberagreement_SubscriberAgreement__global-header
============ Followed Redirection to https://store.steampowered.com/charts
============ Link after cleaning: https://store.steampowered.com/charts
========== link already checked
======== We are on link 31 of 135
========== raw link https://steamcommunity.com/
============ Checking for Redirections: https://steamcommunity.com/
============ Link unchanged
========== link already checked
======== We are on link 32 of 135
========== raw link https://steamcommunity.com/
============ Checking for Redirections: https://steamcommunity.com/
============ Link unchanged
========== link already checked
======== We are on link 33 of 135
========== raw link https://steamcommunity.com/discussions/
============ Checking for Redirections: https://steamcommunity.com/discussions/
============ Link unchanged
========== link already checked
======== We are on link 34 of 135
========== raw link https://steamcommunity.com/workshop/
============ Checking for Redirections: https://steamcommunity.com/workshop/
============ Link unchanged
========== link already checked
======== We are on link 35 of 135
========== raw link https://steamcommunity.com/market/
============ Checking for Redirections: https://steamcommunity.com/market/
============ Link unchanged
========== link already checked
======== We are on link 36 of 135
========== raw link https://steamcommunity.com/?subsection=broadcasts
============ Checking for Redirections: https://steamcommunity.com/?subsection=broadcasts
============ Link after cleaning: https://steamcommunity.com/
========== link already checked
======== We are on link 37 of 135
========== raw link https://store.steampowered.com/about/?snr=1_subscriberagreement_SubscriberAgreement__global-header
============ Checking for Redirections: https://store.steampowered.com/about/?snr=1_subscriberagreement_SubscriberAgreement__global-header
============ Followed Redirection to https://store.steampowered.com/about/
============ Link after cleaning: https://store.steampowered.com/about/
========== link already checked
======== We are on link 38 of 135
========== raw link https://help.steampowered.com/en/
============ Checking for Redirections: https://help.steampowered.com/en/
============ Link unchanged
========== link already checked
======== We are on link 39 of 135
========== raw link https://store.steampowered.com/about/?snr=1_subscriberagreement_SubscriberAgreement__global-header
============ Checking for Redirections: https://store.steampowered.com/about/?snr=1_subscriberagreement_SubscriberAgreement__global-header
============ Followed Redirection to https://store.steampowered.com/about/
============ Link after cleaning: https://store.steampowered.com/about/
========== link already checked
======== We are on link 40 of 135
========== raw link https://store.steampowered.com/login/?redir=subscriber_agreement%2F&redir_ssl=1&snr=1_subscriberagreement_SubscriberAgreement__global-header
========== dropped link https://store.steampowered.com/login/?redir=subscriber_agreement%2F&redir_ssl=1&snr=1_subscriberagreement_SubscriberAgreement__global-header. Didn't pass first allows/blocks test.
======== We are on link 41 of 135
========== raw link ?l=schinese
============ Link starts with ?: joining https://store.steampowered.com/subscriber_agreement/ and ?l=schinese
============ Checking for Redirections: https://store.steampowered.com/subscriber_agreement/?l=schinese
============ Link after cleaning: https://store.steampowered.com/subscriber_agreement/
========== link already checked
======== We are on link 42 of 135
========== raw link ?l=tchinese
============ Link starts with ?: joining https://store.steampowered.com/subscriber_agreement/ and ?l=tchinese
============ Checking for Redirections: https://store.steampowered.com/subscriber_agreement/?l=tchinese
============ Link after cleaning: https://store.steampowered.com/subscriber_agreement/
========== link already checked
======== We are on link 43 of 135
========== raw link ?l=japanese
============ Link starts with ?: joining https://store.steampowered.com/subscriber_agreement/ and ?l=japanese
============ Checking for Redirections: https://store.steampowered.com/subscriber_agreement/?l=japanese
============ Link after cleaning: https://store.steampowered.com/subscriber_agreement/
========== link already checked
======== We are on link 44 of 135
========== raw link ?l=koreana
============ Link starts with ?: joining https://store.steampowered.com/subscriber_agreement/ and ?l=koreana
============ Checking for Redirections: https://store.steampowered.com/subscriber_agreement/?l=koreana
============ Link after cleaning: https://store.steampowered.com/subscriber_agreement/
========== link already checked
======== We are on link 45 of 135
========== raw link ?l=thai
============ Link starts with ?: joining https://store.steampowered.com/subscriber_agreement/ and ?l=thai
============ Checking for Redirections: https://store.steampowered.com/subscriber_agreement/?l=thai
============ Link after cleaning: https://store.steampowered.com/subscriber_agreement/
========== link already checked
======== We are on link 46 of 135
========== raw link ?l=bulgarian
============ Link starts with ?: joining https://store.steampowered.com/subscriber_agreement/ and ?l=bulgarian
============ Checking for Redirections: https://store.steampowered.com/subscriber_agreement/?l=bulgarian
============ Link after cleaning: https://store.steampowered.com/subscriber_agreement/
========== link already checked
======== We are on link 47 of 135
========== raw link ?l=czech
============ Link starts with ?: joining https://store.steampowered.com/subscriber_agreement/ and ?l=czech
============ Checking for Redirections: https://store.steampowered.com/subscriber_agreement/?l=czech
============ Link after cleaning: https://store.steampowered.com/subscriber_agreement/
========== link already checked
======== We are on link 48 of 135
========== raw link ?l=danish
============ Link starts with ?: joining https://store.steampowered.com/subscriber_agreement/ and ?l=danish
============ Checking for Redirections: https://store.steampowered.com/subscriber_agreement/?l=danish
============ Link after cleaning: https://store.steampowered.com/subscriber_agreement/
========== link already checked
======== We are on link 49 of 135
========== raw link ?l=german
============ Link starts with ?: joining https://store.steampowered.com/subscriber_agreement/ and ?l=german
============ Checking for Redirections: https://store.steampowered.com/subscriber_agreement/?l=german
============ Link after cleaning: https://store.steampowered.com/subscriber_agreement/
========== link already checked
======== We are on link 50 of 135
========== raw link ?l=spanish
============ Link starts with ?: joining https://store.steampowered.com/subscriber_agreement/ and ?l=spanish
============ Checking for Redirections: https://store.steampowered.com/subscriber_agreement/?l=spanish
============ Link after cleaning: https://store.steampowered.com/subscriber_agreement/
========== link already checked
======== We are on link 51 of 135
========== raw link ?l=latam
============ Link starts with ?: joining https://store.steampowered.com/subscriber_agreement/ and ?l=latam
============ Checking for Redirections: https://store.steampowered.com/subscriber_agreement/?l=latam
============ Link after cleaning: https://store.steampowered.com/subscriber_agreement/
========== link already checked
======== We are on link 52 of 135
========== raw link ?l=greek
============ Link starts with ?: joining https://store.steampowered.com/subscriber_agreement/ and ?l=greek
============ Checking for Redirections: https://store.steampowered.com/subscriber_agreement/?l=greek
============ Link after cleaning: https://store.steampowered.com/subscriber_agreement/
========== link already checked
======== We are on link 53 of 135
========== raw link ?l=french
============ Link starts with ?: joining https://store.steampowered.com/subscriber_agreement/ and ?l=french
============ Checking for Redirections: https://store.steampowered.com/subscriber_agreement/?l=french
============ Link after cleaning: https://store.steampowered.com/subscriber_agreement/
========== link already checked
======== We are on link 54 of 135
========== raw link ?l=italian
============ Link starts with ?: joining https://store.steampowered.com/subscriber_agreement/ and ?l=italian
============ Checking for Redirections: https://store.steampowered.com/subscriber_agreement/?l=italian
============ Link after cleaning: https://store.steampowered.com/subscriber_agreement/
========== link already checked
======== We are on link 55 of 135
========== raw link ?l=indonesian
============ Link starts with ?: joining https://store.steampowered.com/subscriber_agreement/ and ?l=indonesian
============ Checking for Redirections: https://store.steampowered.com/subscriber_agreement/?l=indonesian
============ Link after cleaning: https://store.steampowered.com/subscriber_agreement/
========== link already checked
======== We are on link 56 of 135
========== raw link ?l=hungarian
============ Link starts with ?: joining https://store.steampowered.com/subscriber_agreement/ and ?l=hungarian
============ Checking for Redirections: https://store.steampowered.com/subscriber_agreement/?l=hungarian
============ Link after cleaning: https://store.steampowered.com/subscriber_agreement/
========== link already checked
======== We are on link 57 of 135
========== raw link ?l=dutch
============ Link starts with ?: joining https://store.steampowered.com/subscriber_agreement/ and ?l=dutch
============ Checking for Redirections: https://store.steampowered.com/subscriber_agreement/?l=dutch
============ Link after cleaning: https://store.steampowered.com/subscriber_agreement/
========== link already checked
======== We are on link 58 of 135
========== raw link ?l=norwegian
============ Link starts with ?: joining https://store.steampowered.com/subscriber_agreement/ and ?l=norwegian
============ Checking for Redirections: https://store.steampowered.com/subscriber_agreement/?l=norwegian
============ Link after cleaning: https://store.steampowered.com/subscriber_agreement/
========== link already checked
======== We are on link 59 of 135
========== raw link ?l=polish
============ Link starts with ?: joining https://store.steampowered.com/subscriber_agreement/ and ?l=polish
============ Checking for Redirections: https://store.steampowered.com/subscriber_agreement/?l=polish
============ Link after cleaning: https://store.steampowered.com/subscriber_agreement/
========== link already checked
======== We are on link 60 of 135
========== raw link ?l=portuguese
============ Link starts with ?: joining https://store.steampowered.com/subscriber_agreement/ and ?l=portuguese
============ Checking for Redirections: https://store.steampowered.com/subscriber_agreement/?l=portuguese
============ Link after cleaning: https://store.steampowered.com/subscriber_agreement/
========== link already checked
======== We are on link 61 of 135
========== raw link ?l=brazilian
============ Link starts with ?: joining https://store.steampowered.com/subscriber_agreement/ and ?l=brazilian
============ Checking for Redirections: https://store.steampowered.com/subscriber_agreement/?l=brazilian
============ Link after cleaning: https://store.steampowered.com/subscriber_agreement/
========== link already checked
======== We are on link 62 of 135
========== raw link ?l=romanian
============ Link starts with ?: joining https://store.steampowered.com/subscriber_agreement/ and ?l=romanian
============ Checking for Redirections: https://store.steampowered.com/subscriber_agreement/?l=romanian
============ Link after cleaning: https://store.steampowered.com/subscriber_agreement/
========== link already checked
======== We are on link 63 of 135
========== raw link ?l=russian
============ Link starts with ?: joining https://store.steampowered.com/subscriber_agreement/ and ?l=russian
============ Checking for Redirections: https://store.steampowered.com/subscriber_agreement/?l=russian
============ Link after cleaning: https://store.steampowered.com/subscriber_agreement/
========== link already checked
======== We are on link 64 of 135
========== raw link ?l=finnish
============ Link starts with ?: joining https://store.steampowered.com/subscriber_agreement/ and ?l=finnish
============ Checking for Redirections: https://store.steampowered.com/subscriber_agreement/?l=finnish
============ Link after cleaning: https://store.steampowered.com/subscriber_agreement/
========== link already checked
======== We are on link 65 of 135
========== raw link ?l=swedish
============ Link starts with ?: joining https://store.steampowered.com/subscriber_agreement/ and ?l=swedish
============ Checking for Redirections: https://store.steampowered.com/subscriber_agreement/?l=swedish
============ Link after cleaning: https://store.steampowered.com/subscriber_agreement/
========== link already checked
======== We are on link 66 of 135
========== raw link ?l=turkish
============ Link starts with ?: joining https://store.steampowered.com/subscriber_agreement/ and ?l=turkish
============ Checking for Redirections: https://store.steampowered.com/subscriber_agreement/?l=turkish
============ Link after cleaning: https://store.steampowered.com/subscriber_agreement/
========== link already checked
======== We are on link 67 of 135
========== raw link ?l=vietnamese
============ Link starts with ?: joining https://store.steampowered.com/subscriber_agreement/ and ?l=vietnamese
============ Checking for Redirections: https://store.steampowered.com/subscriber_agreement/?l=vietnamese
============ Link after cleaning: https://store.steampowered.com/subscriber_agreement/
========== link already checked
======== We are on link 68 of 135
========== raw link ?l=ukrainian
============ Link starts with ?: joining https://store.steampowered.com/subscriber_agreement/ and ?l=ukrainian
============ Checking for Redirections: https://store.steampowered.com/subscriber_agreement/?l=ukrainian
============ Link after cleaning: https://store.steampowered.com/subscriber_agreement/
========== link already checked
======== We are on link 69 of 135
========== raw link https://www.valvesoftware.com/en/contact?contact-person=Translation%20Team%20Feedback
========== dropped link https://www.valvesoftware.com/en/contact?contact-person=Translation%20Team%20Feedback. Didn't pass first allows/blocks test.
======== We are on link 70 of 135
========== raw link https://store.steampowered.com/
============ Checking for Redirections: https://store.steampowered.com/
============ Link unchanged
========== link already checked
======== We are on link 71 of 135
========== raw link https://store.steampowered.com/subscriber_agreement/english/
============ Checking for Redirections: https://store.steampowered.com/subscriber_agreement/english/
============ Link unchanged
========== scraping https://store.steampowered.com/subscriber_agreement/english/
======== We are on link 72 of 135
========== raw link https://store.steampowered.com/subscriber_agreement/spanish/
============ Checking for Redirections: https://store.steampowered.com/subscriber_agreement/spanish/
============ Link unchanged
========== scraping https://store.steampowered.com/subscriber_agreement/spanish/
============ Dropping non-English link: https://store.steampowered.com/subscriber_agreement/spanish/
======== We are on link 73 of 135
========== raw link https://store.steampowered.com/subscriber_agreement/french/
============ Checking for Redirections: https://store.steampowered.com/subscriber_agreement/french/
============ Link unchanged
========== scraping https://store.steampowered.com/subscriber_agreement/french/
============ Dropping non-English link: https://store.steampowered.com/subscriber_agreement/french/
======== We are on link 74 of 135
========== raw link https://store.steampowered.com/subscriber_agreement/german/
============ Checking for Redirections: https://store.steampowered.com/subscriber_agreement/german/
============ Link unchanged
========== scraping https://store.steampowered.com/subscriber_agreement/german/
============ Dropping non-English link: https://store.steampowered.com/subscriber_agreement/german/
======== We are on link 75 of 135
========== raw link https://store.steampowered.com/subscriber_agreement/italian/
============ Checking for Redirections: https://store.steampowered.com/subscriber_agreement/italian/
============ Link unchanged
========== scraping https://store.steampowered.com/subscriber_agreement/italian/
============ Dropping non-English link: https://store.steampowered.com/subscriber_agreement/italian/
======== We are on link 76 of 135
========== raw link https://store.steampowered.com/subscriber_agreement/russian/
============ Checking for Redirections: https://store.steampowered.com/subscriber_agreement/russian/
============ Link unchanged
========== scraping https://store.steampowered.com/subscriber_agreement/russian/
============ Dropping non-English link: https://store.steampowered.com/subscriber_agreement/russian/
======== We are on link 77 of 135
========== raw link https://store.steampowered.com/subscriber_agreement/japanese/
============ Checking for Redirections: https://store.steampowered.com/subscriber_agreement/japanese/
============ Link unchanged
========== scraping https://store.steampowered.com/subscriber_agreement/japanese/
============ Dropping non-English link: https://store.steampowered.com/subscriber_agreement/japanese/
======== We are on link 78 of 135
========== raw link https://store.steampowered.com/subscriber_agreement/portuguese/
============ Checking for Redirections: https://store.steampowered.com/subscriber_agreement/portuguese/
============ Link unchanged
========== scraping https://store.steampowered.com/subscriber_agreement/portuguese/
============ Dropping non-English link: https://store.steampowered.com/subscriber_agreement/portuguese/
======== We are on link 79 of 135
========== raw link https://store.steampowered.com/subscriber_agreement/brazilian/
============ Checking for Redirections: https://store.steampowered.com/subscriber_agreement/brazilian/
============ Link unchanged
========== scraping https://store.steampowered.com/subscriber_agreement/brazilian/
============ Dropping non-English link: https://store.steampowered.com/subscriber_agreement/brazilian/
======== We are on link 80 of 135
========== raw link https://store.steampowered.com/subscriber_agreement/polish/
============ Checking for Redirections: https://store.steampowered.com/subscriber_agreement/polish/
============ Link unchanged
========== scraping https://store.steampowered.com/subscriber_agreement/polish/
============ Dropping non-English link: https://store.steampowered.com/subscriber_agreement/polish/
======== We are on link 81 of 135
========== raw link #1
========== dropped link (either fragment ("#"), js, mailto, comment, pdf, or empty)
======== We are on link 82 of 135
========== raw link #2
========== dropped link (either fragment ("#"), js, mailto, comment, pdf, or empty)
======== We are on link 83 of 135
========== raw link #3
========== dropped link (either fragment ("#"), js, mailto, comment, pdf, or empty)
======== We are on link 84 of 135
========== raw link #4
========== dropped link (either fragment ("#"), js, mailto, comment, pdf, or empty)
======== We are on link 85 of 135
========== raw link #5
========== dropped link (either fragment ("#"), js, mailto, comment, pdf, or empty)
======== We are on link 86 of 135
========== raw link #6
========== dropped link (either fragment ("#"), js, mailto, comment, pdf, or empty)
======== We are on link 87 of 135
========== raw link #7
========== dropped link (either fragment ("#"), js, mailto, comment, pdf, or empty)
======== We are on link 88 of 135
========== raw link #8
========== dropped link (either fragment ("#"), js, mailto, comment, pdf, or empty)
======== We are on link 89 of 135
========== raw link #9
========== dropped link (either fragment ("#"), js, mailto, comment, pdf, or empty)
======== We are on link 90 of 135
========== raw link #10
========== dropped link (either fragment ("#"), js, mailto, comment, pdf, or empty)
======== We are on link 91 of 135
========== raw link #11
========== dropped link (either fragment ("#"), js, mailto, comment, pdf, or empty)
======== We are on link 92 of 135
========== raw link #0
========== dropped link (either fragment ("#"), js, mailto, comment, pdf, or empty)
======== We are on link 93 of 135
========== raw link http://www.steampowered.com
============ Checking for Redirections: http://www.steampowered.com
============ Followed Redirection to https://store.steampowered.com/
============ Link after cleaning: https://store.steampowered.com/
========== link already checked
======== We are on link 94 of 135
========== raw link http://steampowered.com/index.php?area=online_conduct
============ Checking for Redirections: http://steampowered.com/index.php?area=online_conduct
============ Followed Redirection to https://store.steampowered.com/online_conduct/
============ Link after cleaning: https://store.steampowered.com/online_conduct/
========== link already checked
======== We are on link 95 of 135
========== raw link http://store.steampowered.com/steam_refunds
============ Checking for Redirections: http://store.steampowered.com/steam_refunds
============ Followed Redirection to https://store.steampowered.com/steam_refunds
============ Link after cleaning: https://store.steampowered.com/steam_refunds
========== scraping https://store.steampowered.com/steam_refunds
======== We are on link 96 of 135
========== raw link http://www.valvesoftware.com/privacy.htm
========== dropped link http://www.valvesoftware.com/privacy.htm. Didn't pass first allows/blocks test.
======== We are on link 97 of 135
========== raw link https://support.steampowered.com/newticket.php
============ Checking for Redirections: https://support.steampowered.com/newticket.php
============ Followed Redirection to https://help.steampowered.com/en/
============ Link after cleaning: https://help.steampowered.com/en/
========== link already checked
======== We are on link 98 of 135
========== raw link #0
========== dropped link (either fragment ("#"), js, mailto, comment, pdf, or empty)
======== We are on link 99 of 135
========== raw link http://www.valvesoftware.com/videopolicy.html
========== dropped link http://www.valvesoftware.com/videopolicy.html. Didn't pass first allows/blocks test.
======== We are on link 100 of 135
========== raw link #0
========== dropped link (either fragment ("#"), js, mailto, comment, pdf, or empty)
======== We are on link 101 of 135
========== raw link http://store.steampowered.com/steam_refunds/
============ Checking for Redirections: http://store.steampowered.com/steam_refunds/
============ Followed Redirection to https://store.steampowered.com/steam_refunds/
============ Link after cleaning: https://store.steampowered.com/steam_refunds/
========== link already checked
======== We are on link 102 of 135
========== raw link https://support.steampowered.com/kb_article.php?ref=8620-QYAL-4516
============ Checking for Redirections: https://support.steampowered.com/kb_article.php?ref=8620-QYAL-4516
============ Followed Redirection to https://help.steampowered.com/en/faqs/view/369C-3E9F-76FD-DEDA
============ Link after cleaning: https://help.steampowered.com/en/faqs/view/369C-3E9F-76FD-DEDA
========== scraping https://help.steampowered.com/en/faqs/view/369C-3E9F-76FD-DEDA
======== We are on link 103 of 135
========== raw link #0
========== dropped link (either fragment ("#"), js, mailto, comment, pdf, or empty)
======== We are on link 104 of 135
========== raw link http://steampowered.com/index.php?area=online_conduct
============ Checking for Redirections: http://steampowered.com/index.php?area=online_conduct
============ Followed Redirection to https://store.steampowered.com/online_conduct/
============ Link after cleaning: https://store.steampowered.com/online_conduct/
========== link already checked
======== We are on link 105 of 135
========== raw link #0
========== dropped link (either fragment ("#"), js, mailto, comment, pdf, or empty)
======== We are on link 106 of 135
========== raw link #0
========== dropped link (either fragment ("#"), js, mailto, comment, pdf, or empty)
======== We are on link 107 of 135
========== raw link http://store.steampowered.com/privacy_agreement/
============ Checking for Redirections: http://store.steampowered.com/privacy_agreement/
============ Followed Redirection to https://store.steampowered.com/privacy_agreement/
============ Link after cleaning: https://store.steampowered.com/privacy_agreement/
========== link already checked
======== We are on link 108 of 135
========== raw link #0
========== dropped link (either fragment ("#"), js, mailto, comment, pdf, or empty)
======== We are on link 109 of 135
========== raw link https://support.steampowered.com/kb_article.php?ref=4577-TUJV-6223
============ Checking for Redirections: https://support.steampowered.com/kb_article.php?ref=4577-TUJV-6223
============ Followed Redirection to https://help.steampowered.com/en/faqs/view/4E41-6123-79EF-25BA
============ Link after cleaning: https://help.steampowered.com/en/faqs/view/4E41-6123-79EF-25BA
========== scraping https://help.steampowered.com/en/faqs/view/4E41-6123-79EF-25BA
======== We are on link 110 of 135
========== raw link #0
========== dropped link (either fragment ("#"), js, mailto, comment, pdf, or empty)
======== We are on link 111 of 135
========== raw link http://store.steampowered.com/subscriber_agreement_de/
============ Checking for Redirections: http://store.steampowered.com/subscriber_agreement_de/
============ Followed Redirection to https://store.steampowered.com/subscriber_agreement_de/
============ Link after cleaning: https://store.steampowered.com/subscriber_agreement_de/
========== scraping https://store.steampowered.com/subscriber_agreement_de/
============ Dropping non-English link: https://store.steampowered.com/subscriber_agreement_de/
======== We are on link 112 of 135
========== raw link http://www.steampowered.com/
============ Checking for Redirections: http://www.steampowered.com/
============ Followed Redirection to https://store.steampowered.com/
============ Link after cleaning: https://store.steampowered.com/
========== link already checked
======== We are on link 113 of 135
========== raw link #0
========== dropped link (either fragment ("#"), js, mailto, comment, pdf, or empty)
======== We are on link 114 of 135
========== raw link #0
========== dropped link (either fragment ("#"), js, mailto, comment, pdf, or empty)
======== We are on link 115 of 135
========== raw link https://support.steampowered.com/
============ Checking for Redirections: https://support.steampowered.com/
============ Followed Redirection to https://help.steampowered.com/en/
============ Link after cleaning: https://help.steampowered.com/en/
========== link already checked
======== We are on link 116 of 135
========== raw link http://help.steampowered.com
============ Checking for Redirections: http://help.steampowered.com
============ Followed Redirection to https://help.steampowered.com/en/
============ Link after cleaning: https://help.steampowered.com/en/
========== link already checked
======== We are on link 117 of 135
========== raw link https://ec.europa.eu/consumers/odr
========== dropped link https://ec.europa.eu/consumers/odr. Didn't pass first allows/blocks test.
======== We are on link 118 of 135
========== raw link #0
========== dropped link (either fragment ("#"), js, mailto, comment, pdf, or empty)
======== We are on link 119 of 135
========== raw link https://store.steampowered.com/ssa_feedback/
============ Checking for Redirections: https://store.steampowered.com/ssa_feedback/
============ Link unchanged
========== scraping https://store.steampowered.com/ssa_feedback/
======== We are on link 120 of 135
========== raw link http://www.valvesoftware.com
========== dropped link http://www.valvesoftware.com. Didn't pass first allows/blocks test.
======== We are on link 121 of 135
========== raw link https://store.steampowered.com/privacy_agreement/?snr=1_44_44_
============ Checking for Redirections: https://store.steampowered.com/privacy_agreement/?snr=1_44_44_
============ Link after cleaning: https://store.steampowered.com/privacy_agreement/
========== link already checked
======== We are on link 122 of 135
========== raw link https://store.steampowered.com/legal/?snr=1_44_44_
============ Checking for Redirections: https://store.steampowered.com/legal/?snr=1_44_44_
============ Link after cleaning: https://store.steampowered.com/legal/
========== link already checked
======== We are on link 123 of 135
========== raw link https://store.steampowered.com/subscriber_agreement/?snr=1_44_44_
============ Checking for Redirections: https://store.steampowered.com/subscriber_agreement/?snr=1_44_44_
============ Link after cleaning: https://store.steampowered.com/subscriber_agreement/
========== link already checked
======== We are on link 124 of 135
========== raw link https://store.steampowered.com/steam_refunds/?snr=1_44_44_
============ Checking for Redirections: https://store.steampowered.com/steam_refunds/?snr=1_44_44_
============ Link after cleaning: https://store.steampowered.com/steam_refunds/
========== link already checked
======== We are on link 125 of 135
========== raw link https://store.steampowered.com/account/cookiepreferences/?snr=1_44_44_
============ Checking for Redirections: https://store.steampowered.com/account/cookiepreferences/?snr=1_44_44_
============ Link after cleaning: https://store.steampowered.com/account/cookiepreferences/
========== link already checked
======== We are on link 126 of 135
========== raw link http://www.valvesoftware.com/about
========== dropped link http://www.valvesoftware.com/about. Didn't pass first allows/blocks test.
======== We are on link 127 of 135
========== raw link http://www.valvesoftware.com
========== dropped link http://www.valvesoftware.com. Didn't pass first allows/blocks test.
======== We are on link 128 of 135
========== raw link http://www.steampowered.com/steamworks/
============ Checking for Redirections: http://www.steampowered.com/steamworks/
============ Followed Redirection to https://partner.steamgames.com/
============ Link after cleaning: https://partner.steamgames.com/
========== link already checked
======== We are on link 129 of 135
========== raw link https://partner.steamgames.com/steamdirect
============ Checking for Redirections: https://partner.steamgames.com/steamdirect
============ Link unchanged
========== link already checked
======== We are on link 130 of 135
========== raw link https://help.steampowered.com/en/?snr=1_44_44_
============ Checking for Redirections: https://help.steampowered.com/en/?snr=1_44_44_
============ Link after cleaning: https://help.steampowered.com/en/
========== link already checked
======== We are on link 131 of 135
========== raw link https://store.steampowered.com/hardware_recycling/?snr=1_44_44_
============ Checking for Redirections: https://store.steampowered.com/hardware_recycling/?snr=1_44_44_
============ Link after cleaning: https://store.steampowered.com/hardware_recycling/
========== link already checked
======== We are on link 132 of 135
========== raw link https://store.steampowered.com/digitalgiftcards/?snr=1_44_44_
============ Checking for Redirections: https://store.steampowered.com/digitalgiftcards/?snr=1_44_44_
============ Followed Redirection to https://store.steampowered.com/digitalgiftcards/
============ Link after cleaning: https://store.steampowered.com/digitalgiftcards/
========== link already checked
======== We are on link 133 of 135
========== raw link https://steamcommunity.com/linkfilter/?u=http%3A%2F%2Fwww.facebook.com%2FSteam
============ Checking for Redirections: https://steamcommunity.com/linkfilter/?u=http%3A%2F%2Fwww.facebook.com%2FSteam
============ Link after cleaning: https://steamcommunity.com/linkfilter/
========== link already checked
======== We are on link 134 of 135
========== raw link http://twitter.com/steam
============ Checking for Redirections: http://twitter.com/steam
========== dropped link http://twitter.com/steam. Could not follow redirection (or it was a meaninglessly small page or bot blocked by sessionID).
======== We are on link 135 of 135
========== raw link https://steamcommunity.com/linkfilter/?u=https%3A%2F%2Fbsky.app%2Fprofile%2Fsteampowered.com
============ Checking for Redirections: https://steamcommunity.com/linkfilter/?u=https%3A%2F%2Fbsky.app%2Fprofile%2Fsteampowered.com
============ Link after cleaning: https://steamcommunity.com/linkfilter/
========== link already checked
==== Number of new pages added: 5
==== We are at iteration 2 (tree depth).
====== We are on page 1 of 5: https://steamcommunity.com/groups/steamworks/announcements/detail/751641001553035272
====== Number of Links on this Page: 137
======== We are on link 1 of 137
========== raw link https://steamcommunity.com/login/home/?goto=groups%2Fsteamworks%2Fannouncements%2Fdetail%2F751641001553035272
========== dropped link https://steamcommunity.com/login/home/?goto=groups%2Fsteamworks%2Fannouncements%2Fdetail%2F751641001553035272. Didn't pass first allows/blocks test.
======== We are on link 2 of 137
========== raw link https://store.steampowered.com/
============ Checking for Redirections: https://store.steampowered.com/
============ Link unchanged
========== link already checked
======== We are on link 3 of 137
========== raw link https://store.steampowered.com/
============ Checking for Redirections: https://store.steampowered.com/
============ Link unchanged
========== link already checked
======== We are on link 4 of 137
========== raw link https://store.steampowered.com/explore/
============ Checking for Redirections: https://store.steampowered.com/explore/
============ Followed Redirection to https://store.steampowered.com/login/?redir=explore%2F&redir_ssl=1
============ Link after cleaning: https://store.steampowered.com/login/
============ Excluded based on allow/block list.
======== We are on link 5 of 137
========== raw link https://steamcommunity.com/my/wishlist/
============ Checking for Redirections: https://steamcommunity.com/my/wishlist/
============ Followed Redirection to https://store.steampowered.com/login/?redir=https%3A%2F%2Fstore.steampowered.com%2Fwishlist%2F
============ Link after cleaning: https://store.steampowered.com/login/
============ Excluded based on allow/block list.
======== We are on link 6 of 137
========== raw link https://store.steampowered.com/points/shop/
============ Checking for Redirections: https://store.steampowered.com/points/shop/
============ Link unchanged
========== link already checked
======== We are on link 7 of 137
========== raw link https://store.steampowered.com/news/
============ Checking for Redirections: https://store.steampowered.com/news/
============ Link unchanged
========== link already checked
======== We are on link 8 of 137
========== raw link https://store.steampowered.com/stats/
============ Checking for Redirections: https://store.steampowered.com/stats/
============ Followed Redirection to https://store.steampowered.com/charts/
============ Link after cleaning: https://store.steampowered.com/charts/
========== link already checked
======== We are on link 9 of 137
========== raw link https://steamcommunity.com/
============ Checking for Redirections: https://steamcommunity.com/
============ Link unchanged
========== link already checked
======== We are on link 10 of 137
========== raw link https://steamcommunity.com/
============ Checking for Redirections: https://steamcommunity.com/
============ Link unchanged
========== link already checked
======== We are on link 11 of 137
========== raw link https://steamcommunity.com/discussions/
============ Checking for Redirections: https://steamcommunity.com/discussions/
============ Link unchanged
========== link already checked
======== We are on link 12 of 137
========== raw link https://steamcommunity.com/workshop/
============ Checking for Redirections: https://steamcommunity.com/workshop/
============ Link unchanged
========== link already checked
======== We are on link 13 of 137
========== raw link https://steamcommunity.com/market/
============ Checking for Redirections: https://steamcommunity.com/market/
============ Link unchanged
========== link already checked
======== We are on link 14 of 137
========== raw link https://steamcommunity.com/?subsection=broadcasts
============ Checking for Redirections: https://steamcommunity.com/?subsection=broadcasts
============ Link after cleaning: https://steamcommunity.com/
========== link already checked
======== We are on link 15 of 137
========== raw link https://store.steampowered.com/about/
============ Checking for Redirections: https://store.steampowered.com/about/
============ Link unchanged
========== link already checked
======== We are on link 16 of 137
========== raw link https://help.steampowered.com/en/
============ Checking for Redirections: https://help.steampowered.com/en/
============ Link unchanged
========== link already checked
======== We are on link 17 of 137
========== raw link https://store.steampowered.com/mobile
============ Checking for Redirections: https://store.steampowered.com/mobile
============ Link unchanged
========== link already checked
======== We are on link 18 of 137
========== raw link https://store.steampowered.com/privacy_agreement/
============ Checking for Redirections: https://store.steampowered.com/privacy_agreement/
============ Link unchanged
========== link already checked
======== We are on link 19 of 137
========== raw link http://www.valvesoftware.com/legal.htm
========== dropped link http://www.valvesoftware.com/legal.htm. Didn't pass first allows/blocks test.
======== We are on link 20 of 137
========== raw link https://store.steampowered.com/subscriber_agreement/
============ Checking for Redirections: https://store.steampowered.com/subscriber_agreement/
============ Link unchanged
========== link already checked
======== We are on link 21 of 137
========== raw link https://store.steampowered.com/steam_refunds/
============ Checking for Redirections: https://store.steampowered.com/steam_refunds/
============ Link unchanged
========== link already checked
======== We are on link 22 of 137
========== raw link https://store.steampowered.com/
============ Checking for Redirections: https://store.steampowered.com/
============ Link unchanged
========== link already checked
======== We are on link 23 of 137
========== raw link https://store.steampowered.com/
============ Checking for Redirections: https://store.steampowered.com/
============ Link unchanged
========== link already checked
======== We are on link 24 of 137
========== raw link https://store.steampowered.com/
============ Checking for Redirections: https://store.steampowered.com/
============ Link unchanged
========== link already checked
======== We are on link 25 of 137
========== raw link https://store.steampowered.com/
============ Checking for Redirections: https://store.steampowered.com/
============ Link unchanged
========== link already checked
======== We are on link 26 of 137
========== raw link https://store.steampowered.com/explore/
============ Checking for Redirections: https://store.steampowered.com/explore/
============ Followed Redirection to https://store.steampowered.com/login/?redir=explore%2F&redir_ssl=1
============ Link after cleaning: https://store.steampowered.com/login/
============ Excluded based on allow/block list.
======== We are on link 27 of 137
========== raw link https://steamcommunity.com/my/wishlist/
============ Checking for Redirections: https://steamcommunity.com/my/wishlist/
============ Followed Redirection to https://store.steampowered.com/login/?redir=https%3A%2F%2Fstore.steampowered.com%2Fwishlist%2F
============ Link after cleaning: https://store.steampowered.com/login/
============ Excluded based on allow/block list.
======== We are on link 28 of 137
========== raw link https://store.steampowered.com/points/shop/
============ Checking for Redirections: https://store.steampowered.com/points/shop/
============ Link unchanged
========== link already checked
======== We are on link 29 of 137
========== raw link https://store.steampowered.com/news/
============ Checking for Redirections: https://store.steampowered.com/news/
============ Link unchanged
========== link already checked
======== We are on link 30 of 137
========== raw link https://store.steampowered.com/stats/
============ Checking for Redirections: https://store.steampowered.com/stats/
============ Followed Redirection to https://store.steampowered.com/charts/
============ Link after cleaning: https://store.steampowered.com/charts/
========== link already checked
======== We are on link 31 of 137
========== raw link https://steamcommunity.com/
============ Checking for Redirections: https://steamcommunity.com/
============ Link unchanged
========== link already checked
======== We are on link 32 of 137
========== raw link https://steamcommunity.com/
============ Checking for Redirections: https://steamcommunity.com/
============ Link unchanged
========== link already checked
======== We are on link 33 of 137
========== raw link https://steamcommunity.com/discussions/
============ Checking for Redirections: https://steamcommunity.com/discussions/
============ Link unchanged
========== link already checked
======== We are on link 34 of 137
========== raw link https://steamcommunity.com/workshop/
============ Checking for Redirections: https://steamcommunity.com/workshop/
============ Link unchanged
========== link already checked
======== We are on link 35 of 137
========== raw link https://steamcommunity.com/market/
============ Checking for Redirections: https://steamcommunity.com/market/
============ Link unchanged
========== link already checked
======== We are on link 36 of 137
========== raw link https://steamcommunity.com/?subsection=broadcasts
============ Checking for Redirections: https://steamcommunity.com/?subsection=broadcasts
============ Link after cleaning: https://steamcommunity.com/
========== link already checked
======== We are on link 37 of 137
========== raw link https://store.steampowered.com/about/
============ Checking for Redirections: https://store.steampowered.com/about/
============ Link unchanged
========== link already checked
======== We are on link 38 of 137
========== raw link https://help.steampowered.com/en/
============ Checking for Redirections: https://help.steampowered.com/en/
============ Link unchanged
========== link already checked
======== We are on link 39 of 137
========== raw link https://store.steampowered.com/about/
============ Checking for Redirections: https://store.steampowered.com/about/
============ Link unchanged
========== link already checked
======== We are on link 40 of 137
========== raw link https://steamcommunity.com/login/home/?goto=groups%2Fsteamworks%2Fannouncements%2Fdetail%2F751641001553035272
========== dropped link https://steamcommunity.com/login/home/?goto=groups%2Fsteamworks%2Fannouncements%2Fdetail%2F751641001553035272. Didn't pass first allows/blocks test.
======== We are on link 41 of 137
========== raw link ?l=schinese
============ Link starts with ?: joining https://steamcommunity.com/groups/steamworks/announcements/detail/751641001553035272 and ?l=schinese
============ Checking for Redirections: https://steamcommunity.com/groups/steamworks/announcements/detail/751641001553035272?l=schinese
============ Link after cleaning: https://steamcommunity.com/groups/steamworks/announcements/detail/751641001553035272
========== link already checked
======== We are on link 42 of 137
========== raw link ?l=tchinese
============ Link starts with ?: joining https://steamcommunity.com/groups/steamworks/announcements/detail/751641001553035272 and ?l=tchinese
============ Checking for Redirections: https://steamcommunity.com/groups/steamworks/announcements/detail/751641001553035272?l=tchinese
============ Link after cleaning: https://steamcommunity.com/groups/steamworks/announcements/detail/751641001553035272
========== link already checked
======== We are on link 43 of 137
========== raw link ?l=japanese
============ Link starts with ?: joining https://steamcommunity.com/groups/steamworks/announcements/detail/751641001553035272 and ?l=japanese
============ Checking for Redirections: https://steamcommunity.com/groups/steamworks/announcements/detail/751641001553035272?l=japanese
============ Link after cleaning: https://steamcommunity.com/groups/steamworks/announcements/detail/751641001553035272
========== link already checked
======== We are on link 44 of 137
========== raw link ?l=koreana
============ Link starts with ?: joining https://steamcommunity.com/groups/steamworks/announcements/detail/751641001553035272 and ?l=koreana
============ Checking for Redirections: https://steamcommunity.com/groups/steamworks/announcements/detail/751641001553035272?l=koreana
============ Link after cleaning: https://steamcommunity.com/groups/steamworks/announcements/detail/751641001553035272
========== link already checked
======== We are on link 45 of 137
========== raw link ?l=thai
============ Link starts with ?: joining https://steamcommunity.com/groups/steamworks/announcements/detail/751641001553035272 and ?l=thai
============ Checking for Redirections: https://steamcommunity.com/groups/steamworks/announcements/detail/751641001553035272?l=thai
============ Link after cleaning: https://steamcommunity.com/groups/steamworks/announcements/detail/751641001553035272
========== link already checked
======== We are on link 46 of 137
========== raw link ?l=bulgarian
============ Link starts with ?: joining https://steamcommunity.com/groups/steamworks/announcements/detail/751641001553035272 and ?l=bulgarian
============ Checking for Redirections: https://steamcommunity.com/groups/steamworks/announcements/detail/751641001553035272?l=bulgarian
============ Link after cleaning: https://steamcommunity.com/groups/steamworks/announcements/detail/751641001553035272
========== link already checked
======== We are on link 47 of 137
========== raw link ?l=czech
============ Link starts with ?: joining https://steamcommunity.com/groups/steamworks/announcements/detail/751641001553035272 and ?l=czech
============ Checking for Redirections: https://steamcommunity.com/groups/steamworks/announcements/detail/751641001553035272?l=czech
============ Link after cleaning: https://steamcommunity.com/groups/steamworks/announcements/detail/751641001553035272
========== link already checked
======== We are on link 48 of 137
========== raw link ?l=danish
============ Link starts with ?: joining https://steamcommunity.com/groups/steamworks/announcements/detail/751641001553035272 and ?l=danish
============ Checking for Redirections: https://steamcommunity.com/groups/steamworks/announcements/detail/751641001553035272?l=danish
============ Link after cleaning: https://steamcommunity.com/groups/steamworks/announcements/detail/751641001553035272
========== link already checked
======== We are on link 49 of 137
========== raw link ?l=german
============ Link starts with ?: joining https://steamcommunity.com/groups/steamworks/announcements/detail/751641001553035272 and ?l=german
============ Checking for Redirections: https://steamcommunity.com/groups/steamworks/announcements/detail/751641001553035272?l=german
============ Link after cleaning: https://steamcommunity.com/groups/steamworks/announcements/detail/751641001553035272
========== link already checked
======== We are on link 50 of 137
========== raw link ?l=spanish
============ Link starts with ?: joining https://steamcommunity.com/groups/steamworks/announcements/detail/751641001553035272 and ?l=spanish
============ Checking for Redirections: https://steamcommunity.com/groups/steamworks/announcements/detail/751641001553035272?l=spanish
============ Link after cleaning: https://steamcommunity.com/groups/steamworks/announcements/detail/751641001553035272
========== link already checked
======== We are on link 51 of 137
========== raw link ?l=latam
============ Link starts with ?: joining https://steamcommunity.com/groups/steamworks/announcements/detail/751641001553035272 and ?l=latam
============ Checking for Redirections: https://steamcommunity.com/groups/steamworks/announcements/detail/751641001553035272?l=latam
============ Link after cleaning: https://steamcommunity.com/groups/steamworks/announcements/detail/751641001553035272
========== link already checked
======== We are on link 52 of 137
========== raw link ?l=greek
============ Link starts with ?: joining https://steamcommunity.com/groups/steamworks/announcements/detail/751641001553035272 and ?l=greek
============ Checking for Redirections: https://steamcommunity.com/groups/steamworks/announcements/detail/751641001553035272?l=greek
============ Link after cleaning: https://steamcommunity.com/groups/steamworks/announcements/detail/751641001553035272
========== link already checked
======== We are on link 53 of 137
========== raw link ?l=french
============ Link starts with ?: joining https://steamcommunity.com/groups/steamworks/announcements/detail/751641001553035272 and ?l=french
============ Checking for Redirections: https://steamcommunity.com/groups/steamworks/announcements/detail/751641001553035272?l=french
============ Link after cleaning: https://steamcommunity.com/groups/steamworks/announcements/detail/751641001553035272
========== link already checked
======== We are on link 54 of 137
========== raw link ?l=italian
============ Link starts with ?: joining https://steamcommunity.com/groups/steamworks/announcements/detail/751641001553035272 and ?l=italian
============ Checking for Redirections: https://steamcommunity.com/groups/steamworks/announcements/detail/751641001553035272?l=italian
============ Link after cleaning: https://steamcommunity.com/groups/steamworks/announcements/detail/751641001553035272
========== link already checked
======== We are on link 55 of 137
========== raw link ?l=indonesian
============ Link starts with ?: joining https://steamcommunity.com/groups/steamworks/announcements/detail/751641001553035272 and ?l=indonesian
============ Checking for Redirections: https://steamcommunity.com/groups/steamworks/announcements/detail/751641001553035272?l=indonesian
============ Link after cleaning: https://steamcommunity.com/groups/steamworks/announcements/detail/751641001553035272
========== link already checked
======== We are on link 56 of 137
========== raw link ?l=hungarian
============ Link starts with ?: joining https://steamcommunity.com/groups/steamworks/announcements/detail/751641001553035272 and ?l=hungarian
============ Checking for Redirections: https://steamcommunity.com/groups/steamworks/announcements/detail/751641001553035272?l=hungarian
============ Link after cleaning: https://steamcommunity.com/groups/steamworks/announcements/detail/751641001553035272
========== link already checked
======== We are on link 57 of 137
========== raw link ?l=dutch
============ Link starts with ?: joining https://steamcommunity.com/groups/steamworks/announcements/detail/751641001553035272 and ?l=dutch
============ Checking for Redirections: https://steamcommunity.com/groups/steamworks/announcements/detail/751641001553035272?l=dutch
============ Link after cleaning: https://steamcommunity.com/groups/steamworks/announcements/detail/751641001553035272
========== link already checked
======== We are on link 58 of 137
========== raw link ?l=norwegian
============ Link starts with ?: joining https://steamcommunity.com/groups/steamworks/announcements/detail/751641001553035272 and ?l=norwegian
============ Checking for Redirections: https://steamcommunity.com/groups/steamworks/announcements/detail/751641001553035272?l=norwegian
============ Link after cleaning: https://steamcommunity.com/groups/steamworks/announcements/detail/751641001553035272
========== link already checked
======== We are on link 59 of 137
========== raw link ?l=polish
============ Link starts with ?: joining https://steamcommunity.com/groups/steamworks/announcements/detail/751641001553035272 and ?l=polish
============ Checking for Redirections: https://steamcommunity.com/groups/steamworks/announcements/detail/751641001553035272?l=polish
============ Link after cleaning: https://steamcommunity.com/groups/steamworks/announcements/detail/751641001553035272
========== link already checked
======== We are on link 60 of 137
========== raw link ?l=portuguese
============ Link starts with ?: joining https://steamcommunity.com/groups/steamworks/announcements/detail/751641001553035272 and ?l=portuguese
============ Checking for Redirections: https://steamcommunity.com/groups/steamworks/announcements/detail/751641001553035272?l=portuguese
============ Link after cleaning: https://steamcommunity.com/groups/steamworks/announcements/detail/751641001553035272
========== link already checked
======== We are on link 61 of 137
========== raw link ?l=brazilian
============ Link starts with ?: joining https://steamcommunity.com/groups/steamworks/announcements/detail/751641001553035272 and ?l=brazilian
============ Checking for Redirections: https://steamcommunity.com/groups/steamworks/announcements/detail/751641001553035272?l=brazilian
============ Link after cleaning: https://steamcommunity.com/groups/steamworks/announcements/detail/751641001553035272
========== link already checked
======== We are on link 62 of 137
========== raw link ?l=romanian
============ Link starts with ?: joining https://steamcommunity.com/groups/steamworks/announcements/detail/751641001553035272 and ?l=romanian
============ Checking for Redirections: https://steamcommunity.com/groups/steamworks/announcements/detail/751641001553035272?l=romanian
============ Link after cleaning: https://steamcommunity.com/groups/steamworks/announcements/detail/751641001553035272
========== link already checked
======== We are on link 63 of 137
========== raw link ?l=russian
============ Link starts with ?: joining https://steamcommunity.com/groups/steamworks/announcements/detail/751641001553035272 and ?l=russian
============ Checking for Redirections: https://steamcommunity.com/groups/steamworks/announcements/detail/751641001553035272?l=russian
============ Link after cleaning: https://steamcommunity.com/groups/steamworks/announcements/detail/751641001553035272
========== link already checked
======== We are on link 64 of 137
========== raw link ?l=finnish
============ Link starts with ?: joining https://steamcommunity.com/groups/steamworks/announcements/detail/751641001553035272 and ?l=finnish
============ Checking for Redirections: https://steamcommunity.com/groups/steamworks/announcements/detail/751641001553035272?l=finnish
============ Link after cleaning: https://steamcommunity.com/groups/steamworks/announcements/detail/751641001553035272
========== link already checked
======== We are on link 65 of 137
========== raw link ?l=swedish
============ Link starts with ?: joining https://steamcommunity.com/groups/steamworks/announcements/detail/751641001553035272 and ?l=swedish
============ Checking for Redirections: https://steamcommunity.com/groups/steamworks/announcements/detail/751641001553035272?l=swedish
============ Link after cleaning: https://steamcommunity.com/groups/steamworks/announcements/detail/751641001553035272
========== link already checked
======== We are on link 66 of 137
========== raw link ?l=turkish
============ Link starts with ?: joining https://steamcommunity.com/groups/steamworks/announcements/detail/751641001553035272 and ?l=turkish
============ Checking for Redirections: https://steamcommunity.com/groups/steamworks/announcements/detail/751641001553035272?l=turkish
============ Link after cleaning: https://steamcommunity.com/groups/steamworks/announcements/detail/751641001553035272
========== link already checked
======== We are on link 67 of 137
========== raw link ?l=vietnamese
============ Link starts with ?: joining https://steamcommunity.com/groups/steamworks/announcements/detail/751641001553035272 and ?l=vietnamese
============ Checking for Redirections: https://steamcommunity.com/groups/steamworks/announcements/detail/751641001553035272?l=vietnamese
============ Link after cleaning: https://steamcommunity.com/groups/steamworks/announcements/detail/751641001553035272
========== link already checked
======== We are on link 68 of 137
========== raw link ?l=ukrainian
============ Link starts with ?: joining https://steamcommunity.com/groups/steamworks/announcements/detail/751641001553035272 and ?l=ukrainian
============ Checking for Redirections: https://steamcommunity.com/groups/steamworks/announcements/detail/751641001553035272?l=ukrainian
============ Link after cleaning: https://steamcommunity.com/groups/steamworks/announcements/detail/751641001553035272
========== link already checked
======== We are on link 69 of 137
========== raw link https://www.valvesoftware.com/en/contact?contact-person=Translation%20Team%20Feedback
========== dropped link https://www.valvesoftware.com/en/contact?contact-person=Translation%20Team%20Feedback. Didn't pass first allows/blocks test.
======== We are on link 70 of 137
========== raw link https://store.steampowered.com/curator/4145017?snr=2___
============ Checking for Redirections: https://store.steampowered.com/curator/4145017?snr=2___
============ Followed Redirection to https://store.steampowered.com/curator/4145017
============ Link after cleaning: https://store.steampowered.com/curator/4145017
========== link already checked
======== We are on link 71 of 137
========== raw link https://store.steampowered.com/news/
============ Checking for Redirections: https://store.steampowered.com/news/
============ Link unchanged
========== link already checked
======== We are on link 72 of 137
========== raw link https://store.steampowered.com/news/group/4145017
============ Checking for Redirections: https://store.steampowered.com/news/group/4145017
============ Link unchanged
========== link already checked
======== We are on link 73 of 137
========== raw link https://steamcommunity.com/linkfilter/?u=https%3A%2F%2Fwww.steamdeck.com%2Fen%2Foled
============ Checking for Redirections: https://steamcommunity.com/linkfilter/?u=https%3A%2F%2Fwww.steamdeck.com%2Fen%2Foled
============ Followed Redirection to https://www.steamdeck.com/en/oled
============ Link after cleaning: https://www.steamdeck.com/en/oled
========== link already checked
======== We are on link 74 of 137
========== raw link https://store.steampowered.com/news/app/593110/view/4530150757095178610?l=english&snr=2___
========== dropped link https://store.steampowered.com/news/app/593110/view/4530150757095178610?l=english&snr=2___. Didn't pass first allows/blocks test.
======== We are on link 75 of 137
========== raw link https://store.steampowered.com/about/newstore?snr=2___
============ Checking for Redirections: https://store.steampowered.com/about/newstore?snr=2___
============ Link after cleaning: https://store.steampowered.com/about/newstore
========== link already checked
======== We are on link 76 of 137
========== raw link https://partner.steamgames.com/doc/marketing/upcoming_events/nextfest
============ Checking for Redirections: https://partner.steamgames.com/doc/marketing/upcoming_events/nextfest
============ Link unchanged
========== link already checked
======== We are on link 77 of 137
========== raw link https://partner.steamgames.com/doc/marketing/upcoming_events
============ Checking for Redirections: https://partner.steamgames.com/doc/marketing/upcoming_events
============ Link unchanged
========== link already checked
======== We are on link 78 of 137
========== raw link https://store.steampowered.com/sale/CoffeeStainGhostShip2024?snr=2___
============ Checking for Redirections: https://store.steampowered.com/sale/CoffeeStainGhostShip2024?snr=2___
============ Followed Redirection to https://store.steampowered.com/sale/CoffeeStainGhostShip2024
============ Link after cleaning: https://store.steampowered.com/sale/CoffeeStainGhostShip2024
========== link already checked
======== We are on link 79 of 137
========== raw link https://store.steampowered.com/sale/baftagameawards2024/?snr=2___
============ Checking for Redirections: https://store.steampowered.com/sale/baftagameawards2024/?snr=2___
============ Followed Redirection to https://store.steampowered.com/sale/baftagameawards2024/
============ Link after cleaning: https://store.steampowered.com/sale/baftagameawards2024/
========== link already checked
======== We are on link 80 of 137
========== raw link https://store.steampowered.com/sale/tgs2024?snr=2___
============ Checking for Redirections: https://store.steampowered.com/sale/tgs2024?snr=2___
============ Followed Redirection to https://store.steampowered.com/sale/tgs2024
============ Link after cleaning: https://store.steampowered.com/sale/tgs2024
========== link already checked
======== We are on link 81 of 137
========== raw link https://store.steampowered.com/sale/gdocexpo2024?snr=2___
============ Checking for Redirections: https://store.steampowered.com/sale/gdocexpo2024?snr=2___
============ Followed Redirection to https://store.steampowered.com/sale/gdocexpo2024
============ Link after cleaning: https://store.steampowered.com/sale/gdocexpo2024
========== link already checked
======== We are on link 82 of 137
========== raw link https://store.steampowered.com/sale/summer_showcase_2024?snr=2___
============ Checking for Redirections: https://store.steampowered.com/sale/summer_showcase_2024?snr=2___
============ Followed Redirection to https://store.steampowered.com/sale/summer_showcase_2024
============ Link after cleaning: https://store.steampowered.com/sale/summer_showcase_2024
========== link already checked
======== We are on link 83 of 137
========== raw link https://store.steampowered.com/steamawards/2024?snr=2___
============ Checking for Redirections: https://store.steampowered.com/steamawards/2024?snr=2___
============ Link after cleaning: https://store.steampowered.com/steamawards/2024
========== link already checked
======== We are on link 84 of 137
========== raw link https://partner.steamgames.com/doc/store/advancedaccess
============ Checking for Redirections: https://partner.steamgames.com/doc/store/advancedaccess
============ Link unchanged
========== link already checked
======== We are on link 85 of 137
========== raw link https://partner.steamgames.com/doc/store/manageeditions
============ Checking for Redirections: https://partner.steamgames.com/doc/store/manageeditions
============ Link unchanged
========== link already checked
======== We are on link 86 of 137
========== raw link https://steamcommunity.com/groups/steamworks/announcements/detail/4264427597939647538?snr=2___
============ Checking for Redirections: https://steamcommunity.com/groups/steamworks/announcements/detail/4264427597939647538?snr=2___
============ Link after cleaning: https://steamcommunity.com/groups/steamworks/announcements/detail/4264427597939647538
========== link already checked
======== We are on link 87 of 137
========== raw link https://steamcommunity.com/groups/steamworks/announcements/detail/4201376568915048836?snr=2___
============ Checking for Redirections: https://steamcommunity.com/groups/steamworks/announcements/detail/4201376568915048836?snr=2___
============ Link after cleaning: https://steamcommunity.com/groups/steamworks/announcements/detail/4201376568915048836
========== link already checked
======== We are on link 88 of 137
========== raw link https://steamcommunity.com/groups/steamworks/announcements/detail/4578559379959234051?snr=2___
============ Checking for Redirections: https://steamcommunity.com/groups/steamworks/announcements/detail/4578559379959234051?snr=2___
============ Link after cleaning: https://steamcommunity.com/groups/steamworks/announcements/detail/4578559379959234051
========== link already checked
======== We are on link 89 of 137
========== raw link https://store.steampowered.com/news/app/593110/view/4326355263805583415?snr=2___
========== dropped link https://store.steampowered.com/news/app/593110/view/4326355263805583415?snr=2___. Didn't pass first allows/blocks test.
======== We are on link 90 of 137
========== raw link https://store.steampowered.com/news/app/593110/view/4149575031731807335?snr=2___
========== dropped link https://store.steampowered.com/news/app/593110/view/4149575031731807335?snr=2___. Didn't pass first allows/blocks test.
======== We are on link 91 of 137
========== raw link https://store.steampowered.com/news/group/4145017/view/3862463747997849618?l=english&snr=2___
============ Checking for Redirections: https://store.steampowered.com/news/group/4145017/view/3862463747997849618?l=english&snr=2___
============ Followed Redirection to https://store.steampowered.com/news/group/4145017/view/3862463747997849618?l=english
============ Link after cleaning: https://store.steampowered.com/news/group/4145017/view/3862463747997849618
========== link already checked
======== We are on link 92 of 137
========== raw link https://store.steampowered.com/news/group/4145017/view/4547038620960934856?snr=2___
============ Checking for Redirections: https://store.steampowered.com/news/group/4145017/view/4547038620960934856?snr=2___
============ Followed Redirection to https://store.steampowered.com/news/group/4145017/view/4547038620960934856
============ Link after cleaning: https://store.steampowered.com/news/group/4145017/view/4547038620960934856
========== link already checked
======== We are on link 93 of 137
========== raw link https://partner.steamgames.com/doc/store/seasonpass
============ Checking for Redirections: https://partner.steamgames.com/doc/store/seasonpass
============ Link unchanged
========== link already checked
======== We are on link 94 of 137
========== raw link https://store.steampowered.com/news/app/593110/view/4696782040345941641?snr=2___
========== dropped link https://store.steampowered.com/news/app/593110/view/4696782040345941641?snr=2___. Didn't pass first allows/blocks test.
======== We are on link 95 of 137
========== raw link https://store.steampowered.com/news/app/593110/view/573746375651492594?snr=2___
========== dropped link https://store.steampowered.com/news/app/593110/view/573746375651492594?snr=2___. Didn't pass first allows/blocks test.
======== We are on link 96 of 137
========== raw link https://store.steampowered.com/news/app/593110/view/3901870710035098052?snr=2___
========== dropped link https://store.steampowered.com/news/app/593110/view/3901870710035098052?snr=2___. Didn't pass first allows/blocks test.
======== We are on link 97 of 137
========== raw link https://store.steampowered.com/news/app/593110/view/4149575031735702628?snr=2___
========== dropped link https://store.steampowered.com/news/app/593110/view/4149575031735702628?snr=2___. Didn't pass first allows/blocks test.
======== We are on link 98 of 137
========== raw link https://store.steampowered.com/news/app/593110/view/4599952112537386540?snr=2___
========== dropped link https://store.steampowered.com/news/app/593110/view/4599952112537386540?snr=2___. Didn't pass first allows/blocks test.
======== We are on link 99 of 137
========== raw link https://store.steampowered.com/gamerecording?snr=2___
============ Checking for Redirections: https://store.steampowered.com/gamerecording?snr=2___
============ Followed Redirection to https://store.steampowered.com/gamerecording
============ Link after cleaning: https://store.steampowered.com/gamerecording
========== link already checked
======== We are on link 100 of 137
========== raw link https://partner.steamgames.com/doc/features/timeline
============ Checking for Redirections: https://partner.steamgames.com/doc/features/timeline
============ Link unchanged
========== link already checked
======== We are on link 101 of 137
========== raw link https://partner.steamgames.com/doc/features/enhancedrichpresence
============ Checking for Redirections: https://partner.steamgames.com/doc/features/enhancedrichpresence
============ Link unchanged
========== link already checked
======== We are on link 102 of 137
========== raw link https://steamcommunity.com/linkfilter/?u=https%3A%2F%2Fwww.youtube.com%2Fwatch%3Fv%3DYwBD0E4-EsI
============ Checking for Redirections: https://steamcommunity.com/linkfilter/?u=https%3A%2F%2Fwww.youtube.com%2Fwatch%3Fv%3DYwBD0E4-EsI
============ Followed Redirection to https://www.youtube.com/watch?v=YwBD0E4-EsI
============ Link after cleaning: https://www.youtube.com/watch
============ Excluded based on allow/block list.
======== We are on link 103 of 137
========== raw link https://steamcommunity.com/groups/steamworks/announcements/detail/4155211502162971563?snr=2___
============ Checking for Redirections: https://steamcommunity.com/groups/steamworks/announcements/detail/4155211502162971563?snr=2___
============ Link after cleaning: https://steamcommunity.com/groups/steamworks/announcements/detail/4155211502162971563
========== link already checked
======== We are on link 104 of 137
========== raw link https://store.steampowered.com/news/group/4145017/view/4678768276768588863?snr=2___
============ Checking for Redirections: https://store.steampowered.com/news/group/4145017/view/4678768276768588863?snr=2___
============ Followed Redirection to https://store.steampowered.com/news/group/4145017/view/4678768276768588863
============ Link after cleaning: https://store.steampowered.com/news/group/4145017/view/4678768276768588863
========== link already checked
======== We are on link 105 of 137
========== raw link https://steamcommunity.com/groups/steamworks/announcements/detail/4127057033586949948?snr=2___
============ Checking for Redirections: https://steamcommunity.com/groups/steamworks/announcements/detail/4127057033586949948?snr=2___
============ Link after cleaning: https://steamcommunity.com/groups/steamworks/announcements/detail/4127057033586949948
========== link already checked
======== We are on link 106 of 137
========== raw link https://steamcommunity.com/groups/steamworks/announcements/detail/7126472323852954169?snr=2___
============ Checking for Redirections: https://steamcommunity.com/groups/steamworks/announcements/detail/7126472323852954169?snr=2___
============ Link after cleaning: https://steamcommunity.com/groups/steamworks/announcements/detail/7126472323852954169
========== link already checked
======== We are on link 107 of 137
========== raw link https://steamcommunity.com/groups/steamworks/announcements/detail/4264427597939647538?snr=2___
============ Checking for Redirections: https://steamcommunity.com/groups/steamworks/announcements/detail/4264427597939647538?snr=2___
============ Link after cleaning: https://steamcommunity.com/groups/steamworks/announcements/detail/4264427597939647538
========== link already checked
======== We are on link 108 of 137
========== raw link https://store.steampowered.com/news/group/4145017/view/4031353167279731010?snr=2___
============ Checking for Redirections: https://store.steampowered.com/news/group/4145017/view/4031353167279731010?snr=2___
============ Followed Redirection to https://store.steampowered.com/news/group/4145017/view/4031353167279731010
============ Link after cleaning: https://store.steampowered.com/news/group/4145017/view/4031353167279731010
========== link already checked
======== We are on link 109 of 137
========== raw link https://partner.steamgames.com/doc/marketing/discounts/dailydeal
============ Checking for Redirections: https://partner.steamgames.com/doc/marketing/discounts/dailydeal
============ Link unchanged
========== link already checked
======== We are on link 110 of 137
========== raw link https://steamcommunity.com/groups/steamworks/announcements/detail/497186807117513038?snr=2___
============ Checking for Redirections: https://steamcommunity.com/groups/steamworks/announcements/detail/497186807117513038?snr=2___
============ Link after cleaning: https://steamcommunity.com/groups/steamworks/announcements/detail/497186807117513038
========== link already checked
======== We are on link 111 of 137
========== raw link https://help.steampowered.com/en/wizard/HelpWithPublishing?issueid=919
============ Checking for Redirections: https://help.steampowered.com/en/wizard/HelpWithPublishing?issueid=919
============ Followed Redirection to https://help.steampowered.com/en/login?need_password=1&title=Sign+In&redir=%2Fen%2Fwizard%2FHelpWithPublishing%3Fissueid%3D919
============ Link after cleaning: https://help.steampowered.com/en/login
============ Excluded based on allow/block list.
======== We are on link 112 of 137
========== raw link https://steamcommunity.com/groups/steamworks/announcements/detail/4547039255696769967?snr=2___
============ Checking for Redirections: https://steamcommunity.com/groups/steamworks/announcements/detail/4547039255696769967?snr=2___
============ Link after cleaning: https://steamcommunity.com/groups/steamworks/announcements/detail/4547039255696769967
========== link already checked
======== We are on link 113 of 137
========== raw link https://steamcommunity.com/groups/steamworks/announcements/detail/4191238396458987548?snr=2___
============ Checking for Redirections: https://steamcommunity.com/groups/steamworks/announcements/detail/4191238396458987548?snr=2___
============ Link after cleaning: https://steamcommunity.com/groups/steamworks/announcements/detail/4191238396458987548
========== link already checked
======== We are on link 114 of 137
========== raw link https://help.steampowered.com/en/faqs/view/0E2C-406B-9135-38A4
============ Checking for Redirections: https://help.steampowered.com/en/faqs/view/0E2C-406B-9135-38A4
============ Link unchanged
========== link already checked
======== We are on link 115 of 137
========== raw link https://store.steampowered.com/news/app/250820?snr=2___
========== dropped link https://store.steampowered.com/news/app/250820?snr=2___. Didn't pass first allows/blocks test.
======== We are on link 116 of 137
========== raw link https://store.steampowered.com/news/app/1675200/view/4472731215261073464?snr=2___
========== dropped link https://store.steampowered.com/news/app/1675200/view/4472731215261073464?snr=2___. Didn't pass first allows/blocks test.
======== We are on link 117 of 137
========== raw link https://store.steampowered.com/news/app/593110/view/529834914570306831?snr=2___
========== dropped link https://store.steampowered.com/news/app/593110/view/529834914570306831?snr=2___. Didn't pass first allows/blocks test.
======== We are on link 118 of 137
========== raw link https://store.steampowered.com/sale/BestOf2024?tab=6&snr=2___
============ Checking for Redirections: https://store.steampowered.com/sale/BestOf2024?tab=6&snr=2___
============ Followed Redirection to https://store.steampowered.com/sale/BestOf2024?tab=6
============ Link after cleaning: https://store.steampowered.com/sale/BestOf2024
========== link already checked
======== We are on link 119 of 137
========== raw link https://store.steampowered.com/charts/?snr=2___
============ Checking for Redirections: https://store.steampowered.com/charts/?snr=2___
============ Followed Redirection to https://store.steampowered.com/charts/
============ Link after cleaning: https://store.steampowered.com/charts/
========== link already checked
======== We are on link 120 of 137
========== raw link https://store.steampowered.com/app/3070070/TCG_Card_Shop_Simulator/?snr=2___
========== dropped link https://store.steampowered.com/app/3070070/TCG_Card_Shop_Simulator/?snr=2___. Didn't pass first allows/blocks test.
======== We are on link 121 of 137
========== raw link https://steamcommunity.com/linkfilter/?u=https%3A%2F%2Fopneon.com%2F
============ Checking for Redirections: https://steamcommunity.com/linkfilter/?u=https%3A%2F%2Fopneon.com%2F
============ Link after cleaning: https://steamcommunity.com/linkfilter/
========== link already checked
======== We are on link 122 of 137
========== raw link https://store.steampowered.com/app/1574820/Until_Then/?snr=2___
========== dropped link https://store.steampowered.com/app/1574820/Until_Then/?snr=2___. Didn't pass first allows/blocks test.
======== We are on link 123 of 137
========== raw link https://steamcommunity.com/linkfilter/?u=https%3A%2F%2Fpolychromagames.com%2F
============ Checking for Redirections: https://steamcommunity.com/linkfilter/?u=https%3A%2F%2Fpolychromagames.com%2F
============ Link after cleaning: https://steamcommunity.com/linkfilter/
========== link already checked
======== We are on link 124 of 137
========== raw link https://store.steampowered.com/publisher/maximumentertainment?snr=2___
============ Checking for Redirections: https://store.steampowered.com/publisher/maximumentertainment?snr=2___
============ Followed Redirection to https://store.steampowered.com/publisher/maximumentertainment
============ Link after cleaning: https://store.steampowered.com/publisher/maximumentertainment
========== link already checked
======== We are on link 125 of 137
========== raw link https://store.steampowered.com/news/collection/steam/?snr=2___
============ Checking for Redirections: https://store.steampowered.com/news/collection/steam/?snr=2___
============ Followed Redirection to https://store.steampowered.com/news/collection/steam/
============ Link after cleaning: https://store.steampowered.com/news/collection/steam/
========== link already checked
======== We are on link 126 of 137
========== raw link https://steamcommunity.com/linkfilter/?u=https%3A%2F%2Fwww.youtube.com%2Fc%2FSteamworksDev%2Fvideos
============ Checking for Redirections: https://steamcommunity.com/linkfilter/?u=https%3A%2F%2Fwww.youtube.com%2Fc%2FSteamworksDev%2Fvideos
============ Followed Redirection to https://www.youtube.com/c/SteamworksDev/videos
============ Link after cleaning: https://www.youtube.com/c/SteamworksDev/videos
============ Excluded based on allow/block list.
======== We are on link 127 of 137
========== raw link https://help.steampowered.com/wizard/HelpWithPublishing
============ Checking for Redirections: https://help.steampowered.com/wizard/HelpWithPublishing
============ Followed Redirection to https://help.steampowered.com/en/login?need_password=1&title=Sign+In&redir=%2Fen%2Fwizard%2FHelpWithPublishing
============ Link after cleaning: https://help.steampowered.com/en/login
============ Excluded based on allow/block list.
======== We are on link 128 of 137
========== raw link https://steamcommunity.com/groups/steamworks?snr=2_groupannouncements_detail_
============ Checking for Redirections: https://steamcommunity.com/groups/steamworks?snr=2_groupannouncements_detail_
============ Followed Redirection to https://steamcommunity.com/groups/steamworks
============ Link after cleaning: https://steamcommunity.com/groups/steamworks
========== link already checked
======== We are on link 129 of 137
========== raw link https://steamcommunity.com/groups/steamworks/eventcomments/612031852355589759?snr=2_groupannouncements_detail_
============ Checking for Redirections: https://steamcommunity.com/groups/steamworks/eventcomments/612031852355589759?snr=2_groupannouncements_detail_
============ Link after cleaning: https://steamcommunity.com/groups/steamworks/eventcomments/612031852355589759
========== link already checked
======== We are on link 130 of 137
========== raw link /groups/steamworks/announcements/detail/532094139769028777
============ Found Relative: joining https://steamcommunity.com/groups/steamworks/announcements/detail/751641001553035272 and /groups/steamworks/announcements/detail/532094139769028777
============ Checking for Redirections: https://steamcommunity.com/groups/steamworks/announcements/detail/532094139769028777
============ Link after cleaning: https://steamcommunity.com/groups/steamworks/announcements/detail/532094139769028777
========== link already checked
======== We are on link 131 of 137
========== raw link /groups/steamworks/announcements/detail/6564653885911204347
============ Found Relative: joining https://steamcommunity.com/groups/steamworks/announcements/detail/751641001553035272 and /groups/steamworks/announcements/detail/6564653885911204347
============ Checking for Redirections: https://steamcommunity.com/groups/steamworks/announcements/detail/6564653885911204347
============ Link after cleaning: https://steamcommunity.com/groups/steamworks/announcements/detail/6564653885911204347
========== scraping https://steamcommunity.com/groups/steamworks/announcements/detail/6564653885911204347
======== We are on link 132 of 137
========== raw link /groups/steamworks/announcements/detail/497186807117513038
============ Found Relative: joining https://steamcommunity.com/groups/steamworks/announcements/detail/751641001553035272 and /groups/steamworks/announcements/detail/497186807117513038
============ Checking for Redirections: https://steamcommunity.com/groups/steamworks/announcements/detail/497186807117513038
============ Link after cleaning: https://steamcommunity.com/groups/steamworks/announcements/detail/497186807117513038
========== link already checked
======== We are on link 133 of 137
========== raw link https://steamcommunity.com/linkfilter/?u=http%3A%2F%2Fwww.geonames.org
============ Checking for Redirections: https://steamcommunity.com/linkfilter/?u=http%3A%2F%2Fwww.geonames.org
============ Link after cleaning: https://steamcommunity.com/linkfilter/
========== link already checked
======== We are on link 134 of 137
========== raw link http://store.steampowered.com/privacy_agreement/
============ Checking for Redirections: http://store.steampowered.com/privacy_agreement/
============ Followed Redirection to https://store.steampowered.com/privacy_agreement/
============ Link after cleaning: https://store.steampowered.com/privacy_agreement/
========== link already checked
======== We are on link 135 of 137
========== raw link https://store.steampowered.com/legal/
============ Checking for Redirections: https://store.steampowered.com/legal/
============ Link unchanged
========== link already checked
======== We are on link 136 of 137
========== raw link http://store.steampowered.com/subscriber_agreement/
============ Checking for Redirections: http://store.steampowered.com/subscriber_agreement/
============ Followed Redirection to https://store.steampowered.com/subscriber_agreement/
============ Link after cleaning: https://store.steampowered.com/subscriber_agreement/
========== link already checked
======== We are on link 137 of 137
========== raw link http://store.steampowered.com/account/cookiepreferences/
============ Checking for Redirections: http://store.steampowered.com/account/cookiepreferences/
============ Followed Redirection to https://store.steampowered.com/account/cookiepreferences/
============ Link after cleaning: https://store.steampowered.com/account/cookiepreferences/
========== link already checked
====== We are on page 2 of 5: https://store.steampowered.com/news/group/4145017/view/3862463747997849618
====== Number of Links on this Page: 78
======== We are on link 1 of 78
========== raw link https://store.steampowered.com/login/?redir=news%2Fgroup%2F4145017%2Fview%2F3862463747997849618&redir_ssl=1&snr=1_2108_group__global-header
========== dropped link https://store.steampowered.com/login/?redir=news%2Fgroup%2F4145017%2Fview%2F3862463747997849618&redir_ssl=1&snr=1_2108_group__global-header. Didn't pass first allows/blocks test.
======== We are on link 2 of 78
========== raw link https://store.steampowered.com/?snr=1_2108_group__global-responsive-menu
============ Checking for Redirections: https://store.steampowered.com/?snr=1_2108_group__global-responsive-menu
============ Followed Redirection to https://store.steampowered.com/
============ Link after cleaning: https://store.steampowered.com/
========== link already checked
======== We are on link 3 of 78
========== raw link https://store.steampowered.com/?snr=1_2108_group__global-responsive-menu
============ Checking for Redirections: https://store.steampowered.com/?snr=1_2108_group__global-responsive-menu
============ Followed Redirection to https://store.steampowered.com/
============ Link after cleaning: https://store.steampowered.com/
========== link already checked
======== We are on link 4 of 78
========== raw link https://store.steampowered.com/explore/?snr=1_2108_group__global-responsive-menu
============ Checking for Redirections: https://store.steampowered.com/explore/?snr=1_2108_group__global-responsive-menu
============ Followed Redirection to https://store.steampowered.com/login/?redir=explore%2F%3Fsnr%3D1_2108_group__global-responsive-menu&redir_ssl=1&snr=1_2108_group__global-responsive-menu
============ Link after cleaning: https://store.steampowered.com/login/
============ Excluded based on allow/block list.
======== We are on link 5 of 78
========== raw link https://steamcommunity.com/my/wishlist/
============ Checking for Redirections: https://steamcommunity.com/my/wishlist/
============ Followed Redirection to https://store.steampowered.com/login/?redir=https%3A%2F%2Fstore.steampowered.com%2Fwishlist%2F
============ Link after cleaning: https://store.steampowered.com/login/
============ Excluded based on allow/block list.
======== We are on link 6 of 78
========== raw link https://store.steampowered.com/points/shop/?snr=1_2108_group__global-responsive-menu
============ Checking for Redirections: https://store.steampowered.com/points/shop/?snr=1_2108_group__global-responsive-menu
============ Followed Redirection to https://store.steampowered.com/points/shop/
============ Link after cleaning: https://store.steampowered.com/points/shop/
========== link already checked
======== We are on link 7 of 78
========== raw link https://store.steampowered.com/news/?snr=1_2108_group__global-responsive-menu
============ Checking for Redirections: https://store.steampowered.com/news/?snr=1_2108_group__global-responsive-menu
============ Followed Redirection to https://store.steampowered.com/news/
============ Link after cleaning: https://store.steampowered.com/news/
========== link already checked
======== We are on link 8 of 78
========== raw link https://store.steampowered.com/stats/?snr=1_2108_group__global-responsive-menu
============ Checking for Redirections: https://store.steampowered.com/stats/?snr=1_2108_group__global-responsive-menu
============ Followed Redirection to https://store.steampowered.com/charts
============ Link after cleaning: https://store.steampowered.com/charts
========== link already checked
======== We are on link 9 of 78
========== raw link https://steamcommunity.com/
============ Checking for Redirections: https://steamcommunity.com/
============ Link unchanged
========== link already checked
======== We are on link 10 of 78
========== raw link https://steamcommunity.com/
============ Checking for Redirections: https://steamcommunity.com/
============ Link unchanged
========== link already checked
======== We are on link 11 of 78
========== raw link https://steamcommunity.com/discussions/
============ Checking for Redirections: https://steamcommunity.com/discussions/
============ Link unchanged
========== link already checked
======== We are on link 12 of 78
========== raw link https://steamcommunity.com/workshop/
============ Checking for Redirections: https://steamcommunity.com/workshop/
============ Link unchanged
========== link already checked
======== We are on link 13 of 78
========== raw link https://steamcommunity.com/market/
============ Checking for Redirections: https://steamcommunity.com/market/
============ Link unchanged
========== link already checked
======== We are on link 14 of 78
========== raw link https://steamcommunity.com/?subsection=broadcasts
============ Checking for Redirections: https://steamcommunity.com/?subsection=broadcasts
============ Link after cleaning: https://steamcommunity.com/
========== link already checked
======== We are on link 15 of 78
========== raw link https://store.steampowered.com/about/?snr=1_2108_group__global-responsive-menu
============ Checking for Redirections: https://store.steampowered.com/about/?snr=1_2108_group__global-responsive-menu
============ Followed Redirection to https://store.steampowered.com/about/
============ Link after cleaning: https://store.steampowered.com/about/
========== link already checked
======== We are on link 16 of 78
========== raw link https://help.steampowered.com/en/
============ Checking for Redirections: https://help.steampowered.com/en/
============ Link unchanged
========== link already checked
======== We are on link 17 of 78
========== raw link https://store.steampowered.com/mobile
============ Checking for Redirections: https://store.steampowered.com/mobile
============ Link unchanged
========== link already checked
======== We are on link 18 of 78
========== raw link https://store.steampowered.com/privacy_agreement/?snr=1_2108_group__global-responsive-menu
============ Checking for Redirections: https://store.steampowered.com/privacy_agreement/?snr=1_2108_group__global-responsive-menu
============ Link after cleaning: https://store.steampowered.com/privacy_agreement/
========== link already checked
======== We are on link 19 of 78
========== raw link http://www.valvesoftware.com/legal.htm
========== dropped link http://www.valvesoftware.com/legal.htm. Didn't pass first allows/blocks test.
======== We are on link 20 of 78
========== raw link https://store.steampowered.com/subscriber_agreement/?snr=1_2108_group__global-responsive-menu
============ Checking for Redirections: https://store.steampowered.com/subscriber_agreement/?snr=1_2108_group__global-responsive-menu
============ Link after cleaning: https://store.steampowered.com/subscriber_agreement/
========== link already checked
======== We are on link 21 of 78
========== raw link https://store.steampowered.com/steam_refunds/?snr=1_2108_group__global-responsive-menu
============ Checking for Redirections: https://store.steampowered.com/steam_refunds/?snr=1_2108_group__global-responsive-menu
============ Link after cleaning: https://store.steampowered.com/steam_refunds/
========== link already checked
======== We are on link 22 of 78
========== raw link https://store.steampowered.com/?snr=1_2108_group__global-responsive-menu
============ Checking for Redirections: https://store.steampowered.com/?snr=1_2108_group__global-responsive-menu
============ Followed Redirection to https://store.steampowered.com/
============ Link after cleaning: https://store.steampowered.com/
========== link already checked
======== We are on link 23 of 78
========== raw link https://store.steampowered.com/?snr=1_2108_group__global-header
============ Checking for Redirections: https://store.steampowered.com/?snr=1_2108_group__global-header
============ Followed Redirection to https://store.steampowered.com/
============ Link after cleaning: https://store.steampowered.com/
========== link already checked
======== We are on link 24 of 78
========== raw link https://store.steampowered.com/?snr=1_2108_group__global-header
============ Checking for Redirections: https://store.steampowered.com/?snr=1_2108_group__global-header
============ Followed Redirection to https://store.steampowered.com/
============ Link after cleaning: https://store.steampowered.com/
========== link already checked
======== We are on link 25 of 78
========== raw link https://store.steampowered.com/?snr=1_2108_group__global-header
============ Checking for Redirections: https://store.steampowered.com/?snr=1_2108_group__global-header
============ Followed Redirection to https://store.steampowered.com/
============ Link after cleaning: https://store.steampowered.com/
========== link already checked
======== We are on link 26 of 78
========== raw link https://store.steampowered.com/explore/?snr=1_2108_group__global-header
============ Checking for Redirections: https://store.steampowered.com/explore/?snr=1_2108_group__global-header
============ Followed Redirection to https://store.steampowered.com/login/?redir=explore%2F%3Fsnr%3D1_2108_group__global-header&redir_ssl=1&snr=1_2108_group__global-header
============ Link after cleaning: https://store.steampowered.com/login/
============ Excluded based on allow/block list.
======== We are on link 27 of 78
========== raw link https://steamcommunity.com/my/wishlist/
============ Checking for Redirections: https://steamcommunity.com/my/wishlist/
============ Followed Redirection to https://store.steampowered.com/login/?redir=https%3A%2F%2Fstore.steampowered.com%2Fwishlist%2F
============ Link after cleaning: https://store.steampowered.com/login/
============ Excluded based on allow/block list.
======== We are on link 28 of 78
========== raw link https://store.steampowered.com/points/shop/?snr=1_2108_group__global-header
============ Checking for Redirections: https://store.steampowered.com/points/shop/?snr=1_2108_group__global-header
============ Followed Redirection to https://store.steampowered.com/points/shop/
============ Link after cleaning: https://store.steampowered.com/points/shop/
========== link already checked
======== We are on link 29 of 78
========== raw link https://store.steampowered.com/news/?snr=1_2108_group__global-header
============ Checking for Redirections: https://store.steampowered.com/news/?snr=1_2108_group__global-header
============ Followed Redirection to https://store.steampowered.com/news/
============ Link after cleaning: https://store.steampowered.com/news/
========== link already checked
======== We are on link 30 of 78
========== raw link https://store.steampowered.com/stats/?snr=1_2108_group__global-header
============ Checking for Redirections: https://store.steampowered.com/stats/?snr=1_2108_group__global-header
============ Followed Redirection to https://store.steampowered.com/charts
============ Link after cleaning: https://store.steampowered.com/charts
========== link already checked
======== We are on link 31 of 78
========== raw link https://steamcommunity.com/
============ Checking for Redirections: https://steamcommunity.com/
============ Link unchanged
========== link already checked
======== We are on link 32 of 78
========== raw link https://steamcommunity.com/
============ Checking for Redirections: https://steamcommunity.com/
============ Link unchanged
========== link already checked
======== We are on link 33 of 78
========== raw link https://steamcommunity.com/discussions/
============ Checking for Redirections: https://steamcommunity.com/discussions/
============ Link unchanged
========== link already checked
======== We are on link 34 of 78
========== raw link https://steamcommunity.com/workshop/
============ Checking for Redirections: https://steamcommunity.com/workshop/
============ Link unchanged
========== link already checked
======== We are on link 35 of 78
========== raw link https://steamcommunity.com/market/
============ Checking for Redirections: https://steamcommunity.com/market/
============ Link unchanged
========== link already checked
======== We are on link 36 of 78
========== raw link https://steamcommunity.com/?subsection=broadcasts
============ Checking for Redirections: https://steamcommunity.com/?subsection=broadcasts
============ Link after cleaning: https://steamcommunity.com/
========== link already checked
======== We are on link 37 of 78
========== raw link https://store.steampowered.com/about/?snr=1_2108_group__global-header
============ Checking for Redirections: https://store.steampowered.com/about/?snr=1_2108_group__global-header
============ Followed Redirection to https://store.steampowered.com/about/
============ Link after cleaning: https://store.steampowered.com/about/
========== link already checked
======== We are on link 38 of 78
========== raw link https://help.steampowered.com/en/
============ Checking for Redirections: https://help.steampowered.com/en/
============ Link unchanged
========== link already checked
======== We are on link 39 of 78
========== raw link https://store.steampowered.com/about/?snr=1_2108_group__global-header
============ Checking for Redirections: https://store.steampowered.com/about/?snr=1_2108_group__global-header
============ Followed Redirection to https://store.steampowered.com/about/
============ Link after cleaning: https://store.steampowered.com/about/
========== link already checked
======== We are on link 40 of 78
========== raw link https://store.steampowered.com/login/?redir=news%2Fgroup%2F4145017%2Fview%2F3862463747997849618&redir_ssl=1&snr=1_2108_group__global-header
========== dropped link https://store.steampowered.com/login/?redir=news%2Fgroup%2F4145017%2Fview%2F3862463747997849618&redir_ssl=1&snr=1_2108_group__global-header. Didn't pass first allows/blocks test.
======== We are on link 41 of 78
========== raw link ?l=schinese
============ Link starts with ?: joining https://store.steampowered.com/news/group/4145017/view/3862463747997849618 and ?l=schinese
============ Checking for Redirections: https://store.steampowered.com/news/group/4145017/view/3862463747997849618?l=schinese
============ Link after cleaning: https://store.steampowered.com/news/group/4145017/view/3862463747997849618
========== link already checked
======== We are on link 42 of 78
========== raw link ?l=tchinese
============ Link starts with ?: joining https://store.steampowered.com/news/group/4145017/view/3862463747997849618 and ?l=tchinese
============ Checking for Redirections: https://store.steampowered.com/news/group/4145017/view/3862463747997849618?l=tchinese
============ Link after cleaning: https://store.steampowered.com/news/group/4145017/view/3862463747997849618
========== link already checked
======== We are on link 43 of 78
========== raw link ?l=japanese
============ Link starts with ?: joining https://store.steampowered.com/news/group/4145017/view/3862463747997849618 and ?l=japanese
============ Checking for Redirections: https://store.steampowered.com/news/group/4145017/view/3862463747997849618?l=japanese
============ Link after cleaning: https://store.steampowered.com/news/group/4145017/view/3862463747997849618
========== link already checked
======== We are on link 44 of 78
========== raw link ?l=koreana
============ Link starts with ?: joining https://store.steampowered.com/news/group/4145017/view/3862463747997849618 and ?l=koreana
============ Checking for Redirections: https://store.steampowered.com/news/group/4145017/view/3862463747997849618?l=koreana
============ Link after cleaning: https://store.steampowered.com/news/group/4145017/view/3862463747997849618
========== link already checked
======== We are on link 45 of 78
========== raw link ?l=thai
============ Link starts with ?: joining https://store.steampowered.com/news/group/4145017/view/3862463747997849618 and ?l=thai
============ Checking for Redirections: https://store.steampowered.com/news/group/4145017/view/3862463747997849618?l=thai
============ Link after cleaning: https://store.steampowered.com/news/group/4145017/view/3862463747997849618
========== link already checked
======== We are on link 46 of 78
========== raw link ?l=bulgarian
============ Link starts with ?: joining https://store.steampowered.com/news/group/4145017/view/3862463747997849618 and ?l=bulgarian
============ Checking for Redirections: https://store.steampowered.com/news/group/4145017/view/3862463747997849618?l=bulgarian
============ Link after cleaning: https://store.steampowered.com/news/group/4145017/view/3862463747997849618
========== link already checked
======== We are on link 47 of 78
========== raw link ?l=czech
============ Link starts with ?: joining https://store.steampowered.com/news/group/4145017/view/3862463747997849618 and ?l=czech
============ Checking for Redirections: https://store.steampowered.com/news/group/4145017/view/3862463747997849618?l=czech
============ Link after cleaning: https://store.steampowered.com/news/group/4145017/view/3862463747997849618
========== link already checked
======== We are on link 48 of 78
========== raw link ?l=danish
============ Link starts with ?: joining https://store.steampowered.com/news/group/4145017/view/3862463747997849618 and ?l=danish
============ Checking for Redirections: https://store.steampowered.com/news/group/4145017/view/3862463747997849618?l=danish
============ Link after cleaning: https://store.steampowered.com/news/group/4145017/view/3862463747997849618
========== link already checked
======== We are on link 49 of 78
========== raw link ?l=german
============ Link starts with ?: joining https://store.steampowered.com/news/group/4145017/view/3862463747997849618 and ?l=german
============ Checking for Redirections: https://store.steampowered.com/news/group/4145017/view/3862463747997849618?l=german
============ Link after cleaning: https://store.steampowered.com/news/group/4145017/view/3862463747997849618
========== link already checked
======== We are on link 50 of 78
========== raw link ?l=spanish
============ Link starts with ?: joining https://store.steampowered.com/news/group/4145017/view/3862463747997849618 and ?l=spanish
============ Checking for Redirections: https://store.steampowered.com/news/group/4145017/view/3862463747997849618?l=spanish
============ Link after cleaning: https://store.steampowered.com/news/group/4145017/view/3862463747997849618
========== link already checked
======== We are on link 51 of 78
========== raw link ?l=latam
============ Link starts with ?: joining https://store.steampowered.com/news/group/4145017/view/3862463747997849618 and ?l=latam
============ Checking for Redirections: https://store.steampowered.com/news/group/4145017/view/3862463747997849618?l=latam
============ Link after cleaning: https://store.steampowered.com/news/group/4145017/view/3862463747997849618
========== link already checked
======== We are on link 52 of 78
========== raw link ?l=greek
============ Link starts with ?: joining https://store.steampowered.com/news/group/4145017/view/3862463747997849618 and ?l=greek
============ Checking for Redirections: https://store.steampowered.com/news/group/4145017/view/3862463747997849618?l=greek
============ Link after cleaning: https://store.steampowered.com/news/group/4145017/view/3862463747997849618
========== link already checked
======== We are on link 53 of 78
========== raw link ?l=french
============ Link starts with ?: joining https://store.steampowered.com/news/group/4145017/view/3862463747997849618 and ?l=french
============ Checking for Redirections: https://store.steampowered.com/news/group/4145017/view/3862463747997849618?l=french
============ Link after cleaning: https://store.steampowered.com/news/group/4145017/view/3862463747997849618
========== link already checked
======== We are on link 54 of 78
========== raw link ?l=italian
============ Link starts with ?: joining https://store.steampowered.com/news/group/4145017/view/3862463747997849618 and ?l=italian
============ Checking for Redirections: https://store.steampowered.com/news/group/4145017/view/3862463747997849618?l=italian
============ Link after cleaning: https://store.steampowered.com/news/group/4145017/view/3862463747997849618
========== link already checked
======== We are on link 55 of 78
========== raw link ?l=indonesian
============ Link starts with ?: joining https://store.steampowered.com/news/group/4145017/view/3862463747997849618 and ?l=indonesian
============ Checking for Redirections: https://store.steampowered.com/news/group/4145017/view/3862463747997849618?l=indonesian
============ Link after cleaning: https://store.steampowered.com/news/group/4145017/view/3862463747997849618
========== link already checked
======== We are on link 56 of 78
========== raw link ?l=hungarian
============ Link starts with ?: joining https://store.steampowered.com/news/group/4145017/view/3862463747997849618 and ?l=hungarian
============ Checking for Redirections: https://store.steampowered.com/news/group/4145017/view/3862463747997849618?l=hungarian
============ Link after cleaning: https://store.steampowered.com/news/group/4145017/view/3862463747997849618
========== link already checked
======== We are on link 57 of 78
========== raw link ?l=dutch
============ Link starts with ?: joining https://store.steampowered.com/news/group/4145017/view/3862463747997849618 and ?l=dutch
============ Checking for Redirections: https://store.steampowered.com/news/group/4145017/view/3862463747997849618?l=dutch
============ Link after cleaning: https://store.steampowered.com/news/group/4145017/view/3862463747997849618
========== link already checked
======== We are on link 58 of 78
========== raw link ?l=norwegian
============ Link starts with ?: joining https://store.steampowered.com/news/group/4145017/view/3862463747997849618 and ?l=norwegian
============ Checking for Redirections: https://store.steampowered.com/news/group/4145017/view/3862463747997849618?l=norwegian
============ Link after cleaning: https://store.steampowered.com/news/group/4145017/view/3862463747997849618
========== link already checked
======== We are on link 59 of 78
========== raw link ?l=polish
============ Link starts with ?: joining https://store.steampowered.com/news/group/4145017/view/3862463747997849618 and ?l=polish
============ Checking for Redirections: https://store.steampowered.com/news/group/4145017/view/3862463747997849618?l=polish
============ Link after cleaning: https://store.steampowered.com/news/group/4145017/view/3862463747997849618
========== link already checked
======== We are on link 60 of 78
========== raw link ?l=portuguese
============ Link starts with ?: joining https://store.steampowered.com/news/group/4145017/view/3862463747997849618 and ?l=portuguese
============ Checking for Redirections: https://store.steampowered.com/news/group/4145017/view/3862463747997849618?l=portuguese
============ Link after cleaning: https://store.steampowered.com/news/group/4145017/view/3862463747997849618
========== link already checked
======== We are on link 61 of 78
========== raw link ?l=brazilian
============ Link starts with ?: joining https://store.steampowered.com/news/group/4145017/view/3862463747997849618 and ?l=brazilian
============ Checking for Redirections: https://store.steampowered.com/news/group/4145017/view/3862463747997849618?l=brazilian
============ Link after cleaning: https://store.steampowered.com/news/group/4145017/view/3862463747997849618
========== link already checked
======== We are on link 62 of 78
========== raw link ?l=romanian
============ Link starts with ?: joining https://store.steampowered.com/news/group/4145017/view/3862463747997849618 and ?l=romanian
============ Checking for Redirections: https://store.steampowered.com/news/group/4145017/view/3862463747997849618?l=romanian
============ Link after cleaning: https://store.steampowered.com/news/group/4145017/view/3862463747997849618
========== link already checked
======== We are on link 63 of 78
========== raw link ?l=russian
============ Link starts with ?: joining https://store.steampowered.com/news/group/4145017/view/3862463747997849618 and ?l=russian
============ Checking for Redirections: https://store.steampowered.com/news/group/4145017/view/3862463747997849618?l=russian
============ Link after cleaning: https://store.steampowered.com/news/group/4145017/view/3862463747997849618
========== link already checked
======== We are on link 64 of 78
========== raw link ?l=finnish
============ Link starts with ?: joining https://store.steampowered.com/news/group/4145017/view/3862463747997849618 and ?l=finnish
============ Checking for Redirections: https://store.steampowered.com/news/group/4145017/view/3862463747997849618?l=finnish
============ Link after cleaning: https://store.steampowered.com/news/group/4145017/view/3862463747997849618
========== link already checked
======== We are on link 65 of 78
========== raw link ?l=swedish
============ Link starts with ?: joining https://store.steampowered.com/news/group/4145017/view/3862463747997849618 and ?l=swedish
============ Checking for Redirections: https://store.steampowered.com/news/group/4145017/view/3862463747997849618?l=swedish
============ Link after cleaning: https://store.steampowered.com/news/group/4145017/view/3862463747997849618
========== link already checked
======== We are on link 66 of 78
========== raw link ?l=turkish
============ Link starts with ?: joining https://store.steampowered.com/news/group/4145017/view/3862463747997849618 and ?l=turkish
============ Checking for Redirections: https://store.steampowered.com/news/group/4145017/view/3862463747997849618?l=turkish
============ Link after cleaning: https://store.steampowered.com/news/group/4145017/view/3862463747997849618
========== link already checked
======== We are on link 67 of 78
========== raw link ?l=vietnamese
============ Link starts with ?: joining https://store.steampowered.com/news/group/4145017/view/3862463747997849618 and ?l=vietnamese
============ Checking for Redirections: https://store.steampowered.com/news/group/4145017/view/3862463747997849618?l=vietnamese
============ Link after cleaning: https://store.steampowered.com/news/group/4145017/view/3862463747997849618
========== link already checked
======== We are on link 68 of 78
========== raw link ?l=ukrainian
============ Link starts with ?: joining https://store.steampowered.com/news/group/4145017/view/3862463747997849618 and ?l=ukrainian
============ Checking for Redirections: https://store.steampowered.com/news/group/4145017/view/3862463747997849618?l=ukrainian
============ Link after cleaning: https://store.steampowered.com/news/group/4145017/view/3862463747997849618
========== link already checked
======== We are on link 69 of 78
========== raw link https://www.valvesoftware.com/en/contact?contact-person=Translation%20Team%20Feedback
========== dropped link https://www.valvesoftware.com/en/contact?contact-person=Translation%20Team%20Feedback. Didn't pass first allows/blocks test.
======== We are on link 70 of 78
========== raw link https://store.steampowered.com/curator/4145017?snr=1_2108_group__2107
============ Checking for Redirections: https://store.steampowered.com/curator/4145017?snr=1_2108_group__2107
============ Followed Redirection to https://store.steampowered.com/curator/4145017
============ Link after cleaning: https://store.steampowered.com/curator/4145017
========== link already checked
======== We are on link 71 of 78
========== raw link /news/
============ Found Relative: joining https://store.steampowered.com/news/group/4145017/view/3862463747997849618 and /news/
============ Checking for Redirections: https://store.steampowered.com/news/
============ Link after cleaning: https://store.steampowered.com/news/
========== link already checked
======== We are on link 72 of 78
========== raw link /news/group/4145017
============ Found Relative: joining https://store.steampowered.com/news/group/4145017/view/3862463747997849618 and /news/group/4145017
============ Checking for Redirections: https://store.steampowered.com/news/group/4145017
============ Link after cleaning: https://store.steampowered.com/news/group/4145017
========== link already checked
======== We are on link 73 of 78
========== raw link https://steamcommunity.com/groups/steamworks?snr=1_2108_group__2107
============ Checking for Redirections: https://steamcommunity.com/groups/steamworks?snr=1_2108_group__2107
============ Followed Redirection to https://steamcommunity.com/groups/steamworks
============ Link after cleaning: https://steamcommunity.com/groups/steamworks
========== link already checked
======== We are on link 74 of 78
========== raw link https://steamcommunity.com/groups/steamworks/eventcomments/4137185692902102798?snr=1_2108_group__2107
============ Checking for Redirections: https://steamcommunity.com/groups/steamworks/eventcomments/4137185692902102798?snr=1_2108_group__2107
============ Link after cleaning: https://steamcommunity.com/groups/steamworks/eventcomments/4137185692902102798
========== link already checked
======== We are on link 75 of 78
========== raw link /news/group/4145017
============ Found Relative: joining https://store.steampowered.com/news/group/4145017/view/3862463747997849618 and /news/group/4145017
============ Checking for Redirections: https://store.steampowered.com/news/group/4145017
============ Link after cleaning: https://store.steampowered.com/news/group/4145017
========== link already checked
======== We are on link 76 of 78
========== raw link /news/group/4145017/view/4031353003322171823
============ Found Relative: joining https://store.steampowered.com/news/group/4145017/view/3862463747997849618 and /news/group/4145017/view/4031353003322171823
============ Checking for Redirections: https://store.steampowered.com/news/group/4145017/view/4031353003322171823
============ Link after cleaning: https://store.steampowered.com/news/group/4145017/view/4031353003322171823
========== scraping https://store.steampowered.com/news/group/4145017/view/4031353003322171823
======== We are on link 77 of 78
========== raw link /news/group/4145017/view/3788151013321059166
============ Found Relative: joining https://store.steampowered.com/news/group/4145017/view/3862463747997849618 and /news/group/4145017/view/3788151013321059166
============ Checking for Redirections: https://store.steampowered.com/news/group/4145017/view/3788151013321059166
============ Link after cleaning: https://store.steampowered.com/news/group/4145017/view/3788151013321059166
========== scraping https://store.steampowered.com/news/group/4145017/view/3788151013321059166
======== We are on link 78 of 78
========== raw link /news/group/4145017/view/3970553774445735871
============ Found Relative: joining https://store.steampowered.com/news/group/4145017/view/3862463747997849618 and /news/group/4145017/view/3970553774445735871
============ Checking for Redirections: https://store.steampowered.com/news/group/4145017/view/3970553774445735871
============ Link after cleaning: https://store.steampowered.com/news/group/4145017/view/3970553774445735871
========== scraping https://store.steampowered.com/news/group/4145017/view/3970553774445735871
============ New link added. Search term (AI) found on https://store.steampowered.com/news/group/4145017/view/3970553774445735871.
====== We are on page 3 of 5: https://steamcommunity.com/groups/steamworks/eventcomments/612031852355589759
====== Number of Links on this Page: 186
======== We are on link 1 of 186
========== raw link https://steamcommunity.com/login/home/?goto=groups%2Fsteamworks%2Feventcomments%2F612031852355589759
========== dropped link https://steamcommunity.com/login/home/?goto=groups%2Fsteamworks%2Feventcomments%2F612031852355589759. Didn't pass first allows/blocks test.
======== We are on link 2 of 186
========== raw link https://store.steampowered.com/
============ Checking for Redirections: https://store.steampowered.com/
============ Link unchanged
========== link already checked
======== We are on link 3 of 186
========== raw link https://store.steampowered.com/
============ Checking for Redirections: https://store.steampowered.com/
============ Link unchanged
========== link already checked
======== We are on link 4 of 186
========== raw link https://store.steampowered.com/explore/
============ Checking for Redirections: https://store.steampowered.com/explore/
============ Followed Redirection to https://store.steampowered.com/login/?redir=explore%2F&redir_ssl=1
============ Link after cleaning: https://store.steampowered.com/login/
============ Excluded based on allow/block list.
======== We are on link 5 of 186
========== raw link https://steamcommunity.com/my/wishlist/
============ Checking for Redirections: https://steamcommunity.com/my/wishlist/
============ Followed Redirection to https://store.steampowered.com/login/?redir=https%3A%2F%2Fstore.steampowered.com%2Fwishlist%2F
============ Link after cleaning: https://store.steampowered.com/login/
============ Excluded based on allow/block list.
======== We are on link 6 of 186
========== raw link https://store.steampowered.com/points/shop/
============ Checking for Redirections: https://store.steampowered.com/points/shop/
============ Link unchanged
========== link already checked
======== We are on link 7 of 186
========== raw link https://store.steampowered.com/news/
============ Checking for Redirections: https://store.steampowered.com/news/
============ Link unchanged
========== link already checked
======== We are on link 8 of 186
========== raw link https://store.steampowered.com/stats/
============ Checking for Redirections: https://store.steampowered.com/stats/
============ Followed Redirection to https://store.steampowered.com/charts/
============ Link after cleaning: https://store.steampowered.com/charts/
========== link already checked
======== We are on link 9 of 186
========== raw link https://steamcommunity.com/
============ Checking for Redirections: https://steamcommunity.com/
============ Link unchanged
========== link already checked
======== We are on link 10 of 186
========== raw link https://steamcommunity.com/
============ Checking for Redirections: https://steamcommunity.com/
============ Link unchanged
========== link already checked
======== We are on link 11 of 186
========== raw link https://steamcommunity.com/discussions/
============ Checking for Redirections: https://steamcommunity.com/discussions/
============ Link unchanged
========== link already checked
======== We are on link 12 of 186
========== raw link https://steamcommunity.com/workshop/
============ Checking for Redirections: https://steamcommunity.com/workshop/
============ Link unchanged
========== link already checked
======== We are on link 13 of 186
========== raw link https://steamcommunity.com/market/
============ Checking for Redirections: https://steamcommunity.com/market/
============ Link unchanged
========== link already checked
======== We are on link 14 of 186
========== raw link https://steamcommunity.com/?subsection=broadcasts
============ Checking for Redirections: https://steamcommunity.com/?subsection=broadcasts
============ Link after cleaning: https://steamcommunity.com/
========== link already checked
======== We are on link 15 of 186
========== raw link https://store.steampowered.com/about/
============ Checking for Redirections: https://store.steampowered.com/about/
============ Link unchanged
========== link already checked
======== We are on link 16 of 186
========== raw link https://help.steampowered.com/en/
============ Checking for Redirections: https://help.steampowered.com/en/
============ Link unchanged
========== link already checked
======== We are on link 17 of 186
========== raw link https://store.steampowered.com/mobile
============ Checking for Redirections: https://store.steampowered.com/mobile
============ Link unchanged
========== link already checked
======== We are on link 18 of 186
========== raw link https://store.steampowered.com/privacy_agreement/
============ Checking for Redirections: https://store.steampowered.com/privacy_agreement/
============ Link unchanged
========== link already checked
======== We are on link 19 of 186
========== raw link http://www.valvesoftware.com/legal.htm
========== dropped link http://www.valvesoftware.com/legal.htm. Didn't pass first allows/blocks test.
======== We are on link 20 of 186
========== raw link https://store.steampowered.com/subscriber_agreement/
============ Checking for Redirections: https://store.steampowered.com/subscriber_agreement/
============ Link unchanged
========== link already checked
======== We are on link 21 of 186
========== raw link https://store.steampowered.com/steam_refunds/
============ Checking for Redirections: https://store.steampowered.com/steam_refunds/
============ Link unchanged
========== link already checked
======== We are on link 22 of 186
========== raw link javascript:document.forms['join_group_form'].submit();
========== dropped link (either fragment ("#"), js, mailto, comment, pdf, or empty)
======== We are on link 23 of 186
========== raw link https://support.steampowered.com/kb_article.php?ref=4045-USHJ-3810
============ Checking for Redirections: https://support.steampowered.com/kb_article.php?ref=4045-USHJ-3810
============ Followed Redirection to https://help.steampowered.com/en/faqs/view/6862-8119-C23E-EA7B
============ Link after cleaning: https://help.steampowered.com/en/faqs/view/6862-8119-C23E-EA7B
========== link already checked
======== We are on link 24 of 186
========== raw link https://steamcommunity.com/groups/steamworks/eventcomments/591767892517782409/
============ Checking for Redirections: https://steamcommunity.com/groups/steamworks/eventcomments/591767892517782409/
============ Link unchanged
========== scraping https://steamcommunity.com/groups/steamworks/eventcomments/591767892517782409/
======== We are on link 25 of 186
========== raw link https://steamcommunity.com/groups/steamworks/eventcomments/612031950881886284/
============ Checking for Redirections: https://steamcommunity.com/groups/steamworks/eventcomments/612031950881886284/
============ Link unchanged
========== scraping https://steamcommunity.com/groups/steamworks/eventcomments/612031950881886284/
======== We are on link 26 of 186
========== raw link https://steamcommunity.com/groups/steamworks/eventcomments/591764302717817766/
============ Checking for Redirections: https://steamcommunity.com/groups/steamworks/eventcomments/591764302717817766/
============ Link unchanged
========== scraping https://steamcommunity.com/groups/steamworks/eventcomments/591764302717817766/
======== We are on link 27 of 186
========== raw link https://steamcommunity.com/groups/steamworks/eventcomments/632295528254711759/
============ Checking for Redirections: https://steamcommunity.com/groups/steamworks/eventcomments/632295528254711759/
============ Link unchanged
========== scraping https://steamcommunity.com/groups/steamworks/eventcomments/632295528254711759/
============ New link added. Search term (AI) found on https://steamcommunity.com/groups/steamworks/eventcomments/632295528254711759/.
======== We are on link 28 of 186
========== raw link https://store.steampowered.com/
============ Checking for Redirections: https://store.steampowered.com/
============ Link unchanged
========== link already checked
======== We are on link 29 of 186
========== raw link https://store.steampowered.com/
============ Checking for Redirections: https://store.steampowered.com/
============ Link unchanged
========== link already checked
======== We are on link 30 of 186
========== raw link https://store.steampowered.com/
============ Checking for Redirections: https://store.steampowered.com/
============ Link unchanged
========== link already checked
======== We are on link 31 of 186
========== raw link https://store.steampowered.com/
============ Checking for Redirections: https://store.steampowered.com/
============ Link unchanged
========== link already checked
======== We are on link 32 of 186
========== raw link https://store.steampowered.com/explore/
============ Checking for Redirections: https://store.steampowered.com/explore/
============ Followed Redirection to https://store.steampowered.com/login/?redir=explore%2F&redir_ssl=1
============ Link after cleaning: https://store.steampowered.com/login/
============ Excluded based on allow/block list.
======== We are on link 33 of 186
========== raw link https://steamcommunity.com/my/wishlist/
============ Checking for Redirections: https://steamcommunity.com/my/wishlist/
============ Followed Redirection to https://store.steampowered.com/login/?redir=https%3A%2F%2Fstore.steampowered.com%2Fwishlist%2F
============ Link after cleaning: https://store.steampowered.com/login/
============ Excluded based on allow/block list.
======== We are on link 34 of 186
========== raw link https://store.steampowered.com/points/shop/
============ Checking for Redirections: https://store.steampowered.com/points/shop/
============ Link unchanged
========== link already checked
======== We are on link 35 of 186
========== raw link https://store.steampowered.com/news/
============ Checking for Redirections: https://store.steampowered.com/news/
============ Link unchanged
========== link already checked
======== We are on link 36 of 186
========== raw link https://store.steampowered.com/stats/
============ Checking for Redirections: https://store.steampowered.com/stats/
============ Followed Redirection to https://store.steampowered.com/charts/
============ Link after cleaning: https://store.steampowered.com/charts/
========== link already checked
======== We are on link 37 of 186
========== raw link https://steamcommunity.com/
============ Checking for Redirections: https://steamcommunity.com/
============ Link unchanged
========== link already checked
======== We are on link 38 of 186
========== raw link https://steamcommunity.com/
============ Checking for Redirections: https://steamcommunity.com/
============ Link unchanged
========== link already checked
======== We are on link 39 of 186
========== raw link https://steamcommunity.com/discussions/
============ Checking for Redirections: https://steamcommunity.com/discussions/
============ Link unchanged
========== link already checked
======== We are on link 40 of 186
========== raw link https://steamcommunity.com/workshop/
============ Checking for Redirections: https://steamcommunity.com/workshop/
============ Link unchanged
========== link already checked
======== We are on link 41 of 186
========== raw link https://steamcommunity.com/market/
============ Checking for Redirections: https://steamcommunity.com/market/
============ Link unchanged
========== link already checked
======== We are on link 42 of 186
========== raw link https://steamcommunity.com/?subsection=broadcasts
============ Checking for Redirections: https://steamcommunity.com/?subsection=broadcasts
============ Link after cleaning: https://steamcommunity.com/
========== link already checked
======== We are on link 43 of 186
========== raw link https://store.steampowered.com/about/
============ Checking for Redirections: https://store.steampowered.com/about/
============ Link unchanged
========== link already checked
======== We are on link 44 of 186
========== raw link https://help.steampowered.com/en/
============ Checking for Redirections: https://help.steampowered.com/en/
============ Link unchanged
========== link already checked
======== We are on link 45 of 186
========== raw link https://store.steampowered.com/about/
============ Checking for Redirections: https://store.steampowered.com/about/
============ Link unchanged
========== link already checked
======== We are on link 46 of 186
========== raw link https://steamcommunity.com/login/home/?goto=groups%2Fsteamworks%2Feventcomments%2F612031852355589759
========== dropped link https://steamcommunity.com/login/home/?goto=groups%2Fsteamworks%2Feventcomments%2F612031852355589759. Didn't pass first allows/blocks test.
======== We are on link 47 of 186
========== raw link ?l=schinese
============ Link starts with ?: joining https://steamcommunity.com/groups/steamworks/eventcomments/612031852355589759 and ?l=schinese
============ Checking for Redirections: https://steamcommunity.com/groups/steamworks/eventcomments/612031852355589759?l=schinese
============ Link after cleaning: https://steamcommunity.com/groups/steamworks/eventcomments/612031852355589759
========== link already checked
======== We are on link 48 of 186
========== raw link ?l=tchinese
============ Link starts with ?: joining https://steamcommunity.com/groups/steamworks/eventcomments/612031852355589759 and ?l=tchinese
============ Checking for Redirections: https://steamcommunity.com/groups/steamworks/eventcomments/612031852355589759?l=tchinese
============ Link after cleaning: https://steamcommunity.com/groups/steamworks/eventcomments/612031852355589759
========== link already checked
======== We are on link 49 of 186
========== raw link ?l=japanese
============ Link starts with ?: joining https://steamcommunity.com/groups/steamworks/eventcomments/612031852355589759 and ?l=japanese
============ Checking for Redirections: https://steamcommunity.com/groups/steamworks/eventcomments/612031852355589759?l=japanese
============ Link after cleaning: https://steamcommunity.com/groups/steamworks/eventcomments/612031852355589759
========== link already checked
======== We are on link 50 of 186
========== raw link ?l=koreana
============ Link starts with ?: joining https://steamcommunity.com/groups/steamworks/eventcomments/612031852355589759 and ?l=koreana
============ Checking for Redirections: https://steamcommunity.com/groups/steamworks/eventcomments/612031852355589759?l=koreana
============ Link after cleaning: https://steamcommunity.com/groups/steamworks/eventcomments/612031852355589759
========== link already checked
======== We are on link 51 of 186
========== raw link ?l=thai
============ Link starts with ?: joining https://steamcommunity.com/groups/steamworks/eventcomments/612031852355589759 and ?l=thai
============ Checking for Redirections: https://steamcommunity.com/groups/steamworks/eventcomments/612031852355589759?l=thai
============ Link after cleaning: https://steamcommunity.com/groups/steamworks/eventcomments/612031852355589759
========== link already checked
======== We are on link 52 of 186
========== raw link ?l=bulgarian
============ Link starts with ?: joining https://steamcommunity.com/groups/steamworks/eventcomments/612031852355589759 and ?l=bulgarian
============ Checking for Redirections: https://steamcommunity.com/groups/steamworks/eventcomments/612031852355589759?l=bulgarian
============ Link after cleaning: https://steamcommunity.com/groups/steamworks/eventcomments/612031852355589759
========== link already checked
======== We are on link 53 of 186
========== raw link ?l=czech
============ Link starts with ?: joining https://steamcommunity.com/groups/steamworks/eventcomments/612031852355589759 and ?l=czech
============ Checking for Redirections: https://steamcommunity.com/groups/steamworks/eventcomments/612031852355589759?l=czech
============ Link after cleaning: https://steamcommunity.com/groups/steamworks/eventcomments/612031852355589759
========== link already checked
======== We are on link 54 of 186
========== raw link ?l=danish
============ Link starts with ?: joining https://steamcommunity.com/groups/steamworks/eventcomments/612031852355589759 and ?l=danish
============ Checking for Redirections: https://steamcommunity.com/groups/steamworks/eventcomments/612031852355589759?l=danish
============ Link after cleaning: https://steamcommunity.com/groups/steamworks/eventcomments/612031852355589759
========== link already checked
======== We are on link 55 of 186
========== raw link ?l=german
============ Link starts with ?: joining https://steamcommunity.com/groups/steamworks/eventcomments/612031852355589759 and ?l=german
============ Checking for Redirections: https://steamcommunity.com/groups/steamworks/eventcomments/612031852355589759?l=german
============ Link after cleaning: https://steamcommunity.com/groups/steamworks/eventcomments/612031852355589759
========== link already checked
======== We are on link 56 of 186
========== raw link ?l=spanish
============ Link starts with ?: joining https://steamcommunity.com/groups/steamworks/eventcomments/612031852355589759 and ?l=spanish
============ Checking for Redirections: https://steamcommunity.com/groups/steamworks/eventcomments/612031852355589759?l=spanish
============ Link after cleaning: https://steamcommunity.com/groups/steamworks/eventcomments/612031852355589759
========== link already checked
======== We are on link 57 of 186
========== raw link ?l=latam
============ Link starts with ?: joining https://steamcommunity.com/groups/steamworks/eventcomments/612031852355589759 and ?l=latam
============ Checking for Redirections: https://steamcommunity.com/groups/steamworks/eventcomments/612031852355589759?l=latam
============ Link after cleaning: https://steamcommunity.com/groups/steamworks/eventcomments/612031852355589759
========== link already checked
======== We are on link 58 of 186
========== raw link ?l=greek
============ Link starts with ?: joining https://steamcommunity.com/groups/steamworks/eventcomments/612031852355589759 and ?l=greek
============ Checking for Redirections: https://steamcommunity.com/groups/steamworks/eventcomments/612031852355589759?l=greek
============ Link after cleaning: https://steamcommunity.com/groups/steamworks/eventcomments/612031852355589759
========== link already checked
======== We are on link 59 of 186
========== raw link ?l=french
============ Link starts with ?: joining https://steamcommunity.com/groups/steamworks/eventcomments/612031852355589759 and ?l=french
============ Checking for Redirections: https://steamcommunity.com/groups/steamworks/eventcomments/612031852355589759?l=french
============ Link after cleaning: https://steamcommunity.com/groups/steamworks/eventcomments/612031852355589759
========== link already checked
======== We are on link 60 of 186
========== raw link ?l=italian
============ Link starts with ?: joining https://steamcommunity.com/groups/steamworks/eventcomments/612031852355589759 and ?l=italian
============ Checking for Redirections: https://steamcommunity.com/groups/steamworks/eventcomments/612031852355589759?l=italian
============ Link after cleaning: https://steamcommunity.com/groups/steamworks/eventcomments/612031852355589759
========== link already checked
======== We are on link 61 of 186
========== raw link ?l=indonesian
============ Link starts with ?: joining https://steamcommunity.com/groups/steamworks/eventcomments/612031852355589759 and ?l=indonesian
============ Checking for Redirections: https://steamcommunity.com/groups/steamworks/eventcomments/612031852355589759?l=indonesian
============ Link after cleaning: https://steamcommunity.com/groups/steamworks/eventcomments/612031852355589759
========== link already checked
======== We are on link 62 of 186
========== raw link ?l=hungarian
============ Link starts with ?: joining https://steamcommunity.com/groups/steamworks/eventcomments/612031852355589759 and ?l=hungarian
============ Checking for Redirections: https://steamcommunity.com/groups/steamworks/eventcomments/612031852355589759?l=hungarian
============ Link after cleaning: https://steamcommunity.com/groups/steamworks/eventcomments/612031852355589759
========== link already checked
======== We are on link 63 of 186
========== raw link ?l=dutch
============ Link starts with ?: joining https://steamcommunity.com/groups/steamworks/eventcomments/612031852355589759 and ?l=dutch
============ Checking for Redirections: https://steamcommunity.com/groups/steamworks/eventcomments/612031852355589759?l=dutch
============ Link after cleaning: https://steamcommunity.com/groups/steamworks/eventcomments/612031852355589759
========== link already checked
======== We are on link 64 of 186
========== raw link ?l=norwegian
============ Link starts with ?: joining https://steamcommunity.com/groups/steamworks/eventcomments/612031852355589759 and ?l=norwegian
============ Checking for Redirections: https://steamcommunity.com/groups/steamworks/eventcomments/612031852355589759?l=norwegian
============ Link after cleaning: https://steamcommunity.com/groups/steamworks/eventcomments/612031852355589759
========== link already checked
======== We are on link 65 of 186
========== raw link ?l=polish
============ Link starts with ?: joining https://steamcommunity.com/groups/steamworks/eventcomments/612031852355589759 and ?l=polish
============ Checking for Redirections: https://steamcommunity.com/groups/steamworks/eventcomments/612031852355589759?l=polish
============ Link after cleaning: https://steamcommunity.com/groups/steamworks/eventcomments/612031852355589759
========== link already checked
======== We are on link 66 of 186
========== raw link ?l=portuguese
============ Link starts with ?: joining https://steamcommunity.com/groups/steamworks/eventcomments/612031852355589759 and ?l=portuguese
============ Checking for Redirections: https://steamcommunity.com/groups/steamworks/eventcomments/612031852355589759?l=portuguese
============ Link after cleaning: https://steamcommunity.com/groups/steamworks/eventcomments/612031852355589759
========== link already checked
======== We are on link 67 of 186
========== raw link ?l=brazilian
============ Link starts with ?: joining https://steamcommunity.com/groups/steamworks/eventcomments/612031852355589759 and ?l=brazilian
============ Checking for Redirections: https://steamcommunity.com/groups/steamworks/eventcomments/612031852355589759?l=brazilian
============ Link after cleaning: https://steamcommunity.com/groups/steamworks/eventcomments/612031852355589759
========== link already checked
======== We are on link 68 of 186
========== raw link ?l=romanian
============ Link starts with ?: joining https://steamcommunity.com/groups/steamworks/eventcomments/612031852355589759 and ?l=romanian
============ Checking for Redirections: https://steamcommunity.com/groups/steamworks/eventcomments/612031852355589759?l=romanian
============ Link after cleaning: https://steamcommunity.com/groups/steamworks/eventcomments/612031852355589759
========== link already checked
======== We are on link 69 of 186
========== raw link ?l=russian
============ Link starts with ?: joining https://steamcommunity.com/groups/steamworks/eventcomments/612031852355589759 and ?l=russian
============ Checking for Redirections: https://steamcommunity.com/groups/steamworks/eventcomments/612031852355589759?l=russian
============ Link after cleaning: https://steamcommunity.com/groups/steamworks/eventcomments/612031852355589759
========== link already checked
======== We are on link 70 of 186
========== raw link ?l=finnish
============ Link starts with ?: joining https://steamcommunity.com/groups/steamworks/eventcomments/612031852355589759 and ?l=finnish
============ Checking for Redirections: https://steamcommunity.com/groups/steamworks/eventcomments/612031852355589759?l=finnish
============ Link after cleaning: https://steamcommunity.com/groups/steamworks/eventcomments/612031852355589759
========== link already checked
======== We are on link 71 of 186
========== raw link ?l=swedish
============ Link starts with ?: joining https://steamcommunity.com/groups/steamworks/eventcomments/612031852355589759 and ?l=swedish
============ Checking for Redirections: https://steamcommunity.com/groups/steamworks/eventcomments/612031852355589759?l=swedish
============ Link after cleaning: https://steamcommunity.com/groups/steamworks/eventcomments/612031852355589759
========== link already checked
======== We are on link 72 of 186
========== raw link ?l=turkish
============ Link starts with ?: joining https://steamcommunity.com/groups/steamworks/eventcomments/612031852355589759 and ?l=turkish
============ Checking for Redirections: https://steamcommunity.com/groups/steamworks/eventcomments/612031852355589759?l=turkish
============ Link after cleaning: https://steamcommunity.com/groups/steamworks/eventcomments/612031852355589759
========== link already checked
======== We are on link 73 of 186
========== raw link ?l=vietnamese
============ Link starts with ?: joining https://steamcommunity.com/groups/steamworks/eventcomments/612031852355589759 and ?l=vietnamese
============ Checking for Redirections: https://steamcommunity.com/groups/steamworks/eventcomments/612031852355589759?l=vietnamese
============ Link after cleaning: https://steamcommunity.com/groups/steamworks/eventcomments/612031852355589759
========== link already checked
======== We are on link 74 of 186
========== raw link ?l=ukrainian
============ Link starts with ?: joining https://steamcommunity.com/groups/steamworks/eventcomments/612031852355589759 and ?l=ukrainian
============ Checking for Redirections: https://steamcommunity.com/groups/steamworks/eventcomments/612031852355589759?l=ukrainian
============ Link after cleaning: https://steamcommunity.com/groups/steamworks/eventcomments/612031852355589759
========== link already checked
======== We are on link 75 of 186
========== raw link https://www.valvesoftware.com/en/contact?contact-person=Translation%20Team%20Feedback
========== dropped link https://www.valvesoftware.com/en/contact?contact-person=Translation%20Team%20Feedback. Didn't pass first allows/blocks test.
======== We are on link 76 of 186
========== raw link https://steamcommunity.com/groups/steamworks/members
============ Checking for Redirections: https://steamcommunity.com/groups/steamworks/members
============ Link unchanged
========== scraping https://steamcommunity.com/groups/steamworks/members
======== We are on link 77 of 186
========== raw link https://steamcommunity.com/groups/steamworks
============ Checking for Redirections: https://steamcommunity.com/groups/steamworks
============ Link unchanged
========== link already checked
======== We are on link 78 of 186
========== raw link https://steamcommunity.com/groups/steamworks/announcements
============ Checking for Redirections: https://steamcommunity.com/groups/steamworks/announcements
============ Link unchanged
========== link already checked
======== We are on link 79 of 186
========== raw link https://steamcommunity.com/groups/steamworks/discussions
============ Checking for Redirections: https://steamcommunity.com/groups/steamworks/discussions
============ Link unchanged
========== scraping https://steamcommunity.com/groups/steamworks/discussions
======== We are on link 80 of 186
========== raw link https://steamcommunity.com/groups/steamworks/events
============ Checking for Redirections: https://steamcommunity.com/groups/steamworks/events
============ Link unchanged
========== scraping https://steamcommunity.com/groups/steamworks/events
======== We are on link 81 of 186
========== raw link https://steamcommunity.com/groups/steamworks#members
============ Checking for Redirections: https://steamcommunity.com/groups/steamworks#members
============ Followed Redirection to https://steamcommunity.com/groups/steamworks/members
============ Link after cleaning: https://steamcommunity.com/groups/steamworks/members
========== link already checked
======== We are on link 82 of 186
========== raw link https://steamcommunity.com/groups/steamworks#comments
============ Checking for Redirections: https://steamcommunity.com/groups/steamworks#comments
============ Followed Redirection to https://steamcommunity.com/groups/steamworks/comments
============ Link after cleaning: https://steamcommunity.com/groups/steamworks/comments
========== scraping https://steamcommunity.com/groups/steamworks/comments
======== We are on link 83 of 186
========== raw link https://steamcommunity.com/groups/steamworks/discussions
============ Checking for Redirections: https://steamcommunity.com/groups/steamworks/discussions
============ Link unchanged
========== link already checked
======== We are on link 84 of 186
========== raw link https://steamcommunity.com/groups/steamworks/eventcomments/
============ Checking for Redirections: https://steamcommunity.com/groups/steamworks/eventcomments/
============ Link unchanged
========== scraping https://steamcommunity.com/groups/steamworks/eventcomments/
============ New link added. Search term (AI) found on https://steamcommunity.com/groups/steamworks/eventcomments/.
======== We are on link 85 of 186
========== raw link https://steamcommunity.com/gid/103582791433666425/announcements/detail/751641001553035272
============ Checking for Redirections: https://steamcommunity.com/gid/103582791433666425/announcements/detail/751641001553035272
============ Followed Redirection to https://steamcommunity.com/groups/steamworks/announcements/detail/751641001553035272
============ Link after cleaning: https://steamcommunity.com/groups/steamworks/announcements/detail/751641001553035272
========== link already checked
======== We are on link 86 of 186
========== raw link javascript:void(0);
========== dropped link (either fragment ("#"), js, mailto, comment, pdf, or empty)
======== We are on link 87 of 186
========== raw link /groups/steamworks/eventcomments/612031852355589759?ctp=1
============ Found Relative: joining https://steamcommunity.com/groups/steamworks/eventcomments/612031852355589759 and /groups/steamworks/eventcomments/612031852355589759?ctp=1
============ Checking for Redirections: https://steamcommunity.com/groups/steamworks/eventcomments/612031852355589759?ctp=1
============ Link after cleaning: https://steamcommunity.com/groups/steamworks/eventcomments/612031852355589759
========== link already checked
======== We are on link 88 of 186
========== raw link /groups/steamworks/eventcomments/612031852355589759?ctp=2
============ Found Relative: joining https://steamcommunity.com/groups/steamworks/eventcomments/612031852355589759 and /groups/steamworks/eventcomments/612031852355589759?ctp=2
============ Checking for Redirections: https://steamcommunity.com/groups/steamworks/eventcomments/612031852355589759?ctp=2
============ Link after cleaning: https://steamcommunity.com/groups/steamworks/eventcomments/612031852355589759
========== link already checked
======== We are on link 89 of 186
========== raw link /groups/steamworks/eventcomments/612031852355589759?ctp=3
============ Found Relative: joining https://steamcommunity.com/groups/steamworks/eventcomments/612031852355589759 and /groups/steamworks/eventcomments/612031852355589759?ctp=3
============ Checking for Redirections: https://steamcommunity.com/groups/steamworks/eventcomments/612031852355589759?ctp=3
============ Link after cleaning: https://steamcommunity.com/groups/steamworks/eventcomments/612031852355589759
========== link already checked
======== We are on link 90 of 186
========== raw link /groups/steamworks/eventcomments/612031852355589759?ctp=2
============ Found Relative: joining https://steamcommunity.com/groups/steamworks/eventcomments/612031852355589759 and /groups/steamworks/eventcomments/612031852355589759?ctp=2
============ Checking for Redirections: https://steamcommunity.com/groups/steamworks/eventcomments/612031852355589759?ctp=2
============ Link after cleaning: https://steamcommunity.com/groups/steamworks/eventcomments/612031852355589759
========== link already checked
======== We are on link 91 of 186
========== raw link https://steamcommunity.com/id/lightwo
============ Checking for Redirections: https://steamcommunity.com/id/lightwo
============ Link unchanged
========== scraping https://steamcommunity.com/id/lightwo
======== We are on link 92 of 186
========== raw link https://steamcommunity.com/id/lightwo
============ Checking for Redirections: https://steamcommunity.com/id/lightwo
============ Link unchanged
========== link already checked
======== We are on link 93 of 186
========== raw link https://steamcommunity.com/id/lightwo
============ Checking for Redirections: https://steamcommunity.com/id/lightwo
============ Link unchanged
========== link already checked
======== We are on link 94 of 186
========== raw link https://steamcommunity.com/id/lightwo/posthistory/
============ Checking for Redirections: https://steamcommunity.com/id/lightwo/posthistory/
============ Followed Redirection to https://steamcommunity.com/login/home/?goto=%2Fid%2Flightwo%2Fposthistory%2F
============ Link after cleaning: https://steamcommunity.com/login/home/
============ Excluded based on allow/block list.
======== We are on link 95 of 186
========== raw link https://steamcommunity.com/id/lightwo
============ Checking for Redirections: https://steamcommunity.com/id/lightwo
============ Link unchanged
========== link already checked
======== We are on link 96 of 186
========== raw link #c612031852355589913
========== dropped link (either fragment ("#"), js, mailto, comment, pdf, or empty)
======== We are on link 97 of 186
========== raw link https://steamcommunity.com/id/wokuma
============ Checking for Redirections: https://steamcommunity.com/id/wokuma
============ Link unchanged
========== scraping https://steamcommunity.com/id/wokuma
======== We are on link 98 of 186
========== raw link https://steamcommunity.com/id/wokuma
============ Checking for Redirections: https://steamcommunity.com/id/wokuma
============ Link unchanged
========== link already checked
======== We are on link 99 of 186
========== raw link https://steamcommunity.com/id/wokuma
============ Checking for Redirections: https://steamcommunity.com/id/wokuma
============ Link unchanged
========== link already checked
======== We are on link 100 of 186
========== raw link https://steamcommunity.com/id/wokuma/posthistory/
============ Checking for Redirections: https://steamcommunity.com/id/wokuma/posthistory/
============ Followed Redirection to https://steamcommunity.com/login/home/?goto=%2Fid%2Fwokuma%2Fposthistory%2F
============ Link after cleaning: https://steamcommunity.com/login/home/
============ Excluded based on allow/block list.
======== We are on link 101 of 186
========== raw link #c612031852355589957
========== dropped link (either fragment ("#"), js, mailto, comment, pdf, or empty)
======== We are on link 102 of 186
========== raw link https://steamcommunity.com/profiles/76561198971530954
============ Checking for Redirections: https://steamcommunity.com/profiles/76561198971530954
============ Link unchanged
========== scraping https://steamcommunity.com/profiles/76561198971530954
======== We are on link 103 of 186
========== raw link https://steamcommunity.com/profiles/76561198971530954
============ Checking for Redirections: https://steamcommunity.com/profiles/76561198971530954
============ Link unchanged
========== link already checked
======== We are on link 104 of 186
========== raw link https://steamcommunity.com/profiles/76561198971530954
============ Checking for Redirections: https://steamcommunity.com/profiles/76561198971530954
============ Link unchanged
========== link already checked
======== We are on link 105 of 186
========== raw link https://steamcommunity.com/profiles/76561198971530954/posthistory/
============ Checking for Redirections: https://steamcommunity.com/profiles/76561198971530954/posthistory/
============ Followed Redirection to https://steamcommunity.com/login/home/?goto=%2Fprofiles%2F76561198971530954%2Fposthistory%2F
============ Link after cleaning: https://steamcommunity.com/login/home/
============ Excluded based on allow/block list.
======== We are on link 106 of 186
========== raw link #c612031852355589964
========== dropped link (either fragment ("#"), js, mailto, comment, pdf, or empty)
======== We are on link 107 of 186
========== raw link https://steamcommunity.com/id/ofihombre
============ Checking for Redirections: https://steamcommunity.com/id/ofihombre
============ Link unchanged
========== scraping https://steamcommunity.com/id/ofihombre
======== We are on link 108 of 186
========== raw link https://steamcommunity.com/id/ofihombre
============ Checking for Redirections: https://steamcommunity.com/id/ofihombre
============ Link unchanged
========== link already checked
======== We are on link 109 of 186
========== raw link https://steamcommunity.com/id/ofihombre
============ Checking for Redirections: https://steamcommunity.com/id/ofihombre
============ Link unchanged
========== link already checked
======== We are on link 110 of 186
========== raw link https://steamcommunity.com/id/ofihombre/posthistory/
============ Checking for Redirections: https://steamcommunity.com/id/ofihombre/posthistory/
============ Followed Redirection to https://steamcommunity.com/login/home/?goto=%2Fid%2Fofihombre%2Fposthistory%2F
============ Link after cleaning: https://steamcommunity.com/login/home/
============ Excluded based on allow/block list.
======== We are on link 111 of 186
========== raw link #c612031852355590036
========== dropped link (either fragment ("#"), js, mailto, comment, pdf, or empty)
======== We are on link 112 of 186
========== raw link https://steamcommunity.com/profiles/76561199574982966
============ Checking for Redirections: https://steamcommunity.com/profiles/76561199574982966
============ Link unchanged
========== scraping https://steamcommunity.com/profiles/76561199574982966
======== We are on link 113 of 186
========== raw link https://steamcommunity.com/profiles/76561199574982966
============ Checking for Redirections: https://steamcommunity.com/profiles/76561199574982966
============ Link unchanged
========== link already checked
======== We are on link 114 of 186
========== raw link https://steamcommunity.com/profiles/76561199574982966
============ Checking for Redirections: https://steamcommunity.com/profiles/76561199574982966
============ Link unchanged
========== link already checked
======== We are on link 115 of 186
========== raw link https://steamcommunity.com/profiles/76561199574982966/posthistory/
============ Checking for Redirections: https://steamcommunity.com/profiles/76561199574982966/posthistory/
============ Followed Redirection to https://steamcommunity.com/login/home/?goto=%2Fprofiles%2F76561199574982966%2Fposthistory%2F
============ Link after cleaning: https://steamcommunity.com/login/home/
============ Excluded based on allow/block list.
======== We are on link 116 of 186
========== raw link #c612031852355590572
========== dropped link (either fragment ("#"), js, mailto, comment, pdf, or empty)
======== We are on link 117 of 186
========== raw link https://steamcommunity.com/id/sunlightscream
============ Checking for Redirections: https://steamcommunity.com/id/sunlightscream
============ Link unchanged
========== scraping https://steamcommunity.com/id/sunlightscream
======== We are on link 118 of 186
========== raw link https://steamcommunity.com/id/sunlightscream
============ Checking for Redirections: https://steamcommunity.com/id/sunlightscream
============ Link unchanged
========== link already checked
======== We are on link 119 of 186
========== raw link https://steamcommunity.com/id/sunlightscream
============ Checking for Redirections: https://steamcommunity.com/id/sunlightscream
============ Link unchanged
========== link already checked
======== We are on link 120 of 186
========== raw link https://steamcommunity.com/id/sunlightscream/posthistory/
============ Checking for Redirections: https://steamcommunity.com/id/sunlightscream/posthistory/
============ Followed Redirection to https://steamcommunity.com/login/home/?goto=%2Fid%2Fsunlightscream%2Fposthistory%2F
============ Link after cleaning: https://steamcommunity.com/login/home/
============ Excluded based on allow/block list.
======== We are on link 121 of 186
========== raw link #c612031852355591325
========== dropped link (either fragment ("#"), js, mailto, comment, pdf, or empty)
======== We are on link 122 of 186
========== raw link https://steamcommunity.com/profiles/76561198036165901
============ Checking for Redirections: https://steamcommunity.com/profiles/76561198036165901
============ Link unchanged
========== scraping https://steamcommunity.com/profiles/76561198036165901
======== We are on link 123 of 186
========== raw link https://steamcommunity.com/profiles/76561198036165901
============ Checking for Redirections: https://steamcommunity.com/profiles/76561198036165901
============ Link unchanged
========== link already checked
======== We are on link 124 of 186
========== raw link https://steamcommunity.com/profiles/76561198036165901
============ Checking for Redirections: https://steamcommunity.com/profiles/76561198036165901
============ Link unchanged
========== link already checked
======== We are on link 125 of 186
========== raw link https://steamcommunity.com/profiles/76561198036165901/posthistory/
============ Checking for Redirections: https://steamcommunity.com/profiles/76561198036165901/posthistory/
============ Followed Redirection to https://steamcommunity.com/login/home/?goto=%2Fprofiles%2F76561198036165901%2Fposthistory%2F
============ Link after cleaning: https://steamcommunity.com/login/home/
============ Excluded based on allow/block list.
======== We are on link 126 of 186
========== raw link #c612031852355591523
========== dropped link (either fragment ("#"), js, mailto, comment, pdf, or empty)
======== We are on link 127 of 186
========== raw link https://steamcommunity.com/id/graphxgames
============ Checking for Redirections: https://steamcommunity.com/id/graphxgames
============ Link unchanged
========== scraping https://steamcommunity.com/id/graphxgames
======== We are on link 128 of 186
========== raw link https://steamcommunity.com/id/graphxgames
============ Checking for Redirections: https://steamcommunity.com/id/graphxgames
============ Link unchanged
========== link already checked
======== We are on link 129 of 186
========== raw link https://steamcommunity.com/id/graphxgames
============ Checking for Redirections: https://steamcommunity.com/id/graphxgames
============ Link unchanged
========== link already checked
======== We are on link 130 of 186
========== raw link https://steamcommunity.com/id/graphxgames/posthistory/
============ Checking for Redirections: https://steamcommunity.com/id/graphxgames/posthistory/
============ Followed Redirection to https://steamcommunity.com/login/home/?goto=%2Fid%2Fgraphxgames%2Fposthistory%2F
============ Link after cleaning: https://steamcommunity.com/login/home/
============ Excluded based on allow/block list.
======== We are on link 131 of 186
========== raw link https://steamcommunity.com/id/graphxgames
============ Checking for Redirections: https://steamcommunity.com/id/graphxgames
============ Link unchanged
========== link already checked
======== We are on link 132 of 186
========== raw link #c612031852355591746
========== dropped link (either fragment ("#"), js, mailto, comment, pdf, or empty)
======== We are on link 133 of 186
========== raw link https://steamcommunity.com/id/nempk1
============ Checking for Redirections: https://steamcommunity.com/id/nempk1
============ Link unchanged
========== scraping https://steamcommunity.com/id/nempk1
======== We are on link 134 of 186
========== raw link https://steamcommunity.com/id/nempk1
============ Checking for Redirections: https://steamcommunity.com/id/nempk1
============ Link unchanged
========== link already checked
======== We are on link 135 of 186
========== raw link https://steamcommunity.com/id/nempk1
============ Checking for Redirections: https://steamcommunity.com/id/nempk1
============ Link unchanged
========== link already checked
======== We are on link 136 of 186
========== raw link https://steamcommunity.com/id/nempk1/posthistory/
============ Checking for Redirections: https://steamcommunity.com/id/nempk1/posthistory/
============ Followed Redirection to https://steamcommunity.com/login/home/?goto=%2Fid%2Fnempk1%2Fposthistory%2F
============ Link after cleaning: https://steamcommunity.com/login/home/
============ Excluded based on allow/block list.
======== We are on link 137 of 186
========== raw link https://steamcommunity.com/id/nempk1
============ Checking for Redirections: https://steamcommunity.com/id/nempk1
============ Link unchanged
========== link already checked
======== We are on link 138 of 186
========== raw link #c612031852355592292
========== dropped link (either fragment ("#"), js, mailto, comment, pdf, or empty)
======== We are on link 139 of 186
========== raw link https://steamcommunity.com/id/XxFran8234xX
============ Checking for Redirections: https://steamcommunity.com/id/XxFran8234xX
============ Link unchanged
========== scraping https://steamcommunity.com/id/XxFran8234xX
======== We are on link 140 of 186
========== raw link https://steamcommunity.com/id/XxFran8234xX
============ Checking for Redirections: https://steamcommunity.com/id/XxFran8234xX
============ Link unchanged
========== link already checked
======== We are on link 141 of 186
========== raw link https://steamcommunity.com/id/XxFran8234xX
============ Checking for Redirections: https://steamcommunity.com/id/XxFran8234xX
============ Link unchanged
========== link already checked
======== We are on link 142 of 186
========== raw link https://steamcommunity.com/id/XxFran8234xX/posthistory/
============ Checking for Redirections: https://steamcommunity.com/id/XxFran8234xX/posthistory/
============ Followed Redirection to https://steamcommunity.com/login/home/?goto=%2Fid%2FXxFran8234xX%2Fposthistory%2F
============ Link after cleaning: https://steamcommunity.com/login/home/
============ Excluded based on allow/block list.
======== We are on link 143 of 186
========== raw link #c612031852355592392
========== dropped link (either fragment ("#"), js, mailto, comment, pdf, or empty)
======== We are on link 144 of 186
========== raw link https://steamcommunity.com/id/MyGames_GE0
============ Checking for Redirections: https://steamcommunity.com/id/MyGames_GE0
============ Link unchanged
========== scraping https://steamcommunity.com/id/MyGames_GE0
======== We are on link 145 of 186
========== raw link https://steamcommunity.com/id/MyGames_GE0
============ Checking for Redirections: https://steamcommunity.com/id/MyGames_GE0
============ Link unchanged
========== link already checked
======== We are on link 146 of 186
========== raw link https://steamcommunity.com/id/MyGames_GE0
============ Checking for Redirections: https://steamcommunity.com/id/MyGames_GE0
============ Link unchanged
========== link already checked
======== We are on link 147 of 186
========== raw link https://steamcommunity.com/id/MyGames_GE0/posthistory/
============ Checking for Redirections: https://steamcommunity.com/id/MyGames_GE0/posthistory/
============ Followed Redirection to https://steamcommunity.com/login/home/?goto=%2Fid%2FMyGames_GE0%2Fposthistory%2F
============ Link after cleaning: https://steamcommunity.com/login/home/
============ Excluded based on allow/block list.
======== We are on link 148 of 186
========== raw link #c612031950881817385
========== dropped link (either fragment ("#"), js, mailto, comment, pdf, or empty)
======== We are on link 149 of 186
========== raw link https://steamcommunity.com/profiles/76561199561866874
============ Checking for Redirections: https://steamcommunity.com/profiles/76561199561866874
============ Link unchanged
========== scraping https://steamcommunity.com/profiles/76561199561866874
======== We are on link 150 of 186
========== raw link https://steamcommunity.com/profiles/76561199561866874
============ Checking for Redirections: https://steamcommunity.com/profiles/76561199561866874
============ Link unchanged
========== link already checked
======== We are on link 151 of 186
========== raw link https://steamcommunity.com/profiles/76561199561866874
============ Checking for Redirections: https://steamcommunity.com/profiles/76561199561866874
============ Link unchanged
========== link already checked
======== We are on link 152 of 186
========== raw link https://steamcommunity.com/profiles/76561199561866874/posthistory/
============ Checking for Redirections: https://steamcommunity.com/profiles/76561199561866874/posthistory/
============ Followed Redirection to https://steamcommunity.com/login/home/?goto=%2Fprofiles%2F76561199561866874%2Fposthistory%2F
============ Link after cleaning: https://steamcommunity.com/login/home/
============ Excluded based on allow/block list.
======== We are on link 153 of 186
========== raw link #c612031950881820343
========== dropped link (either fragment ("#"), js, mailto, comment, pdf, or empty)
======== We are on link 154 of 186
========== raw link https://steamcommunity.com/profiles/76561199492392231
============ Checking for Redirections: https://steamcommunity.com/profiles/76561199492392231
============ Link unchanged
========== scraping https://steamcommunity.com/profiles/76561199492392231
======== We are on link 155 of 186
========== raw link https://steamcommunity.com/profiles/76561199492392231
============ Checking for Redirections: https://steamcommunity.com/profiles/76561199492392231
============ Link unchanged
========== link already checked
======== We are on link 156 of 186
========== raw link https://steamcommunity.com/profiles/76561199492392231
============ Checking for Redirections: https://steamcommunity.com/profiles/76561199492392231
============ Link unchanged
========== link already checked
======== We are on link 157 of 186
========== raw link https://steamcommunity.com/profiles/76561199492392231/posthistory/
============ Checking for Redirections: https://steamcommunity.com/profiles/76561199492392231/posthistory/
============ Followed Redirection to https://steamcommunity.com/login/home/?goto=%2Fprofiles%2F76561199492392231%2Fposthistory%2F
============ Link after cleaning: https://steamcommunity.com/login/home/
============ Excluded based on allow/block list.
======== We are on link 158 of 186
========== raw link #c612031950881821669
========== dropped link (either fragment ("#"), js, mailto, comment, pdf, or empty)
======== We are on link 159 of 186
========== raw link https://steamcommunity.com/id/dinosauriac
============ Checking for Redirections: https://steamcommunity.com/id/dinosauriac
============ Link unchanged
========== scraping https://steamcommunity.com/id/dinosauriac
======== We are on link 160 of 186
========== raw link https://steamcommunity.com/id/dinosauriac
============ Checking for Redirections: https://steamcommunity.com/id/dinosauriac
============ Link unchanged
========== link already checked
======== We are on link 161 of 186
========== raw link https://steamcommunity.com/id/dinosauriac
============ Checking for Redirections: https://steamcommunity.com/id/dinosauriac
============ Link unchanged
========== link already checked
======== We are on link 162 of 186
========== raw link https://steamcommunity.com/id/dinosauriac/posthistory/
============ Checking for Redirections: https://steamcommunity.com/id/dinosauriac/posthistory/
============ Followed Redirection to https://steamcommunity.com/login/home/?goto=%2Fid%2Fdinosauriac%2Fposthistory%2F
============ Link after cleaning: https://steamcommunity.com/login/home/
============ Excluded based on allow/block list.
======== We are on link 163 of 186
========== raw link #c612031950881822120
========== dropped link (either fragment ("#"), js, mailto, comment, pdf, or empty)
======== We are on link 164 of 186
========== raw link https://steamcommunity.com/profiles/76561199435873124
============ Checking for Redirections: https://steamcommunity.com/profiles/76561199435873124
============ Link unchanged
========== scraping https://steamcommunity.com/profiles/76561199435873124
======== We are on link 165 of 186
========== raw link https://steamcommunity.com/profiles/76561199435873124
============ Checking for Redirections: https://steamcommunity.com/profiles/76561199435873124
============ Link unchanged
========== link already checked
======== We are on link 166 of 186
========== raw link https://steamcommunity.com/profiles/76561199435873124
============ Checking for Redirections: https://steamcommunity.com/profiles/76561199435873124
============ Link unchanged
========== link already checked
======== We are on link 167 of 186
========== raw link https://steamcommunity.com/profiles/76561199435873124/posthistory/
============ Checking for Redirections: https://steamcommunity.com/profiles/76561199435873124/posthistory/
============ Followed Redirection to https://steamcommunity.com/login/home/?goto=%2Fprofiles%2F76561199435873124%2Fposthistory%2F
============ Link after cleaning: https://steamcommunity.com/login/home/
============ Excluded based on allow/block list.
======== We are on link 168 of 186
========== raw link https://steamcommunity.com/profiles/76561199435873124
============ Checking for Redirections: https://steamcommunity.com/profiles/76561199435873124
============ Link unchanged
========== link already checked
======== We are on link 169 of 186
========== raw link #c612031950881822475
========== dropped link (either fragment ("#"), js, mailto, comment, pdf, or empty)
======== We are on link 170 of 186
========== raw link javascript:void(0);
========== dropped link (either fragment ("#"), js, mailto, comment, pdf, or empty)
======== We are on link 171 of 186
========== raw link /groups/steamworks/eventcomments/612031852355589759?ctp=1
============ Found Relative: joining https://steamcommunity.com/groups/steamworks/eventcomments/612031852355589759 and /groups/steamworks/eventcomments/612031852355589759?ctp=1
============ Checking for Redirections: https://steamcommunity.com/groups/steamworks/eventcomments/612031852355589759?ctp=1
============ Link after cleaning: https://steamcommunity.com/groups/steamworks/eventcomments/612031852355589759
========== link already checked
======== We are on link 172 of 186
========== raw link /groups/steamworks/eventcomments/612031852355589759?ctp=2
============ Found Relative: joining https://steamcommunity.com/groups/steamworks/eventcomments/612031852355589759 and /groups/steamworks/eventcomments/612031852355589759?ctp=2
============ Checking for Redirections: https://steamcommunity.com/groups/steamworks/eventcomments/612031852355589759?ctp=2
============ Link after cleaning: https://steamcommunity.com/groups/steamworks/eventcomments/612031852355589759
========== link already checked
======== We are on link 173 of 186
========== raw link /groups/steamworks/eventcomments/612031852355589759?ctp=3
============ Found Relative: joining https://steamcommunity.com/groups/steamworks/eventcomments/612031852355589759 and /groups/steamworks/eventcomments/612031852355589759?ctp=3
============ Checking for Redirections: https://steamcommunity.com/groups/steamworks/eventcomments/612031852355589759?ctp=3
============ Link after cleaning: https://steamcommunity.com/groups/steamworks/eventcomments/612031852355589759
========== link already checked
======== We are on link 174 of 186
========== raw link /groups/steamworks/eventcomments/612031852355589759?ctp=2
============ Found Relative: joining https://steamcommunity.com/groups/steamworks/eventcomments/612031852355589759 and /groups/steamworks/eventcomments/612031852355589759?ctp=2
============ Checking for Redirections: https://steamcommunity.com/groups/steamworks/eventcomments/612031852355589759?ctp=2
============ Link after cleaning: https://steamcommunity.com/groups/steamworks/eventcomments/612031852355589759
========== link already checked
======== We are on link 175 of 186
========== raw link javascript:Forum_SetTopicRepliesPerPage( 30 );
========== dropped link (either fragment ("#"), js, mailto, comment, pdf, or empty)
======== We are on link 176 of 186
========== raw link javascript:Forum_SetTopicRepliesPerPage( 50 );
========== dropped link (either fragment ("#"), js, mailto, comment, pdf, or empty)
======== We are on link 177 of 186
========== raw link https://steamcommunity.com/groups/steamworks/discussions
============ Checking for Redirections: https://steamcommunity.com/groups/steamworks/discussions
============ Link unchanged
========== link already checked
======== We are on link 178 of 186
========== raw link https://steamcommunity.com/groups/steamworks/eventcomments/
============ Checking for Redirections: https://steamcommunity.com/groups/steamworks/eventcomments/
============ Link unchanged
========== link already checked
======== We are on link 179 of 186
========== raw link javascript:hideModal( 'forum_modal' )
========== dropped link (either fragment ("#"), js, mailto, comment, pdf, or empty)
======== We are on link 180 of 186
========== raw link 
========== dropped link (either fragment ("#"), js, mailto, comment, pdf, or empty)
======== We are on link 181 of 186
========== raw link 
========== dropped link (either fragment ("#"), js, mailto, comment, pdf, or empty)
======== We are on link 182 of 186
========== raw link https://steamcommunity.com/linkfilter/?u=http%3A%2F%2Fwww.geonames.org
============ Checking for Redirections: https://steamcommunity.com/linkfilter/?u=http%3A%2F%2Fwww.geonames.org
============ Link after cleaning: https://steamcommunity.com/linkfilter/
========== link already checked
======== We are on link 183 of 186
========== raw link http://store.steampowered.com/privacy_agreement/
============ Checking for Redirections: http://store.steampowered.com/privacy_agreement/
============ Followed Redirection to https://store.steampowered.com/privacy_agreement/
============ Link after cleaning: https://store.steampowered.com/privacy_agreement/
========== link already checked
======== We are on link 184 of 186
========== raw link https://store.steampowered.com/legal/
============ Checking for Redirections: https://store.steampowered.com/legal/
============ Link unchanged
========== link already checked
======== We are on link 185 of 186
========== raw link http://store.steampowered.com/subscriber_agreement/
============ Checking for Redirections: http://store.steampowered.com/subscriber_agreement/
============ Followed Redirection to https://store.steampowered.com/subscriber_agreement/
============ Link after cleaning: https://store.steampowered.com/subscriber_agreement/
========== link already checked
======== We are on link 186 of 186
========== raw link http://store.steampowered.com/account/cookiepreferences/
============ Checking for Redirections: http://store.steampowered.com/account/cookiepreferences/
============ Followed Redirection to https://store.steampowered.com/account/cookiepreferences/
============ Link after cleaning: https://store.steampowered.com/account/cookiepreferences/
========== link already checked
====== We are on page 4 of 5: https://steamcommunity.com/groups/steamworks/eventcomments/4137185692902102798
====== Number of Links on this Page: 193
======== We are on link 1 of 193
========== raw link https://steamcommunity.com/login/home/?goto=groups%2Fsteamworks%2Feventcomments%2F4137185692902102798
========== dropped link https://steamcommunity.com/login/home/?goto=groups%2Fsteamworks%2Feventcomments%2F4137185692902102798. Didn't pass first allows/blocks test.
======== We are on link 2 of 193
========== raw link https://store.steampowered.com/
============ Checking for Redirections: https://store.steampowered.com/
============ Link unchanged
========== link already checked
======== We are on link 3 of 193
========== raw link https://store.steampowered.com/
============ Checking for Redirections: https://store.steampowered.com/
============ Link unchanged
========== link already checked
======== We are on link 4 of 193
========== raw link https://store.steampowered.com/explore/
============ Checking for Redirections: https://store.steampowered.com/explore/
============ Followed Redirection to https://store.steampowered.com/login/?redir=explore%2F&redir_ssl=1
============ Link after cleaning: https://store.steampowered.com/login/
============ Excluded based on allow/block list.
======== We are on link 5 of 193
========== raw link https://steamcommunity.com/my/wishlist/
============ Checking for Redirections: https://steamcommunity.com/my/wishlist/
============ Followed Redirection to https://store.steampowered.com/login/?redir=https%3A%2F%2Fstore.steampowered.com%2Fwishlist%2F
============ Link after cleaning: https://store.steampowered.com/login/
============ Excluded based on allow/block list.
======== We are on link 6 of 193
========== raw link https://store.steampowered.com/points/shop/
============ Checking for Redirections: https://store.steampowered.com/points/shop/
============ Link unchanged
========== link already checked
======== We are on link 7 of 193
========== raw link https://store.steampowered.com/news/
============ Checking for Redirections: https://store.steampowered.com/news/
============ Link unchanged
========== link already checked
======== We are on link 8 of 193
========== raw link https://store.steampowered.com/stats/
============ Checking for Redirections: https://store.steampowered.com/stats/
============ Followed Redirection to https://store.steampowered.com/charts/
============ Link after cleaning: https://store.steampowered.com/charts/
========== link already checked
======== We are on link 9 of 193
========== raw link https://steamcommunity.com/
============ Checking for Redirections: https://steamcommunity.com/
============ Link unchanged
========== link already checked
======== We are on link 10 of 193
========== raw link https://steamcommunity.com/
============ Checking for Redirections: https://steamcommunity.com/
============ Link unchanged
========== link already checked
======== We are on link 11 of 193
========== raw link https://steamcommunity.com/discussions/
============ Checking for Redirections: https://steamcommunity.com/discussions/
============ Link unchanged
========== link already checked
======== We are on link 12 of 193
========== raw link https://steamcommunity.com/workshop/
============ Checking for Redirections: https://steamcommunity.com/workshop/
============ Link unchanged
========== link already checked
======== We are on link 13 of 193
========== raw link https://steamcommunity.com/market/
============ Checking for Redirections: https://steamcommunity.com/market/
============ Link unchanged
========== link already checked
======== We are on link 14 of 193
========== raw link https://steamcommunity.com/?subsection=broadcasts
============ Checking for Redirections: https://steamcommunity.com/?subsection=broadcasts
============ Link after cleaning: https://steamcommunity.com/
========== link already checked
======== We are on link 15 of 193
========== raw link https://store.steampowered.com/about/
============ Checking for Redirections: https://store.steampowered.com/about/
============ Link unchanged
========== link already checked
======== We are on link 16 of 193
========== raw link https://help.steampowered.com/en/
============ Checking for Redirections: https://help.steampowered.com/en/
============ Link unchanged
========== link already checked
======== We are on link 17 of 193
========== raw link https://store.steampowered.com/mobile
============ Checking for Redirections: https://store.steampowered.com/mobile
============ Link unchanged
========== link already checked
======== We are on link 18 of 193
========== raw link https://store.steampowered.com/privacy_agreement/
============ Checking for Redirections: https://store.steampowered.com/privacy_agreement/
============ Link unchanged
========== link already checked
======== We are on link 19 of 193
========== raw link http://www.valvesoftware.com/legal.htm
========== dropped link http://www.valvesoftware.com/legal.htm. Didn't pass first allows/blocks test.
======== We are on link 20 of 193
========== raw link https://store.steampowered.com/subscriber_agreement/
============ Checking for Redirections: https://store.steampowered.com/subscriber_agreement/
============ Link unchanged
========== link already checked
======== We are on link 21 of 193
========== raw link https://store.steampowered.com/steam_refunds/
============ Checking for Redirections: https://store.steampowered.com/steam_refunds/
============ Link unchanged
========== link already checked
======== We are on link 22 of 193
========== raw link javascript:document.forms['join_group_form'].submit();
========== dropped link (either fragment ("#"), js, mailto, comment, pdf, or empty)
======== We are on link 23 of 193
========== raw link https://support.steampowered.com/kb_article.php?ref=4045-USHJ-3810
============ Checking for Redirections: https://support.steampowered.com/kb_article.php?ref=4045-USHJ-3810
============ Followed Redirection to https://help.steampowered.com/en/faqs/view/6862-8119-C23E-EA7B
============ Link after cleaning: https://help.steampowered.com/en/faqs/view/6862-8119-C23E-EA7B
========== link already checked
======== We are on link 24 of 193
========== raw link https://steamcommunity.com/groups/steamworks/eventcomments/632295528254711759/
============ Checking for Redirections: https://steamcommunity.com/groups/steamworks/eventcomments/632295528254711759/
============ Link unchanged
========== link already checked
======== We are on link 25 of 193
========== raw link https://steamcommunity.com/groups/steamworks/eventcomments/600768330959216185/
============ Checking for Redirections: https://steamcommunity.com/groups/steamworks/eventcomments/600768330959216185/
============ Link unchanged
========== scraping https://steamcommunity.com/groups/steamworks/eventcomments/600768330959216185/
============ New link added. Search term (AI) found on https://steamcommunity.com/groups/steamworks/eventcomments/600768330959216185/.
======== We are on link 26 of 193
========== raw link https://steamcommunity.com/groups/steamworks/eventcomments/4700160821458324101/
============ Checking for Redirections: https://steamcommunity.com/groups/steamworks/eventcomments/4700160821458324101/
============ Link unchanged
========== scraping https://steamcommunity.com/groups/steamworks/eventcomments/4700160821458324101/
============ New link added. Search term (AI) found on https://steamcommunity.com/groups/steamworks/eventcomments/4700160821458324101/.
======== We are on link 27 of 193
========== raw link https://steamcommunity.com/groups/steamworks/eventcomments/3494256769198451731/
============ Checking for Redirections: https://steamcommunity.com/groups/steamworks/eventcomments/3494256769198451731/
============ Link unchanged
========== scraping https://steamcommunity.com/groups/steamworks/eventcomments/3494256769198451731/
============ New link added. Search term (AI) found on https://steamcommunity.com/groups/steamworks/eventcomments/3494256769198451731/.
======== We are on link 28 of 193
========== raw link https://store.steampowered.com/
============ Checking for Redirections: https://store.steampowered.com/
============ Link unchanged
========== link already checked
======== We are on link 29 of 193
========== raw link https://store.steampowered.com/
============ Checking for Redirections: https://store.steampowered.com/
============ Link unchanged
========== link already checked
======== We are on link 30 of 193
========== raw link https://store.steampowered.com/
============ Checking for Redirections: https://store.steampowered.com/
============ Link unchanged
========== link already checked
======== We are on link 31 of 193
========== raw link https://store.steampowered.com/
============ Checking for Redirections: https://store.steampowered.com/
============ Link unchanged
========== link already checked
======== We are on link 32 of 193
========== raw link https://store.steampowered.com/explore/
============ Checking for Redirections: https://store.steampowered.com/explore/
============ Followed Redirection to https://store.steampowered.com/login/?redir=explore%2F&redir_ssl=1
============ Link after cleaning: https://store.steampowered.com/login/
============ Excluded based on allow/block list.
======== We are on link 33 of 193
========== raw link https://steamcommunity.com/my/wishlist/
============ Checking for Redirections: https://steamcommunity.com/my/wishlist/
============ Followed Redirection to https://store.steampowered.com/login/?redir=https%3A%2F%2Fstore.steampowered.com%2Fwishlist%2F
============ Link after cleaning: https://store.steampowered.com/login/
============ Excluded based on allow/block list.
======== We are on link 34 of 193
========== raw link https://store.steampowered.com/points/shop/
============ Checking for Redirections: https://store.steampowered.com/points/shop/
============ Link unchanged
========== link already checked
======== We are on link 35 of 193
========== raw link https://store.steampowered.com/news/
============ Checking for Redirections: https://store.steampowered.com/news/
============ Link unchanged
========== link already checked
======== We are on link 36 of 193
========== raw link https://store.steampowered.com/stats/
============ Checking for Redirections: https://store.steampowered.com/stats/
============ Followed Redirection to https://store.steampowered.com/charts/
============ Link after cleaning: https://store.steampowered.com/charts/
========== link already checked
======== We are on link 37 of 193
========== raw link https://steamcommunity.com/
============ Checking for Redirections: https://steamcommunity.com/
============ Link unchanged
========== link already checked
======== We are on link 38 of 193
========== raw link https://steamcommunity.com/
============ Checking for Redirections: https://steamcommunity.com/
============ Link unchanged
========== link already checked
======== We are on link 39 of 193
========== raw link https://steamcommunity.com/discussions/
============ Checking for Redirections: https://steamcommunity.com/discussions/
============ Link unchanged
========== link already checked
======== We are on link 40 of 193
========== raw link https://steamcommunity.com/workshop/
============ Checking for Redirections: https://steamcommunity.com/workshop/
============ Link unchanged
========== link already checked
======== We are on link 41 of 193
========== raw link https://steamcommunity.com/market/
============ Checking for Redirections: https://steamcommunity.com/market/
============ Link unchanged
========== link already checked
======== We are on link 42 of 193
========== raw link https://steamcommunity.com/?subsection=broadcasts
============ Checking for Redirections: https://steamcommunity.com/?subsection=broadcasts
============ Link after cleaning: https://steamcommunity.com/
========== link already checked
======== We are on link 43 of 193
========== raw link https://store.steampowered.com/about/
============ Checking for Redirections: https://store.steampowered.com/about/
============ Link unchanged
========== link already checked
======== We are on link 44 of 193
========== raw link https://help.steampowered.com/en/
============ Checking for Redirections: https://help.steampowered.com/en/
============ Link unchanged
========== link already checked
======== We are on link 45 of 193
========== raw link https://store.steampowered.com/about/
============ Checking for Redirections: https://store.steampowered.com/about/
============ Link unchanged
========== link already checked
======== We are on link 46 of 193
========== raw link https://steamcommunity.com/login/home/?goto=groups%2Fsteamworks%2Feventcomments%2F4137185692902102798
========== dropped link https://steamcommunity.com/login/home/?goto=groups%2Fsteamworks%2Feventcomments%2F4137185692902102798. Didn't pass first allows/blocks test.
======== We are on link 47 of 193
========== raw link ?l=schinese
============ Link starts with ?: joining https://steamcommunity.com/groups/steamworks/eventcomments/4137185692902102798 and ?l=schinese
============ Checking for Redirections: https://steamcommunity.com/groups/steamworks/eventcomments/4137185692902102798?l=schinese
============ Link after cleaning: https://steamcommunity.com/groups/steamworks/eventcomments/4137185692902102798
========== link already checked
======== We are on link 48 of 193
========== raw link ?l=tchinese
============ Link starts with ?: joining https://steamcommunity.com/groups/steamworks/eventcomments/4137185692902102798 and ?l=tchinese
============ Checking for Redirections: https://steamcommunity.com/groups/steamworks/eventcomments/4137185692902102798?l=tchinese
============ Link after cleaning: https://steamcommunity.com/groups/steamworks/eventcomments/4137185692902102798
========== link already checked
======== We are on link 49 of 193
========== raw link ?l=japanese
============ Link starts with ?: joining https://steamcommunity.com/groups/steamworks/eventcomments/4137185692902102798 and ?l=japanese
============ Checking for Redirections: https://steamcommunity.com/groups/steamworks/eventcomments/4137185692902102798?l=japanese
============ Link after cleaning: https://steamcommunity.com/groups/steamworks/eventcomments/4137185692902102798
========== link already checked
======== We are on link 50 of 193
========== raw link ?l=koreana
============ Link starts with ?: joining https://steamcommunity.com/groups/steamworks/eventcomments/4137185692902102798 and ?l=koreana
============ Checking for Redirections: https://steamcommunity.com/groups/steamworks/eventcomments/4137185692902102798?l=koreana
============ Link after cleaning: https://steamcommunity.com/groups/steamworks/eventcomments/4137185692902102798
========== link already checked
======== We are on link 51 of 193
========== raw link ?l=thai
============ Link starts with ?: joining https://steamcommunity.com/groups/steamworks/eventcomments/4137185692902102798 and ?l=thai
============ Checking for Redirections: https://steamcommunity.com/groups/steamworks/eventcomments/4137185692902102798?l=thai
============ Link after cleaning: https://steamcommunity.com/groups/steamworks/eventcomments/4137185692902102798
========== link already checked
======== We are on link 52 of 193
========== raw link ?l=bulgarian
============ Link starts with ?: joining https://steamcommunity.com/groups/steamworks/eventcomments/4137185692902102798 and ?l=bulgarian
============ Checking for Redirections: https://steamcommunity.com/groups/steamworks/eventcomments/4137185692902102798?l=bulgarian
============ Link after cleaning: https://steamcommunity.com/groups/steamworks/eventcomments/4137185692902102798
========== link already checked
======== We are on link 53 of 193
========== raw link ?l=czech
============ Link starts with ?: joining https://steamcommunity.com/groups/steamworks/eventcomments/4137185692902102798 and ?l=czech
============ Checking for Redirections: https://steamcommunity.com/groups/steamworks/eventcomments/4137185692902102798?l=czech
============ Link after cleaning: https://steamcommunity.com/groups/steamworks/eventcomments/4137185692902102798
========== link already checked
======== We are on link 54 of 193
========== raw link ?l=danish
============ Link starts with ?: joining https://steamcommunity.com/groups/steamworks/eventcomments/4137185692902102798 and ?l=danish
============ Checking for Redirections: https://steamcommunity.com/groups/steamworks/eventcomments/4137185692902102798?l=danish
============ Link after cleaning: https://steamcommunity.com/groups/steamworks/eventcomments/4137185692902102798
========== link already checked
======== We are on link 55 of 193
========== raw link ?l=german
============ Link starts with ?: joining https://steamcommunity.com/groups/steamworks/eventcomments/4137185692902102798 and ?l=german
============ Checking for Redirections: https://steamcommunity.com/groups/steamworks/eventcomments/4137185692902102798?l=german
============ Link after cleaning: https://steamcommunity.com/groups/steamworks/eventcomments/4137185692902102798
========== link already checked
======== We are on link 56 of 193
========== raw link ?l=spanish
============ Link starts with ?: joining https://steamcommunity.com/groups/steamworks/eventcomments/4137185692902102798 and ?l=spanish
============ Checking for Redirections: https://steamcommunity.com/groups/steamworks/eventcomments/4137185692902102798?l=spanish
============ Link after cleaning: https://steamcommunity.com/groups/steamworks/eventcomments/4137185692902102798
========== link already checked
======== We are on link 57 of 193
========== raw link ?l=latam
============ Link starts with ?: joining https://steamcommunity.com/groups/steamworks/eventcomments/4137185692902102798 and ?l=latam
============ Checking for Redirections: https://steamcommunity.com/groups/steamworks/eventcomments/4137185692902102798?l=latam
============ Link after cleaning: https://steamcommunity.com/groups/steamworks/eventcomments/4137185692902102798
========== link already checked
======== We are on link 58 of 193
========== raw link ?l=greek
============ Link starts with ?: joining https://steamcommunity.com/groups/steamworks/eventcomments/4137185692902102798 and ?l=greek
============ Checking for Redirections: https://steamcommunity.com/groups/steamworks/eventcomments/4137185692902102798?l=greek
============ Link after cleaning: https://steamcommunity.com/groups/steamworks/eventcomments/4137185692902102798
========== link already checked
======== We are on link 59 of 193
========== raw link ?l=french
============ Link starts with ?: joining https://steamcommunity.com/groups/steamworks/eventcomments/4137185692902102798 and ?l=french
============ Checking for Redirections: https://steamcommunity.com/groups/steamworks/eventcomments/4137185692902102798?l=french
============ Link after cleaning: https://steamcommunity.com/groups/steamworks/eventcomments/4137185692902102798
========== link already checked
======== We are on link 60 of 193
========== raw link ?l=italian
============ Link starts with ?: joining https://steamcommunity.com/groups/steamworks/eventcomments/4137185692902102798 and ?l=italian
============ Checking for Redirections: https://steamcommunity.com/groups/steamworks/eventcomments/4137185692902102798?l=italian
============ Link after cleaning: https://steamcommunity.com/groups/steamworks/eventcomments/4137185692902102798
========== link already checked
======== We are on link 61 of 193
========== raw link ?l=indonesian
============ Link starts with ?: joining https://steamcommunity.com/groups/steamworks/eventcomments/4137185692902102798 and ?l=indonesian
============ Checking for Redirections: https://steamcommunity.com/groups/steamworks/eventcomments/4137185692902102798?l=indonesian
============ Link after cleaning: https://steamcommunity.com/groups/steamworks/eventcomments/4137185692902102798
========== link already checked
======== We are on link 62 of 193
========== raw link ?l=hungarian
============ Link starts with ?: joining https://steamcommunity.com/groups/steamworks/eventcomments/4137185692902102798 and ?l=hungarian
============ Checking for Redirections: https://steamcommunity.com/groups/steamworks/eventcomments/4137185692902102798?l=hungarian
============ Link after cleaning: https://steamcommunity.com/groups/steamworks/eventcomments/4137185692902102798
========== link already checked
======== We are on link 63 of 193
========== raw link ?l=dutch
============ Link starts with ?: joining https://steamcommunity.com/groups/steamworks/eventcomments/4137185692902102798 and ?l=dutch
============ Checking for Redirections: https://steamcommunity.com/groups/steamworks/eventcomments/4137185692902102798?l=dutch
============ Link after cleaning: https://steamcommunity.com/groups/steamworks/eventcomments/4137185692902102798
========== link already checked
======== We are on link 64 of 193
========== raw link ?l=norwegian
============ Link starts with ?: joining https://steamcommunity.com/groups/steamworks/eventcomments/4137185692902102798 and ?l=norwegian
============ Checking for Redirections: https://steamcommunity.com/groups/steamworks/eventcomments/4137185692902102798?l=norwegian
============ Link after cleaning: https://steamcommunity.com/groups/steamworks/eventcomments/4137185692902102798
========== link already checked
======== We are on link 65 of 193
========== raw link ?l=polish
============ Link starts with ?: joining https://steamcommunity.com/groups/steamworks/eventcomments/4137185692902102798 and ?l=polish
============ Checking for Redirections: https://steamcommunity.com/groups/steamworks/eventcomments/4137185692902102798?l=polish
============ Link after cleaning: https://steamcommunity.com/groups/steamworks/eventcomments/4137185692902102798
========== link already checked
======== We are on link 66 of 193
========== raw link ?l=portuguese
============ Link starts with ?: joining https://steamcommunity.com/groups/steamworks/eventcomments/4137185692902102798 and ?l=portuguese
============ Checking for Redirections: https://steamcommunity.com/groups/steamworks/eventcomments/4137185692902102798?l=portuguese
============ Link after cleaning: https://steamcommunity.com/groups/steamworks/eventcomments/4137185692902102798
========== link already checked
======== We are on link 67 of 193
========== raw link ?l=brazilian
============ Link starts with ?: joining https://steamcommunity.com/groups/steamworks/eventcomments/4137185692902102798 and ?l=brazilian
============ Checking for Redirections: https://steamcommunity.com/groups/steamworks/eventcomments/4137185692902102798?l=brazilian
============ Link after cleaning: https://steamcommunity.com/groups/steamworks/eventcomments/4137185692902102798
========== link already checked
======== We are on link 68 of 193
========== raw link ?l=romanian
============ Link starts with ?: joining https://steamcommunity.com/groups/steamworks/eventcomments/4137185692902102798 and ?l=romanian
============ Checking for Redirections: https://steamcommunity.com/groups/steamworks/eventcomments/4137185692902102798?l=romanian
============ Link after cleaning: https://steamcommunity.com/groups/steamworks/eventcomments/4137185692902102798
========== link already checked
======== We are on link 69 of 193
========== raw link ?l=russian
============ Link starts with ?: joining https://steamcommunity.com/groups/steamworks/eventcomments/4137185692902102798 and ?l=russian
============ Checking for Redirections: https://steamcommunity.com/groups/steamworks/eventcomments/4137185692902102798?l=russian
============ Link after cleaning: https://steamcommunity.com/groups/steamworks/eventcomments/4137185692902102798
========== link already checked
======== We are on link 70 of 193
========== raw link ?l=finnish
============ Link starts with ?: joining https://steamcommunity.com/groups/steamworks/eventcomments/4137185692902102798 and ?l=finnish
============ Checking for Redirections: https://steamcommunity.com/groups/steamworks/eventcomments/4137185692902102798?l=finnish
============ Link after cleaning: https://steamcommunity.com/groups/steamworks/eventcomments/4137185692902102798
========== link already checked
======== We are on link 71 of 193
========== raw link ?l=swedish
============ Link starts with ?: joining https://steamcommunity.com/groups/steamworks/eventcomments/4137185692902102798 and ?l=swedish
============ Checking for Redirections: https://steamcommunity.com/groups/steamworks/eventcomments/4137185692902102798?l=swedish
============ Link after cleaning: https://steamcommunity.com/groups/steamworks/eventcomments/4137185692902102798
========== link already checked
======== We are on link 72 of 193
========== raw link ?l=turkish
============ Link starts with ?: joining https://steamcommunity.com/groups/steamworks/eventcomments/4137185692902102798 and ?l=turkish
============ Checking for Redirections: https://steamcommunity.com/groups/steamworks/eventcomments/4137185692902102798?l=turkish
============ Link after cleaning: https://steamcommunity.com/groups/steamworks/eventcomments/4137185692902102798
========== link already checked
======== We are on link 73 of 193
========== raw link ?l=vietnamese
============ Link starts with ?: joining https://steamcommunity.com/groups/steamworks/eventcomments/4137185692902102798 and ?l=vietnamese
============ Checking for Redirections: https://steamcommunity.com/groups/steamworks/eventcomments/4137185692902102798?l=vietnamese
============ Link after cleaning: https://steamcommunity.com/groups/steamworks/eventcomments/4137185692902102798
========== link already checked
======== We are on link 74 of 193
========== raw link ?l=ukrainian
============ Link starts with ?: joining https://steamcommunity.com/groups/steamworks/eventcomments/4137185692902102798 and ?l=ukrainian
============ Checking for Redirections: https://steamcommunity.com/groups/steamworks/eventcomments/4137185692902102798?l=ukrainian
============ Link after cleaning: https://steamcommunity.com/groups/steamworks/eventcomments/4137185692902102798
========== link already checked
======== We are on link 75 of 193
========== raw link https://www.valvesoftware.com/en/contact?contact-person=Translation%20Team%20Feedback
========== dropped link https://www.valvesoftware.com/en/contact?contact-person=Translation%20Team%20Feedback. Didn't pass first allows/blocks test.
======== We are on link 76 of 193
========== raw link https://steamcommunity.com/groups/steamworks/members
============ Checking for Redirections: https://steamcommunity.com/groups/steamworks/members
============ Link unchanged
========== link already checked
======== We are on link 77 of 193
========== raw link https://steamcommunity.com/groups/steamworks
============ Checking for Redirections: https://steamcommunity.com/groups/steamworks
============ Link unchanged
========== link already checked
======== We are on link 78 of 193
========== raw link https://steamcommunity.com/groups/steamworks/announcements
============ Checking for Redirections: https://steamcommunity.com/groups/steamworks/announcements
============ Link unchanged
========== link already checked
======== We are on link 79 of 193
========== raw link https://steamcommunity.com/groups/steamworks/discussions
============ Checking for Redirections: https://steamcommunity.com/groups/steamworks/discussions
============ Link unchanged
========== link already checked
======== We are on link 80 of 193
========== raw link https://steamcommunity.com/groups/steamworks/events
============ Checking for Redirections: https://steamcommunity.com/groups/steamworks/events
============ Link unchanged
========== link already checked
======== We are on link 81 of 193
========== raw link https://steamcommunity.com/groups/steamworks#members
============ Checking for Redirections: https://steamcommunity.com/groups/steamworks#members
============ Followed Redirection to https://steamcommunity.com/groups/steamworks/members
============ Link after cleaning: https://steamcommunity.com/groups/steamworks/members
========== link already checked
======== We are on link 82 of 193
========== raw link https://steamcommunity.com/groups/steamworks#comments
============ Checking for Redirections: https://steamcommunity.com/groups/steamworks#comments
============ Followed Redirection to https://steamcommunity.com/groups/steamworks/comments
============ Link after cleaning: https://steamcommunity.com/groups/steamworks/comments
========== link already checked
======== We are on link 83 of 193
========== raw link https://steamcommunity.com/groups/steamworks/discussions
============ Checking for Redirections: https://steamcommunity.com/groups/steamworks/discussions
============ Link unchanged
========== link already checked
======== We are on link 84 of 193
========== raw link https://steamcommunity.com/groups/steamworks/eventcomments/
============ Checking for Redirections: https://steamcommunity.com/groups/steamworks/eventcomments/
============ Link unchanged
========== link already checked
======== We are on link 85 of 193
========== raw link https://steamcommunity.com/gid/103582791433666425/announcements/detail/3862463747997849619
============ Checking for Redirections: https://steamcommunity.com/gid/103582791433666425/announcements/detail/3862463747997849619
============ Followed Redirection to https://steamcommunity.com/groups/steamworks/announcements/detail/3862463747997849619
============ Link after cleaning: https://steamcommunity.com/groups/steamworks/announcements/detail/3862463747997849619
========== link already checked
======== We are on link 86 of 193
========== raw link javascript:void(0);
========== dropped link (either fragment ("#"), js, mailto, comment, pdf, or empty)
======== We are on link 87 of 193
========== raw link /groups/steamworks/eventcomments/4137185692902102798?ctp=1
============ Found Relative: joining https://steamcommunity.com/groups/steamworks/eventcomments/4137185692902102798 and /groups/steamworks/eventcomments/4137185692902102798?ctp=1
============ Checking for Redirections: https://steamcommunity.com/groups/steamworks/eventcomments/4137185692902102798?ctp=1
============ Link after cleaning: https://steamcommunity.com/groups/steamworks/eventcomments/4137185692902102798
========== link already checked
======== We are on link 88 of 193
========== raw link /groups/steamworks/eventcomments/4137185692902102798?ctp=2
============ Found Relative: joining https://steamcommunity.com/groups/steamworks/eventcomments/4137185692902102798 and /groups/steamworks/eventcomments/4137185692902102798?ctp=2
============ Checking for Redirections: https://steamcommunity.com/groups/steamworks/eventcomments/4137185692902102798?ctp=2
============ Link after cleaning: https://steamcommunity.com/groups/steamworks/eventcomments/4137185692902102798
========== link already checked
======== We are on link 89 of 193
========== raw link /groups/steamworks/eventcomments/4137185692902102798?ctp=3
============ Found Relative: joining https://steamcommunity.com/groups/steamworks/eventcomments/4137185692902102798 and /groups/steamworks/eventcomments/4137185692902102798?ctp=3
============ Checking for Redirections: https://steamcommunity.com/groups/steamworks/eventcomments/4137185692902102798?ctp=3
============ Link after cleaning: https://steamcommunity.com/groups/steamworks/eventcomments/4137185692902102798
========== link already checked
======== We are on link 90 of 193
========== raw link /groups/steamworks/eventcomments/4137185692902102798?ctp=4
============ Found Relative: joining https://steamcommunity.com/groups/steamworks/eventcomments/4137185692902102798 and /groups/steamworks/eventcomments/4137185692902102798?ctp=4
============ Checking for Redirections: https://steamcommunity.com/groups/steamworks/eventcomments/4137185692902102798?ctp=4
============ Link after cleaning: https://steamcommunity.com/groups/steamworks/eventcomments/4137185692902102798
========== link already checked
======== We are on link 91 of 193
========== raw link /groups/steamworks/eventcomments/4137185692902102798?ctp=5
============ Found Relative: joining https://steamcommunity.com/groups/steamworks/eventcomments/4137185692902102798 and /groups/steamworks/eventcomments/4137185692902102798?ctp=5
============ Checking for Redirections: https://steamcommunity.com/groups/steamworks/eventcomments/4137185692902102798?ctp=5
============ Link after cleaning: https://steamcommunity.com/groups/steamworks/eventcomments/4137185692902102798
========== link already checked
======== We are on link 92 of 193
========== raw link /groups/steamworks/eventcomments/4137185692902102798?ctp=6
============ Found Relative: joining https://steamcommunity.com/groups/steamworks/eventcomments/4137185692902102798 and /groups/steamworks/eventcomments/4137185692902102798?ctp=6
============ Checking for Redirections: https://steamcommunity.com/groups/steamworks/eventcomments/4137185692902102798?ctp=6
============ Link after cleaning: https://steamcommunity.com/groups/steamworks/eventcomments/4137185692902102798
========== link already checked
======== We are on link 93 of 193
========== raw link /groups/steamworks/eventcomments/4137185692902102798?ctp=51
============ Found Relative: joining https://steamcommunity.com/groups/steamworks/eventcomments/4137185692902102798 and /groups/steamworks/eventcomments/4137185692902102798?ctp=51
============ Checking for Redirections: https://steamcommunity.com/groups/steamworks/eventcomments/4137185692902102798?ctp=51
============ Link after cleaning: https://steamcommunity.com/groups/steamworks/eventcomments/4137185692902102798
========== link already checked
======== We are on link 94 of 193
========== raw link /groups/steamworks/eventcomments/4137185692902102798?ctp=2
============ Found Relative: joining https://steamcommunity.com/groups/steamworks/eventcomments/4137185692902102798 and /groups/steamworks/eventcomments/4137185692902102798?ctp=2
============ Checking for Redirections: https://steamcommunity.com/groups/steamworks/eventcomments/4137185692902102798?ctp=2
============ Link after cleaning: https://steamcommunity.com/groups/steamworks/eventcomments/4137185692902102798
========== link already checked
======== We are on link 95 of 193
========== raw link https://steamcommunity.com/profiles/76561198251573456
============ Checking for Redirections: https://steamcommunity.com/profiles/76561198251573456
============ Link unchanged
========== scraping https://steamcommunity.com/profiles/76561198251573456
======== We are on link 96 of 193
========== raw link https://steamcommunity.com/profiles/76561198251573456
============ Checking for Redirections: https://steamcommunity.com/profiles/76561198251573456
============ Link unchanged
========== link already checked
======== We are on link 97 of 193
========== raw link https://steamcommunity.com/profiles/76561198251573456
============ Checking for Redirections: https://steamcommunity.com/profiles/76561198251573456
============ Link unchanged
========== link already checked
======== We are on link 98 of 193
========== raw link https://steamcommunity.com/profiles/76561198251573456/posthistory/
============ Checking for Redirections: https://steamcommunity.com/profiles/76561198251573456/posthistory/
============ Followed Redirection to https://steamcommunity.com/login/home/?goto=%2Fprofiles%2F76561198251573456%2Fposthistory%2F
============ Link after cleaning: https://steamcommunity.com/login/home/
============ Excluded based on allow/block list.
======== We are on link 99 of 193
========== raw link #c4137185692902110877
========== dropped link (either fragment ("#"), js, mailto, comment, pdf, or empty)
======== We are on link 100 of 193
========== raw link https://steamcommunity.com/id/Vervaticus
============ Checking for Redirections: https://steamcommunity.com/id/Vervaticus
============ Link unchanged
========== scraping https://steamcommunity.com/id/Vervaticus
============ New link added. Search term (AI) found on https://steamcommunity.com/id/Vervaticus.
======== We are on link 101 of 193
========== raw link https://steamcommunity.com/id/Vervaticus
============ Checking for Redirections: https://steamcommunity.com/id/Vervaticus
============ Link unchanged
========== link already checked
======== We are on link 102 of 193
========== raw link https://steamcommunity.com/id/Vervaticus
============ Checking for Redirections: https://steamcommunity.com/id/Vervaticus
============ Link unchanged
========== link already checked
======== We are on link 103 of 193
========== raw link https://steamcommunity.com/id/Vervaticus/posthistory/
============ Checking for Redirections: https://steamcommunity.com/id/Vervaticus/posthistory/
============ Followed Redirection to https://steamcommunity.com/login/home/?goto=%2Fid%2FVervaticus%2Fposthistory%2F
============ Link after cleaning: https://steamcommunity.com/login/home/
============ Excluded based on allow/block list.
======== We are on link 104 of 193
========== raw link #c4137185692902113871
========== dropped link (either fragment ("#"), js, mailto, comment, pdf, or empty)
======== We are on link 105 of 193
========== raw link https://steamcommunity.com/profiles/76561198064283455
============ Checking for Redirections: https://steamcommunity.com/profiles/76561198064283455
============ Link unchanged
========== scraping https://steamcommunity.com/profiles/76561198064283455
======== We are on link 106 of 193
========== raw link https://steamcommunity.com/profiles/76561198064283455
============ Checking for Redirections: https://steamcommunity.com/profiles/76561198064283455
============ Link unchanged
========== link already checked
======== We are on link 107 of 193
========== raw link https://steamcommunity.com/profiles/76561198064283455
============ Checking for Redirections: https://steamcommunity.com/profiles/76561198064283455
============ Link unchanged
========== link already checked
======== We are on link 108 of 193
========== raw link https://steamcommunity.com/profiles/76561198064283455/posthistory/
============ Checking for Redirections: https://steamcommunity.com/profiles/76561198064283455/posthistory/
============ Followed Redirection to https://steamcommunity.com/login/home/?goto=%2Fprofiles%2F76561198064283455%2Fposthistory%2F
============ Link after cleaning: https://steamcommunity.com/login/home/
============ Excluded based on allow/block list.
======== We are on link 109 of 193
========== raw link https://steamcommunity.com/profiles/76561198064283455
============ Checking for Redirections: https://steamcommunity.com/profiles/76561198064283455
============ Link unchanged
========== link already checked
======== We are on link 110 of 193
========== raw link #c4137185692902114419
========== dropped link (either fragment ("#"), js, mailto, comment, pdf, or empty)
======== We are on link 111 of 193
========== raw link https://steamcommunity.com/id/AndreasValve
============ Checking for Redirections: https://steamcommunity.com/id/AndreasValve
============ Link unchanged
========== scraping https://steamcommunity.com/id/AndreasValve
======== We are on link 112 of 193
========== raw link https://steamcommunity.com/id/AndreasValve
============ Checking for Redirections: https://steamcommunity.com/id/AndreasValve
============ Link unchanged
========== link already checked
======== We are on link 113 of 193
========== raw link https://steamcommunity.com/id/AndreasValve
============ Checking for Redirections: https://steamcommunity.com/id/AndreasValve
============ Link unchanged
========== link already checked
======== We are on link 114 of 193
========== raw link https://steamcommunity.com/id/AndreasValve/posthistory/
============ Checking for Redirections: https://steamcommunity.com/id/AndreasValve/posthistory/
============ Followed Redirection to https://steamcommunity.com/login/home/?goto=%2Fid%2FAndreasValve%2Fposthistory%2F
============ Link after cleaning: https://steamcommunity.com/login/home/
============ Excluded based on allow/block list.
======== We are on link 115 of 193
========== raw link #c4137185692902129959
========== dropped link (either fragment ("#"), js, mailto, comment, pdf, or empty)
======== We are on link 116 of 193
========== raw link https://steamcommunity.com/id/exwum
============ Checking for Redirections: https://steamcommunity.com/id/exwum
============ Link unchanged
========== scraping https://steamcommunity.com/id/exwum
======== We are on link 117 of 193
========== raw link https://steamcommunity.com/id/exwum
============ Checking for Redirections: https://steamcommunity.com/id/exwum
============ Link unchanged
========== link already checked
======== We are on link 118 of 193
========== raw link https://steamcommunity.com/id/exwum
============ Checking for Redirections: https://steamcommunity.com/id/exwum
============ Link unchanged
========== link already checked
======== We are on link 119 of 193
========== raw link https://steamcommunity.com/id/exwum/posthistory/
============ Checking for Redirections: https://steamcommunity.com/id/exwum/posthistory/
============ Followed Redirection to https://steamcommunity.com/login/home/?goto=%2Fid%2Fexwum%2Fposthistory%2F
============ Link after cleaning: https://steamcommunity.com/login/home/
============ Excluded based on allow/block list.
======== We are on link 120 of 193
========== raw link #c4137185692902136592
========== dropped link (either fragment ("#"), js, mailto, comment, pdf, or empty)
======== We are on link 121 of 193
========== raw link https://steamcommunity.com/id/ulufarkas
============ Checking for Redirections: https://steamcommunity.com/id/ulufarkas
============ Link unchanged
========== scraping https://steamcommunity.com/id/ulufarkas
======== We are on link 122 of 193
========== raw link https://steamcommunity.com/id/ulufarkas
============ Checking for Redirections: https://steamcommunity.com/id/ulufarkas
============ Link unchanged
========== link already checked
======== We are on link 123 of 193
========== raw link https://steamcommunity.com/id/ulufarkas
============ Checking for Redirections: https://steamcommunity.com/id/ulufarkas
============ Link unchanged
========== link already checked
======== We are on link 124 of 193
========== raw link https://steamcommunity.com/id/ulufarkas/posthistory/
============ Checking for Redirections: https://steamcommunity.com/id/ulufarkas/posthistory/
============ Followed Redirection to https://steamcommunity.com/login/home/?goto=%2Fid%2Fulufarkas%2Fposthistory%2F
============ Link after cleaning: https://steamcommunity.com/login/home/
============ Excluded based on allow/block list.
======== We are on link 125 of 193
========== raw link #c4137185692902145167
========== dropped link (either fragment ("#"), js, mailto, comment, pdf, or empty)
======== We are on link 126 of 193
========== raw link https://steamcommunity.com/id/horsreal
============ Checking for Redirections: https://steamcommunity.com/id/horsreal
============ Link unchanged
========== scraping https://steamcommunity.com/id/horsreal
======== We are on link 127 of 193
========== raw link https://steamcommunity.com/id/horsreal
============ Checking for Redirections: https://steamcommunity.com/id/horsreal
============ Link unchanged
========== link already checked
======== We are on link 128 of 193
========== raw link https://steamcommunity.com/id/horsreal
============ Checking for Redirections: https://steamcommunity.com/id/horsreal
============ Link unchanged
========== link already checked
======== We are on link 129 of 193
========== raw link https://steamcommunity.com/id/horsreal/posthistory/
============ Checking for Redirections: https://steamcommunity.com/id/horsreal/posthistory/
============ Followed Redirection to https://steamcommunity.com/login/home/?goto=%2Fid%2Fhorsreal%2Fposthistory%2F
============ Link after cleaning: https://steamcommunity.com/login/home/
============ Excluded based on allow/block list.
======== We are on link 130 of 193
========== raw link #c4137185692902153808
========== dropped link (either fragment ("#"), js, mailto, comment, pdf, or empty)
======== We are on link 131 of 193
========== raw link https://steamcommunity.com/id/cactusjack4L
============ Checking for Redirections: https://steamcommunity.com/id/cactusjack4L
============ Link unchanged
========== scraping https://steamcommunity.com/id/cactusjack4L
======== We are on link 132 of 193
========== raw link https://steamcommunity.com/id/cactusjack4L
============ Checking for Redirections: https://steamcommunity.com/id/cactusjack4L
============ Link unchanged
========== link already checked
======== We are on link 133 of 193
========== raw link https://steamcommunity.com/id/cactusjack4L
============ Checking for Redirections: https://steamcommunity.com/id/cactusjack4L
============ Link unchanged
========== link already checked
======== We are on link 134 of 193
========== raw link https://steamcommunity.com/id/cactusjack4L/posthistory/
============ Checking for Redirections: https://steamcommunity.com/id/cactusjack4L/posthistory/
============ Followed Redirection to https://steamcommunity.com/login/home/?goto=%2Fid%2Fcactusjack4L%2Fposthistory%2F
============ Link after cleaning: https://steamcommunity.com/login/home/
============ Excluded based on allow/block list.
======== We are on link 135 of 193
========== raw link #c4137185692902154621
========== dropped link (either fragment ("#"), js, mailto, comment, pdf, or empty)
======== We are on link 136 of 193
========== raw link https://steamcommunity.com/id/MJPIA
============ Checking for Redirections: https://steamcommunity.com/id/MJPIA
============ Link unchanged
========== scraping https://steamcommunity.com/id/MJPIA
======== We are on link 137 of 193
========== raw link https://steamcommunity.com/id/MJPIA
============ Checking for Redirections: https://steamcommunity.com/id/MJPIA
============ Link unchanged
========== link already checked
======== We are on link 138 of 193
========== raw link https://steamcommunity.com/id/MJPIA
============ Checking for Redirections: https://steamcommunity.com/id/MJPIA
============ Link unchanged
========== link already checked
======== We are on link 139 of 193
========== raw link https://steamcommunity.com/id/MJPIA/posthistory/
============ Checking for Redirections: https://steamcommunity.com/id/MJPIA/posthistory/
============ Followed Redirection to https://steamcommunity.com/login/home/?goto=%2Fid%2FMJPIA%2Fposthistory%2F
============ Link after cleaning: https://steamcommunity.com/login/home/
============ Excluded based on allow/block list.
======== We are on link 140 of 193
========== raw link #c4137185692902165538
========== dropped link (either fragment ("#"), js, mailto, comment, pdf, or empty)
======== We are on link 141 of 193
========== raw link https://steamcommunity.com/id/pontikm
============ Checking for Redirections: https://steamcommunity.com/id/pontikm
============ Link unchanged
========== scraping https://steamcommunity.com/id/pontikm
======== We are on link 142 of 193
========== raw link https://steamcommunity.com/id/pontikm
============ Checking for Redirections: https://steamcommunity.com/id/pontikm
============ Link unchanged
========== link already checked
======== We are on link 143 of 193
========== raw link https://steamcommunity.com/id/pontikm
============ Checking for Redirections: https://steamcommunity.com/id/pontikm
============ Link unchanged
========== link already checked
======== We are on link 144 of 193
========== raw link https://steamcommunity.com/id/pontikm/posthistory/
============ Checking for Redirections: https://steamcommunity.com/id/pontikm/posthistory/
============ Followed Redirection to https://steamcommunity.com/login/home/?goto=%2Fid%2Fpontikm%2Fposthistory%2F
============ Link after cleaning: https://steamcommunity.com/login/home/
============ Excluded based on allow/block list.
======== We are on link 145 of 193
========== raw link #c4137185692902171582
========== dropped link (either fragment ("#"), js, mailto, comment, pdf, or empty)
======== We are on link 146 of 193
========== raw link https://steamcommunity.com/id/hassun
============ Checking for Redirections: https://steamcommunity.com/id/hassun
============ Link unchanged
========== scraping https://steamcommunity.com/id/hassun
======== We are on link 147 of 193
========== raw link https://steamcommunity.com/id/hassun
============ Checking for Redirections: https://steamcommunity.com/id/hassun
============ Link unchanged
========== link already checked
======== We are on link 148 of 193
========== raw link https://steamcommunity.com/id/hassun
============ Checking for Redirections: https://steamcommunity.com/id/hassun
============ Link unchanged
========== link already checked
======== We are on link 149 of 193
========== raw link https://steamcommunity.com/id/hassun/posthistory/
============ Checking for Redirections: https://steamcommunity.com/id/hassun/posthistory/
============ Followed Redirection to https://steamcommunity.com/login/home/?goto=%2Fid%2Fhassun%2Fposthistory%2F
============ Link after cleaning: https://steamcommunity.com/login/home/
============ Excluded based on allow/block list.
======== We are on link 150 of 193
========== raw link #c4137185692902193576
========== dropped link (either fragment ("#"), js, mailto, comment, pdf, or empty)
======== We are on link 151 of 193
========== raw link https://steamcommunity.com/id/tidywire
============ Checking for Redirections: https://steamcommunity.com/id/tidywire
============ Link unchanged
========== scraping https://steamcommunity.com/id/tidywire
======== We are on link 152 of 193
========== raw link https://steamcommunity.com/id/tidywire
============ Checking for Redirections: https://steamcommunity.com/id/tidywire
============ Link unchanged
========== link already checked
======== We are on link 153 of 193
========== raw link https://steamcommunity.com/id/tidywire
============ Checking for Redirections: https://steamcommunity.com/id/tidywire
============ Link unchanged
========== link already checked
======== We are on link 154 of 193
========== raw link https://steamcommunity.com/id/tidywire/posthistory/
============ Checking for Redirections: https://steamcommunity.com/id/tidywire/posthistory/
============ Followed Redirection to https://steamcommunity.com/login/home/?goto=%2Fid%2Ftidywire%2Fposthistory%2F
============ Link after cleaning: https://steamcommunity.com/login/home/
============ Excluded based on allow/block list.
======== We are on link 155 of 193
========== raw link #c4137185692902203158
========== dropped link (either fragment ("#"), js, mailto, comment, pdf, or empty)
======== We are on link 156 of 193
========== raw link https://steamcommunity.com/id/problemsattic
============ Checking for Redirections: https://steamcommunity.com/id/problemsattic
============ Link unchanged
========== scraping https://steamcommunity.com/id/problemsattic
======== We are on link 157 of 193
========== raw link https://steamcommunity.com/id/problemsattic
============ Checking for Redirections: https://steamcommunity.com/id/problemsattic
============ Link unchanged
========== link already checked
======== We are on link 158 of 193
========== raw link https://steamcommunity.com/id/problemsattic
============ Checking for Redirections: https://steamcommunity.com/id/problemsattic
============ Link unchanged
========== link already checked
======== We are on link 159 of 193
========== raw link https://steamcommunity.com/id/problemsattic/posthistory/
============ Checking for Redirections: https://steamcommunity.com/id/problemsattic/posthistory/
============ Followed Redirection to https://steamcommunity.com/login/home/?goto=%2Fid%2Fproblemsattic%2Fposthistory%2F
============ Link after cleaning: https://steamcommunity.com/login/home/
============ Excluded based on allow/block list.
======== We are on link 160 of 193
========== raw link #c4137185692902221160
========== dropped link (either fragment ("#"), js, mailto, comment, pdf, or empty)
======== We are on link 161 of 193
========== raw link https://steamcommunity.com/profiles/76561198014871344
============ Checking for Redirections: https://steamcommunity.com/profiles/76561198014871344
============ Link unchanged
========== scraping https://steamcommunity.com/profiles/76561198014871344
======== We are on link 162 of 193
========== raw link https://steamcommunity.com/profiles/76561198014871344
============ Checking for Redirections: https://steamcommunity.com/profiles/76561198014871344
============ Link unchanged
========== link already checked
======== We are on link 163 of 193
========== raw link https://steamcommunity.com/profiles/76561198014871344
============ Checking for Redirections: https://steamcommunity.com/profiles/76561198014871344
============ Link unchanged
========== link already checked
======== We are on link 164 of 193
========== raw link https://steamcommunity.com/profiles/76561198014871344/posthistory/
============ Checking for Redirections: https://steamcommunity.com/profiles/76561198014871344/posthistory/
============ Followed Redirection to https://steamcommunity.com/login/home/?goto=%2Fprofiles%2F76561198014871344%2Fposthistory%2F
============ Link after cleaning: https://steamcommunity.com/login/home/
============ Excluded based on allow/block list.
======== We are on link 165 of 193
========== raw link #c4137185692902171582
========== dropped link (either fragment ("#"), js, mailto, comment, pdf, or empty)
======== We are on link 166 of 193
========== raw link #c4137185692902221732
========== dropped link (either fragment ("#"), js, mailto, comment, pdf, or empty)
======== We are on link 167 of 193
========== raw link https://steamcommunity.com/id/videogamecharacters
============ Checking for Redirections: https://steamcommunity.com/id/videogamecharacters
============ Link unchanged
========== scraping https://steamcommunity.com/id/videogamecharacters
======== We are on link 168 of 193
========== raw link https://steamcommunity.com/id/videogamecharacters
============ Checking for Redirections: https://steamcommunity.com/id/videogamecharacters
============ Link unchanged
========== link already checked
======== We are on link 169 of 193
========== raw link https://steamcommunity.com/id/videogamecharacters
============ Checking for Redirections: https://steamcommunity.com/id/videogamecharacters
============ Link unchanged
========== link already checked
======== We are on link 170 of 193
========== raw link https://steamcommunity.com/id/videogamecharacters/posthistory/
============ Checking for Redirections: https://steamcommunity.com/id/videogamecharacters/posthistory/
============ Followed Redirection to https://steamcommunity.com/login/home/?goto=%2Fid%2Fvideogamecharacters%2Fposthistory%2F
============ Link after cleaning: https://steamcommunity.com/login/home/
============ Excluded based on allow/block list.
======== We are on link 171 of 193
========== raw link #c4137185692902203158
========== dropped link (either fragment ("#"), js, mailto, comment, pdf, or empty)
======== We are on link 172 of 193
========== raw link #c4137185692902223212
========== dropped link (either fragment ("#"), js, mailto, comment, pdf, or empty)
======== We are on link 173 of 193
========== raw link javascript:void(0);
========== dropped link (either fragment ("#"), js, mailto, comment, pdf, or empty)
======== We are on link 174 of 193
========== raw link /groups/steamworks/eventcomments/4137185692902102798?ctp=1
============ Found Relative: joining https://steamcommunity.com/groups/steamworks/eventcomments/4137185692902102798 and /groups/steamworks/eventcomments/4137185692902102798?ctp=1
============ Checking for Redirections: https://steamcommunity.com/groups/steamworks/eventcomments/4137185692902102798?ctp=1
============ Link after cleaning: https://steamcommunity.com/groups/steamworks/eventcomments/4137185692902102798
========== link already checked
======== We are on link 175 of 193
========== raw link /groups/steamworks/eventcomments/4137185692902102798?ctp=2
============ Found Relative: joining https://steamcommunity.com/groups/steamworks/eventcomments/4137185692902102798 and /groups/steamworks/eventcomments/4137185692902102798?ctp=2
============ Checking for Redirections: https://steamcommunity.com/groups/steamworks/eventcomments/4137185692902102798?ctp=2
============ Link after cleaning: https://steamcommunity.com/groups/steamworks/eventcomments/4137185692902102798
========== link already checked
======== We are on link 176 of 193
========== raw link /groups/steamworks/eventcomments/4137185692902102798?ctp=3
============ Found Relative: joining https://steamcommunity.com/groups/steamworks/eventcomments/4137185692902102798 and /groups/steamworks/eventcomments/4137185692902102798?ctp=3
============ Checking for Redirections: https://steamcommunity.com/groups/steamworks/eventcomments/4137185692902102798?ctp=3
============ Link after cleaning: https://steamcommunity.com/groups/steamworks/eventcomments/4137185692902102798
========== link already checked
======== We are on link 177 of 193
========== raw link /groups/steamworks/eventcomments/4137185692902102798?ctp=4
============ Found Relative: joining https://steamcommunity.com/groups/steamworks/eventcomments/4137185692902102798 and /groups/steamworks/eventcomments/4137185692902102798?ctp=4
============ Checking for Redirections: https://steamcommunity.com/groups/steamworks/eventcomments/4137185692902102798?ctp=4
============ Link after cleaning: https://steamcommunity.com/groups/steamworks/eventcomments/4137185692902102798
========== link already checked
======== We are on link 178 of 193
========== raw link /groups/steamworks/eventcomments/4137185692902102798?ctp=5
============ Found Relative: joining https://steamcommunity.com/groups/steamworks/eventcomments/4137185692902102798 and /groups/steamworks/eventcomments/4137185692902102798?ctp=5
============ Checking for Redirections: https://steamcommunity.com/groups/steamworks/eventcomments/4137185692902102798?ctp=5
============ Link after cleaning: https://steamcommunity.com/groups/steamworks/eventcomments/4137185692902102798
========== link already checked
======== We are on link 179 of 193
========== raw link /groups/steamworks/eventcomments/4137185692902102798?ctp=6
============ Found Relative: joining https://steamcommunity.com/groups/steamworks/eventcomments/4137185692902102798 and /groups/steamworks/eventcomments/4137185692902102798?ctp=6
============ Checking for Redirections: https://steamcommunity.com/groups/steamworks/eventcomments/4137185692902102798?ctp=6
============ Link after cleaning: https://steamcommunity.com/groups/steamworks/eventcomments/4137185692902102798
========== link already checked
======== We are on link 180 of 193
========== raw link /groups/steamworks/eventcomments/4137185692902102798?ctp=51
============ Found Relative: joining https://steamcommunity.com/groups/steamworks/eventcomments/4137185692902102798 and /groups/steamworks/eventcomments/4137185692902102798?ctp=51
============ Checking for Redirections: https://steamcommunity.com/groups/steamworks/eventcomments/4137185692902102798?ctp=51
============ Link after cleaning: https://steamcommunity.com/groups/steamworks/eventcomments/4137185692902102798
========== link already checked
======== We are on link 181 of 193
========== raw link /groups/steamworks/eventcomments/4137185692902102798?ctp=2
============ Found Relative: joining https://steamcommunity.com/groups/steamworks/eventcomments/4137185692902102798 and /groups/steamworks/eventcomments/4137185692902102798?ctp=2
============ Checking for Redirections: https://steamcommunity.com/groups/steamworks/eventcomments/4137185692902102798?ctp=2
============ Link after cleaning: https://steamcommunity.com/groups/steamworks/eventcomments/4137185692902102798
========== link already checked
======== We are on link 182 of 193
========== raw link javascript:Forum_SetTopicRepliesPerPage( 30 );
========== dropped link (either fragment ("#"), js, mailto, comment, pdf, or empty)
======== We are on link 183 of 193
========== raw link javascript:Forum_SetTopicRepliesPerPage( 50 );
========== dropped link (either fragment ("#"), js, mailto, comment, pdf, or empty)
======== We are on link 184 of 193
========== raw link https://steamcommunity.com/groups/steamworks/discussions
============ Checking for Redirections: https://steamcommunity.com/groups/steamworks/discussions
============ Link unchanged
========== link already checked
======== We are on link 185 of 193
========== raw link https://steamcommunity.com/groups/steamworks/eventcomments/
============ Checking for Redirections: https://steamcommunity.com/groups/steamworks/eventcomments/
============ Link unchanged
========== link already checked
======== We are on link 186 of 193
========== raw link javascript:hideModal( 'forum_modal' )
========== dropped link (either fragment ("#"), js, mailto, comment, pdf, or empty)
======== We are on link 187 of 193
========== raw link 
========== dropped link (either fragment ("#"), js, mailto, comment, pdf, or empty)
======== We are on link 188 of 193
========== raw link 
========== dropped link (either fragment ("#"), js, mailto, comment, pdf, or empty)
======== We are on link 189 of 193
========== raw link https://steamcommunity.com/linkfilter/?u=http%3A%2F%2Fwww.geonames.org
============ Checking for Redirections: https://steamcommunity.com/linkfilter/?u=http%3A%2F%2Fwww.geonames.org
============ Link after cleaning: https://steamcommunity.com/linkfilter/
========== link already checked
======== We are on link 190 of 193
========== raw link http://store.steampowered.com/privacy_agreement/
============ Checking for Redirections: http://store.steampowered.com/privacy_agreement/
============ Followed Redirection to https://store.steampowered.com/privacy_agreement/
============ Link after cleaning: https://store.steampowered.com/privacy_agreement/
========== link already checked
======== We are on link 191 of 193
========== raw link https://store.steampowered.com/legal/
============ Checking for Redirections: https://store.steampowered.com/legal/
============ Link unchanged
========== link already checked
======== We are on link 192 of 193
========== raw link http://store.steampowered.com/subscriber_agreement/
============ Checking for Redirections: http://store.steampowered.com/subscriber_agreement/
============ Followed Redirection to https://store.steampowered.com/subscriber_agreement/
============ Link after cleaning: https://store.steampowered.com/subscriber_agreement/
========== link already checked
======== We are on link 193 of 193
========== raw link http://store.steampowered.com/account/cookiepreferences/
============ Checking for Redirections: http://store.steampowered.com/account/cookiepreferences/
============ Followed Redirection to https://store.steampowered.com/account/cookiepreferences/
============ Link after cleaning: https://store.steampowered.com/account/cookiepreferences/
========== link already checked
====== We are on page 5 of 5: https://steamcommunity.com/groups/steamworks/announcements/detail/3728476412305545764
====== Number of Links on this Page: 88
======== We are on link 1 of 88
========== raw link https://steamcommunity.com/login/home/?goto=groups%2Fsteamworks%2Fannouncements%2Fdetail%2F3728476412305545764
========== dropped link https://steamcommunity.com/login/home/?goto=groups%2Fsteamworks%2Fannouncements%2Fdetail%2F3728476412305545764. Didn't pass first allows/blocks test.
======== We are on link 2 of 88
========== raw link https://store.steampowered.com/
============ Checking for Redirections: https://store.steampowered.com/
============ Link unchanged
========== link already checked
======== We are on link 3 of 88
========== raw link https://store.steampowered.com/
============ Checking for Redirections: https://store.steampowered.com/
============ Link unchanged
========== link already checked
======== We are on link 4 of 88
========== raw link https://store.steampowered.com/explore/
============ Checking for Redirections: https://store.steampowered.com/explore/
============ Followed Redirection to https://store.steampowered.com/login/?redir=explore%2F&redir_ssl=1
============ Link after cleaning: https://store.steampowered.com/login/
============ Excluded based on allow/block list.
======== We are on link 5 of 88
========== raw link https://steamcommunity.com/my/wishlist/
============ Checking for Redirections: https://steamcommunity.com/my/wishlist/
============ Followed Redirection to https://store.steampowered.com/login/?redir=https%3A%2F%2Fstore.steampowered.com%2Fwishlist%2F
============ Link after cleaning: https://store.steampowered.com/login/
============ Excluded based on allow/block list.
======== We are on link 6 of 88
========== raw link https://store.steampowered.com/points/shop/
============ Checking for Redirections: https://store.steampowered.com/points/shop/
============ Link unchanged
========== link already checked
======== We are on link 7 of 88
========== raw link https://store.steampowered.com/news/
============ Checking for Redirections: https://store.steampowered.com/news/
============ Link unchanged
========== link already checked
======== We are on link 8 of 88
========== raw link https://store.steampowered.com/stats/
============ Checking for Redirections: https://store.steampowered.com/stats/
============ Followed Redirection to https://store.steampowered.com/charts/
============ Link after cleaning: https://store.steampowered.com/charts/
========== link already checked
======== We are on link 9 of 88
========== raw link https://steamcommunity.com/
============ Checking for Redirections: https://steamcommunity.com/
============ Link unchanged
========== link already checked
======== We are on link 10 of 88
========== raw link https://steamcommunity.com/
============ Checking for Redirections: https://steamcommunity.com/
============ Link unchanged
========== link already checked
======== We are on link 11 of 88
========== raw link https://steamcommunity.com/discussions/
============ Checking for Redirections: https://steamcommunity.com/discussions/
============ Link unchanged
========== link already checked
======== We are on link 12 of 88
========== raw link https://steamcommunity.com/workshop/
============ Checking for Redirections: https://steamcommunity.com/workshop/
============ Link unchanged
========== link already checked
======== We are on link 13 of 88
========== raw link https://steamcommunity.com/market/
============ Checking for Redirections: https://steamcommunity.com/market/
============ Link unchanged
========== link already checked
======== We are on link 14 of 88
========== raw link https://steamcommunity.com/?subsection=broadcasts
============ Checking for Redirections: https://steamcommunity.com/?subsection=broadcasts
============ Link after cleaning: https://steamcommunity.com/
========== link already checked
======== We are on link 15 of 88
========== raw link https://store.steampowered.com/about/
============ Checking for Redirections: https://store.steampowered.com/about/
============ Link unchanged
========== link already checked
======== We are on link 16 of 88
========== raw link https://help.steampowered.com/en/
============ Checking for Redirections: https://help.steampowered.com/en/
============ Link unchanged
========== link already checked
======== We are on link 17 of 88
========== raw link https://store.steampowered.com/mobile
============ Checking for Redirections: https://store.steampowered.com/mobile
============ Link unchanged
========== link already checked
======== We are on link 18 of 88
========== raw link https://store.steampowered.com/privacy_agreement/
============ Checking for Redirections: https://store.steampowered.com/privacy_agreement/
============ Link unchanged
========== link already checked
======== We are on link 19 of 88
========== raw link http://www.valvesoftware.com/legal.htm
========== dropped link http://www.valvesoftware.com/legal.htm. Didn't pass first allows/blocks test.
======== We are on link 20 of 88
========== raw link https://store.steampowered.com/subscriber_agreement/
============ Checking for Redirections: https://store.steampowered.com/subscriber_agreement/
============ Link unchanged
========== link already checked
======== We are on link 21 of 88
========== raw link https://store.steampowered.com/steam_refunds/
============ Checking for Redirections: https://store.steampowered.com/steam_refunds/
============ Link unchanged
========== link already checked
======== We are on link 22 of 88
========== raw link https://store.steampowered.com/
============ Checking for Redirections: https://store.steampowered.com/
============ Link unchanged
========== link already checked
======== We are on link 23 of 88
========== raw link https://store.steampowered.com/
============ Checking for Redirections: https://store.steampowered.com/
============ Link unchanged
========== link already checked
======== We are on link 24 of 88
========== raw link https://store.steampowered.com/
============ Checking for Redirections: https://store.steampowered.com/
============ Link unchanged
========== link already checked
======== We are on link 25 of 88
========== raw link https://store.steampowered.com/
============ Checking for Redirections: https://store.steampowered.com/
============ Link unchanged
========== link already checked
======== We are on link 26 of 88
========== raw link https://store.steampowered.com/explore/
============ Checking for Redirections: https://store.steampowered.com/explore/
============ Followed Redirection to https://store.steampowered.com/login/?redir=explore%2F&redir_ssl=1
============ Link after cleaning: https://store.steampowered.com/login/
============ Excluded based on allow/block list.
======== We are on link 27 of 88
========== raw link https://steamcommunity.com/my/wishlist/
============ Checking for Redirections: https://steamcommunity.com/my/wishlist/
============ Followed Redirection to https://store.steampowered.com/login/?redir=https%3A%2F%2Fstore.steampowered.com%2Fwishlist%2F
============ Link after cleaning: https://store.steampowered.com/login/
============ Excluded based on allow/block list.
======== We are on link 28 of 88
========== raw link https://store.steampowered.com/points/shop/
============ Checking for Redirections: https://store.steampowered.com/points/shop/
============ Link unchanged
========== link already checked
======== We are on link 29 of 88
========== raw link https://store.steampowered.com/news/
============ Checking for Redirections: https://store.steampowered.com/news/
============ Link unchanged
========== link already checked
======== We are on link 30 of 88
========== raw link https://store.steampowered.com/stats/
============ Checking for Redirections: https://store.steampowered.com/stats/
============ Followed Redirection to https://store.steampowered.com/charts/
============ Link after cleaning: https://store.steampowered.com/charts/
========== link already checked
======== We are on link 31 of 88
========== raw link https://steamcommunity.com/
============ Checking for Redirections: https://steamcommunity.com/
============ Link unchanged
========== link already checked
======== We are on link 32 of 88
========== raw link https://steamcommunity.com/
============ Checking for Redirections: https://steamcommunity.com/
============ Link unchanged
========== link already checked
======== We are on link 33 of 88
========== raw link https://steamcommunity.com/discussions/
============ Checking for Redirections: https://steamcommunity.com/discussions/
============ Link unchanged
========== link already checked
======== We are on link 34 of 88
========== raw link https://steamcommunity.com/workshop/
============ Checking for Redirections: https://steamcommunity.com/workshop/
============ Link unchanged
========== link already checked
======== We are on link 35 of 88
========== raw link https://steamcommunity.com/market/
============ Checking for Redirections: https://steamcommunity.com/market/
============ Link unchanged
========== link already checked
======== We are on link 36 of 88
========== raw link https://steamcommunity.com/?subsection=broadcasts
============ Checking for Redirections: https://steamcommunity.com/?subsection=broadcasts
============ Link after cleaning: https://steamcommunity.com/
========== link already checked
======== We are on link 37 of 88
========== raw link https://store.steampowered.com/about/
============ Checking for Redirections: https://store.steampowered.com/about/
============ Link unchanged
========== link already checked
======== We are on link 38 of 88
========== raw link https://help.steampowered.com/en/
============ Checking for Redirections: https://help.steampowered.com/en/
============ Link unchanged
========== link already checked
======== We are on link 39 of 88
========== raw link https://store.steampowered.com/about/
============ Checking for Redirections: https://store.steampowered.com/about/
============ Link unchanged
========== link already checked
======== We are on link 40 of 88
========== raw link https://steamcommunity.com/login/home/?goto=groups%2Fsteamworks%2Fannouncements%2Fdetail%2F3728476412305545764
========== dropped link https://steamcommunity.com/login/home/?goto=groups%2Fsteamworks%2Fannouncements%2Fdetail%2F3728476412305545764. Didn't pass first allows/blocks test.
======== We are on link 41 of 88
========== raw link ?l=schinese
============ Link starts with ?: joining https://steamcommunity.com/groups/steamworks/announcements/detail/3728476412305545764 and ?l=schinese
============ Checking for Redirections: https://steamcommunity.com/groups/steamworks/announcements/detail/3728476412305545764?l=schinese
============ Link after cleaning: https://steamcommunity.com/groups/steamworks/announcements/detail/3728476412305545764
========== link already checked
======== We are on link 42 of 88
========== raw link ?l=tchinese
============ Link starts with ?: joining https://steamcommunity.com/groups/steamworks/announcements/detail/3728476412305545764 and ?l=tchinese
============ Checking for Redirections: https://steamcommunity.com/groups/steamworks/announcements/detail/3728476412305545764?l=tchinese
============ Link after cleaning: https://steamcommunity.com/groups/steamworks/announcements/detail/3728476412305545764
========== link already checked
======== We are on link 43 of 88
========== raw link ?l=japanese
============ Link starts with ?: joining https://steamcommunity.com/groups/steamworks/announcements/detail/3728476412305545764 and ?l=japanese
============ Checking for Redirections: https://steamcommunity.com/groups/steamworks/announcements/detail/3728476412305545764?l=japanese
============ Link after cleaning: https://steamcommunity.com/groups/steamworks/announcements/detail/3728476412305545764
========== link already checked
======== We are on link 44 of 88
========== raw link ?l=koreana
============ Link starts with ?: joining https://steamcommunity.com/groups/steamworks/announcements/detail/3728476412305545764 and ?l=koreana
============ Checking for Redirections: https://steamcommunity.com/groups/steamworks/announcements/detail/3728476412305545764?l=koreana
============ Link after cleaning: https://steamcommunity.com/groups/steamworks/announcements/detail/3728476412305545764
========== link already checked
======== We are on link 45 of 88
========== raw link ?l=thai
============ Link starts with ?: joining https://steamcommunity.com/groups/steamworks/announcements/detail/3728476412305545764 and ?l=thai
============ Checking for Redirections: https://steamcommunity.com/groups/steamworks/announcements/detail/3728476412305545764?l=thai
============ Link after cleaning: https://steamcommunity.com/groups/steamworks/announcements/detail/3728476412305545764
========== link already checked
======== We are on link 46 of 88
========== raw link ?l=bulgarian
============ Link starts with ?: joining https://steamcommunity.com/groups/steamworks/announcements/detail/3728476412305545764 and ?l=bulgarian
============ Checking for Redirections: https://steamcommunity.com/groups/steamworks/announcements/detail/3728476412305545764?l=bulgarian
============ Link after cleaning: https://steamcommunity.com/groups/steamworks/announcements/detail/3728476412305545764
========== link already checked
======== We are on link 47 of 88
========== raw link ?l=czech
============ Link starts with ?: joining https://steamcommunity.com/groups/steamworks/announcements/detail/3728476412305545764 and ?l=czech
============ Checking for Redirections: https://steamcommunity.com/groups/steamworks/announcements/detail/3728476412305545764?l=czech
============ Link after cleaning: https://steamcommunity.com/groups/steamworks/announcements/detail/3728476412305545764
========== link already checked
======== We are on link 48 of 88
========== raw link ?l=danish
============ Link starts with ?: joining https://steamcommunity.com/groups/steamworks/announcements/detail/3728476412305545764 and ?l=danish
============ Checking for Redirections: https://steamcommunity.com/groups/steamworks/announcements/detail/3728476412305545764?l=danish
============ Link after cleaning: https://steamcommunity.com/groups/steamworks/announcements/detail/3728476412305545764
========== link already checked
======== We are on link 49 of 88
========== raw link ?l=german
============ Link starts with ?: joining https://steamcommunity.com/groups/steamworks/announcements/detail/3728476412305545764 and ?l=german
============ Checking for Redirections: https://steamcommunity.com/groups/steamworks/announcements/detail/3728476412305545764?l=german
============ Link after cleaning: https://steamcommunity.com/groups/steamworks/announcements/detail/3728476412305545764
========== link already checked
======== We are on link 50 of 88
========== raw link ?l=spanish
============ Link starts with ?: joining https://steamcommunity.com/groups/steamworks/announcements/detail/3728476412305545764 and ?l=spanish
============ Checking for Redirections: https://steamcommunity.com/groups/steamworks/announcements/detail/3728476412305545764?l=spanish
============ Link after cleaning: https://steamcommunity.com/groups/steamworks/announcements/detail/3728476412305545764
========== link already checked
======== We are on link 51 of 88
========== raw link ?l=latam
============ Link starts with ?: joining https://steamcommunity.com/groups/steamworks/announcements/detail/3728476412305545764 and ?l=latam
============ Checking for Redirections: https://steamcommunity.com/groups/steamworks/announcements/detail/3728476412305545764?l=latam
============ Link after cleaning: https://steamcommunity.com/groups/steamworks/announcements/detail/3728476412305545764
========== link already checked
======== We are on link 52 of 88
========== raw link ?l=greek
============ Link starts with ?: joining https://steamcommunity.com/groups/steamworks/announcements/detail/3728476412305545764 and ?l=greek
============ Checking for Redirections: https://steamcommunity.com/groups/steamworks/announcements/detail/3728476412305545764?l=greek
============ Link after cleaning: https://steamcommunity.com/groups/steamworks/announcements/detail/3728476412305545764
========== link already checked
======== We are on link 53 of 88
========== raw link ?l=french
============ Link starts with ?: joining https://steamcommunity.com/groups/steamworks/announcements/detail/3728476412305545764 and ?l=french
============ Checking for Redirections: https://steamcommunity.com/groups/steamworks/announcements/detail/3728476412305545764?l=french
============ Link after cleaning: https://steamcommunity.com/groups/steamworks/announcements/detail/3728476412305545764
========== link already checked
======== We are on link 54 of 88
========== raw link ?l=italian
============ Link starts with ?: joining https://steamcommunity.com/groups/steamworks/announcements/detail/3728476412305545764 and ?l=italian
============ Checking for Redirections: https://steamcommunity.com/groups/steamworks/announcements/detail/3728476412305545764?l=italian
============ Link after cleaning: https://steamcommunity.com/groups/steamworks/announcements/detail/3728476412305545764
========== link already checked
======== We are on link 55 of 88
========== raw link ?l=indonesian
============ Link starts with ?: joining https://steamcommunity.com/groups/steamworks/announcements/detail/3728476412305545764 and ?l=indonesian
============ Checking for Redirections: https://steamcommunity.com/groups/steamworks/announcements/detail/3728476412305545764?l=indonesian
============ Link after cleaning: https://steamcommunity.com/groups/steamworks/announcements/detail/3728476412305545764
========== link already checked
======== We are on link 56 of 88
========== raw link ?l=hungarian
============ Link starts with ?: joining https://steamcommunity.com/groups/steamworks/announcements/detail/3728476412305545764 and ?l=hungarian
============ Checking for Redirections: https://steamcommunity.com/groups/steamworks/announcements/detail/3728476412305545764?l=hungarian
============ Link after cleaning: https://steamcommunity.com/groups/steamworks/announcements/detail/3728476412305545764
========== link already checked
======== We are on link 57 of 88
========== raw link ?l=dutch
============ Link starts with ?: joining https://steamcommunity.com/groups/steamworks/announcements/detail/3728476412305545764 and ?l=dutch
============ Checking for Redirections: https://steamcommunity.com/groups/steamworks/announcements/detail/3728476412305545764?l=dutch
============ Link after cleaning: https://steamcommunity.com/groups/steamworks/announcements/detail/3728476412305545764
========== link already checked
======== We are on link 58 of 88
========== raw link ?l=norwegian
============ Link starts with ?: joining https://steamcommunity.com/groups/steamworks/announcements/detail/3728476412305545764 and ?l=norwegian
============ Checking for Redirections: https://steamcommunity.com/groups/steamworks/announcements/detail/3728476412305545764?l=norwegian
============ Link after cleaning: https://steamcommunity.com/groups/steamworks/announcements/detail/3728476412305545764
========== link already checked
======== We are on link 59 of 88
========== raw link ?l=polish
============ Link starts with ?: joining https://steamcommunity.com/groups/steamworks/announcements/detail/3728476412305545764 and ?l=polish
============ Checking for Redirections: https://steamcommunity.com/groups/steamworks/announcements/detail/3728476412305545764?l=polish
============ Link after cleaning: https://steamcommunity.com/groups/steamworks/announcements/detail/3728476412305545764
========== link already checked
======== We are on link 60 of 88
========== raw link ?l=portuguese
============ Link starts with ?: joining https://steamcommunity.com/groups/steamworks/announcements/detail/3728476412305545764 and ?l=portuguese
============ Checking for Redirections: https://steamcommunity.com/groups/steamworks/announcements/detail/3728476412305545764?l=portuguese
============ Link after cleaning: https://steamcommunity.com/groups/steamworks/announcements/detail/3728476412305545764
========== link already checked
======== We are on link 61 of 88
========== raw link ?l=brazilian
============ Link starts with ?: joining https://steamcommunity.com/groups/steamworks/announcements/detail/3728476412305545764 and ?l=brazilian
============ Checking for Redirections: https://steamcommunity.com/groups/steamworks/announcements/detail/3728476412305545764?l=brazilian
============ Link after cleaning: https://steamcommunity.com/groups/steamworks/announcements/detail/3728476412305545764
========== link already checked
======== We are on link 62 of 88
========== raw link ?l=romanian
============ Link starts with ?: joining https://steamcommunity.com/groups/steamworks/announcements/detail/3728476412305545764 and ?l=romanian
============ Checking for Redirections: https://steamcommunity.com/groups/steamworks/announcements/detail/3728476412305545764?l=romanian
============ Link after cleaning: https://steamcommunity.com/groups/steamworks/announcements/detail/3728476412305545764
========== link already checked
======== We are on link 63 of 88
========== raw link ?l=russian
============ Link starts with ?: joining https://steamcommunity.com/groups/steamworks/announcements/detail/3728476412305545764 and ?l=russian
============ Checking for Redirections: https://steamcommunity.com/groups/steamworks/announcements/detail/3728476412305545764?l=russian
============ Link after cleaning: https://steamcommunity.com/groups/steamworks/announcements/detail/3728476412305545764
========== link already checked
======== We are on link 64 of 88
========== raw link ?l=finnish
============ Link starts with ?: joining https://steamcommunity.com/groups/steamworks/announcements/detail/3728476412305545764 and ?l=finnish
============ Checking for Redirections: https://steamcommunity.com/groups/steamworks/announcements/detail/3728476412305545764?l=finnish
============ Link after cleaning: https://steamcommunity.com/groups/steamworks/announcements/detail/3728476412305545764
========== link already checked
======== We are on link 65 of 88
========== raw link ?l=swedish
============ Link starts with ?: joining https://steamcommunity.com/groups/steamworks/announcements/detail/3728476412305545764 and ?l=swedish
============ Checking for Redirections: https://steamcommunity.com/groups/steamworks/announcements/detail/3728476412305545764?l=swedish
============ Link after cleaning: https://steamcommunity.com/groups/steamworks/announcements/detail/3728476412305545764
========== link already checked
======== We are on link 66 of 88
========== raw link ?l=turkish
============ Link starts with ?: joining https://steamcommunity.com/groups/steamworks/announcements/detail/3728476412305545764 and ?l=turkish
============ Checking for Redirections: https://steamcommunity.com/groups/steamworks/announcements/detail/3728476412305545764?l=turkish
============ Link after cleaning: https://steamcommunity.com/groups/steamworks/announcements/detail/3728476412305545764
========== link already checked
======== We are on link 67 of 88
========== raw link ?l=vietnamese
============ Link starts with ?: joining https://steamcommunity.com/groups/steamworks/announcements/detail/3728476412305545764 and ?l=vietnamese
============ Checking for Redirections: https://steamcommunity.com/groups/steamworks/announcements/detail/3728476412305545764?l=vietnamese
============ Link after cleaning: https://steamcommunity.com/groups/steamworks/announcements/detail/3728476412305545764
========== link already checked
======== We are on link 68 of 88
========== raw link ?l=ukrainian
============ Link starts with ?: joining https://steamcommunity.com/groups/steamworks/announcements/detail/3728476412305545764 and ?l=ukrainian
============ Checking for Redirections: https://steamcommunity.com/groups/steamworks/announcements/detail/3728476412305545764?l=ukrainian
============ Link after cleaning: https://steamcommunity.com/groups/steamworks/announcements/detail/3728476412305545764
========== link already checked
======== We are on link 69 of 88
========== raw link https://www.valvesoftware.com/en/contact?contact-person=Translation%20Team%20Feedback
========== dropped link https://www.valvesoftware.com/en/contact?contact-person=Translation%20Team%20Feedback. Didn't pass first allows/blocks test.
======== We are on link 70 of 88
========== raw link https://store.steampowered.com/curator/4145017?snr=2___
============ Checking for Redirections: https://store.steampowered.com/curator/4145017?snr=2___
============ Followed Redirection to https://store.steampowered.com/curator/4145017
============ Link after cleaning: https://store.steampowered.com/curator/4145017
========== link already checked
======== We are on link 71 of 88
========== raw link https://store.steampowered.com/news/
============ Checking for Redirections: https://store.steampowered.com/news/
============ Link unchanged
========== link already checked
======== We are on link 72 of 88
========== raw link https://store.steampowered.com/news/group/4145017
============ Checking for Redirections: https://store.steampowered.com/news/group/4145017
============ Link unchanged
========== link already checked
======== We are on link 73 of 88
========== raw link https://partner.steamgames.com/doc/marketing/event_tools/steamawards
============ Checking for Redirections: https://partner.steamgames.com/doc/marketing/event_tools/steamawards
============ Followed Redirection to https://partner.steamgames.com/?goto=%2Fdoc%2Fmarketing%2Fevent_tools%2Fsteamawards
============ Link after cleaning: https://partner.steamgames.com/
========== link already checked
======== We are on link 74 of 88
========== raw link https://partner.steamgames.com/doc/marketing/event_tools/steamawards#1
============ Checking for Redirections: https://partner.steamgames.com/doc/marketing/event_tools/steamawards#1
============ Followed Redirection to https://partner.steamgames.com/?goto=%2Fdoc%2Fmarketing%2Fevent_tools%2Fsteamawards#1
============ Link after cleaning: https://partner.steamgames.com/
========== link already checked
======== We are on link 75 of 88
========== raw link https://partner.steamgames.com/promotion/discounts/dashboard/
============ Checking for Redirections: https://partner.steamgames.com/promotion/discounts/dashboard/
============ Followed Redirection to https://partner.steamgames.com/?goto=%2Fpromotion%2Fdiscounts%2Fdashboard%2F
============ Link after cleaning: https://partner.steamgames.com/
========== link already checked
======== We are on link 76 of 88
========== raw link https://partner.steamgames.com/doc/marketing/discounts
============ Checking for Redirections: https://partner.steamgames.com/doc/marketing/discounts
============ Link unchanged
========== scraping https://partner.steamgames.com/doc/marketing/discounts
======== We are on link 77 of 88
========== raw link https://partner.steamgames.com/doc/marketing/event_tools/steamawards
============ Checking for Redirections: https://partner.steamgames.com/doc/marketing/event_tools/steamawards
============ Followed Redirection to https://partner.steamgames.com/?goto=%2Fdoc%2Fmarketing%2Fevent_tools%2Fsteamawards
============ Link after cleaning: https://partner.steamgames.com/
========== link already checked
======== We are on link 78 of 88
========== raw link https://help.steampowered.com/en/wizard/HelpWithPublishing?issueid=927
============ Checking for Redirections: https://help.steampowered.com/en/wizard/HelpWithPublishing?issueid=927
============ Followed Redirection to https://help.steampowered.com/en/login?need_password=1&title=Sign+In&redir=%2Fen%2Fwizard%2FHelpWithPublishing%3Fissueid%3D927
============ Link after cleaning: https://help.steampowered.com/en/login
============ Excluded based on allow/block list.
======== We are on link 79 of 88
========== raw link https://steamcommunity.com/groups/steamworks?snr=2_groupannouncements_detail_
============ Checking for Redirections: https://steamcommunity.com/groups/steamworks?snr=2_groupannouncements_detail_
============ Followed Redirection to https://steamcommunity.com/groups/steamworks
============ Link after cleaning: https://steamcommunity.com/groups/steamworks
========== link already checked
======== We are on link 80 of 88
========== raw link https://steamcommunity.com/groups/steamworks/eventcomments/3873718133745120754?snr=2_groupannouncements_detail_
============ Checking for Redirections: https://steamcommunity.com/groups/steamworks/eventcomments/3873718133745120754?snr=2_groupannouncements_detail_
============ Link after cleaning: https://steamcommunity.com/groups/steamworks/eventcomments/3873718133745120754
========== scraping https://steamcommunity.com/groups/steamworks/eventcomments/3873718133745120754
======== We are on link 81 of 88
========== raw link /groups/steamworks/announcements/detail/3728476412305766958
============ Found Relative: joining https://steamcommunity.com/groups/steamworks/announcements/detail/3728476412305545764 and /groups/steamworks/announcements/detail/3728476412305766958
============ Checking for Redirections: https://steamcommunity.com/groups/steamworks/announcements/detail/3728476412305766958
============ Link after cleaning: https://steamcommunity.com/groups/steamworks/announcements/detail/3728476412305766958
========== scraping https://steamcommunity.com/groups/steamworks/announcements/detail/3728476412305766958
======== We are on link 82 of 88
========== raw link /groups/steamworks/announcements/detail/3788151013321059167
============ Found Relative: joining https://steamcommunity.com/groups/steamworks/announcements/detail/3728476412305545764 and /groups/steamworks/announcements/detail/3788151013321059167
============ Checking for Redirections: https://steamcommunity.com/groups/steamworks/announcements/detail/3788151013321059167
============ Link after cleaning: https://steamcommunity.com/groups/steamworks/announcements/detail/3788151013321059167
========== scraping https://steamcommunity.com/groups/steamworks/announcements/detail/3788151013321059167
======== We are on link 83 of 88
========== raw link /groups/steamworks/announcements/detail/3687933234119814601
============ Found Relative: joining https://steamcommunity.com/groups/steamworks/announcements/detail/3728476412305545764 and /groups/steamworks/announcements/detail/3687933234119814601
============ Checking for Redirections: https://steamcommunity.com/groups/steamworks/announcements/detail/3687933234119814601
============ Link after cleaning: https://steamcommunity.com/groups/steamworks/announcements/detail/3687933234119814601
========== scraping https://steamcommunity.com/groups/steamworks/announcements/detail/3687933234119814601
======== We are on link 84 of 88
========== raw link https://steamcommunity.com/linkfilter/?u=http%3A%2F%2Fwww.geonames.org
============ Checking for Redirections: https://steamcommunity.com/linkfilter/?u=http%3A%2F%2Fwww.geonames.org
============ Link after cleaning: https://steamcommunity.com/linkfilter/
========== link already checked
======== We are on link 85 of 88
========== raw link http://store.steampowered.com/privacy_agreement/
============ Checking for Redirections: http://store.steampowered.com/privacy_agreement/
============ Followed Redirection to https://store.steampowered.com/privacy_agreement/
============ Link after cleaning: https://store.steampowered.com/privacy_agreement/
========== link already checked
======== We are on link 86 of 88
========== raw link https://store.steampowered.com/legal/
============ Checking for Redirections: https://store.steampowered.com/legal/
============ Link unchanged
========== link already checked
======== We are on link 87 of 88
========== raw link http://store.steampowered.com/subscriber_agreement/
============ Checking for Redirections: http://store.steampowered.com/subscriber_agreement/
============ Followed Redirection to https://store.steampowered.com/subscriber_agreement/
============ Link after cleaning: https://store.steampowered.com/subscriber_agreement/
========== link already checked
======== We are on link 88 of 88
========== raw link http://store.steampowered.com/account/cookiepreferences/
============ Checking for Redirections: http://store.steampowered.com/account/cookiepreferences/
============ Followed Redirection to https://store.steampowered.com/account/cookiepreferences/
============ Link after cleaning: https://store.steampowered.com/account/cookiepreferences/
========== link already checked
==== Number of new pages added: 7
== Finished scraping steamcommunity.com-AI_Moderation in 3140.9280 seconds.
== Writing to db file
== Done (/home/oscarc/ContentModerationWebScraper/data/05_11_25_18_20/all_htmls/AI_Moderation_steamcommunity_com_05_11_25_18_20.json)
