== Conducting scraping for AI_Moderation on onlyfans.com
== Getting initial 8 pages in sheet
==== We are at iteration 1 (tree depth).
====== We are on page 1 of 8: https://onlyfans.com/acceptable-use-policy
====== Number of Links on this Page: 22
======== We are on link 1 of 22
========== raw link /cookies
============ Found Relative: joining https://onlyfans.com/acceptable-use-policy and /cookies
============ Checking for Redirections: https://onlyfans.com/cookies
============ Link after cleaning: https://onlyfans.com/cookies
========== scraping https://onlyfans.com/cookies
======== We are on link 2 of 22
========== raw link /
========== dropped link (either fragment ("#"), js, mailto, comment, pdf, or empty)
======== We are on link 3 of 22
========== raw link /terms#terms-use
============ Found Relative: joining https://onlyfans.com/acceptable-use-policy and /terms#terms-use
============ Checking for Redirections: https://onlyfans.com/terms#terms-use
============ Link after cleaning: https://onlyfans.com/terms
========== link already checked
======== We are on link 4 of 22
========== raw link /
========== dropped link (either fragment ("#"), js, mailto, comment, pdf, or empty)
======== We are on link 5 of 22
========== raw link /contact
============ Found Relative: joining https://onlyfans.com/acceptable-use-policy and /contact
============ Checking for Redirections: https://onlyfans.com/contact
============ Link after cleaning: https://onlyfans.com/contact
========== scraping https://onlyfans.com/contact
======== We are on link 6 of 22
========== raw link //x.com/onlyfans
============ Prepended scheme.
========== dropped link https://x.com/onlyfans. Didn't pass first allows/blocks test.
======== We are on link 7 of 22
========== raw link //instagram.com/onlyfans
============ Prepended scheme.
========== dropped link https://instagram.com/onlyfans. Didn't pass first allows/blocks test.
======== We are on link 8 of 22
========== raw link /help
============ Found Relative: joining https://onlyfans.com/acceptable-use-policy and /help
============ Checking for Redirections: https://onlyfans.com/help
============ Link after cleaning: https://onlyfans.com/help
========== scraping https://onlyfans.com/help
============ New link added. Search term (AI) found on https://onlyfans.com/help.
======== We are on link 9 of 22
========== raw link /about
============ Found Relative: joining https://onlyfans.com/acceptable-use-policy and /about
============ Checking for Redirections: https://onlyfans.com/about
============ Link after cleaning: https://onlyfans.com/about
========== scraping https://onlyfans.com/about
======== We are on link 10 of 22
========== raw link https://blog.onlyfans.com/
============ Checking for Redirections: https://blog.onlyfans.com/
============ Link unchanged
========== scraping https://blog.onlyfans.com/
======== We are on link 11 of 22
========== raw link /brand
============ Found Relative: joining https://onlyfans.com/acceptable-use-policy and /brand
============ Checking for Redirections: https://onlyfans.com/brand
============ Link after cleaning: https://onlyfans.com/brand
========== scraping https://onlyfans.com/brand
======== We are on link 12 of 22
========== raw link https://store.onlyfans.com/
============ Checking for Redirections: https://store.onlyfans.com/
============ Link unchanged
========== scraping https://store.onlyfans.com/
======== We are on link 13 of 22
========== raw link /terms
============ Found Relative: joining https://onlyfans.com/acceptable-use-policy and /terms
============ Checking for Redirections: https://onlyfans.com/terms
============ Link after cleaning: https://onlyfans.com/terms
========== link already checked
======== We are on link 14 of 22
========== raw link /privacy
============ Found Relative: joining https://onlyfans.com/acceptable-use-policy and /privacy
============ Checking for Redirections: https://onlyfans.com/privacy
============ Link after cleaning: https://onlyfans.com/privacy
========== scraping https://onlyfans.com/privacy
======== We are on link 15 of 22
========== raw link /transparency-center/complaints
============ Found Relative: joining https://onlyfans.com/acceptable-use-policy and /transparency-center/complaints
============ Checking for Redirections: https://onlyfans.com/transparency-center/complaints
============ Link after cleaning: https://onlyfans.com/transparency-center/complaints
========== scraping https://onlyfans.com/transparency-center/complaints
======== We are on link 16 of 22
========== raw link /cookies
============ Found Relative: joining https://onlyfans.com/acceptable-use-policy and /cookies
============ Checking for Redirections: https://onlyfans.com/cookies
============ Link after cleaning: https://onlyfans.com/cookies
========== link already checked
======== We are on link 17 of 22
========== raw link /dmca
============ Found Relative: joining https://onlyfans.com/acceptable-use-policy and /dmca
============ Checking for Redirections: https://onlyfans.com/dmca
============ Link after cleaning: https://onlyfans.com/dmca
========== scraping https://onlyfans.com/dmca
======== We are on link 18 of 22
========== raw link /usc2257
============ Found Relative: joining https://onlyfans.com/acceptable-use-policy and /usc2257
============ Checking for Redirections: https://onlyfans.com/usc2257
============ Link after cleaning: https://onlyfans.com/usc2257
========== scraping https://onlyfans.com/usc2257
======== We are on link 19 of 22
========== raw link /contract
============ Found Relative: joining https://onlyfans.com/acceptable-use-policy and /contract
============ Checking for Redirections: https://onlyfans.com/contract
============ Link after cleaning: https://onlyfans.com/contract
========== scraping https://onlyfans.com/contract
======== We are on link 20 of 22
========== raw link /transparency-center
============ Found Relative: joining https://onlyfans.com/acceptable-use-policy and /transparency-center
============ Checking for Redirections: https://onlyfans.com/transparency-center
============ Link after cleaning: https://onlyfans.com/transparency-center
========== scraping https://onlyfans.com/transparency-center
======== We are on link 21 of 22
========== raw link /antitraffickingstatement
============ Found Relative: joining https://onlyfans.com/acceptable-use-policy and /antitraffickingstatement
============ Checking for Redirections: https://onlyfans.com/antitraffickingstatement
============ Link after cleaning: https://onlyfans.com/antitraffickingstatement
========== scraping https://onlyfans.com/antitraffickingstatement
======== We are on link 22 of 22
========== raw link /acceptable-use-policy
============ Found Relative: joining https://onlyfans.com/acceptable-use-policy and /acceptable-use-policy
============ Checking for Redirections: https://onlyfans.com/acceptable-use-policy
============ Link after cleaning: https://onlyfans.com/acceptable-use-policy
========== link already checked
====== We are on page 2 of 8: https://onlyfans.com/transparency-center/policy
====== Number of Links on this Page: 26
======== We are on link 1 of 26
========== raw link /cookies
============ Found Relative: joining https://onlyfans.com/transparency-center/policy and /cookies
============ Checking for Redirections: https://onlyfans.com/cookies
============ Link after cleaning: https://onlyfans.com/cookies
========== link already checked
======== We are on link 2 of 26
========== raw link /
========== dropped link (either fragment ("#"), js, mailto, comment, pdf, or empty)
======== We are on link 3 of 26
========== raw link /appeal
============ Found Relative: joining https://onlyfans.com/transparency-center/policy and /appeal
============ Checking for Redirections: https://onlyfans.com/appeal
============ Link after cleaning: https://onlyfans.com/appeal
========== scraping https://onlyfans.com/appeal
======== We are on link 4 of 26
========== raw link /terms
============ Found Relative: joining https://onlyfans.com/transparency-center/policy and /terms
============ Checking for Redirections: https://onlyfans.com/terms
============ Link after cleaning: https://onlyfans.com/terms
========== link already checked
======== We are on link 5 of 26
========== raw link /terms
============ Found Relative: joining https://onlyfans.com/transparency-center/policy and /terms
============ Checking for Redirections: https://onlyfans.com/terms
============ Link after cleaning: https://onlyfans.com/terms
========== link already checked
======== We are on link 6 of 26
========== raw link https://onlyfans.com/privacy
============ Checking for Redirections: https://onlyfans.com/privacy
============ Link unchanged
========== link already checked
======== We are on link 7 of 26
========== raw link /appeal
============ Found Relative: joining https://onlyfans.com/transparency-center/policy and /appeal
============ Checking for Redirections: https://onlyfans.com/appeal
============ Link after cleaning: https://onlyfans.com/appeal
========== link already checked
======== We are on link 8 of 26
========== raw link /
========== dropped link (either fragment ("#"), js, mailto, comment, pdf, or empty)
======== We are on link 9 of 26
========== raw link /contact
============ Found Relative: joining https://onlyfans.com/transparency-center/policy and /contact
============ Checking for Redirections: https://onlyfans.com/contact
============ Link after cleaning: https://onlyfans.com/contact
========== link already checked
======== We are on link 10 of 26
========== raw link //x.com/onlyfans
============ Prepended scheme.
========== dropped link https://x.com/onlyfans. Didn't pass first allows/blocks test.
======== We are on link 11 of 26
========== raw link //instagram.com/onlyfans
============ Prepended scheme.
========== dropped link https://instagram.com/onlyfans. Didn't pass first allows/blocks test.
======== We are on link 12 of 26
========== raw link /help
============ Found Relative: joining https://onlyfans.com/transparency-center/policy and /help
============ Checking for Redirections: https://onlyfans.com/help
============ Link after cleaning: https://onlyfans.com/help
========== link already checked
======== We are on link 13 of 26
========== raw link /about
============ Found Relative: joining https://onlyfans.com/transparency-center/policy and /about
============ Checking for Redirections: https://onlyfans.com/about
============ Link after cleaning: https://onlyfans.com/about
========== link already checked
======== We are on link 14 of 26
========== raw link https://blog.onlyfans.com/
============ Checking for Redirections: https://blog.onlyfans.com/
============ Link unchanged
========== link already checked
======== We are on link 15 of 26
========== raw link /brand
============ Found Relative: joining https://onlyfans.com/transparency-center/policy and /brand
============ Checking for Redirections: https://onlyfans.com/brand
============ Link after cleaning: https://onlyfans.com/brand
========== link already checked
======== We are on link 16 of 26
========== raw link https://store.onlyfans.com/
============ Checking for Redirections: https://store.onlyfans.com/
============ Link unchanged
========== link already checked
======== We are on link 17 of 26
========== raw link /terms
============ Found Relative: joining https://onlyfans.com/transparency-center/policy and /terms
============ Checking for Redirections: https://onlyfans.com/terms
============ Link after cleaning: https://onlyfans.com/terms
========== link already checked
======== We are on link 18 of 26
========== raw link /privacy
============ Found Relative: joining https://onlyfans.com/transparency-center/policy and /privacy
============ Checking for Redirections: https://onlyfans.com/privacy
============ Link after cleaning: https://onlyfans.com/privacy
========== link already checked
======== We are on link 19 of 26
========== raw link /transparency-center/complaints
============ Found Relative: joining https://onlyfans.com/transparency-center/policy and /transparency-center/complaints
============ Checking for Redirections: https://onlyfans.com/transparency-center/complaints
============ Link after cleaning: https://onlyfans.com/transparency-center/complaints
========== link already checked
======== We are on link 20 of 26
========== raw link /cookies
============ Found Relative: joining https://onlyfans.com/transparency-center/policy and /cookies
============ Checking for Redirections: https://onlyfans.com/cookies
============ Link after cleaning: https://onlyfans.com/cookies
========== link already checked
======== We are on link 21 of 26
========== raw link /dmca
============ Found Relative: joining https://onlyfans.com/transparency-center/policy and /dmca
============ Checking for Redirections: https://onlyfans.com/dmca
============ Link after cleaning: https://onlyfans.com/dmca
========== link already checked
======== We are on link 22 of 26
========== raw link /usc2257
============ Found Relative: joining https://onlyfans.com/transparency-center/policy and /usc2257
============ Checking for Redirections: https://onlyfans.com/usc2257
============ Link after cleaning: https://onlyfans.com/usc2257
========== link already checked
======== We are on link 23 of 26
========== raw link /contract
============ Found Relative: joining https://onlyfans.com/transparency-center/policy and /contract
============ Checking for Redirections: https://onlyfans.com/contract
============ Link after cleaning: https://onlyfans.com/contract
========== link already checked
======== We are on link 24 of 26
========== raw link /transparency-center
============ Found Relative: joining https://onlyfans.com/transparency-center/policy and /transparency-center
============ Checking for Redirections: https://onlyfans.com/transparency-center
============ Link after cleaning: https://onlyfans.com/transparency-center
========== link already checked
======== We are on link 25 of 26
========== raw link /antitraffickingstatement
============ Found Relative: joining https://onlyfans.com/transparency-center/policy and /antitraffickingstatement
============ Checking for Redirections: https://onlyfans.com/antitraffickingstatement
============ Link after cleaning: https://onlyfans.com/antitraffickingstatement
========== link already checked
======== We are on link 26 of 26
========== raw link /acceptable-use-policy
============ Found Relative: joining https://onlyfans.com/transparency-center/policy and /acceptable-use-policy
============ Checking for Redirections: https://onlyfans.com/acceptable-use-policy
============ Link after cleaning: https://onlyfans.com/acceptable-use-policy
========== link already checked
====== We are on page 3 of 8: https://blog.onlyfans.com/announcements/
====== Number of Links on this Page: 74
======== We are on link 1 of 74
========== raw link #content
========== dropped link (either fragment ("#"), js, mailto, comment, pdf, or empty)
======== We are on link 2 of 74
========== raw link /
========== dropped link (either fragment ("#"), js, mailto, comment, pdf, or empty)
======== We are on link 3 of 74
========== raw link https://blog.onlyfans.com/all/
============ Checking for Redirections: https://blog.onlyfans.com/all/
============ Link unchanged
========== link already checked
======== We are on link 4 of 74
========== raw link https://blog.onlyfans.com/announcements/
============ Checking for Redirections: https://blog.onlyfans.com/announcements/
============ Link unchanged
========== link already checked
======== We are on link 5 of 74
========== raw link https://blog.onlyfans.com/announcements/merch/
============ Checking for Redirections: https://blog.onlyfans.com/announcements/merch/
============ Link unchanged
========== scraping https://blog.onlyfans.com/announcements/merch/
======== We are on link 6 of 74
========== raw link https://blog.onlyfans.com/announcements/newsroom/
============ Checking for Redirections: https://blog.onlyfans.com/announcements/newsroom/
============ Link unchanged
========== scraping https://blog.onlyfans.com/announcements/newsroom/
======== We are on link 7 of 74
========== raw link https://blog.onlyfans.com/our-creators/
============ Checking for Redirections: https://blog.onlyfans.com/our-creators/
============ Link unchanged
========== scraping https://blog.onlyfans.com/our-creators/
======== We are on link 8 of 74
========== raw link https://blog.onlyfans.com/free-onlyfans-accounts/
============ Checking for Redirections: https://blog.onlyfans.com/free-onlyfans-accounts/
============ Link unchanged
========== scraping https://blog.onlyfans.com/free-onlyfans-accounts/
======== We are on link 9 of 74
========== raw link https://blog.onlyfans.com/our-creators/interviews/
============ Checking for Redirections: https://blog.onlyfans.com/our-creators/interviews/
============ Link unchanged
========== scraping https://blog.onlyfans.com/our-creators/interviews/
======== We are on link 10 of 74
========== raw link https://blog.onlyfans.com/our-creators/comedy/
============ Checking for Redirections: https://blog.onlyfans.com/our-creators/comedy/
============ Link unchanged
========== scraping https://blog.onlyfans.com/our-creators/comedy/
======== We are on link 11 of 74
========== raw link https://blog.onlyfans.com/our-creators/sports/
============ Checking for Redirections: https://blog.onlyfans.com/our-creators/sports/
============ Link unchanged
========== scraping https://blog.onlyfans.com/our-creators/sports/
======== We are on link 12 of 74
========== raw link https://blog.onlyfans.com/how-to-guides/
============ Checking for Redirections: https://blog.onlyfans.com/how-to-guides/
============ Link unchanged
========== scraping https://blog.onlyfans.com/how-to-guides/
======== We are on link 13 of 74
========== raw link https://blog.onlyfans.com/how-to-guides/getting-started/
============ Checking for Redirections: https://blog.onlyfans.com/how-to-guides/getting-started/
========== dropped link https://blog.onlyfans.com/how-to-guides/getting-started/. Could not follow redirection (or it was a meaninglessly small page or bot blocked by sessionID).
======== We are on link 14 of 74
========== raw link https://blog.onlyfans.com/how-to-guides/earning-on-onlyfans/
============ Checking for Redirections: https://blog.onlyfans.com/how-to-guides/earning-on-onlyfans/
========== dropped link https://blog.onlyfans.com/how-to-guides/earning-on-onlyfans/. Could not follow redirection (or it was a meaninglessly small page or bot blocked by sessionID).
======== We are on link 15 of 74
========== raw link https://blog.onlyfans.com/how-to-guides/tools-and-features/
============ Checking for Redirections: https://blog.onlyfans.com/how-to-guides/tools-and-features/
========== dropped link https://blog.onlyfans.com/how-to-guides/tools-and-features/. Could not follow redirection (or it was a meaninglessly small page or bot blocked by sessionID).
======== We are on link 16 of 74
========== raw link https://blog.onlyfans.com/how-to-guides/production/
============ Checking for Redirections: https://blog.onlyfans.com/how-to-guides/production/
========== dropped link https://blog.onlyfans.com/how-to-guides/production/. Could not follow redirection (or it was a meaninglessly small page or bot blocked by sessionID).
======== We are on link 17 of 74
========== raw link https://blog.onlyfans.com/oftv/
============ Checking for Redirections: https://blog.onlyfans.com/oftv/
========== dropped link https://blog.onlyfans.com/oftv/. Could not follow redirection (or it was a meaninglessly small page or bot blocked by sessionID).
======== We are on link 18 of 74
========== raw link https://blog.onlyfans.com/oftv/top-oftv-moments/
============ Checking for Redirections: https://blog.onlyfans.com/oftv/top-oftv-moments/
============ Link unchanged
========== scraping https://blog.onlyfans.com/oftv/top-oftv-moments/
======== We are on link 19 of 74
========== raw link https://blog.onlyfans.com/oftv/creators/
============ Checking for Redirections: https://blog.onlyfans.com/oftv/creators/
============ Link unchanged
========== scraping https://blog.onlyfans.com/oftv/creators/
======== We are on link 20 of 74
========== raw link https://blog.onlyfans.com/oftv/creative-fund/
============ Checking for Redirections: https://blog.onlyfans.com/oftv/creative-fund/
========== dropped link https://blog.onlyfans.com/oftv/creative-fund/. Could not follow redirection (or it was a meaninglessly small page or bot blocked by sessionID).
======== We are on link 21 of 74
========== raw link https://blog.onlyfans.com/oftv/house-of-sims/
============ Checking for Redirections: https://blog.onlyfans.com/oftv/house-of-sims/
========== dropped link https://blog.onlyfans.com/oftv/house-of-sims/. Could not follow redirection (or it was a meaninglessly small page or bot blocked by sessionID).
======== We are on link 22 of 74
========== raw link https://blog.onlyfans.com/oftv/irl/
============ Checking for Redirections: https://blog.onlyfans.com/oftv/irl/
========== dropped link https://blog.onlyfans.com/oftv/irl/. Could not follow redirection (or it was a meaninglessly small page or bot blocked by sessionID).
======== We are on link 23 of 74
========== raw link https://blog.onlyfans.com/oftv/lmaof/
============ Checking for Redirections: https://blog.onlyfans.com/oftv/lmaof/
============ Link unchanged
========== scraping https://blog.onlyfans.com/oftv/lmaof/
======== We are on link 24 of 74
========== raw link https://blog.onlyfans.com/oftv/miss-match/
============ Checking for Redirections: https://blog.onlyfans.com/oftv/miss-match/
========== dropped link https://blog.onlyfans.com/oftv/miss-match/. Could not follow redirection (or it was a meaninglessly small page or bot blocked by sessionID).
======== We are on link 25 of 74
========== raw link https://blog.onlyfans.com/oftv/model-farmers/
============ Checking for Redirections: https://blog.onlyfans.com/oftv/model-farmers/
========== dropped link https://blog.onlyfans.com/oftv/model-farmers/. Could not follow redirection (or it was a meaninglessly small page or bot blocked by sessionID).
======== We are on link 26 of 74
========== raw link https://blog.onlyfans.com/oftv/rise-grind/
============ Checking for Redirections: https://blog.onlyfans.com/oftv/rise-grind/
========== dropped link https://blog.onlyfans.com/oftv/rise-grind/. Could not follow redirection (or it was a meaninglessly small page or bot blocked by sessionID).
======== We are on link 27 of 74
========== raw link https://blog.onlyfans.com/oftv/the-onlyfans-golf-show/
============ Checking for Redirections: https://blog.onlyfans.com/oftv/the-onlyfans-golf-show/
========== dropped link https://blog.onlyfans.com/oftv/the-onlyfans-golf-show/. Could not follow redirection (or it was a meaninglessly small page or bot blocked by sessionID).
======== We are on link 28 of 74
========== raw link https://blog.onlyfans.com/oftv/this-is-fire/
============ Checking for Redirections: https://blog.onlyfans.com/oftv/this-is-fire/
========== dropped link https://blog.onlyfans.com/oftv/this-is-fire/. Could not follow redirection (or it was a meaninglessly small page or bot blocked by sessionID).
======== We are on link 29 of 74
========== raw link https://blog.onlyfans.com/oftv/whitney-cummings-presents/
============ Checking for Redirections: https://blog.onlyfans.com/oftv/whitney-cummings-presents/
========== dropped link https://blog.onlyfans.com/oftv/whitney-cummings-presents/. Could not follow redirection (or it was a meaninglessly small page or bot blocked by sessionID).
======== We are on link 30 of 74
========== raw link https://blog.onlyfans.com/first-look-watch-heidi-montag/
============ Checking for Redirections: https://blog.onlyfans.com/first-look-watch-heidi-montag/
============ Link unchanged
========== scraping https://blog.onlyfans.com/first-look-watch-heidi-montag/
======== We are on link 31 of 74
========== raw link https://blog.onlyfans.com/first-look-watch-heidi-montag/
============ Checking for Redirections: https://blog.onlyfans.com/first-look-watch-heidi-montag/
============ Link unchanged
========== link already checked
======== We are on link 32 of 74
========== raw link https://blog.onlyfans.com/onlyfans-2024-year-in-review/
============ Checking for Redirections: https://blog.onlyfans.com/onlyfans-2024-year-in-review/
============ Link unchanged
========== scraping https://blog.onlyfans.com/onlyfans-2024-year-in-review/
======== We are on link 33 of 74
========== raw link https://blog.onlyfans.com/onlyfans-2024-year-in-review/
============ Checking for Redirections: https://blog.onlyfans.com/onlyfans-2024-year-in-review/
============ Link unchanged
========== link already checked
======== We are on link 34 of 74
========== raw link https://blog.onlyfans.com/jaron-ennis-keeps-the-belt/
============ Checking for Redirections: https://blog.onlyfans.com/jaron-ennis-keeps-the-belt/
============ Link unchanged
========== scraping https://blog.onlyfans.com/jaron-ennis-keeps-the-belt/
======== We are on link 35 of 74
========== raw link https://blog.onlyfans.com/jaron-ennis-keeps-the-belt/
============ Checking for Redirections: https://blog.onlyfans.com/jaron-ennis-keeps-the-belt/
============ Link unchanged
========== link already checked
======== We are on link 36 of 74
========== raw link https://blog.onlyfans.com/now-on-oftv-elena-velez/
============ Checking for Redirections: https://blog.onlyfans.com/now-on-oftv-elena-velez/
============ Link unchanged
========== scraping https://blog.onlyfans.com/now-on-oftv-elena-velez/
======== We are on link 37 of 74
========== raw link https://blog.onlyfans.com/now-on-oftv-elena-velez/
============ Checking for Redirections: https://blog.onlyfans.com/now-on-oftv-elena-velez/
============ Link unchanged
========== link already checked
======== We are on link 38 of 74
========== raw link https://blog.onlyfans.com/battle-of-the-giants/
============ Checking for Redirections: https://blog.onlyfans.com/battle-of-the-giants/
============ Link unchanged
========== scraping https://blog.onlyfans.com/battle-of-the-giants/
======== We are on link 39 of 74
========== raw link https://blog.onlyfans.com/battle-of-the-giants/
============ Checking for Redirections: https://blog.onlyfans.com/battle-of-the-giants/
============ Link unchanged
========== link already checked
======== We are on link 40 of 74
========== raw link https://blog.onlyfans.com/2024-us-open/
============ Checking for Redirections: https://blog.onlyfans.com/2024-us-open/
============ Link unchanged
========== scraping https://blog.onlyfans.com/2024-us-open/
======== We are on link 41 of 74
========== raw link https://blog.onlyfans.com/2024-us-open/
============ Checking for Redirections: https://blog.onlyfans.com/2024-us-open/
============ Link unchanged
========== link already checked
======== We are on link 42 of 74
========== raw link https://blog.onlyfans.com/olympians-of-onlyfans-2024/
============ Checking for Redirections: https://blog.onlyfans.com/olympians-of-onlyfans-2024/
============ Link unchanged
========== scraping https://blog.onlyfans.com/olympians-of-onlyfans-2024/
======== We are on link 43 of 74
========== raw link https://blog.onlyfans.com/olympians-of-onlyfans-2024/
============ Checking for Redirections: https://blog.onlyfans.com/olympians-of-onlyfans-2024/
============ Link unchanged
========== link already checked
======== We are on link 44 of 74
========== raw link https://blog.onlyfans.com/oart-nabs-podium-in-austin/
============ Checking for Redirections: https://blog.onlyfans.com/oart-nabs-podium-in-austin/
============ Link unchanged
========== scraping https://blog.onlyfans.com/oart-nabs-podium-in-austin/
======== We are on link 45 of 74
========== raw link https://blog.onlyfans.com/oart-nabs-podium-in-austin/
============ Checking for Redirections: https://blog.onlyfans.com/oart-nabs-podium-in-austin/
============ Link unchanged
========== link already checked
======== We are on link 46 of 74
========== raw link https://blog.onlyfans.com/ufc-300/
============ Checking for Redirections: https://blog.onlyfans.com/ufc-300/
============ Link unchanged
========== scraping https://blog.onlyfans.com/ufc-300/
======== We are on link 47 of 74
========== raw link https://blog.onlyfans.com/ufc-300/
============ Checking for Redirections: https://blog.onlyfans.com/ufc-300/
============ Link unchanged
========== link already checked
======== We are on link 48 of 74
========== raw link https://blog.onlyfans.com/2024-onlyfans-american-racing-team/
============ Checking for Redirections: https://blog.onlyfans.com/2024-onlyfans-american-racing-team/
============ Link unchanged
========== scraping https://blog.onlyfans.com/2024-onlyfans-american-racing-team/
======== We are on link 49 of 74
========== raw link https://blog.onlyfans.com/2024-onlyfans-american-racing-team/
============ Checking for Redirections: https://blog.onlyfans.com/2024-onlyfans-american-racing-team/
============ Link unchanged
========== link already checked
======== We are on link 50 of 74
========== raw link https://blog.onlyfans.com/onlyfans-2023-year-in-review/
============ Checking for Redirections: https://blog.onlyfans.com/onlyfans-2023-year-in-review/
============ Link unchanged
========== scraping https://blog.onlyfans.com/onlyfans-2023-year-in-review/
======== We are on link 51 of 74
========== raw link https://blog.onlyfans.com/onlyfans-2023-year-in-review/
============ Checking for Redirections: https://blog.onlyfans.com/onlyfans-2023-year-in-review/
============ Link unchanged
========== link already checked
======== We are on link 52 of 74
========== raw link https://blog.onlyfans.com/summer-richardson-joins-team-onlyfans/
============ Checking for Redirections: https://blog.onlyfans.com/summer-richardson-joins-team-onlyfans/
============ Link unchanged
========== scraping https://blog.onlyfans.com/summer-richardson-joins-team-onlyfans/
======== We are on link 53 of 74
========== raw link https://blog.onlyfans.com/summer-richardson-joins-team-onlyfans/
============ Checking for Redirections: https://blog.onlyfans.com/summer-richardson-joins-team-onlyfans/
============ Link unchanged
========== link already checked
======== We are on link 54 of 74
========== raw link https://blog.onlyfans.com/announcements/page/2/
============ Checking for Redirections: https://blog.onlyfans.com/announcements/page/2/
========== dropped link https://blog.onlyfans.com/announcements/page/2/. Could not follow redirection (or it was a meaninglessly small page or bot blocked by sessionID).
======== We are on link 55 of 74
========== raw link https://blog.onlyfans.com/announcements/page/2/
============ Checking for Redirections: https://blog.onlyfans.com/announcements/page/2/
========== dropped link https://blog.onlyfans.com/announcements/page/2/. Could not follow redirection (or it was a meaninglessly small page or bot blocked by sessionID).
======== We are on link 56 of 74
========== raw link https://www.facebook.com/onlyfans/
========== dropped link https://www.facebook.com/onlyfans/. Didn't pass first allows/blocks test.
======== We are on link 57 of 74
========== raw link https://www.instagram.com/onlyfans/?hl=en
========== dropped link https://www.instagram.com/onlyfans/?hl=en. Didn't pass first allows/blocks test.
======== We are on link 58 of 74
========== raw link https://twitter.com/onlyfans
========== dropped link https://twitter.com/onlyfans. Didn't pass first allows/blocks test.
======== We are on link 59 of 74
========== raw link https://onlyfans.com/
============ Checking for Redirections: https://onlyfans.com/
========== dropped link https://onlyfans.com/. Could not follow redirection (or it was a meaninglessly small page or bot blocked by sessionID).
======== We are on link 60 of 74
========== raw link https://store.onlyfans.com/
============ Checking for Redirections: https://store.onlyfans.com/
============ Link unchanged
========== link already checked
======== We are on link 61 of 74
========== raw link https://of.tv/
========== dropped link https://of.tv/. Didn't pass first allows/blocks test.
======== We are on link 62 of 74
========== raw link https://www.facebook.com/onlyfans/
========== dropped link https://www.facebook.com/onlyfans/. Didn't pass first allows/blocks test.
======== We are on link 63 of 74
========== raw link https://www.instagram.com/onlyfans/?hl=en
========== dropped link https://www.instagram.com/onlyfans/?hl=en. Didn't pass first allows/blocks test.
======== We are on link 64 of 74
========== raw link https://twitter.com/onlyfans
========== dropped link https://twitter.com/onlyfans. Didn't pass first allows/blocks test.
======== We are on link 65 of 74
========== raw link https://onlyfans.com/
============ Checking for Redirections: https://onlyfans.com/
========== dropped link https://onlyfans.com/. Could not follow redirection (or it was a meaninglessly small page or bot blocked by sessionID).
======== We are on link 66 of 74
========== raw link https://of.tv/
========== dropped link https://of.tv/. Didn't pass first allows/blocks test.
======== We are on link 67 of 74
========== raw link https://store.onlyfans.com/
============ Checking for Redirections: https://store.onlyfans.com/
============ Link unchanged
========== link already checked
======== We are on link 68 of 74
========== raw link #
========== dropped link (either fragment ("#"), js, mailto, comment, pdf, or empty)
======== We are on link 69 of 74
========== raw link https://www.facebook.com/sharer.php?u=https%3A%2F%2Fblog.onlyfans.com%2Fannouncements%2F&t=Announcements
============ Checking for Redirections: https://www.facebook.com/sharer.php?u=https%3A%2F%2Fblog.onlyfans.com%2Fannouncements%2F&t=Announcements
========== dropped link https://www.facebook.com/sharer.php?u=https%3A%2F%2Fblog.onlyfans.com%2Fannouncements%2F&t=Announcements. Could not follow redirection (or it was a meaninglessly small page or bot blocked by sessionID).
======== We are on link 70 of 74
========== raw link https://x.com/intent/post?text=Announcements&url=https%3A%2F%2Fblog.onlyfans.com%2Fannouncements%2F
============ Checking for Redirections: https://x.com/intent/post?text=Announcements&url=https%3A%2F%2Fblog.onlyfans.com%2Fannouncements%2F
========== dropped link https://x.com/intent/post?text=Announcements&url=https%3A%2F%2Fblog.onlyfans.com%2Fannouncements%2F. Could not follow redirection (or it was a meaninglessly small page or bot blocked by sessionID).
======== We are on link 71 of 74
========== raw link https://reddit.com/submit?url=https%3A%2F%2Fblog.onlyfans.com%2Fannouncements%2F&title=Announcements
============ Checking for Redirections: https://reddit.com/submit?url=https%3A%2F%2Fblog.onlyfans.com%2Fannouncements%2F&title=Announcements
============ Followed Redirection to https://www.reddit.com/login/?dest=https%3A%2F%2Fwww.reddit.com%2Fsubmit%3Furl%3Dhttps%253A%252F%252Fblog.onlyfans.com%252Fannouncements%252F%26title%3DAnnouncements
============ Link after cleaning: https://www.reddit.com/login/
============ Excluded based on allow/block list.
======== We are on link 72 of 74
========== raw link https://www.linkedin.com/shareArticle?mini=true&url=https%3A%2F%2Fblog.onlyfans.com%2Fannouncements%2F&title=Announcements&summary=Announcements
============ Checking for Redirections: https://www.linkedin.com/shareArticle?mini=true&url=https%3A%2F%2Fblog.onlyfans.com%2Fannouncements%2F&title=Announcements&summary=Announcements
============ Followed Redirection to https://www.linkedin.com/uas/login?session_redirect=https%3A%2F%2Fwww.linkedin.com%2FshareArticle%3Fmini%3Dtrue%26url%3Dhttps%253A%252F%252Fblog.onlyfans.com%252Fannouncements%252F%26title%3DAnnouncements%26summary%3DAnnouncements
============ Link after cleaning: https://www.linkedin.com/uas/login
============ Excluded based on allow/block list.
======== We are on link 73 of 74
========== raw link https://pinterest.com/pin/create/button/?url=https%3A%2F%2Fblog.onlyfans.com%2Fannouncements%2F&description=Announcements&media=
============ Checking for Redirections: https://pinterest.com/pin/create/button/?url=https%3A%2F%2Fblog.onlyfans.com%2Fannouncements%2F&description=Announcements&media=
========== dropped link https://pinterest.com/pin/create/button/?url=https%3A%2F%2Fblog.onlyfans.com%2Fannouncements%2F&description=Announcements&media=. Could not follow redirection (or it was a meaninglessly small page or bot blocked by sessionID).
======== We are on link 74 of 74
========== raw link #
========== dropped link (either fragment ("#"), js, mailto, comment, pdf, or empty)
====== We are on page 4 of 8: https://blog.onlyfans.com/all/
====== Number of Links on this Page: 78
======== We are on link 1 of 78
========== raw link #content
========== dropped link (either fragment ("#"), js, mailto, comment, pdf, or empty)
======== We are on link 2 of 78
========== raw link /
========== dropped link (either fragment ("#"), js, mailto, comment, pdf, or empty)
======== We are on link 3 of 78
========== raw link https://blog.onlyfans.com/all/
============ Checking for Redirections: https://blog.onlyfans.com/all/
============ Link unchanged
========== link already checked
======== We are on link 4 of 78
========== raw link https://blog.onlyfans.com/announcements/
============ Checking for Redirections: https://blog.onlyfans.com/announcements/
============ Link unchanged
========== link already checked
======== We are on link 5 of 78
========== raw link https://blog.onlyfans.com/announcements/merch/
============ Checking for Redirections: https://blog.onlyfans.com/announcements/merch/
============ Link unchanged
========== link already checked
======== We are on link 6 of 78
========== raw link https://blog.onlyfans.com/announcements/newsroom/
============ Checking for Redirections: https://blog.onlyfans.com/announcements/newsroom/
============ Link unchanged
========== link already checked
======== We are on link 7 of 78
========== raw link https://blog.onlyfans.com/our-creators/
============ Checking for Redirections: https://blog.onlyfans.com/our-creators/
============ Link unchanged
========== link already checked
======== We are on link 8 of 78
========== raw link https://blog.onlyfans.com/free-onlyfans-accounts/
============ Checking for Redirections: https://blog.onlyfans.com/free-onlyfans-accounts/
============ Link unchanged
========== link already checked
======== We are on link 9 of 78
========== raw link https://blog.onlyfans.com/our-creators/interviews/
============ Checking for Redirections: https://blog.onlyfans.com/our-creators/interviews/
============ Link unchanged
========== link already checked
======== We are on link 10 of 78
========== raw link https://blog.onlyfans.com/our-creators/comedy/
============ Checking for Redirections: https://blog.onlyfans.com/our-creators/comedy/
============ Link unchanged
========== link already checked
======== We are on link 11 of 78
========== raw link https://blog.onlyfans.com/our-creators/sports/
============ Checking for Redirections: https://blog.onlyfans.com/our-creators/sports/
============ Link unchanged
========== link already checked
======== We are on link 12 of 78
========== raw link https://blog.onlyfans.com/how-to-guides/
============ Checking for Redirections: https://blog.onlyfans.com/how-to-guides/
============ Link unchanged
========== link already checked
======== We are on link 13 of 78
========== raw link https://blog.onlyfans.com/how-to-guides/getting-started/
============ Checking for Redirections: https://blog.onlyfans.com/how-to-guides/getting-started/
========== dropped link https://blog.onlyfans.com/how-to-guides/getting-started/. Could not follow redirection (or it was a meaninglessly small page or bot blocked by sessionID).
======== We are on link 14 of 78
========== raw link https://blog.onlyfans.com/how-to-guides/earning-on-onlyfans/
============ Checking for Redirections: https://blog.onlyfans.com/how-to-guides/earning-on-onlyfans/
========== dropped link https://blog.onlyfans.com/how-to-guides/earning-on-onlyfans/. Could not follow redirection (or it was a meaninglessly small page or bot blocked by sessionID).
======== We are on link 15 of 78
========== raw link https://blog.onlyfans.com/how-to-guides/tools-and-features/
============ Checking for Redirections: https://blog.onlyfans.com/how-to-guides/tools-and-features/
========== dropped link https://blog.onlyfans.com/how-to-guides/tools-and-features/. Could not follow redirection (or it was a meaninglessly small page or bot blocked by sessionID).
======== We are on link 16 of 78
========== raw link https://blog.onlyfans.com/how-to-guides/production/
============ Checking for Redirections: https://blog.onlyfans.com/how-to-guides/production/
========== dropped link https://blog.onlyfans.com/how-to-guides/production/. Could not follow redirection (or it was a meaninglessly small page or bot blocked by sessionID).
======== We are on link 17 of 78
========== raw link https://blog.onlyfans.com/oftv/
============ Checking for Redirections: https://blog.onlyfans.com/oftv/
========== dropped link https://blog.onlyfans.com/oftv/. Could not follow redirection (or it was a meaninglessly small page or bot blocked by sessionID).
======== We are on link 18 of 78
========== raw link https://blog.onlyfans.com/oftv/top-oftv-moments/
============ Checking for Redirections: https://blog.onlyfans.com/oftv/top-oftv-moments/
============ Link unchanged
========== link already checked
======== We are on link 19 of 78
========== raw link https://blog.onlyfans.com/oftv/creators/
============ Checking for Redirections: https://blog.onlyfans.com/oftv/creators/
============ Link unchanged
========== link already checked
======== We are on link 20 of 78
========== raw link https://blog.onlyfans.com/oftv/creative-fund/
============ Checking for Redirections: https://blog.onlyfans.com/oftv/creative-fund/
========== dropped link https://blog.onlyfans.com/oftv/creative-fund/. Could not follow redirection (or it was a meaninglessly small page or bot blocked by sessionID).
======== We are on link 21 of 78
========== raw link https://blog.onlyfans.com/oftv/house-of-sims/
============ Checking for Redirections: https://blog.onlyfans.com/oftv/house-of-sims/
========== dropped link https://blog.onlyfans.com/oftv/house-of-sims/. Could not follow redirection (or it was a meaninglessly small page or bot blocked by sessionID).
======== We are on link 22 of 78
========== raw link https://blog.onlyfans.com/oftv/irl/
============ Checking for Redirections: https://blog.onlyfans.com/oftv/irl/
========== dropped link https://blog.onlyfans.com/oftv/irl/. Could not follow redirection (or it was a meaninglessly small page or bot blocked by sessionID).
======== We are on link 23 of 78
========== raw link https://blog.onlyfans.com/oftv/lmaof/
============ Checking for Redirections: https://blog.onlyfans.com/oftv/lmaof/
============ Link unchanged
========== link already checked
======== We are on link 24 of 78
========== raw link https://blog.onlyfans.com/oftv/miss-match/
============ Checking for Redirections: https://blog.onlyfans.com/oftv/miss-match/
========== dropped link https://blog.onlyfans.com/oftv/miss-match/. Could not follow redirection (or it was a meaninglessly small page or bot blocked by sessionID).
======== We are on link 25 of 78
========== raw link https://blog.onlyfans.com/oftv/model-farmers/
============ Checking for Redirections: https://blog.onlyfans.com/oftv/model-farmers/
========== dropped link https://blog.onlyfans.com/oftv/model-farmers/. Could not follow redirection (or it was a meaninglessly small page or bot blocked by sessionID).
======== We are on link 26 of 78
========== raw link https://blog.onlyfans.com/oftv/rise-grind/
============ Checking for Redirections: https://blog.onlyfans.com/oftv/rise-grind/
========== dropped link https://blog.onlyfans.com/oftv/rise-grind/. Could not follow redirection (or it was a meaninglessly small page or bot blocked by sessionID).
======== We are on link 27 of 78
========== raw link https://blog.onlyfans.com/oftv/the-onlyfans-golf-show/
============ Checking for Redirections: https://blog.onlyfans.com/oftv/the-onlyfans-golf-show/
========== dropped link https://blog.onlyfans.com/oftv/the-onlyfans-golf-show/. Could not follow redirection (or it was a meaninglessly small page or bot blocked by sessionID).
======== We are on link 28 of 78
========== raw link https://blog.onlyfans.com/oftv/this-is-fire/
============ Checking for Redirections: https://blog.onlyfans.com/oftv/this-is-fire/
========== dropped link https://blog.onlyfans.com/oftv/this-is-fire/. Could not follow redirection (or it was a meaninglessly small page or bot blocked by sessionID).
======== We are on link 29 of 78
========== raw link https://blog.onlyfans.com/oftv/whitney-cummings-presents/
============ Checking for Redirections: https://blog.onlyfans.com/oftv/whitney-cummings-presents/
========== dropped link https://blog.onlyfans.com/oftv/whitney-cummings-presents/. Could not follow redirection (or it was a meaninglessly small page or bot blocked by sessionID).
======== We are on link 30 of 78
========== raw link https://blog.onlyfans.com/sort-by/
============ Checking for Redirections: https://blog.onlyfans.com/sort-by/
============ Link unchanged
========== scraping https://blog.onlyfans.com/sort-by/
======== We are on link 31 of 78
========== raw link https://blog.onlyfans.com/recent/
============ Checking for Redirections: https://blog.onlyfans.com/recent/
============ Link unchanged
========== scraping https://blog.onlyfans.com/recent/
======== We are on link 32 of 78
========== raw link https://blog.onlyfans.com/popularity/
============ Checking for Redirections: https://blog.onlyfans.com/popularity/
============ Link unchanged
========== scraping https://blog.onlyfans.com/popularity/
======== We are on link 33 of 78
========== raw link https://blog.onlyfans.com/alphabetical/
============ Checking for Redirections: https://blog.onlyfans.com/alphabetical/
============ Link unchanged
========== scraping https://blog.onlyfans.com/alphabetical/
======== We are on link 34 of 78
========== raw link https://blog.onlyfans.com/best-of-lmaof-uk/
============ Checking for Redirections: https://blog.onlyfans.com/best-of-lmaof-uk/
============ Link unchanged
========== scraping https://blog.onlyfans.com/best-of-lmaof-uk/
======== We are on link 35 of 78
========== raw link https://blog.onlyfans.com/best-of-lmaof-uk/
============ Checking for Redirections: https://blog.onlyfans.com/best-of-lmaof-uk/
============ Link unchanged
========== link already checked
======== We are on link 36 of 78
========== raw link https://blog.onlyfans.com/miss-match-season-five-recap/
============ Checking for Redirections: https://blog.onlyfans.com/miss-match-season-five-recap/
============ Link unchanged
========== scraping https://blog.onlyfans.com/miss-match-season-five-recap/
======== We are on link 37 of 78
========== raw link https://blog.onlyfans.com/miss-match-season-five-recap/
============ Checking for Redirections: https://blog.onlyfans.com/miss-match-season-five-recap/
============ Link unchanged
========== link already checked
======== We are on link 38 of 78
========== raw link https://blog.onlyfans.com/best-of-lmaof-la/
============ Checking for Redirections: https://blog.onlyfans.com/best-of-lmaof-la/
============ Link unchanged
========== scraping https://blog.onlyfans.com/best-of-lmaof-la/
======== We are on link 39 of 78
========== raw link https://blog.onlyfans.com/best-of-lmaof-la/
============ Checking for Redirections: https://blog.onlyfans.com/best-of-lmaof-la/
============ Link unchanged
========== link already checked
======== We are on link 40 of 78
========== raw link https://blog.onlyfans.com/crush-your-fitness-goals/
============ Checking for Redirections: https://blog.onlyfans.com/crush-your-fitness-goals/
============ Link unchanged
========== scraping https://blog.onlyfans.com/crush-your-fitness-goals/
======== We are on link 41 of 78
========== raw link https://blog.onlyfans.com/crush-your-fitness-goals/
============ Checking for Redirections: https://blog.onlyfans.com/crush-your-fitness-goals/
============ Link unchanged
========== link already checked
======== We are on link 42 of 78
========== raw link https://blog.onlyfans.com/april-fools-day-drops/
============ Checking for Redirections: https://blog.onlyfans.com/april-fools-day-drops/
============ Link unchanged
========== scraping https://blog.onlyfans.com/april-fools-day-drops/
======== We are on link 43 of 78
========== raw link https://blog.onlyfans.com/april-fools-day-drops/
============ Checking for Redirections: https://blog.onlyfans.com/april-fools-day-drops/
============ Link unchanged
========== link already checked
======== We are on link 44 of 78
========== raw link https://blog.onlyfans.com/creating-the-perfect-valentines-day/
============ Checking for Redirections: https://blog.onlyfans.com/creating-the-perfect-valentines-day/
============ Link unchanged
========== scraping https://blog.onlyfans.com/creating-the-perfect-valentines-day/
======== We are on link 45 of 78
========== raw link https://blog.onlyfans.com/creating-the-perfect-valentines-day/
============ Checking for Redirections: https://blog.onlyfans.com/creating-the-perfect-valentines-day/
============ Link unchanged
========== link already checked
======== We are on link 46 of 78
========== raw link https://blog.onlyfans.com/2025-valentines-day-collection/
============ Checking for Redirections: https://blog.onlyfans.com/2025-valentines-day-collection/
============ Link unchanged
========== scraping https://blog.onlyfans.com/2025-valentines-day-collection/
======== We are on link 47 of 78
========== raw link https://blog.onlyfans.com/2025-valentines-day-collection/
============ Checking for Redirections: https://blog.onlyfans.com/2025-valentines-day-collection/
============ Link unchanged
========== link already checked
======== We are on link 48 of 78
========== raw link https://blog.onlyfans.com/this-is-fire-season-five/
============ Checking for Redirections: https://blog.onlyfans.com/this-is-fire-season-five/
============ Link unchanged
========== scraping https://blog.onlyfans.com/this-is-fire-season-five/
======== We are on link 49 of 78
========== raw link https://blog.onlyfans.com/this-is-fire-season-five/
============ Checking for Redirections: https://blog.onlyfans.com/this-is-fire-season-five/
============ Link unchanged
========== link already checked
======== We are on link 50 of 78
========== raw link https://blog.onlyfans.com/sammy-halbert/
============ Checking for Redirections: https://blog.onlyfans.com/sammy-halbert/
============ Link unchanged
========== scraping https://blog.onlyfans.com/sammy-halbert/
======== We are on link 51 of 78
========== raw link https://blog.onlyfans.com/sammy-halbert/
============ Checking for Redirections: https://blog.onlyfans.com/sammy-halbert/
============ Link unchanged
========== link already checked
======== We are on link 52 of 78
========== raw link https://blog.onlyfans.com/first-look-watch-heidi-montag/
============ Checking for Redirections: https://blog.onlyfans.com/first-look-watch-heidi-montag/
============ Link unchanged
========== link already checked
======== We are on link 53 of 78
========== raw link https://blog.onlyfans.com/first-look-watch-heidi-montag/
============ Checking for Redirections: https://blog.onlyfans.com/first-look-watch-heidi-montag/
============ Link unchanged
========== link already checked
======== We are on link 54 of 78
========== raw link https://blog.onlyfans.com/onlyfans-2024-year-in-review/
============ Checking for Redirections: https://blog.onlyfans.com/onlyfans-2024-year-in-review/
============ Link unchanged
========== link already checked
======== We are on link 55 of 78
========== raw link https://blog.onlyfans.com/onlyfans-2024-year-in-review/
============ Checking for Redirections: https://blog.onlyfans.com/onlyfans-2024-year-in-review/
============ Link unchanged
========== link already checked
======== We are on link 56 of 78
========== raw link https://blog.onlyfans.com/january-2025/
============ Checking for Redirections: https://blog.onlyfans.com/january-2025/
============ Followed Redirection to https://blog.onlyfans.com/free-onlyfans-accounts/
============ Link after cleaning: https://blog.onlyfans.com/free-onlyfans-accounts/
========== link already checked
======== We are on link 57 of 78
========== raw link https://blog.onlyfans.com/january-2025/
============ Checking for Redirections: https://blog.onlyfans.com/january-2025/
============ Followed Redirection to https://blog.onlyfans.com/free-onlyfans-accounts/
============ Link after cleaning: https://blog.onlyfans.com/free-onlyfans-accounts/
========== link already checked
======== We are on link 58 of 78
========== raw link https://blog.onlyfans.com/all/page/2/
============ Checking for Redirections: https://blog.onlyfans.com/all/page/2/
============ Link unchanged
========== scraping https://blog.onlyfans.com/all/page/2/
======== We are on link 59 of 78
========== raw link https://blog.onlyfans.com/all/page/2/
============ Checking for Redirections: https://blog.onlyfans.com/all/page/2/
============ Link unchanged
========== link already checked
======== We are on link 60 of 78
========== raw link https://www.facebook.com/onlyfans/
========== dropped link https://www.facebook.com/onlyfans/. Didn't pass first allows/blocks test.
======== We are on link 61 of 78
========== raw link https://www.instagram.com/onlyfans/?hl=en
========== dropped link https://www.instagram.com/onlyfans/?hl=en. Didn't pass first allows/blocks test.
======== We are on link 62 of 78
========== raw link https://twitter.com/onlyfans
========== dropped link https://twitter.com/onlyfans. Didn't pass first allows/blocks test.
======== We are on link 63 of 78
========== raw link https://onlyfans.com/
============ Checking for Redirections: https://onlyfans.com/
========== dropped link https://onlyfans.com/. Could not follow redirection (or it was a meaninglessly small page or bot blocked by sessionID).
======== We are on link 64 of 78
========== raw link https://store.onlyfans.com/
============ Checking for Redirections: https://store.onlyfans.com/
============ Link unchanged
========== link already checked
======== We are on link 65 of 78
========== raw link https://of.tv/
========== dropped link https://of.tv/. Didn't pass first allows/blocks test.
======== We are on link 66 of 78
========== raw link https://www.facebook.com/onlyfans/
========== dropped link https://www.facebook.com/onlyfans/. Didn't pass first allows/blocks test.
======== We are on link 67 of 78
========== raw link https://www.instagram.com/onlyfans/?hl=en
========== dropped link https://www.instagram.com/onlyfans/?hl=en. Didn't pass first allows/blocks test.
======== We are on link 68 of 78
========== raw link https://twitter.com/onlyfans
========== dropped link https://twitter.com/onlyfans. Didn't pass first allows/blocks test.
======== We are on link 69 of 78
========== raw link https://onlyfans.com/
============ Checking for Redirections: https://onlyfans.com/
========== dropped link https://onlyfans.com/. Could not follow redirection (or it was a meaninglessly small page or bot blocked by sessionID).
======== We are on link 70 of 78
========== raw link https://of.tv/
========== dropped link https://of.tv/. Didn't pass first allows/blocks test.
======== We are on link 71 of 78
========== raw link https://store.onlyfans.com/
============ Checking for Redirections: https://store.onlyfans.com/
============ Link unchanged
========== link already checked
======== We are on link 72 of 78
========== raw link #
========== dropped link (either fragment ("#"), js, mailto, comment, pdf, or empty)
======== We are on link 73 of 78
========== raw link https://www.facebook.com/sharer.php?u=https%3A%2F%2Fblog.onlyfans.com%2Fall%2F&t=All
============ Checking for Redirections: https://www.facebook.com/sharer.php?u=https%3A%2F%2Fblog.onlyfans.com%2Fall%2F&t=All
========== dropped link https://www.facebook.com/sharer.php?u=https%3A%2F%2Fblog.onlyfans.com%2Fall%2F&t=All. Could not follow redirection (or it was a meaninglessly small page or bot blocked by sessionID).
======== We are on link 74 of 78
========== raw link https://x.com/intent/post?text=All&url=https%3A%2F%2Fblog.onlyfans.com%2Fall%2F
============ Checking for Redirections: https://x.com/intent/post?text=All&url=https%3A%2F%2Fblog.onlyfans.com%2Fall%2F
========== dropped link https://x.com/intent/post?text=All&url=https%3A%2F%2Fblog.onlyfans.com%2Fall%2F. Could not follow redirection (or it was a meaninglessly small page or bot blocked by sessionID).
======== We are on link 75 of 78
========== raw link https://reddit.com/submit?url=https%3A%2F%2Fblog.onlyfans.com%2Fall%2F&title=All
============ Checking for Redirections: https://reddit.com/submit?url=https%3A%2F%2Fblog.onlyfans.com%2Fall%2F&title=All
============ Followed Redirection to https://www.reddit.com/login/?dest=https%3A%2F%2Fwww.reddit.com%2Fsubmit%3Furl%3Dhttps%253A%252F%252Fblog.onlyfans.com%252Fall%252F%26title%3DAll
============ Link after cleaning: https://www.reddit.com/login/
============ Excluded based on allow/block list.
======== We are on link 76 of 78
========== raw link https://www.linkedin.com/shareArticle?mini=true&url=https%3A%2F%2Fblog.onlyfans.com%2Fall%2F&title=All&summary=All
============ Checking for Redirections: https://www.linkedin.com/shareArticle?mini=true&url=https%3A%2F%2Fblog.onlyfans.com%2Fall%2F&title=All&summary=All
============ Followed Redirection to https://www.linkedin.com/uas/login?session_redirect=https%3A%2F%2Fwww.linkedin.com%2FshareArticle%3Fmini%3Dtrue%26url%3Dhttps%253A%252F%252Fblog.onlyfans.com%252Fall%252F%26title%3DAll%26summary%3DAll
============ Link after cleaning: https://www.linkedin.com/uas/login
============ Excluded based on allow/block list.
======== We are on link 77 of 78
========== raw link https://pinterest.com/pin/create/button/?url=https%3A%2F%2Fblog.onlyfans.com%2Fall%2F&description=All&media=
============ Checking for Redirections: https://pinterest.com/pin/create/button/?url=https%3A%2F%2Fblog.onlyfans.com%2Fall%2F&description=All&media=
========== dropped link https://pinterest.com/pin/create/button/?url=https%3A%2F%2Fblog.onlyfans.com%2Fall%2F&description=All&media=. Could not follow redirection (or it was a meaninglessly small page or bot blocked by sessionID).
======== We are on link 78 of 78
========== raw link #
========== dropped link (either fragment ("#"), js, mailto, comment, pdf, or empty)
====== We are on page 5 of 8: https://onlyfans.com/help/196/205/212
====== Number of Links on this Page: 28
======== We are on link 1 of 28
========== raw link /cookies
============ Found Relative: joining https://onlyfans.com/help/196/205/212 and /cookies
============ Checking for Redirections: https://onlyfans.com/cookies
============ Link after cleaning: https://onlyfans.com/cookies
========== link already checked
======== We are on link 2 of 28
========== raw link /help/196/205/210
============ Found Relative: joining https://onlyfans.com/help/196/205/212 and /help/196/205/210
============ Checking for Redirections: https://onlyfans.com/help/196/205/210
============ Link after cleaning: https://onlyfans.com/help/196/205/210
========== scraping https://onlyfans.com/help/196/205/210
======== We are on link 3 of 28
========== raw link /help/196/205/206
============ Found Relative: joining https://onlyfans.com/help/196/205/212 and /help/196/205/206
============ Checking for Redirections: https://onlyfans.com/help/196/205/206
============ Link after cleaning: https://onlyfans.com/help/196/205/206
========== link already checked
======== We are on link 4 of 28
========== raw link /help/196/205/215
============ Found Relative: joining https://onlyfans.com/help/196/205/212 and /help/196/205/215
============ Checking for Redirections: https://onlyfans.com/help/196/205/215
============ Link after cleaning: https://onlyfans.com/help/196/205/215
========== scraping https://onlyfans.com/help/196/205/215
============ New link added. Search term (AI) found on https://onlyfans.com/help/196/205/215.
======== We are on link 5 of 28
========== raw link /
========== dropped link (either fragment ("#"), js, mailto, comment, pdf, or empty)
======== We are on link 6 of 28
========== raw link /contact
============ Found Relative: joining https://onlyfans.com/help/196/205/212 and /contact
============ Checking for Redirections: https://onlyfans.com/contact
============ Link after cleaning: https://onlyfans.com/contact
========== link already checked
======== We are on link 7 of 28
========== raw link //x.com/onlyfans
============ Prepended scheme.
========== dropped link https://x.com/onlyfans. Didn't pass first allows/blocks test.
======== We are on link 8 of 28
========== raw link //instagram.com/onlyfans
============ Prepended scheme.
========== dropped link https://instagram.com/onlyfans. Didn't pass first allows/blocks test.
======== We are on link 9 of 28
========== raw link /help
============ Found Relative: joining https://onlyfans.com/help/196/205/212 and /help
============ Checking for Redirections: https://onlyfans.com/help
============ Link after cleaning: https://onlyfans.com/help
========== link already checked
======== We are on link 10 of 28
========== raw link /about
============ Found Relative: joining https://onlyfans.com/help/196/205/212 and /about
============ Checking for Redirections: https://onlyfans.com/about
============ Link after cleaning: https://onlyfans.com/about
========== link already checked
======== We are on link 11 of 28
========== raw link https://blog.onlyfans.com/
============ Checking for Redirections: https://blog.onlyfans.com/
============ Link unchanged
========== link already checked
======== We are on link 12 of 28
========== raw link /brand
============ Found Relative: joining https://onlyfans.com/help/196/205/212 and /brand
============ Checking for Redirections: https://onlyfans.com/brand
============ Link after cleaning: https://onlyfans.com/brand
========== link already checked
======== We are on link 13 of 28
========== raw link https://store.onlyfans.com/
============ Checking for Redirections: https://store.onlyfans.com/
============ Link unchanged
========== link already checked
======== We are on link 14 of 28
========== raw link /terms
============ Found Relative: joining https://onlyfans.com/help/196/205/212 and /terms
============ Checking for Redirections: https://onlyfans.com/terms
============ Link after cleaning: https://onlyfans.com/terms
========== link already checked
======== We are on link 15 of 28
========== raw link /privacy
============ Found Relative: joining https://onlyfans.com/help/196/205/212 and /privacy
============ Checking for Redirections: https://onlyfans.com/privacy
============ Link after cleaning: https://onlyfans.com/privacy
========== link already checked
======== We are on link 16 of 28
========== raw link /transparency-center/complaints
============ Found Relative: joining https://onlyfans.com/help/196/205/212 and /transparency-center/complaints
============ Checking for Redirections: https://onlyfans.com/transparency-center/complaints
============ Link after cleaning: https://onlyfans.com/transparency-center/complaints
========== link already checked
======== We are on link 17 of 28
========== raw link /cookies
============ Found Relative: joining https://onlyfans.com/help/196/205/212 and /cookies
============ Checking for Redirections: https://onlyfans.com/cookies
============ Link after cleaning: https://onlyfans.com/cookies
========== link already checked
======== We are on link 18 of 28
========== raw link /dmca
============ Found Relative: joining https://onlyfans.com/help/196/205/212 and /dmca
============ Checking for Redirections: https://onlyfans.com/dmca
============ Link after cleaning: https://onlyfans.com/dmca
========== link already checked
======== We are on link 19 of 28
========== raw link /usc2257
============ Found Relative: joining https://onlyfans.com/help/196/205/212 and /usc2257
============ Checking for Redirections: https://onlyfans.com/usc2257
============ Link after cleaning: https://onlyfans.com/usc2257
========== link already checked
======== We are on link 20 of 28
========== raw link /contract
============ Found Relative: joining https://onlyfans.com/help/196/205/212 and /contract
============ Checking for Redirections: https://onlyfans.com/contract
============ Link after cleaning: https://onlyfans.com/contract
========== link already checked
======== We are on link 21 of 28
========== raw link /transparency-center
============ Found Relative: joining https://onlyfans.com/help/196/205/212 and /transparency-center
============ Checking for Redirections: https://onlyfans.com/transparency-center
============ Link after cleaning: https://onlyfans.com/transparency-center
========== link already checked
======== We are on link 22 of 28
========== raw link /antitraffickingstatement
============ Found Relative: joining https://onlyfans.com/help/196/205/212 and /antitraffickingstatement
============ Checking for Redirections: https://onlyfans.com/antitraffickingstatement
============ Link after cleaning: https://onlyfans.com/antitraffickingstatement
========== link already checked
======== We are on link 23 of 28
========== raw link /acceptable-use-policy
============ Found Relative: joining https://onlyfans.com/help/196/205/212 and /acceptable-use-policy
============ Checking for Redirections: https://onlyfans.com/acceptable-use-policy
============ Link after cleaning: https://onlyfans.com/acceptable-use-policy
========== link already checked
======== We are on link 24 of 28
========== raw link /
========== dropped link (either fragment ("#"), js, mailto, comment, pdf, or empty)
======== We are on link 25 of 28
========== raw link /terms
============ Found Relative: joining https://onlyfans.com/help/196/205/212 and /terms
============ Checking for Redirections: https://onlyfans.com/terms
============ Link after cleaning: https://onlyfans.com/terms
========== link already checked
======== We are on link 26 of 28
========== raw link /privacy
============ Found Relative: joining https://onlyfans.com/help/196/205/212 and /privacy
============ Checking for Redirections: https://onlyfans.com/privacy
============ Link after cleaning: https://onlyfans.com/privacy
========== link already checked
======== We are on link 27 of 28
========== raw link /twitter/auth?csrf=ip5cpjsOc8efeb4553d1644e983de80a0c412550
============ Found Relative: joining https://onlyfans.com/help/196/205/212 and /twitter/auth?csrf=ip5cpjsOc8efeb4553d1644e983de80a0c412550
============ Checking for Redirections: https://onlyfans.com/twitter/auth?csrf=ip5cpjsOc8efeb4553d1644e983de80a0c412550
============ Followed Redirection to https://api.x.com/oauth/authenticate?oauth_token=xqQXqwAAAAAAvbinAAABls0Whas
============ Link after cleaning: https://api.x.com/oauth/authenticate
============ Excluded based on allow/block list.
======== We are on link 28 of 28
========== raw link /auth/google?csrf=ip5cpjsOc8efeb4553d1644e983de80a0c412550
============ Found Relative: joining https://onlyfans.com/help/196/205/212 and /auth/google?csrf=ip5cpjsOc8efeb4553d1644e983de80a0c412550
============ Checking for Redirections: https://onlyfans.com/auth/google?csrf=ip5cpjsOc8efeb4553d1644e983de80a0c412550
============ Followed Redirection to https://accounts.google.com/v3/signin/identifier?opparams=%253F&dsh=S1359092328%3A1747197529934734&client_id=874560704938-blcokplpekn6pijr70c29oj3mivm5o6s.apps.googleusercontent.com&o2v=1&redirect_uri=https%3A%2F%2Fonlyfans.com%2Fauth%2Fcallback%2Fgoogle&response_type=code&scope=https%3A%2F%2Fwww.googleapis.com%2Fauth%2Fuserinfo.email+https%3A%2F%2Fwww.googleapis.com%2Fauth%2Fuserinfo.profile&service=lso&state=fe6d21fcdb88a391d42e978f7679a38f&flowName=GeneralOAuthFlow&continue=https%3A%2F%2Faccounts.google.com%2Fsignin%2Foauth%2Fconsent%3Fauthuser%3Dunknown%26part%3DAJi8hAN9YAEXstJ5OkSdOlG0FgVgEp_hCl0gYJnOclIeEEUHaE9qvXnxUVfmKlvmoJKE6_3EsD4t5pOSnpIVBmiOZ1U5MS7eCCXKEnnnmodaTD1mIi2L73m5VDRsj43PufRTZp09dzt-wgzqEALawRorklpU8lod07d_sxMnR3ptIvDhQ2aFAvfO0MPRy70pYyTzytluEgX2zRj4MLM_hVzMtDGbnp4X5yZ1Khabdgo6oy0PYQtlEr7SG2aXNvMZEHxokRFcHOi8dizE5Ux7nIt-XEwoLdBX1czru1eI3qfHkKhYu93MmwoAp0k6ZcYhJundtSsmETM1JPsFyU0Ra4DIl5SWl9MqbwSI7sHzxL_fceNdUNoZv0CVLB3fxqHXce97NxRkaztaKHtNFqIUBTEPEH3R8K9fr2MJ9FNoMfrvXAVd20g4bMq1hXNoA1caPZR-0ci0PHGIKmhZWSKkCiv-Acx4Q-yfqg%26flowName%3DGeneralOAuthFlow%26as%3DS1359092328%253A1747197529934734%26client_id%3D874560704938-blcokplpekn6pijr70c29oj3mivm5o6s.apps.googleusercontent.com%23&app_domain=https%3A%2F%2Fonlyfans.com&rart=ANgoxccQCvaYTVUQNL3AkCaf_eQHgcuUJJMfP51YSd7YPYmfvGFXfCnErRindhxjFzcU99FK7FmgTnG8Z9ONhb-eVZr-Z-xS9bDGvvmq-Lv6fxsDWBfc-Zo
============ Link after cleaning: https://accounts.google.com/v3/signin/identifier
============ Excluded based on allow/block list.
====== We are on page 6 of 8: https://onlyfans.com/help/196/205/211
====== Number of Links on this Page: 30
======== We are on link 1 of 30
========== raw link /cookies
============ Found Relative: joining https://onlyfans.com/help/196/205/211 and /cookies
============ Checking for Redirections: https://onlyfans.com/cookies
============ Link after cleaning: https://onlyfans.com/cookies
========== link already checked
======== We are on link 2 of 30
========== raw link /terms
============ Found Relative: joining https://onlyfans.com/help/196/205/211 and /terms
============ Checking for Redirections: https://onlyfans.com/terms
============ Link after cleaning: https://onlyfans.com/terms
========== link already checked
======== We are on link 3 of 30
========== raw link /acceptable-use-policy
============ Found Relative: joining https://onlyfans.com/help/196/205/211 and /acceptable-use-policy
============ Checking for Redirections: https://onlyfans.com/acceptable-use-policy
============ Link after cleaning: https://onlyfans.com/acceptable-use-policy
========== link already checked
======== We are on link 4 of 30
========== raw link /help/196/205/213
============ Found Relative: joining https://onlyfans.com/help/196/205/211 and /help/196/205/213
============ Checking for Redirections: https://onlyfans.com/help/196/205/213
============ Link after cleaning: https://onlyfans.com/help/196/205/213
========== scraping https://onlyfans.com/help/196/205/213
============ New link added. Search term (AI) found on https://onlyfans.com/help/196/205/213.
======== We are on link 5 of 30
========== raw link /help/196/205/214
============ Found Relative: joining https://onlyfans.com/help/196/205/211 and /help/196/205/214
============ Checking for Redirections: https://onlyfans.com/help/196/205/214
============ Link after cleaning: https://onlyfans.com/help/196/205/214
========== scraping https://onlyfans.com/help/196/205/214
============ New link added. Search term (AI) found on https://onlyfans.com/help/196/205/214.
======== We are on link 6 of 30
========== raw link /help/196/205/216
============ Found Relative: joining https://onlyfans.com/help/196/205/211 and /help/196/205/216
============ Checking for Redirections: https://onlyfans.com/help/196/205/216
============ Link after cleaning: https://onlyfans.com/help/196/205/216
========== scraping https://onlyfans.com/help/196/205/216
============ New link added. Search term (AI) found on https://onlyfans.com/help/196/205/216.
======== We are on link 7 of 30
========== raw link /
========== dropped link (either fragment ("#"), js, mailto, comment, pdf, or empty)
======== We are on link 8 of 30
========== raw link /contact
============ Found Relative: joining https://onlyfans.com/help/196/205/211 and /contact
============ Checking for Redirections: https://onlyfans.com/contact
============ Link after cleaning: https://onlyfans.com/contact
========== link already checked
======== We are on link 9 of 30
========== raw link //x.com/onlyfans
============ Prepended scheme.
========== dropped link https://x.com/onlyfans. Didn't pass first allows/blocks test.
======== We are on link 10 of 30
========== raw link //instagram.com/onlyfans
============ Prepended scheme.
========== dropped link https://instagram.com/onlyfans. Didn't pass first allows/blocks test.
======== We are on link 11 of 30
========== raw link /help
============ Found Relative: joining https://onlyfans.com/help/196/205/211 and /help
============ Checking for Redirections: https://onlyfans.com/help
============ Link after cleaning: https://onlyfans.com/help
========== link already checked
======== We are on link 12 of 30
========== raw link /about
============ Found Relative: joining https://onlyfans.com/help/196/205/211 and /about
============ Checking for Redirections: https://onlyfans.com/about
============ Link after cleaning: https://onlyfans.com/about
========== link already checked
======== We are on link 13 of 30
========== raw link https://blog.onlyfans.com/
============ Checking for Redirections: https://blog.onlyfans.com/
============ Link unchanged
========== link already checked
======== We are on link 14 of 30
========== raw link /brand
============ Found Relative: joining https://onlyfans.com/help/196/205/211 and /brand
============ Checking for Redirections: https://onlyfans.com/brand
============ Link after cleaning: https://onlyfans.com/brand
========== link already checked
======== We are on link 15 of 30
========== raw link https://store.onlyfans.com/
============ Checking for Redirections: https://store.onlyfans.com/
============ Link unchanged
========== link already checked
======== We are on link 16 of 30
========== raw link /terms
============ Found Relative: joining https://onlyfans.com/help/196/205/211 and /terms
============ Checking for Redirections: https://onlyfans.com/terms
============ Link after cleaning: https://onlyfans.com/terms
========== link already checked
======== We are on link 17 of 30
========== raw link /privacy
============ Found Relative: joining https://onlyfans.com/help/196/205/211 and /privacy
============ Checking for Redirections: https://onlyfans.com/privacy
============ Link after cleaning: https://onlyfans.com/privacy
========== link already checked
======== We are on link 18 of 30
========== raw link /transparency-center/complaints
============ Found Relative: joining https://onlyfans.com/help/196/205/211 and /transparency-center/complaints
============ Checking for Redirections: https://onlyfans.com/transparency-center/complaints
============ Link after cleaning: https://onlyfans.com/transparency-center/complaints
========== link already checked
======== We are on link 19 of 30
========== raw link /cookies
============ Found Relative: joining https://onlyfans.com/help/196/205/211 and /cookies
============ Checking for Redirections: https://onlyfans.com/cookies
============ Link after cleaning: https://onlyfans.com/cookies
========== link already checked
======== We are on link 20 of 30
========== raw link /dmca
============ Found Relative: joining https://onlyfans.com/help/196/205/211 and /dmca
============ Checking for Redirections: https://onlyfans.com/dmca
============ Link after cleaning: https://onlyfans.com/dmca
========== link already checked
======== We are on link 21 of 30
========== raw link /usc2257
============ Found Relative: joining https://onlyfans.com/help/196/205/211 and /usc2257
============ Checking for Redirections: https://onlyfans.com/usc2257
============ Link after cleaning: https://onlyfans.com/usc2257
========== link already checked
======== We are on link 22 of 30
========== raw link /contract
============ Found Relative: joining https://onlyfans.com/help/196/205/211 and /contract
============ Checking for Redirections: https://onlyfans.com/contract
============ Link after cleaning: https://onlyfans.com/contract
========== link already checked
======== We are on link 23 of 30
========== raw link /transparency-center
============ Found Relative: joining https://onlyfans.com/help/196/205/211 and /transparency-center
============ Checking for Redirections: https://onlyfans.com/transparency-center
============ Link after cleaning: https://onlyfans.com/transparency-center
========== link already checked
======== We are on link 24 of 30
========== raw link /antitraffickingstatement
============ Found Relative: joining https://onlyfans.com/help/196/205/211 and /antitraffickingstatement
============ Checking for Redirections: https://onlyfans.com/antitraffickingstatement
============ Link after cleaning: https://onlyfans.com/antitraffickingstatement
========== link already checked
======== We are on link 25 of 30
========== raw link /acceptable-use-policy
============ Found Relative: joining https://onlyfans.com/help/196/205/211 and /acceptable-use-policy
============ Checking for Redirections: https://onlyfans.com/acceptable-use-policy
============ Link after cleaning: https://onlyfans.com/acceptable-use-policy
========== link already checked
======== We are on link 26 of 30
========== raw link /
========== dropped link (either fragment ("#"), js, mailto, comment, pdf, or empty)
======== We are on link 27 of 30
========== raw link /terms
============ Found Relative: joining https://onlyfans.com/help/196/205/211 and /terms
============ Checking for Redirections: https://onlyfans.com/terms
============ Link after cleaning: https://onlyfans.com/terms
========== link already checked
======== We are on link 28 of 30
========== raw link /privacy
============ Found Relative: joining https://onlyfans.com/help/196/205/211 and /privacy
============ Checking for Redirections: https://onlyfans.com/privacy
============ Link after cleaning: https://onlyfans.com/privacy
========== link already checked
======== We are on link 29 of 30
========== raw link /twitter/auth?csrf=ip5cpjsOc8efeb4553d1644e983de80a0c412550
============ Found Relative: joining https://onlyfans.com/help/196/205/211 and /twitter/auth?csrf=ip5cpjsOc8efeb4553d1644e983de80a0c412550
============ Checking for Redirections: https://onlyfans.com/twitter/auth?csrf=ip5cpjsOc8efeb4553d1644e983de80a0c412550
============ Followed Redirection to https://api.x.com/oauth/authenticate?oauth_token=R7cvYAAAAAAAvbinAAABls0XCf0
============ Link after cleaning: https://api.x.com/oauth/authenticate
============ Excluded based on allow/block list.
======== We are on link 30 of 30
========== raw link /auth/google?csrf=ip5cpjsOc8efeb4553d1644e983de80a0c412550
============ Found Relative: joining https://onlyfans.com/help/196/205/211 and /auth/google?csrf=ip5cpjsOc8efeb4553d1644e983de80a0c412550
============ Checking for Redirections: https://onlyfans.com/auth/google?csrf=ip5cpjsOc8efeb4553d1644e983de80a0c412550
============ Followed Redirection to https://accounts.google.com/v3/signin/identifier?opparams=%253F&dsh=S-956241397%3A1747197563731766&client_id=874560704938-blcokplpekn6pijr70c29oj3mivm5o6s.apps.googleusercontent.com&o2v=1&redirect_uri=https%3A%2F%2Fonlyfans.com%2Fauth%2Fcallback%2Fgoogle&response_type=code&scope=https%3A%2F%2Fwww.googleapis.com%2Fauth%2Fuserinfo.email+https%3A%2F%2Fwww.googleapis.com%2Fauth%2Fuserinfo.profile&service=lso&state=480ebcec32fe20945f7d8112d5c1ac2e&flowName=GeneralOAuthFlow&continue=https%3A%2F%2Faccounts.google.com%2Fsignin%2Foauth%2Fconsent%3Fauthuser%3Dunknown%26part%3DAJi8hAP7cYlVFOq0iJ-7Tf8p5fx9ENp_Q9YzANlQy2CFpgL1W0lJI30m0M8tV-qBD6NCG23AMZPgIgihqr0sYSaMdDyXxpFBU1yT_gYJcMWfDgAbU3R-1Pg5o43iDeWaOnKbr2hac4_YsBzOwYmA00t8XlHeVU0JwIFiGUi3ZhKhEtt88w-blyBAg-85jU0gSM9H-dQcGnWPyvsDI8FPM9Mxbj8o0b9Z40yoiselr-AdgIMKz6c25_pICn_2snw2q00RfbYcCAJ4wu36iaaHxUK-OSklQQ0_5-J_3RNEF7PZkH-3FnMCJecLYnw-ZA-0kbZR4aLOqNngbmjUeZzZT0dRvA_yc9A7Tm1AK9qpXZHB7OZxTodUwYk0ae-a_r9HlDZ1QXJWeLgrcLxCQfjdihSHr3wEKwlzQ0IBKPBw1q0g6wcAt4R5IwWTJoddu2PQxGaPkwTzRoxETbCDnENSAj38mIwS9cn7kQ%26flowName%3DGeneralOAuthFlow%26as%3DS-956241397%253A1747197563731766%26client_id%3D874560704938-blcokplpekn6pijr70c29oj3mivm5o6s.apps.googleusercontent.com%23&app_domain=https%3A%2F%2Fonlyfans.com&rart=ANgoxceWKTqYUQY4gL_trDGHq1KopdxZgrp-bjuJfztaVZdibef4zw68OEeDc8eqDMIIRc3CzfsqbX24W62ngU9TfjjrXl6tolJ47T0s8eKhmMqIByc_Ey0
============ Link after cleaning: https://accounts.google.com/v3/signin/identifier
============ Excluded based on allow/block list.
====== We are on page 7 of 8: https://onlyfans.com/help/196/205/206
====== Number of Links on this Page: 32
======== We are on link 1 of 32
========== raw link /cookies
============ Found Relative: joining https://onlyfans.com/help/196/205/206 and /cookies
============ Checking for Redirections: https://onlyfans.com/cookies
============ Link after cleaning: https://onlyfans.com/cookies
========== link already checked
======== We are on link 2 of 32
========== raw link /terms
============ Found Relative: joining https://onlyfans.com/help/196/205/206 and /terms
============ Checking for Redirections: https://onlyfans.com/terms
============ Link after cleaning: https://onlyfans.com/terms
========== link already checked
======== We are on link 3 of 32
========== raw link /terms#acceptable-use-policy
============ Found Relative: joining https://onlyfans.com/help/196/205/206 and /terms#acceptable-use-policy
============ Checking for Redirections: https://onlyfans.com/terms#acceptable-use-policy
============ Link after cleaning: https://onlyfans.com/terms
========== link already checked
======== We are on link 4 of 32
========== raw link /help
============ Found Relative: joining https://onlyfans.com/help/196/205/206 and /help
============ Checking for Redirections: https://onlyfans.com/help
============ Link after cleaning: https://onlyfans.com/help
========== link already checked
======== We are on link 5 of 32
========== raw link /appeal
============ Found Relative: joining https://onlyfans.com/help/196/205/206 and /appeal
============ Checking for Redirections: https://onlyfans.com/appeal
============ Link after cleaning: https://onlyfans.com/appeal
========== link already checked
======== We are on link 6 of 32
========== raw link /help/196/205/213
============ Found Relative: joining https://onlyfans.com/help/196/205/206 and /help/196/205/213
============ Checking for Redirections: https://onlyfans.com/help/196/205/213
============ Link after cleaning: https://onlyfans.com/help/196/205/213
========== link already checked
======== We are on link 7 of 32
========== raw link /help/196/205/207
============ Found Relative: joining https://onlyfans.com/help/196/205/206 and /help/196/205/207
============ Checking for Redirections: https://onlyfans.com/help/196/205/207
============ Link after cleaning: https://onlyfans.com/help/196/205/207
========== scraping https://onlyfans.com/help/196/205/207
============ New link added. Search term (AI) found on https://onlyfans.com/help/196/205/207.
======== We are on link 8 of 32
========== raw link /help/196/205/211
============ Found Relative: joining https://onlyfans.com/help/196/205/206 and /help/196/205/211
============ Checking for Redirections: https://onlyfans.com/help/196/205/211
============ Link after cleaning: https://onlyfans.com/help/196/205/211
========== link already checked
======== We are on link 9 of 32
========== raw link /
========== dropped link (either fragment ("#"), js, mailto, comment, pdf, or empty)
======== We are on link 10 of 32
========== raw link /contact
============ Found Relative: joining https://onlyfans.com/help/196/205/206 and /contact
============ Checking for Redirections: https://onlyfans.com/contact
============ Link after cleaning: https://onlyfans.com/contact
========== link already checked
======== We are on link 11 of 32
========== raw link //x.com/onlyfans
============ Prepended scheme.
========== dropped link https://x.com/onlyfans. Didn't pass first allows/blocks test.
======== We are on link 12 of 32
========== raw link //instagram.com/onlyfans
============ Prepended scheme.
========== dropped link https://instagram.com/onlyfans. Didn't pass first allows/blocks test.
======== We are on link 13 of 32
========== raw link /help
============ Found Relative: joining https://onlyfans.com/help/196/205/206 and /help
============ Checking for Redirections: https://onlyfans.com/help
============ Link after cleaning: https://onlyfans.com/help
========== link already checked
======== We are on link 14 of 32
========== raw link /about
============ Found Relative: joining https://onlyfans.com/help/196/205/206 and /about
============ Checking for Redirections: https://onlyfans.com/about
============ Link after cleaning: https://onlyfans.com/about
========== link already checked
======== We are on link 15 of 32
========== raw link https://blog.onlyfans.com/
============ Checking for Redirections: https://blog.onlyfans.com/
============ Link unchanged
========== link already checked
======== We are on link 16 of 32
========== raw link /brand
============ Found Relative: joining https://onlyfans.com/help/196/205/206 and /brand
============ Checking for Redirections: https://onlyfans.com/brand
============ Link after cleaning: https://onlyfans.com/brand
========== link already checked
======== We are on link 17 of 32
========== raw link https://store.onlyfans.com/
============ Checking for Redirections: https://store.onlyfans.com/
============ Link unchanged
========== link already checked
======== We are on link 18 of 32
========== raw link /terms
============ Found Relative: joining https://onlyfans.com/help/196/205/206 and /terms
============ Checking for Redirections: https://onlyfans.com/terms
============ Link after cleaning: https://onlyfans.com/terms
========== link already checked
======== We are on link 19 of 32
========== raw link /privacy
============ Found Relative: joining https://onlyfans.com/help/196/205/206 and /privacy
============ Checking for Redirections: https://onlyfans.com/privacy
============ Link after cleaning: https://onlyfans.com/privacy
========== link already checked
======== We are on link 20 of 32
========== raw link /transparency-center/complaints
============ Found Relative: joining https://onlyfans.com/help/196/205/206 and /transparency-center/complaints
============ Checking for Redirections: https://onlyfans.com/transparency-center/complaints
============ Link after cleaning: https://onlyfans.com/transparency-center/complaints
========== link already checked
======== We are on link 21 of 32
========== raw link /cookies
============ Found Relative: joining https://onlyfans.com/help/196/205/206 and /cookies
============ Checking for Redirections: https://onlyfans.com/cookies
============ Link after cleaning: https://onlyfans.com/cookies
========== link already checked
======== We are on link 22 of 32
========== raw link /dmca
============ Found Relative: joining https://onlyfans.com/help/196/205/206 and /dmca
============ Checking for Redirections: https://onlyfans.com/dmca
============ Link after cleaning: https://onlyfans.com/dmca
========== link already checked
======== We are on link 23 of 32
========== raw link /usc2257
============ Found Relative: joining https://onlyfans.com/help/196/205/206 and /usc2257
============ Checking for Redirections: https://onlyfans.com/usc2257
============ Link after cleaning: https://onlyfans.com/usc2257
========== link already checked
======== We are on link 24 of 32
========== raw link /contract
============ Found Relative: joining https://onlyfans.com/help/196/205/206 and /contract
============ Checking for Redirections: https://onlyfans.com/contract
============ Link after cleaning: https://onlyfans.com/contract
========== link already checked
======== We are on link 25 of 32
========== raw link /transparency-center
============ Found Relative: joining https://onlyfans.com/help/196/205/206 and /transparency-center
============ Checking for Redirections: https://onlyfans.com/transparency-center
============ Link after cleaning: https://onlyfans.com/transparency-center
========== link already checked
======== We are on link 26 of 32
========== raw link /antitraffickingstatement
============ Found Relative: joining https://onlyfans.com/help/196/205/206 and /antitraffickingstatement
============ Checking for Redirections: https://onlyfans.com/antitraffickingstatement
============ Link after cleaning: https://onlyfans.com/antitraffickingstatement
========== link already checked
======== We are on link 27 of 32
========== raw link /acceptable-use-policy
============ Found Relative: joining https://onlyfans.com/help/196/205/206 and /acceptable-use-policy
============ Checking for Redirections: https://onlyfans.com/acceptable-use-policy
============ Link after cleaning: https://onlyfans.com/acceptable-use-policy
========== link already checked
======== We are on link 28 of 32
========== raw link /
========== dropped link (either fragment ("#"), js, mailto, comment, pdf, or empty)
======== We are on link 29 of 32
========== raw link /terms
============ Found Relative: joining https://onlyfans.com/help/196/205/206 and /terms
============ Checking for Redirections: https://onlyfans.com/terms
============ Link after cleaning: https://onlyfans.com/terms
========== link already checked
======== We are on link 30 of 32
========== raw link /privacy
============ Found Relative: joining https://onlyfans.com/help/196/205/206 and /privacy
============ Checking for Redirections: https://onlyfans.com/privacy
============ Link after cleaning: https://onlyfans.com/privacy
========== link already checked
======== We are on link 31 of 32
========== raw link /twitter/auth?csrf=ip5cpjsOc8efeb4553d1644e983de80a0c412550
============ Found Relative: joining https://onlyfans.com/help/196/205/206 and /twitter/auth?csrf=ip5cpjsOc8efeb4553d1644e983de80a0c412550
============ Checking for Redirections: https://onlyfans.com/twitter/auth?csrf=ip5cpjsOc8efeb4553d1644e983de80a0c412550
============ Followed Redirection to https://api.x.com/oauth/authenticate?oauth_token=uK9s7QAAAAAAvbinAAABls0Xlqs
============ Link after cleaning: https://api.x.com/oauth/authenticate
============ Excluded based on allow/block list.
======== We are on link 32 of 32
========== raw link /auth/google?csrf=ip5cpjsOc8efeb4553d1644e983de80a0c412550
============ Found Relative: joining https://onlyfans.com/help/196/205/206 and /auth/google?csrf=ip5cpjsOc8efeb4553d1644e983de80a0c412550
============ Checking for Redirections: https://onlyfans.com/auth/google?csrf=ip5cpjsOc8efeb4553d1644e983de80a0c412550
============ Followed Redirection to https://accounts.google.com/v3/signin/identifier?opparams=%253F&dsh=S1628245988%3A1747197599693318&client_id=874560704938-blcokplpekn6pijr70c29oj3mivm5o6s.apps.googleusercontent.com&o2v=1&redirect_uri=https%3A%2F%2Fonlyfans.com%2Fauth%2Fcallback%2Fgoogle&response_type=code&scope=https%3A%2F%2Fwww.googleapis.com%2Fauth%2Fuserinfo.email+https%3A%2F%2Fwww.googleapis.com%2Fauth%2Fuserinfo.profile&service=lso&state=666aba18ea5a8ff929f5eee609ce8535&flowName=GeneralOAuthFlow&continue=https%3A%2F%2Faccounts.google.com%2Fsignin%2Foauth%2Fconsent%3Fauthuser%3Dunknown%26part%3DAJi8hAPwlujQOLe7rg62Lf-qvnX0lZX4GmKGSfwgV7vsHO41k4IP41kR4hQ4Tp7WDGpE3Pcf8EliiJr66fXvw3TfE_K8jiNxRdxN6ziHLDgUjPDB53KP30uR_0F0VquFLAQBAZaDO6OZj1YdCxb-_FPsspObKg7tFByOEyRX9LmqVBgDhmWHg3bL_rjFnxnA4p5HhEqiSOH2iRJfTnm1LFztJ0d--ZxLnBy9TRFpLqIP3qD3iNFPwDjzQq3EYmAsQZC06y0M1Unw6XSouG7Yu1PBr7RIDvJVIB9FRKDldwkvHq89ESVZOUYgiDh7pU1aavCbpHZ3PsB4comAK7lvPNBUsZa_s4czZY4yvEdSntlq0axWn_pXMuqm-ZQurWJ-iGYgPsbjnEU1VA8ZEYL2XqEcYnxbReaxHY1-WcHhTy-JmRDGeg5U1SJfribqzxVRmmRCtFx8vQv6rvI_JYLA3vRBDapgc2KqVw%26flowName%3DGeneralOAuthFlow%26as%3DS1628245988%253A1747197599693318%26client_id%3D874560704938-blcokplpekn6pijr70c29oj3mivm5o6s.apps.googleusercontent.com%23&app_domain=https%3A%2F%2Fonlyfans.com&rart=ANgoxccXSsmhiBi-CfnPSwZdWSPRb-1tDwEAvdSE7ipSqaW8Q2Ze3PUVdYD5lsr55wusspViLJnZCFwrcI0JRi1he-4VB5Oq8SE-LGVJcSEXJSmeFmUhpVI
============ Link after cleaning: https://accounts.google.com/v3/signin/identifier
============ Excluded based on allow/block list.
====== We are on page 8 of 8: https://onlyfans.com/terms
====== Number of Links on this Page: 59
======== We are on link 1 of 59
========== raw link /cookies
============ Found Relative: joining https://onlyfans.com/terms and /cookies
============ Checking for Redirections: https://onlyfans.com/cookies
============ Link after cleaning: https://onlyfans.com/cookies
========== link already checked
======== We are on link 2 of 59
========== raw link /
========== dropped link (either fragment ("#"), js, mailto, comment, pdf, or empty)
======== We are on link 3 of 59
========== raw link #terms-use
========== dropped link (either fragment ("#"), js, mailto, comment, pdf, or empty)
======== We are on link 4 of 59
========== raw link /acceptable-use-policy
============ Found Relative: joining https://onlyfans.com/terms and /acceptable-use-policy
============ Checking for Redirections: https://onlyfans.com/acceptable-use-policy
============ Link after cleaning: https://onlyfans.com/acceptable-use-policy
========== link already checked
======== We are on link 5 of 59
========== raw link /contract
============ Found Relative: joining https://onlyfans.com/terms and /contract
============ Checking for Redirections: https://onlyfans.com/contract
============ Link after cleaning: https://onlyfans.com/contract
========== link already checked
======== We are on link 6 of 59
========== raw link /platform-business-regulation-terms
============ Found Relative: joining https://onlyfans.com/terms and /platform-business-regulation-terms
============ Checking for Redirections: https://onlyfans.com/platform-business-regulation-terms
============ Link after cleaning: https://onlyfans.com/platform-business-regulation-terms
========== scraping https://onlyfans.com/platform-business-regulation-terms
======== We are on link 7 of 59
========== raw link /referral-program-terms
============ Found Relative: joining https://onlyfans.com/terms and /referral-program-terms
============ Checking for Redirections: https://onlyfans.com/referral-program-terms
============ Link after cleaning: https://onlyfans.com/referral-program-terms
========== scraping https://onlyfans.com/referral-program-terms
======== We are on link 8 of 59
========== raw link /transparency-center/complaints
============ Found Relative: joining https://onlyfans.com/terms and /transparency-center/complaints
============ Checking for Redirections: https://onlyfans.com/transparency-center/complaints
============ Link after cleaning: https://onlyfans.com/transparency-center/complaints
========== link already checked
======== We are on link 9 of 59
========== raw link /transparency-center/appeals
============ Found Relative: joining https://onlyfans.com/terms and /transparency-center/appeals
============ Checking for Redirections: https://onlyfans.com/transparency-center/appeals
============ Link after cleaning: https://onlyfans.com/transparency-center/appeals
========== scraping https://onlyfans.com/transparency-center/appeals
======== We are on link 10 of 59
========== raw link /uk-vat-policy
============ Found Relative: joining https://onlyfans.com/terms and /uk-vat-policy
============ Checking for Redirections: https://onlyfans.com/uk-vat-policy
============ Link after cleaning: https://onlyfans.com/uk-vat-policy
========== scraping https://onlyfans.com/uk-vat-policy
======== We are on link 11 of 59
========== raw link /help
============ Found Relative: joining https://onlyfans.com/terms and /help
============ Checking for Redirections: https://onlyfans.com/help
============ Link after cleaning: https://onlyfans.com/help
========== link already checked
======== We are on link 12 of 59
========== raw link #terms-use
========== dropped link (either fragment ("#"), js, mailto, comment, pdf, or empty)
======== We are on link 13 of 59
========== raw link /acceptable-use-policy
============ Found Relative: joining https://onlyfans.com/terms and /acceptable-use-policy
============ Checking for Redirections: https://onlyfans.com/acceptable-use-policy
============ Link after cleaning: https://onlyfans.com/acceptable-use-policy
========== link already checked
======== We are on link 14 of 59
========== raw link /referral-program-terms
============ Found Relative: joining https://onlyfans.com/terms and /referral-program-terms
============ Checking for Redirections: https://onlyfans.com/referral-program-terms
============ Link after cleaning: https://onlyfans.com/referral-program-terms
========== link already checked
======== We are on link 15 of 59
========== raw link /platform-business-regulation-terms
============ Found Relative: joining https://onlyfans.com/terms and /platform-business-regulation-terms
============ Checking for Redirections: https://onlyfans.com/platform-business-regulation-terms
============ Link after cleaning: https://onlyfans.com/platform-business-regulation-terms
========== link already checked
======== We are on link 16 of 59
========== raw link /transparency-center/complaints
============ Found Relative: joining https://onlyfans.com/terms and /transparency-center/complaints
============ Checking for Redirections: https://onlyfans.com/transparency-center/complaints
============ Link after cleaning: https://onlyfans.com/transparency-center/complaints
========== link already checked
======== We are on link 17 of 59
========== raw link /appeal
============ Found Relative: joining https://onlyfans.com/terms and /appeal
============ Checking for Redirections: https://onlyfans.com/appeal
============ Link after cleaning: https://onlyfans.com/appeal
========== link already checked
======== We are on link 18 of 59
========== raw link /uk-vat-policy
============ Found Relative: joining https://onlyfans.com/terms and /uk-vat-policy
============ Checking for Redirections: https://onlyfans.com/uk-vat-policy
============ Link after cleaning: https://onlyfans.com/uk-vat-policy
========== link already checked
======== We are on link 19 of 59
========== raw link https://onlyfans.com/help
============ Checking for Redirections: https://onlyfans.com/help
============ Link unchanged
========== link already checked
======== We are on link 20 of 59
========== raw link mailto:support@onlyfans.com
========== dropped link (either fragment ("#"), js, mailto, comment, pdf, or empty)
======== We are on link 21 of 59
========== raw link /contact
============ Found Relative: joining https://onlyfans.com/terms and /contact
============ Checking for Redirections: https://onlyfans.com/contact
============ Link after cleaning: https://onlyfans.com/contact
========== link already checked
======== We are on link 22 of 59
========== raw link /contract
============ Found Relative: joining https://onlyfans.com/terms and /contract
============ Checking for Redirections: https://onlyfans.com/contract
============ Link after cleaning: https://onlyfans.com/contract
========== link already checked
======== We are on link 23 of 59
========== raw link /contract
============ Found Relative: joining https://onlyfans.com/terms and /contract
============ Checking for Redirections: https://onlyfans.com/contract
============ Link after cleaning: https://onlyfans.com/contract
========== link already checked
======== We are on link 24 of 59
========== raw link /contract
============ Found Relative: joining https://onlyfans.com/terms and /contract
============ Checking for Redirections: https://onlyfans.com/contract
============ Link after cleaning: https://onlyfans.com/contract
========== link already checked
======== We are on link 25 of 59
========== raw link mailto:support@onlyfans.com
========== dropped link (either fragment ("#"), js, mailto, comment, pdf, or empty)
======== We are on link 26 of 59
========== raw link /uk-vat-policy
============ Found Relative: joining https://onlyfans.com/terms and /uk-vat-policy
============ Checking for Redirections: https://onlyfans.com/uk-vat-policy
============ Link after cleaning: https://onlyfans.com/uk-vat-policy
========== link already checked
======== We are on link 27 of 59
========== raw link /privacy
============ Found Relative: joining https://onlyfans.com/terms and /privacy
============ Checking for Redirections: https://onlyfans.com/privacy
============ Link after cleaning: https://onlyfans.com/privacy
========== link already checked
======== We are on link 28 of 59
========== raw link /privacy
============ Found Relative: joining https://onlyfans.com/terms and /privacy
============ Checking for Redirections: https://onlyfans.com/privacy
============ Link after cleaning: https://onlyfans.com/privacy
========== link already checked
======== We are on link 29 of 59
========== raw link /transparency-center/complaints
============ Found Relative: joining https://onlyfans.com/terms and /transparency-center/complaints
============ Checking for Redirections: https://onlyfans.com/transparency-center/complaints
============ Link after cleaning: https://onlyfans.com/transparency-center/complaints
========== link already checked
======== We are on link 30 of 59
========== raw link /transparency-center/complaints
============ Found Relative: joining https://onlyfans.com/terms and /transparency-center/complaints
============ Checking for Redirections: https://onlyfans.com/transparency-center/complaints
============ Link after cleaning: https://onlyfans.com/transparency-center/complaints
========== link already checked
======== We are on link 31 of 59
========== raw link /transparency-center/appeals
============ Found Relative: joining https://onlyfans.com/terms and /transparency-center/appeals
============ Checking for Redirections: https://onlyfans.com/transparency-center/appeals
============ Link after cleaning: https://onlyfans.com/transparency-center/appeals
========== link already checked
======== We are on link 32 of 59
========== raw link /dmca
============ Found Relative: joining https://onlyfans.com/terms and /dmca
============ Checking for Redirections: https://onlyfans.com/dmca
============ Link after cleaning: https://onlyfans.com/dmca
========== link already checked
======== We are on link 33 of 59
========== raw link /transparency-center/complaints
============ Found Relative: joining https://onlyfans.com/terms and /transparency-center/complaints
============ Checking for Redirections: https://onlyfans.com/transparency-center/complaints
============ Link after cleaning: https://onlyfans.com/transparency-center/complaints
========== link already checked
======== We are on link 34 of 59
========== raw link mailto:support@onlyfans.com
========== dropped link (either fragment ("#"), js, mailto, comment, pdf, or empty)
======== We are on link 35 of 59
========== raw link /acceptable-use-policy
============ Found Relative: joining https://onlyfans.com/terms and /acceptable-use-policy
============ Checking for Redirections: https://onlyfans.com/acceptable-use-policy
============ Link after cleaning: https://onlyfans.com/acceptable-use-policy
========== link already checked
======== We are on link 36 of 59
========== raw link /help
============ Found Relative: joining https://onlyfans.com/terms and /help
============ Checking for Redirections: https://onlyfans.com/help
============ Link after cleaning: https://onlyfans.com/help
========== link already checked
======== We are on link 37 of 59
========== raw link /privacy
============ Found Relative: joining https://onlyfans.com/terms and /privacy
============ Checking for Redirections: https://onlyfans.com/privacy
============ Link after cleaning: https://onlyfans.com/privacy
========== link already checked
======== We are on link 38 of 59
========== raw link /transparency-center/complaints
============ Found Relative: joining https://onlyfans.com/terms and /transparency-center/complaints
============ Checking for Redirections: https://onlyfans.com/transparency-center/complaints
============ Link after cleaning: https://onlyfans.com/transparency-center/complaints
========== link already checked
======== We are on link 39 of 59
========== raw link /transparency-center/appeals
============ Found Relative: joining https://onlyfans.com/terms and /transparency-center/appeals
============ Checking for Redirections: https://onlyfans.com/transparency-center/appeals
============ Link after cleaning: https://onlyfans.com/transparency-center/appeals
========== link already checked
======== We are on link 40 of 59
========== raw link mailto:support@onlyfans.com
========== dropped link (either fragment ("#"), js, mailto, comment, pdf, or empty)
======== We are on link 41 of 59
========== raw link /
========== dropped link (either fragment ("#"), js, mailto, comment, pdf, or empty)
======== We are on link 42 of 59
========== raw link /contact
============ Found Relative: joining https://onlyfans.com/terms and /contact
============ Checking for Redirections: https://onlyfans.com/contact
============ Link after cleaning: https://onlyfans.com/contact
========== link already checked
======== We are on link 43 of 59
========== raw link //x.com/onlyfans
============ Prepended scheme.
========== dropped link https://x.com/onlyfans. Didn't pass first allows/blocks test.
======== We are on link 44 of 59
========== raw link //instagram.com/onlyfans
============ Prepended scheme.
========== dropped link https://instagram.com/onlyfans. Didn't pass first allows/blocks test.
======== We are on link 45 of 59
========== raw link /help
============ Found Relative: joining https://onlyfans.com/terms and /help
============ Checking for Redirections: https://onlyfans.com/help
============ Link after cleaning: https://onlyfans.com/help
========== link already checked
======== We are on link 46 of 59
========== raw link /about
============ Found Relative: joining https://onlyfans.com/terms and /about
============ Checking for Redirections: https://onlyfans.com/about
============ Link after cleaning: https://onlyfans.com/about
========== link already checked
======== We are on link 47 of 59
========== raw link https://blog.onlyfans.com/
============ Checking for Redirections: https://blog.onlyfans.com/
============ Link unchanged
========== link already checked
======== We are on link 48 of 59
========== raw link /brand
============ Found Relative: joining https://onlyfans.com/terms and /brand
============ Checking for Redirections: https://onlyfans.com/brand
============ Link after cleaning: https://onlyfans.com/brand
========== link already checked
======== We are on link 49 of 59
========== raw link https://store.onlyfans.com/
============ Checking for Redirections: https://store.onlyfans.com/
============ Link unchanged
========== link already checked
======== We are on link 50 of 59
========== raw link /terms
============ Found Relative: joining https://onlyfans.com/terms and /terms
============ Checking for Redirections: https://onlyfans.com/terms
============ Link after cleaning: https://onlyfans.com/terms
========== link already checked
======== We are on link 51 of 59
========== raw link /privacy
============ Found Relative: joining https://onlyfans.com/terms and /privacy
============ Checking for Redirections: https://onlyfans.com/privacy
============ Link after cleaning: https://onlyfans.com/privacy
========== link already checked
======== We are on link 52 of 59
========== raw link /transparency-center/complaints
============ Found Relative: joining https://onlyfans.com/terms and /transparency-center/complaints
============ Checking for Redirections: https://onlyfans.com/transparency-center/complaints
============ Link after cleaning: https://onlyfans.com/transparency-center/complaints
========== link already checked
======== We are on link 53 of 59
========== raw link /cookies
============ Found Relative: joining https://onlyfans.com/terms and /cookies
============ Checking for Redirections: https://onlyfans.com/cookies
============ Link after cleaning: https://onlyfans.com/cookies
========== link already checked
======== We are on link 54 of 59
========== raw link /dmca
============ Found Relative: joining https://onlyfans.com/terms and /dmca
============ Checking for Redirections: https://onlyfans.com/dmca
============ Link after cleaning: https://onlyfans.com/dmca
========== link already checked
======== We are on link 55 of 59
========== raw link /usc2257
============ Found Relative: joining https://onlyfans.com/terms and /usc2257
============ Checking for Redirections: https://onlyfans.com/usc2257
============ Link after cleaning: https://onlyfans.com/usc2257
========== link already checked
======== We are on link 56 of 59
========== raw link /contract
============ Found Relative: joining https://onlyfans.com/terms and /contract
============ Checking for Redirections: https://onlyfans.com/contract
============ Link after cleaning: https://onlyfans.com/contract
========== link already checked
======== We are on link 57 of 59
========== raw link /transparency-center
============ Found Relative: joining https://onlyfans.com/terms and /transparency-center
============ Checking for Redirections: https://onlyfans.com/transparency-center
============ Link after cleaning: https://onlyfans.com/transparency-center
========== link already checked
======== We are on link 58 of 59
========== raw link /antitraffickingstatement
============ Found Relative: joining https://onlyfans.com/terms and /antitraffickingstatement
============ Checking for Redirections: https://onlyfans.com/antitraffickingstatement
============ Link after cleaning: https://onlyfans.com/antitraffickingstatement
========== link already checked
======== We are on link 59 of 59
========== raw link /acceptable-use-policy
============ Found Relative: joining https://onlyfans.com/terms and /acceptable-use-policy
============ Checking for Redirections: https://onlyfans.com/acceptable-use-policy
============ Link after cleaning: https://onlyfans.com/acceptable-use-policy
========== link already checked
==== Number of new pages added: 6
==== We are at iteration 2 (tree depth).
====== We are on page 1 of 6: https://onlyfans.com/help
====== Number of Links on this Page: 116
======== We are on link 1 of 116
========== raw link /cookies
============ Found Relative: joining https://onlyfans.com/help and /cookies
============ Checking for Redirections: https://onlyfans.com/cookies
============ Link after cleaning: https://onlyfans.com/cookies
========== link already checked
======== We are on link 2 of 116
========== raw link /
========== dropped link (either fragment ("#"), js, mailto, comment, pdf, or empty)
======== We are on link 3 of 116
========== raw link /help/179/180/181
============ Found Relative: joining https://onlyfans.com/help and /help/179/180/181
============ Checking for Redirections: https://onlyfans.com/help/179/180/181
============ Link after cleaning: https://onlyfans.com/help/179/180/181
========== scraping https://onlyfans.com/help/179/180/181
======== We are on link 4 of 116
========== raw link /help/179/180/182
============ Found Relative: joining https://onlyfans.com/help and /help/179/180/182
============ Checking for Redirections: https://onlyfans.com/help/179/180/182
============ Link after cleaning: https://onlyfans.com/help/179/180/182
========== scraping https://onlyfans.com/help/179/180/182
======== We are on link 5 of 116
========== raw link /help/179/183/184
============ Found Relative: joining https://onlyfans.com/help and /help/179/183/184
============ Checking for Redirections: https://onlyfans.com/help/179/183/184
============ Link after cleaning: https://onlyfans.com/help/179/183/184
========== scraping https://onlyfans.com/help/179/183/184
======== We are on link 6 of 116
========== raw link /help/179/183/185
============ Found Relative: joining https://onlyfans.com/help and /help/179/183/185
============ Checking for Redirections: https://onlyfans.com/help/179/183/185
============ Link after cleaning: https://onlyfans.com/help/179/183/185
========== scraping https://onlyfans.com/help/179/183/185
======== We are on link 7 of 116
========== raw link /help/179/183/186
============ Found Relative: joining https://onlyfans.com/help and /help/179/183/186
============ Checking for Redirections: https://onlyfans.com/help/179/183/186
============ Link after cleaning: https://onlyfans.com/help/179/183/186
========== scraping https://onlyfans.com/help/179/183/186
======== We are on link 8 of 116
========== raw link /help/179/183/187
============ Found Relative: joining https://onlyfans.com/help and /help/179/183/187
============ Checking for Redirections: https://onlyfans.com/help/179/183/187
============ Link after cleaning: https://onlyfans.com/help/179/183/187
========== scraping https://onlyfans.com/help/179/183/187
======== We are on link 9 of 116
========== raw link /help/179/183/188
============ Found Relative: joining https://onlyfans.com/help and /help/179/183/188
============ Checking for Redirections: https://onlyfans.com/help/179/183/188
============ Link after cleaning: https://onlyfans.com/help/179/183/188
========== scraping https://onlyfans.com/help/179/183/188
======== We are on link 10 of 116
========== raw link /help/179/189/190
============ Found Relative: joining https://onlyfans.com/help and /help/179/189/190
============ Checking for Redirections: https://onlyfans.com/help/179/189/190
============ Link after cleaning: https://onlyfans.com/help/179/189/190
========== scraping https://onlyfans.com/help/179/189/190
======== We are on link 11 of 116
========== raw link /help/179/189/191
============ Found Relative: joining https://onlyfans.com/help and /help/179/189/191
============ Checking for Redirections: https://onlyfans.com/help/179/189/191
============ Link after cleaning: https://onlyfans.com/help/179/189/191
========== scraping https://onlyfans.com/help/179/189/191
======== We are on link 12 of 116
========== raw link /help/179/189/193
============ Found Relative: joining https://onlyfans.com/help and /help/179/189/193
============ Checking for Redirections: https://onlyfans.com/help/179/189/193
============ Link after cleaning: https://onlyfans.com/help/179/189/193
========== scraping https://onlyfans.com/help/179/189/193
======== We are on link 13 of 116
========== raw link /help/179/189/194
============ Found Relative: joining https://onlyfans.com/help and /help/179/189/194
============ Checking for Redirections: https://onlyfans.com/help/179/189/194
============ Link after cleaning: https://onlyfans.com/help/179/189/194
========== scraping https://onlyfans.com/help/179/189/194
======== We are on link 14 of 116
========== raw link /help/179/189/195
============ Found Relative: joining https://onlyfans.com/help and /help/179/189/195
============ Checking for Redirections: https://onlyfans.com/help/179/189/195
============ Link after cleaning: https://onlyfans.com/help/179/189/195
========== scraping https://onlyfans.com/help/179/189/195
======== We are on link 15 of 116
========== raw link /help/196/197/198
============ Found Relative: joining https://onlyfans.com/help and /help/196/197/198
============ Checking for Redirections: https://onlyfans.com/help/196/197/198
============ Link after cleaning: https://onlyfans.com/help/196/197/198
========== scraping https://onlyfans.com/help/196/197/198
======== We are on link 16 of 116
========== raw link /help/196/197/199
============ Found Relative: joining https://onlyfans.com/help and /help/196/197/199
============ Checking for Redirections: https://onlyfans.com/help/196/197/199
============ Link after cleaning: https://onlyfans.com/help/196/197/199
========== scraping https://onlyfans.com/help/196/197/199
======== We are on link 17 of 116
========== raw link /help/196/197/201
============ Found Relative: joining https://onlyfans.com/help and /help/196/197/201
============ Checking for Redirections: https://onlyfans.com/help/196/197/201
============ Link after cleaning: https://onlyfans.com/help/196/197/201
========== scraping https://onlyfans.com/help/196/197/201
======== We are on link 18 of 116
========== raw link /help/196/197/202
============ Found Relative: joining https://onlyfans.com/help and /help/196/197/202
============ Checking for Redirections: https://onlyfans.com/help/196/197/202
============ Link after cleaning: https://onlyfans.com/help/196/197/202
========== scraping https://onlyfans.com/help/196/197/202
======== We are on link 19 of 116
========== raw link /help/196/197/203
============ Found Relative: joining https://onlyfans.com/help and /help/196/197/203
============ Checking for Redirections: https://onlyfans.com/help/196/197/203
============ Link after cleaning: https://onlyfans.com/help/196/197/203
========== scraping https://onlyfans.com/help/196/197/203
======== We are on link 20 of 116
========== raw link /help/196/197/204
============ Found Relative: joining https://onlyfans.com/help and /help/196/197/204
============ Checking for Redirections: https://onlyfans.com/help/196/197/204
============ Link after cleaning: https://onlyfans.com/help/196/197/204
========== scraping https://onlyfans.com/help/196/197/204
======== We are on link 21 of 116
========== raw link /help/196/197/287
============ Found Relative: joining https://onlyfans.com/help and /help/196/197/287
============ Checking for Redirections: https://onlyfans.com/help/196/197/287
============ Link after cleaning: https://onlyfans.com/help/196/197/287
========== scraping https://onlyfans.com/help/196/197/287
======== We are on link 22 of 116
========== raw link /help/196/197/288
============ Found Relative: joining https://onlyfans.com/help and /help/196/197/288
============ Checking for Redirections: https://onlyfans.com/help/196/197/288
============ Link after cleaning: https://onlyfans.com/help/196/197/288
========== scraping https://onlyfans.com/help/196/197/288
======== We are on link 23 of 116
========== raw link /help/196/205/206
============ Found Relative: joining https://onlyfans.com/help and /help/196/205/206
============ Checking for Redirections: https://onlyfans.com/help/196/205/206
============ Link after cleaning: https://onlyfans.com/help/196/205/206
========== link already checked
======== We are on link 24 of 116
========== raw link /help/196/205/207
============ Found Relative: joining https://onlyfans.com/help and /help/196/205/207
============ Checking for Redirections: https://onlyfans.com/help/196/205/207
============ Link after cleaning: https://onlyfans.com/help/196/205/207
========== link already checked
======== We are on link 25 of 116
========== raw link /help/196/205/208
============ Found Relative: joining https://onlyfans.com/help and /help/196/205/208
============ Checking for Redirections: https://onlyfans.com/help/196/205/208
============ Link after cleaning: https://onlyfans.com/help/196/205/208
========== scraping https://onlyfans.com/help/196/205/208
============ New link added. Search term (AI) found on https://onlyfans.com/help/196/205/208.
======== We are on link 26 of 116
========== raw link /help/196/205/209
============ Found Relative: joining https://onlyfans.com/help and /help/196/205/209
============ Checking for Redirections: https://onlyfans.com/help/196/205/209
============ Link after cleaning: https://onlyfans.com/help/196/205/209
========== scraping https://onlyfans.com/help/196/205/209
============ New link added. Search term (AI) found on https://onlyfans.com/help/196/205/209.
======== We are on link 27 of 116
========== raw link /help/196/205/210
============ Found Relative: joining https://onlyfans.com/help and /help/196/205/210
============ Checking for Redirections: https://onlyfans.com/help/196/205/210
============ Link after cleaning: https://onlyfans.com/help/196/205/210
========== link already checked
======== We are on link 28 of 116
========== raw link /help/196/205/211
============ Found Relative: joining https://onlyfans.com/help and /help/196/205/211
============ Checking for Redirections: https://onlyfans.com/help/196/205/211
============ Link after cleaning: https://onlyfans.com/help/196/205/211
========== link already checked
======== We are on link 29 of 116
========== raw link /help/196/205/212
============ Found Relative: joining https://onlyfans.com/help and /help/196/205/212
============ Checking for Redirections: https://onlyfans.com/help/196/205/212
============ Link after cleaning: https://onlyfans.com/help/196/205/212
========== link already checked
======== We are on link 30 of 116
========== raw link /help/196/205/213
============ Found Relative: joining https://onlyfans.com/help and /help/196/205/213
============ Checking for Redirections: https://onlyfans.com/help/196/205/213
============ Link after cleaning: https://onlyfans.com/help/196/205/213
========== link already checked
======== We are on link 31 of 116
========== raw link /help/196/205/214
============ Found Relative: joining https://onlyfans.com/help and /help/196/205/214
============ Checking for Redirections: https://onlyfans.com/help/196/205/214
============ Link after cleaning: https://onlyfans.com/help/196/205/214
========== link already checked
======== We are on link 32 of 116
========== raw link /help/196/205/215
============ Found Relative: joining https://onlyfans.com/help and /help/196/205/215
============ Checking for Redirections: https://onlyfans.com/help/196/205/215
============ Link after cleaning: https://onlyfans.com/help/196/205/215
========== link already checked
======== We are on link 33 of 116
========== raw link /help/196/205/216
============ Found Relative: joining https://onlyfans.com/help and /help/196/205/216
============ Checking for Redirections: https://onlyfans.com/help/196/205/216
============ Link after cleaning: https://onlyfans.com/help/196/205/216
========== link already checked
======== We are on link 34 of 116
========== raw link /help/196/217/218
============ Found Relative: joining https://onlyfans.com/help and /help/196/217/218
============ Checking for Redirections: https://onlyfans.com/help/196/217/218
============ Link after cleaning: https://onlyfans.com/help/196/217/218
========== scraping https://onlyfans.com/help/196/217/218
======== We are on link 35 of 116
========== raw link /help/196/217/219
============ Found Relative: joining https://onlyfans.com/help and /help/196/217/219
============ Checking for Redirections: https://onlyfans.com/help/196/217/219
============ Link after cleaning: https://onlyfans.com/help/196/217/219
========== scraping https://onlyfans.com/help/196/217/219
======== We are on link 36 of 116
========== raw link /help/196/217/220
============ Found Relative: joining https://onlyfans.com/help and /help/196/217/220
============ Checking for Redirections: https://onlyfans.com/help/196/217/220
============ Link after cleaning: https://onlyfans.com/help/196/217/220
========== scraping https://onlyfans.com/help/196/217/220
======== We are on link 37 of 116
========== raw link /help/196/217/221
============ Found Relative: joining https://onlyfans.com/help and /help/196/217/221
============ Checking for Redirections: https://onlyfans.com/help/196/217/221
============ Link after cleaning: https://onlyfans.com/help/196/217/221
========== scraping https://onlyfans.com/help/196/217/221
======== We are on link 38 of 116
========== raw link /help/196/217/222
============ Found Relative: joining https://onlyfans.com/help and /help/196/217/222
============ Checking for Redirections: https://onlyfans.com/help/196/217/222
============ Link after cleaning: https://onlyfans.com/help/196/217/222
========== scraping https://onlyfans.com/help/196/217/222
======== We are on link 39 of 116
========== raw link /help/196/217/223
============ Found Relative: joining https://onlyfans.com/help and /help/196/217/223
============ Checking for Redirections: https://onlyfans.com/help/196/217/223
============ Link after cleaning: https://onlyfans.com/help/196/217/223
========== scraping https://onlyfans.com/help/196/217/223
======== We are on link 40 of 116
========== raw link /help/196/217/224
============ Found Relative: joining https://onlyfans.com/help and /help/196/217/224
============ Checking for Redirections: https://onlyfans.com/help/196/217/224
============ Link after cleaning: https://onlyfans.com/help/196/217/224
========== scraping https://onlyfans.com/help/196/217/224
======== We are on link 41 of 116
========== raw link /help/196/217/225
============ Found Relative: joining https://onlyfans.com/help and /help/196/217/225
============ Checking for Redirections: https://onlyfans.com/help/196/217/225
============ Link after cleaning: https://onlyfans.com/help/196/217/225
========== scraping https://onlyfans.com/help/196/217/225
======== We are on link 42 of 116
========== raw link /help/196/217/226
============ Found Relative: joining https://onlyfans.com/help and /help/196/217/226
============ Checking for Redirections: https://onlyfans.com/help/196/217/226
============ Link after cleaning: https://onlyfans.com/help/196/217/226
========== scraping https://onlyfans.com/help/196/217/226
======== We are on link 43 of 116
========== raw link /help/196/217/227
============ Found Relative: joining https://onlyfans.com/help and /help/196/217/227
============ Checking for Redirections: https://onlyfans.com/help/196/217/227
============ Link after cleaning: https://onlyfans.com/help/196/217/227
========== scraping https://onlyfans.com/help/196/217/227
======== We are on link 44 of 116
========== raw link /help/196/217/228
============ Found Relative: joining https://onlyfans.com/help and /help/196/217/228
============ Checking for Redirections: https://onlyfans.com/help/196/217/228
============ Link after cleaning: https://onlyfans.com/help/196/217/228
========== scraping https://onlyfans.com/help/196/217/228
======== We are on link 45 of 116
========== raw link /help/196/217/229
============ Found Relative: joining https://onlyfans.com/help and /help/196/217/229
============ Checking for Redirections: https://onlyfans.com/help/196/217/229
============ Link after cleaning: https://onlyfans.com/help/196/217/229
========== scraping https://onlyfans.com/help/196/217/229
======== We are on link 46 of 116
========== raw link /help/196/217/230
============ Found Relative: joining https://onlyfans.com/help and /help/196/217/230
============ Checking for Redirections: https://onlyfans.com/help/196/217/230
============ Link after cleaning: https://onlyfans.com/help/196/217/230
========== scraping https://onlyfans.com/help/196/217/230
======== We are on link 47 of 116
========== raw link /help/196/217/231
============ Found Relative: joining https://onlyfans.com/help and /help/196/217/231
============ Checking for Redirections: https://onlyfans.com/help/196/217/231
============ Link after cleaning: https://onlyfans.com/help/196/217/231
========== scraping https://onlyfans.com/help/196/217/231
======== We are on link 48 of 116
========== raw link /help/196/217/232
============ Found Relative: joining https://onlyfans.com/help and /help/196/217/232
============ Checking for Redirections: https://onlyfans.com/help/196/217/232
============ Link after cleaning: https://onlyfans.com/help/196/217/232
========== scraping https://onlyfans.com/help/196/217/232
======== We are on link 49 of 116
========== raw link /help/196/217/233
============ Found Relative: joining https://onlyfans.com/help and /help/196/217/233
============ Checking for Redirections: https://onlyfans.com/help/196/217/233
============ Link after cleaning: https://onlyfans.com/help/196/217/233
========== scraping https://onlyfans.com/help/196/217/233
======== We are on link 50 of 116
========== raw link /help/196/217/234
============ Found Relative: joining https://onlyfans.com/help and /help/196/217/234
============ Checking for Redirections: https://onlyfans.com/help/196/217/234
============ Link after cleaning: https://onlyfans.com/help/196/217/234
========== scraping https://onlyfans.com/help/196/217/234
======== We are on link 51 of 116
========== raw link /help/196/217/235
============ Found Relative: joining https://onlyfans.com/help and /help/196/217/235
============ Checking for Redirections: https://onlyfans.com/help/196/217/235
============ Link after cleaning: https://onlyfans.com/help/196/217/235
========== scraping https://onlyfans.com/help/196/217/235
======== We are on link 52 of 116
========== raw link /help/196/236/237
============ Found Relative: joining https://onlyfans.com/help and /help/196/236/237
============ Checking for Redirections: https://onlyfans.com/help/196/236/237
============ Link after cleaning: https://onlyfans.com/help/196/236/237
========== scraping https://onlyfans.com/help/196/236/237
======== We are on link 53 of 116
========== raw link /help/196/236/238
============ Found Relative: joining https://onlyfans.com/help and /help/196/236/238
============ Checking for Redirections: https://onlyfans.com/help/196/236/238
============ Link after cleaning: https://onlyfans.com/help/196/236/238
========== scraping https://onlyfans.com/help/196/236/238
======== We are on link 54 of 116
========== raw link /help/196/236/239
============ Found Relative: joining https://onlyfans.com/help and /help/196/236/239
============ Checking for Redirections: https://onlyfans.com/help/196/236/239
============ Link after cleaning: https://onlyfans.com/help/196/236/239
========== scraping https://onlyfans.com/help/196/236/239
======== We are on link 55 of 116
========== raw link /help/196/236/240
============ Found Relative: joining https://onlyfans.com/help and /help/196/236/240
============ Checking for Redirections: https://onlyfans.com/help/196/236/240
============ Link after cleaning: https://onlyfans.com/help/196/236/240
========== scraping https://onlyfans.com/help/196/236/240
======== We are on link 56 of 116
========== raw link /help/196/241/242
============ Found Relative: joining https://onlyfans.com/help and /help/196/241/242
============ Checking for Redirections: https://onlyfans.com/help/196/241/242
============ Link after cleaning: https://onlyfans.com/help/196/241/242
========== scraping https://onlyfans.com/help/196/241/242
======== We are on link 57 of 116
========== raw link /help/196/241/243
============ Found Relative: joining https://onlyfans.com/help and /help/196/241/243
============ Checking for Redirections: https://onlyfans.com/help/196/241/243
============ Link after cleaning: https://onlyfans.com/help/196/241/243
========== scraping https://onlyfans.com/help/196/241/243
======== We are on link 58 of 116
========== raw link /help/196/244/245
============ Found Relative: joining https://onlyfans.com/help and /help/196/244/245
============ Checking for Redirections: https://onlyfans.com/help/196/244/245
============ Link after cleaning: https://onlyfans.com/help/196/244/245
========== scraping https://onlyfans.com/help/196/244/245
======== We are on link 59 of 116
========== raw link /help/196/244/246
============ Found Relative: joining https://onlyfans.com/help and /help/196/244/246
============ Checking for Redirections: https://onlyfans.com/help/196/244/246
============ Link after cleaning: https://onlyfans.com/help/196/244/246
========== scraping https://onlyfans.com/help/196/244/246
======== We are on link 60 of 116
========== raw link /help/196/244/247
============ Found Relative: joining https://onlyfans.com/help and /help/196/244/247
============ Checking for Redirections: https://onlyfans.com/help/196/244/247
============ Link after cleaning: https://onlyfans.com/help/196/244/247
========== scraping https://onlyfans.com/help/196/244/247
======== We are on link 61 of 116
========== raw link /help/196/244/248
============ Found Relative: joining https://onlyfans.com/help and /help/196/244/248
============ Checking for Redirections: https://onlyfans.com/help/196/244/248
============ Link after cleaning: https://onlyfans.com/help/196/244/248
========== scraping https://onlyfans.com/help/196/244/248
======== We are on link 62 of 116
========== raw link /help/196/244/249
============ Found Relative: joining https://onlyfans.com/help and /help/196/244/249
============ Checking for Redirections: https://onlyfans.com/help/196/244/249
============ Link after cleaning: https://onlyfans.com/help/196/244/249
========== scraping https://onlyfans.com/help/196/244/249
======== We are on link 63 of 116
========== raw link /help/196/244/250
============ Found Relative: joining https://onlyfans.com/help and /help/196/244/250
============ Checking for Redirections: https://onlyfans.com/help/196/244/250
============ Link after cleaning: https://onlyfans.com/help/196/244/250
========== scraping https://onlyfans.com/help/196/244/250
======== We are on link 64 of 116
========== raw link /help/196/244/251
============ Found Relative: joining https://onlyfans.com/help and /help/196/244/251
============ Checking for Redirections: https://onlyfans.com/help/196/244/251
============ Link after cleaning: https://onlyfans.com/help/196/244/251
========== scraping https://onlyfans.com/help/196/244/251
======== We are on link 65 of 116
========== raw link /help/196/244/252
============ Found Relative: joining https://onlyfans.com/help and /help/196/244/252
============ Checking for Redirections: https://onlyfans.com/help/196/244/252
============ Link after cleaning: https://onlyfans.com/help/196/244/252
========== scraping https://onlyfans.com/help/196/244/252
======== We are on link 66 of 116
========== raw link /help/196/253/254
============ Found Relative: joining https://onlyfans.com/help and /help/196/253/254
============ Checking for Redirections: https://onlyfans.com/help/196/253/254
============ Link after cleaning: https://onlyfans.com/help/196/253/254
========== scraping https://onlyfans.com/help/196/253/254
======== We are on link 67 of 116
========== raw link /help/196/253/255
============ Found Relative: joining https://onlyfans.com/help and /help/196/253/255
============ Checking for Redirections: https://onlyfans.com/help/196/253/255
============ Link after cleaning: https://onlyfans.com/help/196/253/255
========== scraping https://onlyfans.com/help/196/253/255
======== We are on link 68 of 116
========== raw link /help/196/253/256
============ Found Relative: joining https://onlyfans.com/help and /help/196/253/256
============ Checking for Redirections: https://onlyfans.com/help/196/253/256
============ Link after cleaning: https://onlyfans.com/help/196/253/256
========== scraping https://onlyfans.com/help/196/253/256
======== We are on link 69 of 116
========== raw link /help/196/253/257
============ Found Relative: joining https://onlyfans.com/help and /help/196/253/257
============ Checking for Redirections: https://onlyfans.com/help/196/253/257
============ Link after cleaning: https://onlyfans.com/help/196/253/257
========== scraping https://onlyfans.com/help/196/253/257
======== We are on link 70 of 116
========== raw link /help/258/259/260
============ Found Relative: joining https://onlyfans.com/help and /help/258/259/260
============ Checking for Redirections: https://onlyfans.com/help/258/259/260
============ Link after cleaning: https://onlyfans.com/help/258/259/260
========== scraping https://onlyfans.com/help/258/259/260
======== We are on link 71 of 116
========== raw link /help/258/259/261
============ Found Relative: joining https://onlyfans.com/help and /help/258/259/261
============ Checking for Redirections: https://onlyfans.com/help/258/259/261
============ Link after cleaning: https://onlyfans.com/help/258/259/261
========== scraping https://onlyfans.com/help/258/259/261
======== We are on link 72 of 116
========== raw link /help/258/259/262
============ Found Relative: joining https://onlyfans.com/help and /help/258/259/262
============ Checking for Redirections: https://onlyfans.com/help/258/259/262
============ Link after cleaning: https://onlyfans.com/help/258/259/262
========== scraping https://onlyfans.com/help/258/259/262
======== We are on link 73 of 116
========== raw link /help/258/263/264
============ Found Relative: joining https://onlyfans.com/help and /help/258/263/264
============ Checking for Redirections: https://onlyfans.com/help/258/263/264
============ Link after cleaning: https://onlyfans.com/help/258/263/264
========== scraping https://onlyfans.com/help/258/263/264
======== We are on link 74 of 116
========== raw link /help/258/263/265
============ Found Relative: joining https://onlyfans.com/help and /help/258/263/265
============ Checking for Redirections: https://onlyfans.com/help/258/263/265
============ Link after cleaning: https://onlyfans.com/help/258/263/265
========== scraping https://onlyfans.com/help/258/263/265
======== We are on link 75 of 116
========== raw link /help/258/263/266
============ Found Relative: joining https://onlyfans.com/help and /help/258/263/266
============ Checking for Redirections: https://onlyfans.com/help/258/263/266
============ Link after cleaning: https://onlyfans.com/help/258/263/266
========== scraping https://onlyfans.com/help/258/263/266
======== We are on link 76 of 116
========== raw link /help/258/263/267
============ Found Relative: joining https://onlyfans.com/help and /help/258/263/267
============ Checking for Redirections: https://onlyfans.com/help/258/263/267
============ Link after cleaning: https://onlyfans.com/help/258/263/267
========== scraping https://onlyfans.com/help/258/263/267
======== We are on link 77 of 116
========== raw link /help/258/263/268
============ Found Relative: joining https://onlyfans.com/help and /help/258/263/268
============ Checking for Redirections: https://onlyfans.com/help/258/263/268
============ Link after cleaning: https://onlyfans.com/help/258/263/268
========== scraping https://onlyfans.com/help/258/263/268
======== We are on link 78 of 116
========== raw link /help/258/263/269
============ Found Relative: joining https://onlyfans.com/help and /help/258/263/269
============ Checking for Redirections: https://onlyfans.com/help/258/263/269
============ Link after cleaning: https://onlyfans.com/help/258/263/269
========== scraping https://onlyfans.com/help/258/263/269
======== We are on link 79 of 116
========== raw link /help/258/263/270
============ Found Relative: joining https://onlyfans.com/help and /help/258/263/270
============ Checking for Redirections: https://onlyfans.com/help/258/263/270
============ Link after cleaning: https://onlyfans.com/help/258/263/270
========== scraping https://onlyfans.com/help/258/263/270
======== We are on link 80 of 116
========== raw link /help/258/263/271
============ Found Relative: joining https://onlyfans.com/help and /help/258/263/271
============ Checking for Redirections: https://onlyfans.com/help/258/263/271
============ Link after cleaning: https://onlyfans.com/help/258/263/271
========== scraping https://onlyfans.com/help/258/263/271
======== We are on link 81 of 116
========== raw link /help/258/272/273
============ Found Relative: joining https://onlyfans.com/help and /help/258/272/273
============ Checking for Redirections: https://onlyfans.com/help/258/272/273
============ Link after cleaning: https://onlyfans.com/help/258/272/273
========== scraping https://onlyfans.com/help/258/272/273
======== We are on link 82 of 116
========== raw link /help/258/272/274
============ Found Relative: joining https://onlyfans.com/help and /help/258/272/274
============ Checking for Redirections: https://onlyfans.com/help/258/272/274
============ Link after cleaning: https://onlyfans.com/help/258/272/274
========== scraping https://onlyfans.com/help/258/272/274
======== We are on link 83 of 116
========== raw link /help/258/272/275
============ Found Relative: joining https://onlyfans.com/help and /help/258/272/275
============ Checking for Redirections: https://onlyfans.com/help/258/272/275
============ Link after cleaning: https://onlyfans.com/help/258/272/275
========== scraping https://onlyfans.com/help/258/272/275
======== We are on link 84 of 116
========== raw link /help/258/272/276
============ Found Relative: joining https://onlyfans.com/help and /help/258/272/276
============ Checking for Redirections: https://onlyfans.com/help/258/272/276
============ Link after cleaning: https://onlyfans.com/help/258/272/276
========== scraping https://onlyfans.com/help/258/272/276
======== We are on link 85 of 116
========== raw link /help/258/272/277
============ Found Relative: joining https://onlyfans.com/help and /help/258/272/277
============ Checking for Redirections: https://onlyfans.com/help/258/272/277
============ Link after cleaning: https://onlyfans.com/help/258/272/277
========== scraping https://onlyfans.com/help/258/272/277
======== We are on link 86 of 116
========== raw link /help/258/272/278
============ Found Relative: joining https://onlyfans.com/help and /help/258/272/278
============ Checking for Redirections: https://onlyfans.com/help/258/272/278
============ Link after cleaning: https://onlyfans.com/help/258/272/278
========== scraping https://onlyfans.com/help/258/272/278
======== We are on link 87 of 116
========== raw link /help/258/272/279
============ Found Relative: joining https://onlyfans.com/help and /help/258/272/279
============ Checking for Redirections: https://onlyfans.com/help/258/272/279
============ Link after cleaning: https://onlyfans.com/help/258/272/279
========== scraping https://onlyfans.com/help/258/272/279
======== We are on link 88 of 116
========== raw link /help/258/272/280
============ Found Relative: joining https://onlyfans.com/help and /help/258/272/280
============ Checking for Redirections: https://onlyfans.com/help/258/272/280
============ Link after cleaning: https://onlyfans.com/help/258/272/280
========== scraping https://onlyfans.com/help/258/272/280
======== We are on link 89 of 116
========== raw link /help/258/272/281
============ Found Relative: joining https://onlyfans.com/help and /help/258/272/281
============ Checking for Redirections: https://onlyfans.com/help/258/272/281
============ Link after cleaning: https://onlyfans.com/help/258/272/281
========== scraping https://onlyfans.com/help/258/272/281
======== We are on link 90 of 116
========== raw link /help/258/282/283
============ Found Relative: joining https://onlyfans.com/help and /help/258/282/283
============ Checking for Redirections: https://onlyfans.com/help/258/282/283
============ Link after cleaning: https://onlyfans.com/help/258/282/283
========== scraping https://onlyfans.com/help/258/282/283
======== We are on link 91 of 116
========== raw link /help/258/282/284
============ Found Relative: joining https://onlyfans.com/help and /help/258/282/284
============ Checking for Redirections: https://onlyfans.com/help/258/282/284
============ Link after cleaning: https://onlyfans.com/help/258/282/284
========== scraping https://onlyfans.com/help/258/282/284
======== We are on link 92 of 116
========== raw link /help/258/282/285
============ Found Relative: joining https://onlyfans.com/help and /help/258/282/285
============ Checking for Redirections: https://onlyfans.com/help/258/282/285
============ Link after cleaning: https://onlyfans.com/help/258/282/285
========== scraping https://onlyfans.com/help/258/282/285
======== We are on link 93 of 116
========== raw link /
========== dropped link (either fragment ("#"), js, mailto, comment, pdf, or empty)
======== We are on link 94 of 116
========== raw link /contact
============ Found Relative: joining https://onlyfans.com/help and /contact
============ Checking for Redirections: https://onlyfans.com/contact
============ Link after cleaning: https://onlyfans.com/contact
========== link already checked
======== We are on link 95 of 116
========== raw link //x.com/onlyfans
============ Prepended scheme.
========== dropped link https://x.com/onlyfans. Didn't pass first allows/blocks test.
======== We are on link 96 of 116
========== raw link //instagram.com/onlyfans
============ Prepended scheme.
========== dropped link https://instagram.com/onlyfans. Didn't pass first allows/blocks test.
======== We are on link 97 of 116
========== raw link /help
============ Found Relative: joining https://onlyfans.com/help and /help
============ Checking for Redirections: https://onlyfans.com/help
============ Link after cleaning: https://onlyfans.com/help
========== link already checked
======== We are on link 98 of 116
========== raw link /about
============ Found Relative: joining https://onlyfans.com/help and /about
============ Checking for Redirections: https://onlyfans.com/about
============ Link after cleaning: https://onlyfans.com/about
========== link already checked
======== We are on link 99 of 116
========== raw link https://blog.onlyfans.com/
============ Checking for Redirections: https://blog.onlyfans.com/
============ Link unchanged
========== link already checked
======== We are on link 100 of 116
========== raw link /brand
============ Found Relative: joining https://onlyfans.com/help and /brand
============ Checking for Redirections: https://onlyfans.com/brand
============ Link after cleaning: https://onlyfans.com/brand
========== link already checked
======== We are on link 101 of 116
========== raw link https://store.onlyfans.com/
============ Checking for Redirections: https://store.onlyfans.com/
============ Link unchanged
========== link already checked
======== We are on link 102 of 116
========== raw link /terms
============ Found Relative: joining https://onlyfans.com/help and /terms
============ Checking for Redirections: https://onlyfans.com/terms
============ Link after cleaning: https://onlyfans.com/terms
========== link already checked
======== We are on link 103 of 116
========== raw link /privacy
============ Found Relative: joining https://onlyfans.com/help and /privacy
============ Checking for Redirections: https://onlyfans.com/privacy
============ Link after cleaning: https://onlyfans.com/privacy
========== link already checked
======== We are on link 104 of 116
========== raw link /transparency-center/complaints
============ Found Relative: joining https://onlyfans.com/help and /transparency-center/complaints
============ Checking for Redirections: https://onlyfans.com/transparency-center/complaints
============ Link after cleaning: https://onlyfans.com/transparency-center/complaints
========== link already checked
======== We are on link 105 of 116
========== raw link /cookies
============ Found Relative: joining https://onlyfans.com/help and /cookies
============ Checking for Redirections: https://onlyfans.com/cookies
============ Link after cleaning: https://onlyfans.com/cookies
========== link already checked
======== We are on link 106 of 116
========== raw link /dmca
============ Found Relative: joining https://onlyfans.com/help and /dmca
============ Checking for Redirections: https://onlyfans.com/dmca
============ Link after cleaning: https://onlyfans.com/dmca
========== link already checked
======== We are on link 107 of 116
========== raw link /usc2257
============ Found Relative: joining https://onlyfans.com/help and /usc2257
============ Checking for Redirections: https://onlyfans.com/usc2257
============ Link after cleaning: https://onlyfans.com/usc2257
========== link already checked
======== We are on link 108 of 116
========== raw link /contract
============ Found Relative: joining https://onlyfans.com/help and /contract
============ Checking for Redirections: https://onlyfans.com/contract
============ Link after cleaning: https://onlyfans.com/contract
========== link already checked
======== We are on link 109 of 116
========== raw link /transparency-center
============ Found Relative: joining https://onlyfans.com/help and /transparency-center
============ Checking for Redirections: https://onlyfans.com/transparency-center
============ Link after cleaning: https://onlyfans.com/transparency-center
========== link already checked
======== We are on link 110 of 116
========== raw link /antitraffickingstatement
============ Found Relative: joining https://onlyfans.com/help and /antitraffickingstatement
============ Checking for Redirections: https://onlyfans.com/antitraffickingstatement
============ Link after cleaning: https://onlyfans.com/antitraffickingstatement
========== link already checked
======== We are on link 111 of 116
========== raw link /acceptable-use-policy
============ Found Relative: joining https://onlyfans.com/help and /acceptable-use-policy
============ Checking for Redirections: https://onlyfans.com/acceptable-use-policy
============ Link after cleaning: https://onlyfans.com/acceptable-use-policy
========== link already checked
======== We are on link 112 of 116
========== raw link /
========== dropped link (either fragment ("#"), js, mailto, comment, pdf, or empty)
======== We are on link 113 of 116
========== raw link /terms
============ Found Relative: joining https://onlyfans.com/help and /terms
============ Checking for Redirections: https://onlyfans.com/terms
============ Link after cleaning: https://onlyfans.com/terms
========== link already checked
======== We are on link 114 of 116
========== raw link /privacy
============ Found Relative: joining https://onlyfans.com/help and /privacy
============ Checking for Redirections: https://onlyfans.com/privacy
============ Link after cleaning: https://onlyfans.com/privacy
========== link already checked
======== We are on link 115 of 116
========== raw link /twitter/auth?csrf=ip5cpjsOc8efeb4553d1644e983de80a0c412550
============ Found Relative: joining https://onlyfans.com/help and /twitter/auth?csrf=ip5cpjsOc8efeb4553d1644e983de80a0c412550
============ Checking for Redirections: https://onlyfans.com/twitter/auth?csrf=ip5cpjsOc8efeb4553d1644e983de80a0c412550
============ Followed Redirection to https://api.x.com/oauth/authenticate?oauth_token=2O-tlAAAAAAAvbinAAABls0au5U
============ Link after cleaning: https://api.x.com/oauth/authenticate
============ Excluded based on allow/block list.
======== We are on link 116 of 116
========== raw link /auth/google?csrf=ip5cpjsOc8efeb4553d1644e983de80a0c412550
============ Found Relative: joining https://onlyfans.com/help and /auth/google?csrf=ip5cpjsOc8efeb4553d1644e983de80a0c412550
============ Checking for Redirections: https://onlyfans.com/auth/google?csrf=ip5cpjsOc8efeb4553d1644e983de80a0c412550
============ Followed Redirection to https://accounts.google.com/v3/signin/identifier?opparams=%253F&dsh=S-1591476472%3A1747197805800799&client_id=874560704938-blcokplpekn6pijr70c29oj3mivm5o6s.apps.googleusercontent.com&o2v=1&redirect_uri=https%3A%2F%2Fonlyfans.com%2Fauth%2Fcallback%2Fgoogle&response_type=code&scope=https%3A%2F%2Fwww.googleapis.com%2Fauth%2Fuserinfo.email+https%3A%2F%2Fwww.googleapis.com%2Fauth%2Fuserinfo.profile&service=lso&state=cb029672a4075c960db8117a9ba9403a&flowName=GeneralOAuthFlow&continue=https%3A%2F%2Faccounts.google.com%2Fsignin%2Foauth%2Fconsent%3Fauthuser%3Dunknown%26part%3DAJi8hAPZ9mOFm6ITAqOVdjhd0QPMhVSHyrjVNZD6b05HR7A0FzaUbMqIas0GKBU0z8qtsli5okWZ6GMi_boxFOqJhO4ig3iC5gX8To8rGgEnDKiRwHCw0I5ns-nlKziciwrE7sBB16VAyrJy4HoTQZhfWnbPnX4_kRHpRcj1a6iBaP6hxMXxakv7qzmQ15ssCB6lxSTXdnRj1mJ8wzKLd_Q6OQ-tK_W-UEIeyXtxlykeQXVX78ppXQSBB2GSXjVax_hITUGqvU4FSbnnByPYs0bH1Wm_8ygR6dxXf6jg0WAvawFe0I_DIr7W3AyQTqkolYtm07ZgOosauRvcenYShvV5OhFF0wB1wp2x6nxTdKeSn6zmtacikOju2gWfUfgrCQyfGm9XQ8ORKe5988k1IgUM6YcPKqHZy30zmFN7u7Ed8vCFl8JmIFJcVcpXGSVPQHIs4FDJRnteDN88R6coD0YsA3NHm0AeQA%26flowName%3DGeneralOAuthFlow%26as%3DS-1591476472%253A1747197805800799%26client_id%3D874560704938-blcokplpekn6pijr70c29oj3mivm5o6s.apps.googleusercontent.com%23&app_domain=https%3A%2F%2Fonlyfans.com&rart=ANgoxcdv3hS9VtUQcnRHytAIfRWWynO93kaMORoTy9CG93dLEP7JRSX-9_FINnSWK4KTaYSeHWFeR1I8Hj7LJ_-mKFypElVaz3u8fIVjY6SZuRvlUQ9ZUQg
============ Link after cleaning: https://accounts.google.com/v3/signin/identifier
============ Excluded based on allow/block list.
====== We are on page 2 of 6: https://onlyfans.com/help/196/205/215
====== Number of Links on this Page: 28
======== We are on link 1 of 28
========== raw link /cookies
============ Found Relative: joining https://onlyfans.com/help/196/205/215 and /cookies
============ Checking for Redirections: https://onlyfans.com/cookies
============ Link after cleaning: https://onlyfans.com/cookies
========== link already checked
======== We are on link 2 of 28
========== raw link /help/196/205/214
============ Found Relative: joining https://onlyfans.com/help/196/205/215 and /help/196/205/214
============ Checking for Redirections: https://onlyfans.com/help/196/205/214
============ Link after cleaning: https://onlyfans.com/help/196/205/214
========== link already checked
======== We are on link 3 of 28
========== raw link /help/196/205/216
============ Found Relative: joining https://onlyfans.com/help/196/205/215 and /help/196/205/216
============ Checking for Redirections: https://onlyfans.com/help/196/205/216
============ Link after cleaning: https://onlyfans.com/help/196/205/216
========== link already checked
======== We are on link 4 of 28
========== raw link /help/196/205/212
============ Found Relative: joining https://onlyfans.com/help/196/205/215 and /help/196/205/212
============ Checking for Redirections: https://onlyfans.com/help/196/205/212
============ Link after cleaning: https://onlyfans.com/help/196/205/212
========== link already checked
======== We are on link 5 of 28
========== raw link /
========== dropped link (either fragment ("#"), js, mailto, comment, pdf, or empty)
======== We are on link 6 of 28
========== raw link /contact
============ Found Relative: joining https://onlyfans.com/help/196/205/215 and /contact
============ Checking for Redirections: https://onlyfans.com/contact
============ Link after cleaning: https://onlyfans.com/contact
========== link already checked
======== We are on link 7 of 28
========== raw link //x.com/onlyfans
============ Prepended scheme.
========== dropped link https://x.com/onlyfans. Didn't pass first allows/blocks test.
======== We are on link 8 of 28
========== raw link //instagram.com/onlyfans
============ Prepended scheme.
========== dropped link https://instagram.com/onlyfans. Didn't pass first allows/blocks test.
======== We are on link 9 of 28
========== raw link /help
============ Found Relative: joining https://onlyfans.com/help/196/205/215 and /help
============ Checking for Redirections: https://onlyfans.com/help
============ Link after cleaning: https://onlyfans.com/help
========== link already checked
======== We are on link 10 of 28
========== raw link /about
============ Found Relative: joining https://onlyfans.com/help/196/205/215 and /about
============ Checking for Redirections: https://onlyfans.com/about
============ Link after cleaning: https://onlyfans.com/about
========== link already checked
======== We are on link 11 of 28
========== raw link https://blog.onlyfans.com/
============ Checking for Redirections: https://blog.onlyfans.com/
============ Link unchanged
========== link already checked
======== We are on link 12 of 28
========== raw link /brand
============ Found Relative: joining https://onlyfans.com/help/196/205/215 and /brand
============ Checking for Redirections: https://onlyfans.com/brand
============ Link after cleaning: https://onlyfans.com/brand
========== link already checked
======== We are on link 13 of 28
========== raw link https://store.onlyfans.com/
============ Checking for Redirections: https://store.onlyfans.com/
============ Link unchanged
========== link already checked
======== We are on link 14 of 28
========== raw link /terms
============ Found Relative: joining https://onlyfans.com/help/196/205/215 and /terms
============ Checking for Redirections: https://onlyfans.com/terms
============ Link after cleaning: https://onlyfans.com/terms
========== link already checked
======== We are on link 15 of 28
========== raw link /privacy
============ Found Relative: joining https://onlyfans.com/help/196/205/215 and /privacy
============ Checking for Redirections: https://onlyfans.com/privacy
============ Link after cleaning: https://onlyfans.com/privacy
========== link already checked
======== We are on link 16 of 28
========== raw link /transparency-center/complaints
============ Found Relative: joining https://onlyfans.com/help/196/205/215 and /transparency-center/complaints
============ Checking for Redirections: https://onlyfans.com/transparency-center/complaints
============ Link after cleaning: https://onlyfans.com/transparency-center/complaints
========== link already checked
======== We are on link 17 of 28
========== raw link /cookies
============ Found Relative: joining https://onlyfans.com/help/196/205/215 and /cookies
============ Checking for Redirections: https://onlyfans.com/cookies
============ Link after cleaning: https://onlyfans.com/cookies
========== link already checked
======== We are on link 18 of 28
========== raw link /dmca
============ Found Relative: joining https://onlyfans.com/help/196/205/215 and /dmca
============ Checking for Redirections: https://onlyfans.com/dmca
============ Link after cleaning: https://onlyfans.com/dmca
========== link already checked
======== We are on link 19 of 28
========== raw link /usc2257
============ Found Relative: joining https://onlyfans.com/help/196/205/215 and /usc2257
============ Checking for Redirections: https://onlyfans.com/usc2257
============ Link after cleaning: https://onlyfans.com/usc2257
========== link already checked
======== We are on link 20 of 28
========== raw link /contract
============ Found Relative: joining https://onlyfans.com/help/196/205/215 and /contract
============ Checking for Redirections: https://onlyfans.com/contract
============ Link after cleaning: https://onlyfans.com/contract
========== link already checked
======== We are on link 21 of 28
========== raw link /transparency-center
============ Found Relative: joining https://onlyfans.com/help/196/205/215 and /transparency-center
============ Checking for Redirections: https://onlyfans.com/transparency-center
============ Link after cleaning: https://onlyfans.com/transparency-center
========== link already checked
======== We are on link 22 of 28
========== raw link /antitraffickingstatement
============ Found Relative: joining https://onlyfans.com/help/196/205/215 and /antitraffickingstatement
============ Checking for Redirections: https://onlyfans.com/antitraffickingstatement
============ Link after cleaning: https://onlyfans.com/antitraffickingstatement
========== link already checked
======== We are on link 23 of 28
========== raw link /acceptable-use-policy
============ Found Relative: joining https://onlyfans.com/help/196/205/215 and /acceptable-use-policy
============ Checking for Redirections: https://onlyfans.com/acceptable-use-policy
============ Link after cleaning: https://onlyfans.com/acceptable-use-policy
========== link already checked
======== We are on link 24 of 28
========== raw link /
========== dropped link (either fragment ("#"), js, mailto, comment, pdf, or empty)
======== We are on link 25 of 28
========== raw link /terms
============ Found Relative: joining https://onlyfans.com/help/196/205/215 and /terms
============ Checking for Redirections: https://onlyfans.com/terms
============ Link after cleaning: https://onlyfans.com/terms
========== link already checked
======== We are on link 26 of 28
========== raw link /privacy
============ Found Relative: joining https://onlyfans.com/help/196/205/215 and /privacy
============ Checking for Redirections: https://onlyfans.com/privacy
============ Link after cleaning: https://onlyfans.com/privacy
========== link already checked
======== We are on link 27 of 28
========== raw link /twitter/auth?csrf=ip5cpjsOc8efeb4553d1644e983de80a0c412550
============ Found Relative: joining https://onlyfans.com/help/196/205/215 and /twitter/auth?csrf=ip5cpjsOc8efeb4553d1644e983de80a0c412550
============ Checking for Redirections: https://onlyfans.com/twitter/auth?csrf=ip5cpjsOc8efeb4553d1644e983de80a0c412550
============ Followed Redirection to https://api.x.com/oauth/authenticate?oauth_token=xBcAIwAAAAAAvbinAAABls0bM8w
============ Link after cleaning: https://api.x.com/oauth/authenticate
============ Excluded based on allow/block list.
======== We are on link 28 of 28
========== raw link /auth/google?csrf=ip5cpjsOc8efeb4553d1644e983de80a0c412550
============ Found Relative: joining https://onlyfans.com/help/196/205/215 and /auth/google?csrf=ip5cpjsOc8efeb4553d1644e983de80a0c412550
============ Checking for Redirections: https://onlyfans.com/auth/google?csrf=ip5cpjsOc8efeb4553d1644e983de80a0c412550
============ Followed Redirection to https://accounts.google.com/v3/signin/identifier?opparams=%253F&dsh=S1881777650%3A1747197836566813&client_id=874560704938-blcokplpekn6pijr70c29oj3mivm5o6s.apps.googleusercontent.com&o2v=1&redirect_uri=https%3A%2F%2Fonlyfans.com%2Fauth%2Fcallback%2Fgoogle&response_type=code&scope=https%3A%2F%2Fwww.googleapis.com%2Fauth%2Fuserinfo.email+https%3A%2F%2Fwww.googleapis.com%2Fauth%2Fuserinfo.profile&service=lso&state=7af61b7da55f7b48403be76191a37149&flowName=GeneralOAuthFlow&continue=https%3A%2F%2Faccounts.google.com%2Fsignin%2Foauth%2Fconsent%3Fauthuser%3Dunknown%26part%3DAJi8hAOppmb-3VCsHUdPBdrFNkoJOSM3HaT6CSHNtMJwME38VnD3x4Rh9J5hxCJgQpYVylEerPhkuuaaIUkSs3P_rnnLQJ0TQ_JpzSpR3eq2thQ8a_4uHRuObidP8m7UJUBsv0uN9fR8JymaFKLo7DibDHxWfE1YSW3_W3NUFyUH2ge9T4xhUHjpzReg7NqiDNBO09rgeZbQ9klYSRl5D5C28I580HXQVQRzwtImMREZnILrEBhilKGXsZ7PMnGfcsycwqDSTejrRukNPv7mgm-KZB7n_YcZhdZTYPSrtGuf3aDEEcCW1ntrhiIiWK4y0q6jnYWTGuo4bB2PibSFYgIXnOoO2-isfQ-hujWQIqczMRPZ0jfn2WkUxF2Fq6Mlx88loDaZkz4gU2haOtBfasFFsqv0FnnzHOt_z-t8DNTj2xU_lHVxWVb0DDQRrKxiZgOBWk7DUL9-LQarJByxOx8n6nETEahf9A%26flowName%3DGeneralOAuthFlow%26as%3DS1881777650%253A1747197836566813%26client_id%3D874560704938-blcokplpekn6pijr70c29oj3mivm5o6s.apps.googleusercontent.com%23&app_domain=https%3A%2F%2Fonlyfans.com&rart=ANgoxcdgQGKavNTu-Va3KjE0hk0PVPpz3UmorkiZgWEg0C3NKPJzwD4x5W7_4s_X1oGm6wV-TnmJ6VRmW6kqL0N_07wduV5R0nCUV5zA9BOFmRlxhsezW9I
============ Link after cleaning: https://accounts.google.com/v3/signin/identifier
============ Excluded based on allow/block list.
====== We are on page 3 of 6: https://onlyfans.com/help/196/205/213
====== Number of Links on this Page: 28
======== We are on link 1 of 28
========== raw link /cookies
============ Found Relative: joining https://onlyfans.com/help/196/205/213 and /cookies
============ Checking for Redirections: https://onlyfans.com/cookies
============ Link after cleaning: https://onlyfans.com/cookies
========== link already checked
======== We are on link 2 of 28
========== raw link /help/196/205/207
============ Found Relative: joining https://onlyfans.com/help/196/205/213 and /help/196/205/207
============ Checking for Redirections: https://onlyfans.com/help/196/205/207
============ Link after cleaning: https://onlyfans.com/help/196/205/207
========== link already checked
======== We are on link 3 of 28
========== raw link /help/196/205/214
============ Found Relative: joining https://onlyfans.com/help/196/205/213 and /help/196/205/214
============ Checking for Redirections: https://onlyfans.com/help/196/205/214
============ Link after cleaning: https://onlyfans.com/help/196/205/214
========== link already checked
======== We are on link 4 of 28
========== raw link /help/196/205/212
============ Found Relative: joining https://onlyfans.com/help/196/205/213 and /help/196/205/212
============ Checking for Redirections: https://onlyfans.com/help/196/205/212
============ Link after cleaning: https://onlyfans.com/help/196/205/212
========== link already checked
======== We are on link 5 of 28
========== raw link /
========== dropped link (either fragment ("#"), js, mailto, comment, pdf, or empty)
======== We are on link 6 of 28
========== raw link /contact
============ Found Relative: joining https://onlyfans.com/help/196/205/213 and /contact
============ Checking for Redirections: https://onlyfans.com/contact
============ Link after cleaning: https://onlyfans.com/contact
========== link already checked
======== We are on link 7 of 28
========== raw link //x.com/onlyfans
============ Prepended scheme.
========== dropped link https://x.com/onlyfans. Didn't pass first allows/blocks test.
======== We are on link 8 of 28
========== raw link //instagram.com/onlyfans
============ Prepended scheme.
========== dropped link https://instagram.com/onlyfans. Didn't pass first allows/blocks test.
======== We are on link 9 of 28
========== raw link /help
============ Found Relative: joining https://onlyfans.com/help/196/205/213 and /help
============ Checking for Redirections: https://onlyfans.com/help
============ Link after cleaning: https://onlyfans.com/help
========== link already checked
======== We are on link 10 of 28
========== raw link /about
============ Found Relative: joining https://onlyfans.com/help/196/205/213 and /about
============ Checking for Redirections: https://onlyfans.com/about
============ Link after cleaning: https://onlyfans.com/about
========== link already checked
======== We are on link 11 of 28
========== raw link https://blog.onlyfans.com/
============ Checking for Redirections: https://blog.onlyfans.com/
============ Link unchanged
========== link already checked
======== We are on link 12 of 28
========== raw link /brand
============ Found Relative: joining https://onlyfans.com/help/196/205/213 and /brand
============ Checking for Redirections: https://onlyfans.com/brand
============ Link after cleaning: https://onlyfans.com/brand
========== link already checked
======== We are on link 13 of 28
========== raw link https://store.onlyfans.com/
============ Checking for Redirections: https://store.onlyfans.com/
============ Link unchanged
========== link already checked
======== We are on link 14 of 28
========== raw link /terms
============ Found Relative: joining https://onlyfans.com/help/196/205/213 and /terms
============ Checking for Redirections: https://onlyfans.com/terms
============ Link after cleaning: https://onlyfans.com/terms
========== link already checked
======== We are on link 15 of 28
========== raw link /privacy
============ Found Relative: joining https://onlyfans.com/help/196/205/213 and /privacy
============ Checking for Redirections: https://onlyfans.com/privacy
============ Link after cleaning: https://onlyfans.com/privacy
========== link already checked
======== We are on link 16 of 28
========== raw link /transparency-center/complaints
============ Found Relative: joining https://onlyfans.com/help/196/205/213 and /transparency-center/complaints
============ Checking for Redirections: https://onlyfans.com/transparency-center/complaints
============ Link after cleaning: https://onlyfans.com/transparency-center/complaints
========== link already checked
======== We are on link 17 of 28
========== raw link /cookies
============ Found Relative: joining https://onlyfans.com/help/196/205/213 and /cookies
============ Checking for Redirections: https://onlyfans.com/cookies
============ Link after cleaning: https://onlyfans.com/cookies
========== link already checked
======== We are on link 18 of 28
========== raw link /dmca
============ Found Relative: joining https://onlyfans.com/help/196/205/213 and /dmca
============ Checking for Redirections: https://onlyfans.com/dmca
============ Link after cleaning: https://onlyfans.com/dmca
========== link already checked
======== We are on link 19 of 28
========== raw link /usc2257
============ Found Relative: joining https://onlyfans.com/help/196/205/213 and /usc2257
============ Checking for Redirections: https://onlyfans.com/usc2257
============ Link after cleaning: https://onlyfans.com/usc2257
========== link already checked
======== We are on link 20 of 28
========== raw link /contract
============ Found Relative: joining https://onlyfans.com/help/196/205/213 and /contract
============ Checking for Redirections: https://onlyfans.com/contract
============ Link after cleaning: https://onlyfans.com/contract
========== link already checked
======== We are on link 21 of 28
========== raw link /transparency-center
============ Found Relative: joining https://onlyfans.com/help/196/205/213 and /transparency-center
============ Checking for Redirections: https://onlyfans.com/transparency-center
============ Link after cleaning: https://onlyfans.com/transparency-center
========== link already checked
======== We are on link 22 of 28
========== raw link /antitraffickingstatement
============ Found Relative: joining https://onlyfans.com/help/196/205/213 and /antitraffickingstatement
============ Checking for Redirections: https://onlyfans.com/antitraffickingstatement
============ Link after cleaning: https://onlyfans.com/antitraffickingstatement
========== link already checked
======== We are on link 23 of 28
========== raw link /acceptable-use-policy
============ Found Relative: joining https://onlyfans.com/help/196/205/213 and /acceptable-use-policy
============ Checking for Redirections: https://onlyfans.com/acceptable-use-policy
============ Link after cleaning: https://onlyfans.com/acceptable-use-policy
========== link already checked
======== We are on link 24 of 28
========== raw link /
========== dropped link (either fragment ("#"), js, mailto, comment, pdf, or empty)
======== We are on link 25 of 28
========== raw link /terms
============ Found Relative: joining https://onlyfans.com/help/196/205/213 and /terms
============ Checking for Redirections: https://onlyfans.com/terms
============ Link after cleaning: https://onlyfans.com/terms
========== link already checked
======== We are on link 26 of 28
========== raw link /privacy
============ Found Relative: joining https://onlyfans.com/help/196/205/213 and /privacy
============ Checking for Redirections: https://onlyfans.com/privacy
============ Link after cleaning: https://onlyfans.com/privacy
========== link already checked
======== We are on link 27 of 28
========== raw link /twitter/auth?csrf=ip5cpjsOc8efeb4553d1644e983de80a0c412550
============ Found Relative: joining https://onlyfans.com/help/196/205/213 and /twitter/auth?csrf=ip5cpjsOc8efeb4553d1644e983de80a0c412550
============ Checking for Redirections: https://onlyfans.com/twitter/auth?csrf=ip5cpjsOc8efeb4553d1644e983de80a0c412550
============ Followed Redirection to https://api.x.com/oauth/authenticate?oauth_token=xcCCTQAAAAAAvbinAAABls0brMk
============ Link after cleaning: https://api.x.com/oauth/authenticate
============ Excluded based on allow/block list.
======== We are on link 28 of 28
========== raw link /auth/google?csrf=ip5cpjsOc8efeb4553d1644e983de80a0c412550
============ Found Relative: joining https://onlyfans.com/help/196/205/213 and /auth/google?csrf=ip5cpjsOc8efeb4553d1644e983de80a0c412550
============ Checking for Redirections: https://onlyfans.com/auth/google?csrf=ip5cpjsOc8efeb4553d1644e983de80a0c412550
============ Followed Redirection to https://accounts.google.com/v3/signin/identifier?opparams=%253F&dsh=S1462892850%3A1747197867607713&client_id=874560704938-blcokplpekn6pijr70c29oj3mivm5o6s.apps.googleusercontent.com&o2v=1&redirect_uri=https%3A%2F%2Fonlyfans.com%2Fauth%2Fcallback%2Fgoogle&response_type=code&scope=https%3A%2F%2Fwww.googleapis.com%2Fauth%2Fuserinfo.email+https%3A%2F%2Fwww.googleapis.com%2Fauth%2Fuserinfo.profile&service=lso&state=e394189447eac485380c3a3aeeabf918&flowName=GeneralOAuthFlow&continue=https%3A%2F%2Faccounts.google.com%2Fsignin%2Foauth%2Fconsent%3Fauthuser%3Dunknown%26part%3DAJi8hAOhGMk6vtMvwxY9sRJSL5PP0Xd4iNjayAx-Vu_CuhbZRxd6hH_zXy6JcvVlFfZ0NDFHXCXGP9xwGHD5UsnP34gYixz53-6lEk_4k-tO1hyrHBmuLvwXwo1dkvj6LlCiw3lgDrEi-l9KCmIhLzIIIJD-3SnGuzyxlsgk-fBtkPuTM1pq59IxL4joyHmAZVhaqIOzaNgHIYGg9u8pyW4FLW0Hflyj5dgPFgHED4ag_AIvmWhKXWHin_1eZ2DJD0wTIlAB9Z7Sdt3wwIqVdDqlAMOttSm3DyQ6bY3VPQ4H_KSSZH23teJASqC4b8VUJS1Lh8YrN5PdV4LmFoghJRj46eYU8BrTjG54un9N_s15nlGsP_1GIgnD6MC02ESRwFOou3gM9nO9X9prBd49AmA3UqFCDr-pmiWLEoN_8ZY3VrzvehuMq2I3S2W5vKUdawdambyUxqNqU4nP91VpjGulqOF0edLu2Q%26flowName%3DGeneralOAuthFlow%26as%3DS1462892850%253A1747197867607713%26client_id%3D874560704938-blcokplpekn6pijr70c29oj3mivm5o6s.apps.googleusercontent.com%23&app_domain=https%3A%2F%2Fonlyfans.com&rart=ANgoxcckPL5Shz3ZGGnn6292WftMFgPX2NAwY_FuyfVmrVm7OZOawr4lYwgkpWVhZ_bOP78ChaBKEfsmpMNuzmukM40bkfkzzMRHTtJP5fW6sSb9g3LChhk
============ Link after cleaning: https://accounts.google.com/v3/signin/identifier
============ Excluded based on allow/block list.
====== We are on page 4 of 6: https://onlyfans.com/help/196/205/214
====== Number of Links on this Page: 29
======== We are on link 1 of 29
========== raw link /cookies
============ Found Relative: joining https://onlyfans.com/help/196/205/214 and /cookies
============ Checking for Redirections: https://onlyfans.com/cookies
============ Link after cleaning: https://onlyfans.com/cookies
========== link already checked
======== We are on link 2 of 29
========== raw link /my/settings/social-media
============ Found Relative: joining https://onlyfans.com/help/196/205/214 and /my/settings/social-media
============ Checking for Redirections: https://onlyfans.com/my/settings/social-media
========== dropped link https://onlyfans.com/my/settings/social-media. Could not follow redirection (or it was a meaninglessly small page or bot blocked by sessionID).
======== We are on link 3 of 29
========== raw link /help/196/205/213
============ Found Relative: joining https://onlyfans.com/help/196/205/214 and /help/196/205/213
============ Checking for Redirections: https://onlyfans.com/help/196/205/213
============ Link after cleaning: https://onlyfans.com/help/196/205/213
========== link already checked
======== We are on link 4 of 29
========== raw link /help/196/205/212
============ Found Relative: joining https://onlyfans.com/help/196/205/214 and /help/196/205/212
============ Checking for Redirections: https://onlyfans.com/help/196/205/212
============ Link after cleaning: https://onlyfans.com/help/196/205/212
========== link already checked
======== We are on link 5 of 29
========== raw link /help/196/205/216
============ Found Relative: joining https://onlyfans.com/help/196/205/214 and /help/196/205/216
============ Checking for Redirections: https://onlyfans.com/help/196/205/216
============ Link after cleaning: https://onlyfans.com/help/196/205/216
========== link already checked
======== We are on link 6 of 29
========== raw link /
========== dropped link (either fragment ("#"), js, mailto, comment, pdf, or empty)
======== We are on link 7 of 29
========== raw link /contact
============ Found Relative: joining https://onlyfans.com/help/196/205/214 and /contact
============ Checking for Redirections: https://onlyfans.com/contact
============ Link after cleaning: https://onlyfans.com/contact
========== link already checked
======== We are on link 8 of 29
========== raw link //x.com/onlyfans
============ Prepended scheme.
========== dropped link https://x.com/onlyfans. Didn't pass first allows/blocks test.
======== We are on link 9 of 29
========== raw link //instagram.com/onlyfans
============ Prepended scheme.
========== dropped link https://instagram.com/onlyfans. Didn't pass first allows/blocks test.
======== We are on link 10 of 29
========== raw link /help
============ Found Relative: joining https://onlyfans.com/help/196/205/214 and /help
============ Checking for Redirections: https://onlyfans.com/help
============ Link after cleaning: https://onlyfans.com/help
========== link already checked
======== We are on link 11 of 29
========== raw link /about
============ Found Relative: joining https://onlyfans.com/help/196/205/214 and /about
============ Checking for Redirections: https://onlyfans.com/about
============ Link after cleaning: https://onlyfans.com/about
========== link already checked
======== We are on link 12 of 29
========== raw link https://blog.onlyfans.com/
============ Checking for Redirections: https://blog.onlyfans.com/
============ Link unchanged
========== link already checked
======== We are on link 13 of 29
========== raw link /brand
============ Found Relative: joining https://onlyfans.com/help/196/205/214 and /brand
============ Checking for Redirections: https://onlyfans.com/brand
============ Link after cleaning: https://onlyfans.com/brand
========== link already checked
======== We are on link 14 of 29
========== raw link https://store.onlyfans.com/
============ Checking for Redirections: https://store.onlyfans.com/
============ Link unchanged
========== link already checked
======== We are on link 15 of 29
========== raw link /terms
============ Found Relative: joining https://onlyfans.com/help/196/205/214 and /terms
============ Checking for Redirections: https://onlyfans.com/terms
============ Link after cleaning: https://onlyfans.com/terms
========== link already checked
======== We are on link 16 of 29
========== raw link /privacy
============ Found Relative: joining https://onlyfans.com/help/196/205/214 and /privacy
============ Checking for Redirections: https://onlyfans.com/privacy
============ Link after cleaning: https://onlyfans.com/privacy
========== link already checked
======== We are on link 17 of 29
========== raw link /transparency-center/complaints
============ Found Relative: joining https://onlyfans.com/help/196/205/214 and /transparency-center/complaints
============ Checking for Redirections: https://onlyfans.com/transparency-center/complaints
============ Link after cleaning: https://onlyfans.com/transparency-center/complaints
========== link already checked
======== We are on link 18 of 29
========== raw link /cookies
============ Found Relative: joining https://onlyfans.com/help/196/205/214 and /cookies
============ Checking for Redirections: https://onlyfans.com/cookies
============ Link after cleaning: https://onlyfans.com/cookies
========== link already checked
======== We are on link 19 of 29
========== raw link /dmca
============ Found Relative: joining https://onlyfans.com/help/196/205/214 and /dmca
============ Checking for Redirections: https://onlyfans.com/dmca
============ Link after cleaning: https://onlyfans.com/dmca
========== link already checked
======== We are on link 20 of 29
========== raw link /usc2257
============ Found Relative: joining https://onlyfans.com/help/196/205/214 and /usc2257
============ Checking for Redirections: https://onlyfans.com/usc2257
============ Link after cleaning: https://onlyfans.com/usc2257
========== link already checked
======== We are on link 21 of 29
========== raw link /contract
============ Found Relative: joining https://onlyfans.com/help/196/205/214 and /contract
============ Checking for Redirections: https://onlyfans.com/contract
============ Link after cleaning: https://onlyfans.com/contract
========== link already checked
======== We are on link 22 of 29
========== raw link /transparency-center
============ Found Relative: joining https://onlyfans.com/help/196/205/214 and /transparency-center
============ Checking for Redirections: https://onlyfans.com/transparency-center
============ Link after cleaning: https://onlyfans.com/transparency-center
========== link already checked
======== We are on link 23 of 29
========== raw link /antitraffickingstatement
============ Found Relative: joining https://onlyfans.com/help/196/205/214 and /antitraffickingstatement
============ Checking for Redirections: https://onlyfans.com/antitraffickingstatement
============ Link after cleaning: https://onlyfans.com/antitraffickingstatement
========== link already checked
======== We are on link 24 of 29
========== raw link /acceptable-use-policy
============ Found Relative: joining https://onlyfans.com/help/196/205/214 and /acceptable-use-policy
============ Checking for Redirections: https://onlyfans.com/acceptable-use-policy
============ Link after cleaning: https://onlyfans.com/acceptable-use-policy
========== link already checked
======== We are on link 25 of 29
========== raw link /
========== dropped link (either fragment ("#"), js, mailto, comment, pdf, or empty)
======== We are on link 26 of 29
========== raw link /terms
============ Found Relative: joining https://onlyfans.com/help/196/205/214 and /terms
============ Checking for Redirections: https://onlyfans.com/terms
============ Link after cleaning: https://onlyfans.com/terms
========== link already checked
======== We are on link 27 of 29
========== raw link /privacy
============ Found Relative: joining https://onlyfans.com/help/196/205/214 and /privacy
============ Checking for Redirections: https://onlyfans.com/privacy
============ Link after cleaning: https://onlyfans.com/privacy
========== link already checked
======== We are on link 28 of 29
========== raw link /twitter/auth?csrf=ip5cpjsOc8efeb4553d1644e983de80a0c412550
============ Found Relative: joining https://onlyfans.com/help/196/205/214 and /twitter/auth?csrf=ip5cpjsOc8efeb4553d1644e983de80a0c412550
============ Checking for Redirections: https://onlyfans.com/twitter/auth?csrf=ip5cpjsOc8efeb4553d1644e983de80a0c412550
============ Followed Redirection to https://api.x.com/oauth/authenticate?oauth_token=4npH-gAAAAAAvbinAAABls0cU5g
============ Link after cleaning: https://api.x.com/oauth/authenticate
============ Excluded based on allow/block list.
======== We are on link 29 of 29
========== raw link /auth/google?csrf=ip5cpjsOc8efeb4553d1644e983de80a0c412550
============ Found Relative: joining https://onlyfans.com/help/196/205/214 and /auth/google?csrf=ip5cpjsOc8efeb4553d1644e983de80a0c412550
============ Checking for Redirections: https://onlyfans.com/auth/google?csrf=ip5cpjsOc8efeb4553d1644e983de80a0c412550
============ Followed Redirection to https://accounts.google.com/v3/signin/identifier?opparams=%253F&dsh=S1648010731%3A1747197910285725&client_id=874560704938-blcokplpekn6pijr70c29oj3mivm5o6s.apps.googleusercontent.com&o2v=1&redirect_uri=https%3A%2F%2Fonlyfans.com%2Fauth%2Fcallback%2Fgoogle&response_type=code&scope=https%3A%2F%2Fwww.googleapis.com%2Fauth%2Fuserinfo.email+https%3A%2F%2Fwww.googleapis.com%2Fauth%2Fuserinfo.profile&service=lso&state=382a443464318753fa2a2a524c6f7cb5&flowName=GeneralOAuthFlow&continue=https%3A%2F%2Faccounts.google.com%2Fsignin%2Foauth%2Fconsent%3Fauthuser%3Dunknown%26part%3DAJi8hAME-wSB-Vxu74gpIf-mLX8uZhUozRihd13fK1JEFdmqlg543Ob0rSsb8fVTcyq4QnTuPc9qq4_rsOshsh0Pdc7-8jWX_eP7PQNwPXq0cLapYVrlDZIYuL48CEhQuYRFyKCxlwwpNEW30vXT3xVZuRtUpWEoPdwA5Yq_SPloFY6GhsARTUFt3VcI9ZjUW_aB3DLkUar25XQXnLuwvpX_EEUSGrGSOHeOnN88b9iKpBS0NqxFYJ10kvu224ajAzas4_uhJ__vv8fds3RMgbvz54qNLEcs8C_LF3B6ppa1CX8jEvpntclyWNuAnxbbuN-yIq_5DWmPRKm72KpjQJLbQyw8hRRBa5oYXUl_ryqsBSJ8tZ544UoE8tjcd4HV4ufSUaFs3LD_QsVEdsysvePsXLNagj99_6_7ivquudM3vpKy28-wWPt1ajAM1LLsX0EClZWeIOoev2iczgKTaFfbO9NkAWkYCg%26flowName%3DGeneralOAuthFlow%26as%3DS1648010731%253A1747197910285725%26client_id%3D874560704938-blcokplpekn6pijr70c29oj3mivm5o6s.apps.googleusercontent.com%23&app_domain=https%3A%2F%2Fonlyfans.com&rart=ANgoxcf0DL20Tw-Eg8K8Ne0zqrUR84mZsvuhKZmcjrWToXrxr_D2xG6sgL8CvgWoPTZeX91ucO6eNn9Q3AlKmt7VQ0vF5TiZ_Rg54Lsxhn8mWPOxB7D33pk
============ Link after cleaning: https://accounts.google.com/v3/signin/identifier
============ Excluded based on allow/block list.
====== We are on page 5 of 6: https://onlyfans.com/help/196/205/216
====== Number of Links on this Page: 28
======== We are on link 1 of 28
========== raw link /cookies
============ Found Relative: joining https://onlyfans.com/help/196/205/216 and /cookies
============ Checking for Redirections: https://onlyfans.com/cookies
============ Link after cleaning: https://onlyfans.com/cookies
========== link already checked
======== We are on link 2 of 28
========== raw link /help/196/205/207
============ Found Relative: joining https://onlyfans.com/help/196/205/216 and /help/196/205/207
============ Checking for Redirections: https://onlyfans.com/help/196/205/207
============ Link after cleaning: https://onlyfans.com/help/196/205/207
========== link already checked
======== We are on link 3 of 28
========== raw link /help/196/205/214
============ Found Relative: joining https://onlyfans.com/help/196/205/216 and /help/196/205/214
============ Checking for Redirections: https://onlyfans.com/help/196/205/214
============ Link after cleaning: https://onlyfans.com/help/196/205/214
========== link already checked
======== We are on link 4 of 28
========== raw link /help/196/205/210
============ Found Relative: joining https://onlyfans.com/help/196/205/216 and /help/196/205/210
============ Checking for Redirections: https://onlyfans.com/help/196/205/210
============ Link after cleaning: https://onlyfans.com/help/196/205/210
========== link already checked
======== We are on link 5 of 28
========== raw link /
========== dropped link (either fragment ("#"), js, mailto, comment, pdf, or empty)
======== We are on link 6 of 28
========== raw link /contact
============ Found Relative: joining https://onlyfans.com/help/196/205/216 and /contact
============ Checking for Redirections: https://onlyfans.com/contact
============ Link after cleaning: https://onlyfans.com/contact
========== link already checked
======== We are on link 7 of 28
========== raw link //x.com/onlyfans
============ Prepended scheme.
========== dropped link https://x.com/onlyfans. Didn't pass first allows/blocks test.
======== We are on link 8 of 28
========== raw link //instagram.com/onlyfans
============ Prepended scheme.
========== dropped link https://instagram.com/onlyfans. Didn't pass first allows/blocks test.
======== We are on link 9 of 28
========== raw link /help
============ Found Relative: joining https://onlyfans.com/help/196/205/216 and /help
============ Checking for Redirections: https://onlyfans.com/help
============ Link after cleaning: https://onlyfans.com/help
========== link already checked
======== We are on link 10 of 28
========== raw link /about
============ Found Relative: joining https://onlyfans.com/help/196/205/216 and /about
============ Checking for Redirections: https://onlyfans.com/about
============ Link after cleaning: https://onlyfans.com/about
========== link already checked
======== We are on link 11 of 28
========== raw link https://blog.onlyfans.com/
============ Checking for Redirections: https://blog.onlyfans.com/
============ Link unchanged
========== link already checked
======== We are on link 12 of 28
========== raw link /brand
============ Found Relative: joining https://onlyfans.com/help/196/205/216 and /brand
============ Checking for Redirections: https://onlyfans.com/brand
============ Link after cleaning: https://onlyfans.com/brand
========== link already checked
======== We are on link 13 of 28
========== raw link https://store.onlyfans.com/
============ Checking for Redirections: https://store.onlyfans.com/
============ Link unchanged
========== link already checked
======== We are on link 14 of 28
========== raw link /terms
============ Found Relative: joining https://onlyfans.com/help/196/205/216 and /terms
============ Checking for Redirections: https://onlyfans.com/terms
============ Link after cleaning: https://onlyfans.com/terms
========== link already checked
======== We are on link 15 of 28
========== raw link /privacy
============ Found Relative: joining https://onlyfans.com/help/196/205/216 and /privacy
============ Checking for Redirections: https://onlyfans.com/privacy
============ Link after cleaning: https://onlyfans.com/privacy
========== link already checked
======== We are on link 16 of 28
========== raw link /transparency-center/complaints
============ Found Relative: joining https://onlyfans.com/help/196/205/216 and /transparency-center/complaints
============ Checking for Redirections: https://onlyfans.com/transparency-center/complaints
============ Link after cleaning: https://onlyfans.com/transparency-center/complaints
========== link already checked
======== We are on link 17 of 28
========== raw link /cookies
============ Found Relative: joining https://onlyfans.com/help/196/205/216 and /cookies
============ Checking for Redirections: https://onlyfans.com/cookies
============ Link after cleaning: https://onlyfans.com/cookies
========== link already checked
======== We are on link 18 of 28
========== raw link /dmca
============ Found Relative: joining https://onlyfans.com/help/196/205/216 and /dmca
============ Checking for Redirections: https://onlyfans.com/dmca
============ Link after cleaning: https://onlyfans.com/dmca
========== link already checked
======== We are on link 19 of 28
========== raw link /usc2257
============ Found Relative: joining https://onlyfans.com/help/196/205/216 and /usc2257
============ Checking for Redirections: https://onlyfans.com/usc2257
============ Link after cleaning: https://onlyfans.com/usc2257
========== link already checked
======== We are on link 20 of 28
========== raw link /contract
============ Found Relative: joining https://onlyfans.com/help/196/205/216 and /contract
============ Checking for Redirections: https://onlyfans.com/contract
============ Link after cleaning: https://onlyfans.com/contract
========== link already checked
======== We are on link 21 of 28
========== raw link /transparency-center
============ Found Relative: joining https://onlyfans.com/help/196/205/216 and /transparency-center
============ Checking for Redirections: https://onlyfans.com/transparency-center
============ Link after cleaning: https://onlyfans.com/transparency-center
========== link already checked
======== We are on link 22 of 28
========== raw link /antitraffickingstatement
============ Found Relative: joining https://onlyfans.com/help/196/205/216 and /antitraffickingstatement
============ Checking for Redirections: https://onlyfans.com/antitraffickingstatement
============ Link after cleaning: https://onlyfans.com/antitraffickingstatement
========== link already checked
======== We are on link 23 of 28
========== raw link /acceptable-use-policy
============ Found Relative: joining https://onlyfans.com/help/196/205/216 and /acceptable-use-policy
============ Checking for Redirections: https://onlyfans.com/acceptable-use-policy
============ Link after cleaning: https://onlyfans.com/acceptable-use-policy
========== link already checked
======== We are on link 24 of 28
========== raw link /
========== dropped link (either fragment ("#"), js, mailto, comment, pdf, or empty)
======== We are on link 25 of 28
========== raw link /terms
============ Found Relative: joining https://onlyfans.com/help/196/205/216 and /terms
============ Checking for Redirections: https://onlyfans.com/terms
============ Link after cleaning: https://onlyfans.com/terms
========== link already checked
======== We are on link 26 of 28
========== raw link /privacy
============ Found Relative: joining https://onlyfans.com/help/196/205/216 and /privacy
============ Checking for Redirections: https://onlyfans.com/privacy
============ Link after cleaning: https://onlyfans.com/privacy
========== link already checked
======== We are on link 27 of 28
========== raw link /twitter/auth?csrf=ip5cpjsOc8efeb4553d1644e983de80a0c412550
============ Found Relative: joining https://onlyfans.com/help/196/205/216 and /twitter/auth?csrf=ip5cpjsOc8efeb4553d1644e983de80a0c412550
============ Checking for Redirections: https://onlyfans.com/twitter/auth?csrf=ip5cpjsOc8efeb4553d1644e983de80a0c412550
============ Followed Redirection to https://api.x.com/oauth/authenticate?oauth_token=kxyxAwAAAAAAvbinAAABls0czBE
============ Link after cleaning: https://api.x.com/oauth/authenticate
============ Excluded based on allow/block list.
======== We are on link 28 of 28
========== raw link /auth/google?csrf=ip5cpjsOc8efeb4553d1644e983de80a0c412550
============ Found Relative: joining https://onlyfans.com/help/196/205/216 and /auth/google?csrf=ip5cpjsOc8efeb4553d1644e983de80a0c412550
============ Checking for Redirections: https://onlyfans.com/auth/google?csrf=ip5cpjsOc8efeb4553d1644e983de80a0c412550
============ Followed Redirection to https://accounts.google.com/v3/signin/identifier?opparams=%253F&dsh=S-971217055%3A1747197940516424&client_id=874560704938-blcokplpekn6pijr70c29oj3mivm5o6s.apps.googleusercontent.com&o2v=1&redirect_uri=https%3A%2F%2Fonlyfans.com%2Fauth%2Fcallback%2Fgoogle&response_type=code&scope=https%3A%2F%2Fwww.googleapis.com%2Fauth%2Fuserinfo.email+https%3A%2F%2Fwww.googleapis.com%2Fauth%2Fuserinfo.profile&service=lso&state=88d2d6a0437c5db987036db893d9f792&flowName=GeneralOAuthFlow&continue=https%3A%2F%2Faccounts.google.com%2Fsignin%2Foauth%2Fconsent%3Fauthuser%3Dunknown%26part%3DAJi8hAPKO74P3O9Dsv3bVYpYMH6ahXJ8_t6K27rXIB3aLmnFLzwQ43DlyBOUbroOCCBpj8Ec-lKJu4-PBa-RfOwbkcHnOekpPlORT6MeuZZHqGxhQ2d4sz9xzNgTR5pwgsSVlFiuCslo_mZ4UbaHLuMudU97h-FPHFKXFcwukAjhiW5bFR9SG4xJqhix53V-6XuEP5PVCbGDszLCNxdDZgS06JHQoh2bqsb0PySm61av60U4vcJ7fodrSpDudpbB7l32guy3d9dwnh8TDhOlYnjIA40Uevw2M4J1RI7xci3SDH_0V7cjAwiaJGcEddOze0lJDehaYtnGSS1u0jRSDf-KuX7-Zxsgf3GZiDbQAFApzfr52QnGq640G6wCQM-lNw83jTcJJlYRtIP4slmbiEKtz9keyoNylp01TbCG7iOaf64IvShNjGH3DShb7TjC8-L0atv2WdqdOzSHM3EfMAS53sFGDiuAww%26flowName%3DGeneralOAuthFlow%26as%3DS-971217055%253A1747197940516424%26client_id%3D874560704938-blcokplpekn6pijr70c29oj3mivm5o6s.apps.googleusercontent.com%23&app_domain=https%3A%2F%2Fonlyfans.com&rart=ANgoxcfKmNBWuwp0wg76ZH2-u_NGKJAgnVjfWNUSej6u6Sy8lxCslyi1DL-0_Yai7SKMJr287WnHTO0_Gixxfnzha0kZXY7Ba4Ru0y6sPPgaAWt7h95qF0w
============ Link after cleaning: https://accounts.google.com/v3/signin/identifier
============ Excluded based on allow/block list.
====== We are on page 6 of 6: https://onlyfans.com/help/196/205/207
====== Number of Links on this Page: 32
======== We are on link 1 of 32
========== raw link /cookies
============ Found Relative: joining https://onlyfans.com/help/196/205/207 and /cookies
============ Checking for Redirections: https://onlyfans.com/cookies
============ Link after cleaning: https://onlyfans.com/cookies
========== link already checked
======== We are on link 2 of 32
========== raw link /transparency-center/policy
============ Found Relative: joining https://onlyfans.com/help/196/205/207 and /transparency-center/policy
============ Checking for Redirections: https://onlyfans.com/transparency-center/policy
============ Link after cleaning: https://onlyfans.com/transparency-center/policy
========== link already checked
======== We are on link 3 of 32
========== raw link /terms
============ Found Relative: joining https://onlyfans.com/help/196/205/207 and /terms
============ Checking for Redirections: https://onlyfans.com/terms
============ Link after cleaning: https://onlyfans.com/terms
========== link already checked
======== We are on link 4 of 32
========== raw link /acceptable-use-policy
============ Found Relative: joining https://onlyfans.com/help/196/205/207 and /acceptable-use-policy
============ Checking for Redirections: https://onlyfans.com/acceptable-use-policy
============ Link after cleaning: https://onlyfans.com/acceptable-use-policy
========== link already checked
======== We are on link 5 of 32
========== raw link /appeal
============ Found Relative: joining https://onlyfans.com/help/196/205/207 and /appeal
============ Checking for Redirections: https://onlyfans.com/appeal
============ Link after cleaning: https://onlyfans.com/appeal
========== link already checked
======== We are on link 6 of 32
========== raw link /help/196/205/212
============ Found Relative: joining https://onlyfans.com/help/196/205/207 and /help/196/205/212
============ Checking for Redirections: https://onlyfans.com/help/196/205/212
============ Link after cleaning: https://onlyfans.com/help/196/205/212
========== link already checked
======== We are on link 7 of 32
========== raw link /help/196/205/209
============ Found Relative: joining https://onlyfans.com/help/196/205/207 and /help/196/205/209
============ Checking for Redirections: https://onlyfans.com/help/196/205/209
============ Link after cleaning: https://onlyfans.com/help/196/205/209
========== link already checked
======== We are on link 8 of 32
========== raw link /help/196/205/206
============ Found Relative: joining https://onlyfans.com/help/196/205/207 and /help/196/205/206
============ Checking for Redirections: https://onlyfans.com/help/196/205/206
============ Link after cleaning: https://onlyfans.com/help/196/205/206
========== link already checked
======== We are on link 9 of 32
========== raw link /
========== dropped link (either fragment ("#"), js, mailto, comment, pdf, or empty)
======== We are on link 10 of 32
========== raw link /contact
============ Found Relative: joining https://onlyfans.com/help/196/205/207 and /contact
============ Checking for Redirections: https://onlyfans.com/contact
============ Link after cleaning: https://onlyfans.com/contact
========== link already checked
======== We are on link 11 of 32
========== raw link //x.com/onlyfans
============ Prepended scheme.
========== dropped link https://x.com/onlyfans. Didn't pass first allows/blocks test.
======== We are on link 12 of 32
========== raw link //instagram.com/onlyfans
============ Prepended scheme.
========== dropped link https://instagram.com/onlyfans. Didn't pass first allows/blocks test.
======== We are on link 13 of 32
========== raw link /help
============ Found Relative: joining https://onlyfans.com/help/196/205/207 and /help
============ Checking for Redirections: https://onlyfans.com/help
============ Link after cleaning: https://onlyfans.com/help
========== link already checked
======== We are on link 14 of 32
========== raw link /about
============ Found Relative: joining https://onlyfans.com/help/196/205/207 and /about
============ Checking for Redirections: https://onlyfans.com/about
============ Link after cleaning: https://onlyfans.com/about
========== link already checked
======== We are on link 15 of 32
========== raw link https://blog.onlyfans.com/
============ Checking for Redirections: https://blog.onlyfans.com/
============ Link unchanged
========== link already checked
======== We are on link 16 of 32
========== raw link /brand
============ Found Relative: joining https://onlyfans.com/help/196/205/207 and /brand
============ Checking for Redirections: https://onlyfans.com/brand
============ Link after cleaning: https://onlyfans.com/brand
========== link already checked
======== We are on link 17 of 32
========== raw link https://store.onlyfans.com/
============ Checking for Redirections: https://store.onlyfans.com/
============ Link unchanged
========== link already checked
======== We are on link 18 of 32
========== raw link /terms
============ Found Relative: joining https://onlyfans.com/help/196/205/207 and /terms
============ Checking for Redirections: https://onlyfans.com/terms
============ Link after cleaning: https://onlyfans.com/terms
========== link already checked
======== We are on link 19 of 32
========== raw link /privacy
============ Found Relative: joining https://onlyfans.com/help/196/205/207 and /privacy
============ Checking for Redirections: https://onlyfans.com/privacy
============ Link after cleaning: https://onlyfans.com/privacy
========== link already checked
======== We are on link 20 of 32
========== raw link /transparency-center/complaints
============ Found Relative: joining https://onlyfans.com/help/196/205/207 and /transparency-center/complaints
============ Checking for Redirections: https://onlyfans.com/transparency-center/complaints
============ Link after cleaning: https://onlyfans.com/transparency-center/complaints
========== link already checked
======== We are on link 21 of 32
========== raw link /cookies
============ Found Relative: joining https://onlyfans.com/help/196/205/207 and /cookies
============ Checking for Redirections: https://onlyfans.com/cookies
============ Link after cleaning: https://onlyfans.com/cookies
========== link already checked
======== We are on link 22 of 32
========== raw link /dmca
============ Found Relative: joining https://onlyfans.com/help/196/205/207 and /dmca
============ Checking for Redirections: https://onlyfans.com/dmca
============ Link after cleaning: https://onlyfans.com/dmca
========== link already checked
======== We are on link 23 of 32
========== raw link /usc2257
============ Found Relative: joining https://onlyfans.com/help/196/205/207 and /usc2257
============ Checking for Redirections: https://onlyfans.com/usc2257
============ Link after cleaning: https://onlyfans.com/usc2257
========== link already checked
======== We are on link 24 of 32
========== raw link /contract
============ Found Relative: joining https://onlyfans.com/help/196/205/207 and /contract
============ Checking for Redirections: https://onlyfans.com/contract
============ Link after cleaning: https://onlyfans.com/contract
========== link already checked
======== We are on link 25 of 32
========== raw link /transparency-center
============ Found Relative: joining https://onlyfans.com/help/196/205/207 and /transparency-center
============ Checking for Redirections: https://onlyfans.com/transparency-center
============ Link after cleaning: https://onlyfans.com/transparency-center
========== link already checked
======== We are on link 26 of 32
========== raw link /antitraffickingstatement
============ Found Relative: joining https://onlyfans.com/help/196/205/207 and /antitraffickingstatement
============ Checking for Redirections: https://onlyfans.com/antitraffickingstatement
============ Link after cleaning: https://onlyfans.com/antitraffickingstatement
========== link already checked
======== We are on link 27 of 32
========== raw link /acceptable-use-policy
============ Found Relative: joining https://onlyfans.com/help/196/205/207 and /acceptable-use-policy
============ Checking for Redirections: https://onlyfans.com/acceptable-use-policy
============ Link after cleaning: https://onlyfans.com/acceptable-use-policy
========== link already checked
======== We are on link 28 of 32
========== raw link /
========== dropped link (either fragment ("#"), js, mailto, comment, pdf, or empty)
======== We are on link 29 of 32
========== raw link /terms
============ Found Relative: joining https://onlyfans.com/help/196/205/207 and /terms
============ Checking for Redirections: https://onlyfans.com/terms
============ Link after cleaning: https://onlyfans.com/terms
========== link already checked
======== We are on link 30 of 32
========== raw link /privacy
============ Found Relative: joining https://onlyfans.com/help/196/205/207 and /privacy
============ Checking for Redirections: https://onlyfans.com/privacy
============ Link after cleaning: https://onlyfans.com/privacy
========== link already checked
======== We are on link 31 of 32
========== raw link /twitter/auth?csrf=ip5cpjsOc8efeb4553d1644e983de80a0c412550
============ Found Relative: joining https://onlyfans.com/help/196/205/207 and /twitter/auth?csrf=ip5cpjsOc8efeb4553d1644e983de80a0c412550
============ Checking for Redirections: https://onlyfans.com/twitter/auth?csrf=ip5cpjsOc8efeb4553d1644e983de80a0c412550
============ Followed Redirection to https://api.x.com/oauth/authenticate?oauth_token=tYWIUwAAAAAAvbinAAABls0dWBY
============ Link after cleaning: https://api.x.com/oauth/authenticate
============ Excluded based on allow/block list.
======== We are on link 32 of 32
========== raw link /auth/google?csrf=ip5cpjsOc8efeb4553d1644e983de80a0c412550
============ Found Relative: joining https://onlyfans.com/help/196/205/207 and /auth/google?csrf=ip5cpjsOc8efeb4553d1644e983de80a0c412550
============ Checking for Redirections: https://onlyfans.com/auth/google?csrf=ip5cpjsOc8efeb4553d1644e983de80a0c412550
============ Followed Redirection to https://accounts.google.com/v3/signin/identifier?opparams=%253F&dsh=S-1021188324%3A1747197976406523&client_id=874560704938-blcokplpekn6pijr70c29oj3mivm5o6s.apps.googleusercontent.com&o2v=1&redirect_uri=https%3A%2F%2Fonlyfans.com%2Fauth%2Fcallback%2Fgoogle&response_type=code&scope=https%3A%2F%2Fwww.googleapis.com%2Fauth%2Fuserinfo.email+https%3A%2F%2Fwww.googleapis.com%2Fauth%2Fuserinfo.profile&service=lso&state=8766535c78ac6c35d3c0c4ff12fb842e&flowName=GeneralOAuthFlow&continue=https%3A%2F%2Faccounts.google.com%2Fsignin%2Foauth%2Fconsent%3Fauthuser%3Dunknown%26part%3DAJi8hANFRD7187VMiFW_AAsYTG8f5rnO5ot3-v93KwS6cj9gsxelnsLYnA32-IZgImhh8W2hpFrVq75vARvXmnKV8xIpQ_dJJJhUSR01qQods9oH5nIJU1wtEwZ3K0x7OftNJ2STmUuWEqZwz0RjMgc21BEt3_mWIFvKDdElHSEOhN7Vr2ms5PN6NucSxHlXd1nrr6POfBcAKqRvwRXKpdI-SKIbC6QlJgYkC2_cQCwF8FfAJhJTYKC-MCZ6EVQQ7J0VRjhMfYCVHeoH0MstsxEY_ka9wFRbD7OBM6O4gQsIQIZYLgmo2V7IgbWPNFyzYfBgaex3ObbGgAl3ab7tx0DSdxEmZvUk1q9Mp2C4AHTd4JM7AyMC9wqoSFK9c-QLalJGDjLXr529diaiYd4UtX_l8c0VO4kJbyNq1ERFuChBb27UHDR2djQ27VwqZ0yl_JVCnSXPVTQZxPEdq-9ydvBBA-KFDKli5A%26flowName%3DGeneralOAuthFlow%26as%3DS-1021188324%253A1747197976406523%26client_id%3D874560704938-blcokplpekn6pijr70c29oj3mivm5o6s.apps.googleusercontent.com%23&app_domain=https%3A%2F%2Fonlyfans.com&rart=ANgoxcfl7maZiFJV45j1WK7nHhxR3rI_EwtPYeyj9sp-21bcuAvj78iN2P3CxX4GwdbgplDqCbeuhnWWyRRQ30XMN65oIoEbXyhY6dO77ktXKffEL9djrVc
============ Link after cleaning: https://accounts.google.com/v3/signin/identifier
============ Excluded based on allow/block list.
==== Number of new pages added: 2
== Finished scraping onlyfans.com-AI_Moderation in 1172.0344 seconds.
== Writing to db file
== Done (/home/zaynacheema/ContentModerationWebScraper/data/05_13_25_23_26/all_htmls/AI_Moderation_onlyfans_com_05_13_25_23_26.json)
