== Conducting scraping for AI_Moderation on tiktok.com
== Getting initial 9 pages in sheet
==== We are at iteration 1 (tree depth).
====== We are on page 1 of 9: https://support.tiktok.com/en/
====== Number of Links on this Page: 75
======== We are on link 1 of 75
========== raw link https://support.tiktok.com?lang=en
============ Checking for Redirections: https://support.tiktok.com?lang=en
========== dropped link https://support.tiktok.com?lang=en. Could not follow redirection (or it was a meaninglessly small page or bot blocked by sessionID).
======== We are on link 2 of 75
========== raw link /en
============ Found Relative: joining https://support.tiktok.com/en/ and /en
============ Checking for Redirections: https://support.tiktok.com/en
============ Link after cleaning: https://support.tiktok.com/en
========== scraping https://support.tiktok.com/en
======== We are on link 3 of 75
========== raw link /en/getting-started
============ Found Relative: joining https://support.tiktok.com/en/ and /en/getting-started
============ Checking for Redirections: https://support.tiktok.com/en/getting-started
========== dropped link https://support.tiktok.com/en/getting-started. Could not follow redirection (or it was a meaninglessly small page or bot blocked by sessionID).
======== We are on link 4 of 75
========== raw link /en/getting-started/creating-an-account
============ Found Relative: joining https://support.tiktok.com/en/ and /en/getting-started/creating-an-account
============ Checking for Redirections: https://support.tiktok.com/en/getting-started/creating-an-account
========== dropped link https://support.tiktok.com/en/getting-started/creating-an-account. Could not follow redirection (or it was a meaninglessly small page or bot blocked by sessionID).
======== We are on link 5 of 75
========== raw link /en/getting-started/creating-an-account
============ Found Relative: joining https://support.tiktok.com/en/ and /en/getting-started/creating-an-account
============ Checking for Redirections: https://support.tiktok.com/en/getting-started/creating-an-account
========== dropped link https://support.tiktok.com/en/getting-started/creating-an-account. Could not follow redirection (or it was a meaninglessly small page or bot blocked by sessionID).
======== We are on link 6 of 75
========== raw link /en/getting-started
============ Found Relative: joining https://support.tiktok.com/en/ and /en/getting-started
============ Checking for Redirections: https://support.tiktok.com/en/getting-started
========== dropped link https://support.tiktok.com/en/getting-started. Could not follow redirection (or it was a meaninglessly small page or bot blocked by sessionID).
======== We are on link 7 of 75
========== raw link /en/getting-started/for-you
============ Found Relative: joining https://support.tiktok.com/en/ and /en/getting-started/for-you
============ Checking for Redirections: https://support.tiktok.com/en/getting-started/for-you
============ Link after cleaning: https://support.tiktok.com/en/getting-started/for-you
========== scraping https://support.tiktok.com/en/getting-started/for-you
======== We are on link 8 of 75
========== raw link /en/getting-started/for-you
============ Found Relative: joining https://support.tiktok.com/en/ and /en/getting-started/for-you
============ Checking for Redirections: https://support.tiktok.com/en/getting-started/for-you
============ Link after cleaning: https://support.tiktok.com/en/getting-started/for-you
========== link already checked
======== We are on link 9 of 75
========== raw link /en/getting-started
============ Found Relative: joining https://support.tiktok.com/en/ and /en/getting-started
============ Checking for Redirections: https://support.tiktok.com/en/getting-started
========== dropped link https://support.tiktok.com/en/getting-started. Could not follow redirection (or it was a meaninglessly small page or bot blocked by sessionID).
======== We are on link 10 of 75
========== raw link /en/getting-started/setting-up-your-profile
============ Found Relative: joining https://support.tiktok.com/en/ and /en/getting-started/setting-up-your-profile
============ Checking for Redirections: https://support.tiktok.com/en/getting-started/setting-up-your-profile
========== dropped link https://support.tiktok.com/en/getting-started/setting-up-your-profile. Could not follow redirection (or it was a meaninglessly small page or bot blocked by sessionID).
======== We are on link 11 of 75
========== raw link /en/getting-started/setting-up-your-profile
============ Found Relative: joining https://support.tiktok.com/en/ and /en/getting-started/setting-up-your-profile
============ Checking for Redirections: https://support.tiktok.com/en/getting-started/setting-up-your-profile
========== dropped link https://support.tiktok.com/en/getting-started/setting-up-your-profile. Could not follow redirection (or it was a meaninglessly small page or bot blocked by sessionID).
======== We are on link 12 of 75
========== raw link /en/log-in-troubleshoot
============ Found Relative: joining https://support.tiktok.com/en/ and /en/log-in-troubleshoot
============ Checking for Redirections: https://support.tiktok.com/en/log-in-troubleshoot
========== dropped link https://support.tiktok.com/en/log-in-troubleshoot. Could not follow redirection (or it was a meaninglessly small page or bot blocked by sessionID).
======== We are on link 13 of 75
========== raw link /en/log-in-troubleshoot/log-in
============ Found Relative: joining https://support.tiktok.com/en/ and /en/log-in-troubleshoot/log-in
============ Checking for Redirections: https://support.tiktok.com/en/log-in-troubleshoot/log-in
========== dropped link https://support.tiktok.com/en/log-in-troubleshoot/log-in. Could not follow redirection (or it was a meaninglessly small page or bot blocked by sessionID).
======== We are on link 14 of 75
========== raw link /en/log-in-troubleshoot/log-in/reset-password
============ Found Relative: joining https://support.tiktok.com/en/ and /en/log-in-troubleshoot/log-in/reset-password
============ Checking for Redirections: https://support.tiktok.com/en/log-in-troubleshoot/log-in/reset-password
============ Link after cleaning: https://support.tiktok.com/en/log-in-troubleshoot/log-in/reset-password
========== scraping https://support.tiktok.com/en/log-in-troubleshoot/log-in/reset-password
======== We are on link 15 of 75
========== raw link /en/getting-started
============ Found Relative: joining https://support.tiktok.com/en/ and /en/getting-started
============ Checking for Redirections: https://support.tiktok.com/en/getting-started
========== dropped link https://support.tiktok.com/en/getting-started. Could not follow redirection (or it was a meaninglessly small page or bot blocked by sessionID).
======== We are on link 16 of 75
========== raw link /en/getting-started/setting-up-your-profile
============ Found Relative: joining https://support.tiktok.com/en/ and /en/getting-started/setting-up-your-profile
============ Checking for Redirections: https://support.tiktok.com/en/getting-started/setting-up-your-profile
========== dropped link https://support.tiktok.com/en/getting-started/setting-up-your-profile. Could not follow redirection (or it was a meaninglessly small page or bot blocked by sessionID).
======== We are on link 17 of 75
========== raw link /en/getting-started/for-you
============ Found Relative: joining https://support.tiktok.com/en/ and /en/getting-started/for-you
============ Checking for Redirections: https://support.tiktok.com/en/getting-started/for-you
============ Link after cleaning: https://support.tiktok.com/en/getting-started/for-you
========== link already checked
======== We are on link 18 of 75
========== raw link /en/getting-started/creating-an-account
============ Found Relative: joining https://support.tiktok.com/en/ and /en/getting-started/creating-an-account
============ Checking for Redirections: https://support.tiktok.com/en/getting-started/creating-an-account
========== dropped link https://support.tiktok.com/en/getting-started/creating-an-account. Could not follow redirection (or it was a meaninglessly small page or bot blocked by sessionID).
======== We are on link 19 of 75
========== raw link /en/using-tiktok
============ Found Relative: joining https://support.tiktok.com/en/ and /en/using-tiktok
============ Checking for Redirections: https://support.tiktok.com/en/using-tiktok
========== dropped link https://support.tiktok.com/en/using-tiktok. Could not follow redirection (or it was a meaninglessly small page or bot blocked by sessionID).
======== We are on link 20 of 75
========== raw link /en/using-tiktok/creating-videos
============ Found Relative: joining https://support.tiktok.com/en/ and /en/using-tiktok/creating-videos
============ Checking for Redirections: https://support.tiktok.com/en/using-tiktok/creating-videos
============ Link after cleaning: https://support.tiktok.com/en/using-tiktok/creating-videos
========== scraping https://support.tiktok.com/en/using-tiktok/creating-videos
============ New link added. Search term (AI-generated) found on https://support.tiktok.com/en/using-tiktok/creating-videos.
======== We are on link 21 of 75
========== raw link /en/using-tiktok/exploring-videos
============ Found Relative: joining https://support.tiktok.com/en/ and /en/using-tiktok/exploring-videos
============ Checking for Redirections: https://support.tiktok.com/en/using-tiktok/exploring-videos
============ Link after cleaning: https://support.tiktok.com/en/using-tiktok/exploring-videos
========== scraping https://support.tiktok.com/en/using-tiktok/exploring-videos
======== We are on link 22 of 75
========== raw link /en/using-tiktok/messaging-and-notifications
============ Found Relative: joining https://support.tiktok.com/en/ and /en/using-tiktok/messaging-and-notifications
============ Checking for Redirections: https://support.tiktok.com/en/using-tiktok/messaging-and-notifications
========== dropped link https://support.tiktok.com/en/using-tiktok/messaging-and-notifications. Could not follow redirection (or it was a meaninglessly small page or bot blocked by sessionID).
======== We are on link 23 of 75
========== raw link /en/using-tiktok/followers-and-following
============ Found Relative: joining https://support.tiktok.com/en/ and /en/using-tiktok/followers-and-following
============ Checking for Redirections: https://support.tiktok.com/en/using-tiktok/followers-and-following
========== dropped link https://support.tiktok.com/en/using-tiktok/followers-and-following. Could not follow redirection (or it was a meaninglessly small page or bot blocked by sessionID).
======== We are on link 24 of 75
========== raw link /en/using-tiktok/growing-your-audience
============ Found Relative: joining https://support.tiktok.com/en/ and /en/using-tiktok/growing-your-audience
============ Checking for Redirections: https://support.tiktok.com/en/using-tiktok/growing-your-audience
============ Link after cleaning: https://support.tiktok.com/en/using-tiktok/growing-your-audience
========== scraping https://support.tiktok.com/en/using-tiktok/growing-your-audience
======== We are on link 25 of 75
========== raw link /en/using-tiktok/report-problem
============ Found Relative: joining https://support.tiktok.com/en/ and /en/using-tiktok/report-problem
============ Checking for Redirections: https://support.tiktok.com/en/using-tiktok/report-problem
========== dropped link https://support.tiktok.com/en/using-tiktok/report-problem. Could not follow redirection (or it was a meaninglessly small page or bot blocked by sessionID).
======== We are on link 26 of 75
========== raw link /en/account-and-privacy
============ Found Relative: joining https://support.tiktok.com/en/ and /en/account-and-privacy
============ Checking for Redirections: https://support.tiktok.com/en/account-and-privacy
========== dropped link https://support.tiktok.com/en/account-and-privacy. Could not follow redirection (or it was a meaninglessly small page or bot blocked by sessionID).
======== We are on link 27 of 75
========== raw link /en/account-and-privacy/account-information
============ Found Relative: joining https://support.tiktok.com/en/ and /en/account-and-privacy/account-information
============ Checking for Redirections: https://support.tiktok.com/en/account-and-privacy/account-information
========== dropped link https://support.tiktok.com/en/account-and-privacy/account-information. Could not follow redirection (or it was a meaninglessly small page or bot blocked by sessionID).
======== We are on link 28 of 75
========== raw link /en/account-and-privacy/account-privacy-settings
============ Found Relative: joining https://support.tiktok.com/en/ and /en/account-and-privacy/account-privacy-settings
============ Checking for Redirections: https://support.tiktok.com/en/account-and-privacy/account-privacy-settings
============ Link after cleaning: https://support.tiktok.com/en/account-and-privacy/account-privacy-settings
========== scraping https://support.tiktok.com/en/account-and-privacy/account-privacy-settings
======== We are on link 29 of 75
========== raw link /en/account-and-privacy/personalized-ads-and-data
============ Found Relative: joining https://support.tiktok.com/en/ and /en/account-and-privacy/personalized-ads-and-data
============ Checking for Redirections: https://support.tiktok.com/en/account-and-privacy/personalized-ads-and-data
============ Link after cleaning: https://support.tiktok.com/en/account-and-privacy/personalized-ads-and-data
========== scraping https://support.tiktok.com/en/account-and-privacy/personalized-ads-and-data
======== We are on link 30 of 75
========== raw link /en/account-and-privacy/deleting-an-account
============ Found Relative: joining https://support.tiktok.com/en/ and /en/account-and-privacy/deleting-an-account
============ Checking for Redirections: https://support.tiktok.com/en/account-and-privacy/deleting-an-account
========== dropped link https://support.tiktok.com/en/account-and-privacy/deleting-an-account. Could not follow redirection (or it was a meaninglessly small page or bot blocked by sessionID).
======== We are on link 31 of 75
========== raw link /en/safety-hc
============ Found Relative: joining https://support.tiktok.com/en/ and /en/safety-hc
============ Checking for Redirections: https://support.tiktok.com/en/safety-hc
========== dropped link https://support.tiktok.com/en/safety-hc. Could not follow redirection (or it was a meaninglessly small page or bot blocked by sessionID).
======== We are on link 32 of 75
========== raw link /en/safety-hc/report-a-problem
============ Found Relative: joining https://support.tiktok.com/en/ and /en/safety-hc/report-a-problem
============ Checking for Redirections: https://support.tiktok.com/en/safety-hc/report-a-problem
============ Link after cleaning: https://support.tiktok.com/en/safety-hc/report-a-problem
========== scraping https://support.tiktok.com/en/safety-hc/report-a-problem
======== We are on link 33 of 75
========== raw link /en/safety-hc/account-and-user-safety
============ Found Relative: joining https://support.tiktok.com/en/ and /en/safety-hc/account-and-user-safety
============ Checking for Redirections: https://support.tiktok.com/en/safety-hc/account-and-user-safety
============ Link after cleaning: https://support.tiktok.com/en/safety-hc/account-and-user-safety
========== scraping https://support.tiktok.com/en/safety-hc/account-and-user-safety
======== We are on link 34 of 75
========== raw link /en/safety-hc/reporting-security-vulnerabilities
============ Found Relative: joining https://support.tiktok.com/en/ and /en/safety-hc/reporting-security-vulnerabilities
============ Checking for Redirections: https://support.tiktok.com/en/safety-hc/reporting-security-vulnerabilities
============ Link after cleaning: https://support.tiktok.com/en/safety-hc/reporting-security-vulnerabilities
========== scraping https://support.tiktok.com/en/safety-hc/reporting-security-vulnerabilities
======== We are on link 35 of 75
========== raw link /en/log-in-troubleshoot
============ Found Relative: joining https://support.tiktok.com/en/ and /en/log-in-troubleshoot
============ Checking for Redirections: https://support.tiktok.com/en/log-in-troubleshoot
========== dropped link https://support.tiktok.com/en/log-in-troubleshoot. Could not follow redirection (or it was a meaninglessly small page or bot blocked by sessionID).
======== We are on link 36 of 75
========== raw link /en/log-in-troubleshoot/log-in
============ Found Relative: joining https://support.tiktok.com/en/ and /en/log-in-troubleshoot/log-in
============ Checking for Redirections: https://support.tiktok.com/en/log-in-troubleshoot/log-in
========== dropped link https://support.tiktok.com/en/log-in-troubleshoot/log-in. Could not follow redirection (or it was a meaninglessly small page or bot blocked by sessionID).
======== We are on link 37 of 75
========== raw link /en/log-in-troubleshoot/troubleshooting
============ Found Relative: joining https://support.tiktok.com/en/ and /en/log-in-troubleshoot/troubleshooting
============ Checking for Redirections: https://support.tiktok.com/en/log-in-troubleshoot/troubleshooting
========== dropped link https://support.tiktok.com/en/log-in-troubleshoot/troubleshooting. Could not follow redirection (or it was a meaninglessly small page or bot blocked by sessionID).
======== We are on link 38 of 75
========== raw link /en/live-gifts-wallet
============ Found Relative: joining https://support.tiktok.com/en/ and /en/live-gifts-wallet
============ Checking for Redirections: https://support.tiktok.com/en/live-gifts-wallet
========== dropped link https://support.tiktok.com/en/live-gifts-wallet. Could not follow redirection (or it was a meaninglessly small page or bot blocked by sessionID).
======== We are on link 39 of 75
========== raw link /en/live-gifts-wallet/tiktok-live
============ Found Relative: joining https://support.tiktok.com/en/ and /en/live-gifts-wallet/tiktok-live
============ Checking for Redirections: https://support.tiktok.com/en/live-gifts-wallet/tiktok-live
========== dropped link https://support.tiktok.com/en/live-gifts-wallet/tiktok-live. Could not follow redirection (or it was a meaninglessly small page or bot blocked by sessionID).
======== We are on link 40 of 75
========== raw link /en/live-gifts-wallet/gifts
============ Found Relative: joining https://support.tiktok.com/en/ and /en/live-gifts-wallet/gifts
============ Checking for Redirections: https://support.tiktok.com/en/live-gifts-wallet/gifts
========== dropped link https://support.tiktok.com/en/live-gifts-wallet/gifts. Could not follow redirection (or it was a meaninglessly small page or bot blocked by sessionID).
======== We are on link 41 of 75
========== raw link /en/business-and-creator
============ Found Relative: joining https://support.tiktok.com/en/ and /en/business-and-creator
============ Checking for Redirections: https://support.tiktok.com/en/business-and-creator
========== dropped link https://support.tiktok.com/en/business-and-creator. Could not follow redirection (or it was a meaninglessly small page or bot blocked by sessionID).
======== We are on link 42 of 75
========== raw link /en/business-and-creator/tiktok-for-business
============ Found Relative: joining https://support.tiktok.com/en/ and /en/business-and-creator/tiktok-for-business
============ Checking for Redirections: https://support.tiktok.com/en/business-and-creator/tiktok-for-business
========== dropped link https://support.tiktok.com/en/business-and-creator/tiktok-for-business. Could not follow redirection (or it was a meaninglessly small page or bot blocked by sessionID).
======== We are on link 43 of 75
========== raw link /en/business-and-creator/creator-and-business-accounts
============ Found Relative: joining https://support.tiktok.com/en/ and /en/business-and-creator/creator-and-business-accounts
============ Checking for Redirections: https://support.tiktok.com/en/business-and-creator/creator-and-business-accounts
============ Link after cleaning: https://support.tiktok.com/en/business-and-creator/creator-and-business-accounts
========== scraping https://support.tiktok.com/en/business-and-creator/creator-and-business-accounts
======== We are on link 44 of 75
========== raw link /en/business-and-creator/tiktok-series
============ Found Relative: joining https://support.tiktok.com/en/ and /en/business-and-creator/tiktok-series
============ Checking for Redirections: https://support.tiktok.com/en/business-and-creator/tiktok-series
========== dropped link https://support.tiktok.com/en/business-and-creator/tiktok-series. Could not follow redirection (or it was a meaninglessly small page or bot blocked by sessionID).
======== We are on link 45 of 75
========== raw link /en/business-and-creator/tiktok-creator-marketplace
============ Found Relative: joining https://support.tiktok.com/en/ and /en/business-and-creator/tiktok-creator-marketplace
============ Checking for Redirections: https://support.tiktok.com/en/business-and-creator/tiktok-creator-marketplace
============ Link after cleaning: https://support.tiktok.com/en/business-and-creator/tiktok-creator-marketplace
========== scraping https://support.tiktok.com/en/business-and-creator/tiktok-creator-marketplace
======== We are on link 46 of 75
========== raw link /en/business-and-creator/tiktok-creator-fund
============ Found Relative: joining https://support.tiktok.com/en/ and /en/business-and-creator/tiktok-creator-fund
============ Checking for Redirections: https://support.tiktok.com/en/business-and-creator/tiktok-creator-fund
========== dropped link https://support.tiktok.com/en/business-and-creator/tiktok-creator-fund. Could not follow redirection (or it was a meaninglessly small page or bot blocked by sessionID).
======== We are on link 47 of 75
========== raw link /en/business-and-creator/tiktok-creator-fund-us
============ Found Relative: joining https://support.tiktok.com/en/ and /en/business-and-creator/tiktok-creator-fund-us
============ Checking for Redirections: https://support.tiktok.com/en/business-and-creator/tiktok-creator-fund-us
============ Link after cleaning: https://support.tiktok.com/en/business-and-creator/tiktok-creator-fund-us
========== scraping https://support.tiktok.com/en/business-and-creator/tiktok-creator-fund-us
======== We are on link 48 of 75
========== raw link /en/business-and-creator/creator-rewards-program
============ Found Relative: joining https://support.tiktok.com/en/ and /en/business-and-creator/creator-rewards-program
============ Checking for Redirections: https://support.tiktok.com/en/business-and-creator/creator-rewards-program
========== dropped link https://support.tiktok.com/en/business-and-creator/creator-rewards-program. Could not follow redirection (or it was a meaninglessly small page or bot blocked by sessionID).
======== We are on link 49 of 75
========== raw link /en/business-and-creator/video-gifts-on-tiktok
============ Found Relative: joining https://support.tiktok.com/en/ and /en/business-and-creator/video-gifts-on-tiktok
============ Checking for Redirections: https://support.tiktok.com/en/business-and-creator/video-gifts-on-tiktok
========== dropped link https://support.tiktok.com/en/business-and-creator/video-gifts-on-tiktok. Could not follow redirection (or it was a meaninglessly small page or bot blocked by sessionID).
======== We are on link 50 of 75
========== raw link https://www.tiktok.com/download-link/af/id835599320
============ Checking for Redirections: https://www.tiktok.com/download-link/af/id835599320
============ Followed Redirection to https://apps.apple.com/us/app/tiktok/id835599320?mt=8
============ Link after cleaning: https://apps.apple.com/us/app/tiktok/id835599320
============ Excluded based on allow/block list.
======== We are on link 51 of 75
========== raw link https://www.tiktok.com/download-link/af/com.zhiliaoapp.musically
============ Checking for Redirections: https://www.tiktok.com/download-link/af/com.zhiliaoapp.musically
============ Followed Redirection to https://play.google.com/store/apps/details?id=com.zhiliaoapp.musically&referrer=af_tranid%3DXbZ7bpsF0wVOSHxBPYd8Wg
============ Link after cleaning: https://play.google.com/store/apps/details
============ Excluded based on allow/block list.
======== We are on link 52 of 75
========== raw link https://www.amazon.com/dp/B0117U0G3M/
========== dropped link https://www.amazon.com/dp/B0117U0G3M/. Didn't pass first allows/blocks test.
======== We are on link 53 of 75
========== raw link https://www.microsoft.com/store/apps/9NH2GPH4JZS4
========== dropped link https://www.microsoft.com/store/apps/9NH2GPH4JZS4. Didn't pass first allows/blocks test.
======== We are on link 54 of 75
========== raw link https://www.tiktok.com/about
============ Checking for Redirections: https://www.tiktok.com/about
============ Link unchanged
========== scraping https://www.tiktok.com/about
======== We are on link 55 of 75
========== raw link https://newsroom.tiktok.com
============ Checking for Redirections: https://newsroom.tiktok.com
============ Followed Redirection to https://newsroom.tiktok.com/en-us/
============ Link after cleaning: https://newsroom.tiktok.com/en-us/
========== link already checked
======== We are on link 56 of 75
========== raw link https://www.tiktok.com/about/contact
============ Checking for Redirections: https://www.tiktok.com/about/contact
============ Followed Redirection to https://www.tiktok.com/contact
============ Link after cleaning: https://www.tiktok.com/contact
========== scraping https://www.tiktok.com/contact
======== We are on link 57 of 75
========== raw link https://careers.tiktok.com
============ Checking for Redirections: https://careers.tiktok.com
============ Followed Redirection to https://lifeattiktok.com/
============ Link after cleaning: https://lifeattiktok.com/
========== scraping https://lifeattiktok.com/
======== We are on link 58 of 75
========== raw link /forgood?lang=en
============ Found Relative: joining https://support.tiktok.com/en/ and /forgood?lang=en
============ Checking for Redirections: https://support.tiktok.com/forgood?lang=en
============ Followed Redirection to https://support.tiktok.com/en?invalid_lang=forgood
============ Link after cleaning: https://support.tiktok.com/en
========== link already checked
======== We are on link 59 of 75
========== raw link https://developers.tiktok.com/?refer=tiktok_web
============ Checking for Redirections: https://developers.tiktok.com/?refer=tiktok_web
============ Link after cleaning: https://developers.tiktok.com/
========== scraping https://developers.tiktok.com/
======== We are on link 60 of 75
========== raw link https://effecthouse.tiktok.com/?utm_source=tiktok_web_article
============ Checking for Redirections: https://effecthouse.tiktok.com/?utm_source=tiktok_web_article
============ Link after cleaning: https://effecthouse.tiktok.com/
========== scraping https://effecthouse.tiktok.com/
======== We are on link 61 of 75
========== raw link https://www.tiktok.com/business/&attr_source=tt_official_site&attr_medium=tt_official_site_guidance
============ Checking for Redirections: https://www.tiktok.com/business/&attr_source=tt_official_site&attr_medium=tt_official_site_guidance
============ Followed Redirection to https://ads.tiktok.com/business/en-US?tt4b_lang_redirect=1&acq_banner_version=73412988
============ Link after cleaning: https://ads.tiktok.com/business/en-US
========== scraping https://ads.tiktok.com/business/en-US
======== We are on link 62 of 75
========== raw link https://www.tiktok.com/tiktok-rewards
============ Checking for Redirections: https://www.tiktok.com/tiktok-rewards
========== dropped link https://www.tiktok.com/tiktok-rewards. Could not follow redirection (or it was a meaninglessly small page or bot blocked by sessionID).
======== We are on link 63 of 75
========== raw link https://www.tiktok.com/browse
============ Checking for Redirections: https://www.tiktok.com/browse
========== dropped link https://www.tiktok.com/browse. Could not follow redirection (or it was a meaninglessly small page or bot blocked by sessionID).
======== We are on link 64 of 75
========== raw link https://www.tiktok.com/embed
============ Checking for Redirections: https://www.tiktok.com/embed
========== dropped link https://www.tiktok.com/embed. Could not follow redirection (or it was a meaninglessly small page or bot blocked by sessionID).
======== We are on link 65 of 75
========== raw link https://support.tiktok.com/en
============ Checking for Redirections: https://support.tiktok.com/en
============ Link unchanged
========== link already checked
======== We are on link 66 of 75
========== raw link /article/safety?lang=en
============ Found Relative: joining https://support.tiktok.com/en/ and /article/safety?lang=en
============ Checking for Redirections: https://support.tiktok.com/article/safety?lang=en
========== dropped link https://support.tiktok.com/article/safety?lang=en. Could not follow redirection (or it was a meaninglessly small page or bot blocked by sessionID).
======== We are on link 67 of 75
========== raw link https://www.tiktok.com/creators/creator-portal/
============ Checking for Redirections: https://www.tiktok.com/creators/creator-portal/
========== dropped link https://www.tiktok.com/creators/creator-portal/. Could not follow redirection (or it was a meaninglessly small page or bot blocked by sessionID).
======== We are on link 68 of 75
========== raw link https://www.tiktok.com/community-guidelines?lang=en
============ Checking for Redirections: https://www.tiktok.com/community-guidelines?lang=en
========== dropped link https://www.tiktok.com/community-guidelines?lang=en. Could not follow redirection (or it was a meaninglessly small page or bot blocked by sessionID).
======== We are on link 69 of 75
========== raw link https://www.tiktok.com/transparency?lang=en
============ Checking for Redirections: https://www.tiktok.com/transparency?lang=en
========== dropped link https://www.tiktok.com/transparency?lang=en. Could not follow redirection (or it was a meaninglessly small page or bot blocked by sessionID).
======== We are on link 70 of 75
========== raw link https://www.tiktok.com/accessibility
============ Checking for Redirections: https://www.tiktok.com/accessibility
========== dropped link https://www.tiktok.com/accessibility. Could not follow redirection (or it was a meaninglessly small page or bot blocked by sessionID).
======== We are on link 71 of 75
========== raw link https://www.tiktok.com/legal/terms-of-service?lang=en
============ Checking for Redirections: https://www.tiktok.com/legal/terms-of-service?lang=en
========== dropped link https://www.tiktok.com/legal/terms-of-service?lang=en. Could not follow redirection (or it was a meaninglessly small page or bot blocked by sessionID).
======== We are on link 72 of 75
========== raw link https://www.tiktok.com/legal/privacy-policy-row?lang=en
============ Checking for Redirections: https://www.tiktok.com/legal/privacy-policy-row?lang=en
========== dropped link https://www.tiktok.com/legal/privacy-policy-row?lang=en. Could not follow redirection (or it was a meaninglessly small page or bot blocked by sessionID).
======== We are on link 73 of 75
========== raw link https://www.tiktok.com/legal/copyright-policy?lang=en
============ Checking for Redirections: https://www.tiktok.com/legal/copyright-policy?lang=en
========== dropped link https://www.tiktok.com/legal/copyright-policy?lang=en. Could not follow redirection (or it was a meaninglessly small page or bot blocked by sessionID).
======== We are on link 74 of 75
========== raw link https://www.tiktok.com/legal/law-enforcement?lang=en
============ Checking for Redirections: https://www.tiktok.com/legal/law-enforcement?lang=en
========== dropped link https://www.tiktok.com/legal/law-enforcement?lang=en. Could not follow redirection (or it was a meaninglessly small page or bot blocked by sessionID).
======== We are on link 75 of 75
========== raw link https://www.tiktok.com/legal/tiktok-website-cookies-policy?lang=en
============ Checking for Redirections: https://www.tiktok.com/legal/tiktok-website-cookies-policy?lang=en
========== dropped link https://www.tiktok.com/legal/tiktok-website-cookies-policy?lang=en. Could not follow redirection (or it was a meaninglessly small page or bot blocked by sessionID).
====== We are on page 2 of 9: https://newsroom.tiktok.com/en-us/
====== Number of Links on this Page: 113
======== We are on link 1 of 113
========== raw link /
========== dropped link (either fragment ("#"), js, mailto, comment, pdf, or empty)
======== We are on link 2 of 113
========== raw link /trending/?lang=en
============ Found Relative: joining https://newsroom.tiktok.com/en-us/ and /trending/?lang=en
============ Checking for Redirections: https://newsroom.tiktok.com/trending/?lang=en
============ Followed Redirection to https://newsroom.tiktok.com/en-us
============ Link after cleaning: https://newsroom.tiktok.com/en-us
========== scraping https://newsroom.tiktok.com/en-us
======== We are on link 3 of 113
========== raw link /en-us/community
============ Found Relative: joining https://newsroom.tiktok.com/en-us/ and /en-us/community
============ Checking for Redirections: https://newsroom.tiktok.com/en-us/community
============ Link after cleaning: https://newsroom.tiktok.com/en-us/community
========== scraping https://newsroom.tiktok.com/en-us/community
======== We are on link 4 of 113
========== raw link /en-us/apitiktok-voices-to-watch-celebrating-asian-american-native-hawaiian-and-pacific-islander-heritage-month-2025
============ Found Relative: joining https://newsroom.tiktok.com/en-us/ and /en-us/apitiktok-voices-to-watch-celebrating-asian-american-native-hawaiian-and-pacific-islander-heritage-month-2025
============ Checking for Redirections: https://newsroom.tiktok.com/en-us/apitiktok-voices-to-watch-celebrating-asian-american-native-hawaiian-and-pacific-islander-heritage-month-2025
============ Link after cleaning: https://newsroom.tiktok.com/en-us/apitiktok-voices-to-watch-celebrating-asian-american-native-hawaiian-and-pacific-islander-heritage-month-2025
========== scraping https://newsroom.tiktok.com/en-us/apitiktok-voices-to-watch-celebrating-asian-american-native-hawaiian-and-pacific-islander-heritage-month-2025
======== We are on link 5 of 113
========== raw link /en-us/apitiktok-voices-to-watch-celebrating-asian-american-native-hawaiian-and-pacific-islander-heritage-month-2025
============ Found Relative: joining https://newsroom.tiktok.com/en-us/ and /en-us/apitiktok-voices-to-watch-celebrating-asian-american-native-hawaiian-and-pacific-islander-heritage-month-2025
============ Checking for Redirections: https://newsroom.tiktok.com/en-us/apitiktok-voices-to-watch-celebrating-asian-american-native-hawaiian-and-pacific-islander-heritage-month-2025
============ Link after cleaning: https://newsroom.tiktok.com/en-us/apitiktok-voices-to-watch-celebrating-asian-american-native-hawaiian-and-pacific-islander-heritage-month-2025
========== link already checked
======== We are on link 6 of 113
========== raw link /en-us/apitiktok-voices-to-watch-celebrating-asian-american-native-hawaiian-and-pacific-islander-heritage-month-2025
============ Found Relative: joining https://newsroom.tiktok.com/en-us/ and /en-us/apitiktok-voices-to-watch-celebrating-asian-american-native-hawaiian-and-pacific-islander-heritage-month-2025
============ Checking for Redirections: https://newsroom.tiktok.com/en-us/apitiktok-voices-to-watch-celebrating-asian-american-native-hawaiian-and-pacific-islander-heritage-month-2025
============ Link after cleaning: https://newsroom.tiktok.com/en-us/apitiktok-voices-to-watch-celebrating-asian-american-native-hawaiian-and-pacific-islander-heritage-month-2025
========== link already checked
======== We are on link 7 of 113
========== raw link /en-us
============ Found Relative: joining https://newsroom.tiktok.com/en-us/ and /en-us
============ Checking for Redirections: https://newsroom.tiktok.com/en-us
============ Link after cleaning: https://newsroom.tiktok.com/en-us
========== link already checked
======== We are on link 8 of 113
========== raw link /en-us/news
============ Found Relative: joining https://newsroom.tiktok.com/en-us/ and /en-us/news
============ Checking for Redirections: https://newsroom.tiktok.com/en-us/news
============ Link after cleaning: https://newsroom.tiktok.com/en-us/news
========== scraping https://newsroom.tiktok.com/en-us/news
======== We are on link 9 of 113
========== raw link /en-us/product
============ Found Relative: joining https://newsroom.tiktok.com/en-us/ and /en-us/product
============ Checking for Redirections: https://newsroom.tiktok.com/en-us/product
============ Link after cleaning: https://newsroom.tiktok.com/en-us/product
========== scraping https://newsroom.tiktok.com/en-us/product
======== We are on link 10 of 113
========== raw link /en-us/community
============ Found Relative: joining https://newsroom.tiktok.com/en-us/ and /en-us/community
============ Checking for Redirections: https://newsroom.tiktok.com/en-us/community
============ Link after cleaning: https://newsroom.tiktok.com/en-us/community
========== link already checked
======== We are on link 11 of 113
========== raw link /en-us/safety
============ Found Relative: joining https://newsroom.tiktok.com/en-us/ and /en-us/safety
============ Checking for Redirections: https://newsroom.tiktok.com/en-us/safety
============ Link after cleaning: https://newsroom.tiktok.com/en-us/safety
========== scraping https://newsroom.tiktok.com/en-us/safety
============ New link added. Search term (AI-generated) found on https://newsroom.tiktok.com/en-us/safety.
======== We are on link 12 of 113
========== raw link /en-us/company
============ Found Relative: joining https://newsroom.tiktok.com/en-us/ and /en-us/company
============ Checking for Redirections: https://newsroom.tiktok.com/en-us/company
============ Link after cleaning: https://newsroom.tiktok.com/en-us/company
========== scraping https://newsroom.tiktok.com/en-us/company
======== We are on link 13 of 113
========== raw link /en-us/community
============ Found Relative: joining https://newsroom.tiktok.com/en-us/ and /en-us/community
============ Checking for Redirections: https://newsroom.tiktok.com/en-us/community
============ Link after cleaning: https://newsroom.tiktok.com/en-us/community
========== link already checked
======== We are on link 14 of 113
========== raw link /en-us/celebrating-world-book-day-with-booktok
============ Found Relative: joining https://newsroom.tiktok.com/en-us/ and /en-us/celebrating-world-book-day-with-booktok
============ Checking for Redirections: https://newsroom.tiktok.com/en-us/celebrating-world-book-day-with-booktok
============ Link after cleaning: https://newsroom.tiktok.com/en-us/celebrating-world-book-day-with-booktok
========== scraping https://newsroom.tiktok.com/en-us/celebrating-world-book-day-with-booktok
======== We are on link 15 of 113
========== raw link /en-us/celebrating-world-book-day-with-booktok
============ Found Relative: joining https://newsroom.tiktok.com/en-us/ and /en-us/celebrating-world-book-day-with-booktok
============ Checking for Redirections: https://newsroom.tiktok.com/en-us/celebrating-world-book-day-with-booktok
============ Link after cleaning: https://newsroom.tiktok.com/en-us/celebrating-world-book-day-with-booktok
========== link already checked
======== We are on link 16 of 113
========== raw link /en-us/celebrating-world-book-day-with-booktok
============ Found Relative: joining https://newsroom.tiktok.com/en-us/ and /en-us/celebrating-world-book-day-with-booktok
============ Checking for Redirections: https://newsroom.tiktok.com/en-us/celebrating-world-book-day-with-booktok
============ Link after cleaning: https://newsroom.tiktok.com/en-us/celebrating-world-book-day-with-booktok
========== link already checked
======== We are on link 17 of 113
========== raw link /en-us/community
============ Found Relative: joining https://newsroom.tiktok.com/en-us/ and /en-us/community
============ Checking for Redirections: https://newsroom.tiktok.com/en-us/community
============ Link after cleaning: https://newsroom.tiktok.com/en-us/community
========== link already checked
======== We are on link 18 of 113
========== raw link /en-us/tiktok-and-major-league-soccer-sign-multiyear-partnership-renewal
============ Found Relative: joining https://newsroom.tiktok.com/en-us/ and /en-us/tiktok-and-major-league-soccer-sign-multiyear-partnership-renewal
============ Checking for Redirections: https://newsroom.tiktok.com/en-us/tiktok-and-major-league-soccer-sign-multiyear-partnership-renewal
============ Link after cleaning: https://newsroom.tiktok.com/en-us/tiktok-and-major-league-soccer-sign-multiyear-partnership-renewal
========== scraping https://newsroom.tiktok.com/en-us/tiktok-and-major-league-soccer-sign-multiyear-partnership-renewal
======== We are on link 19 of 113
========== raw link /en-us/tiktok-and-major-league-soccer-sign-multiyear-partnership-renewal
============ Found Relative: joining https://newsroom.tiktok.com/en-us/ and /en-us/tiktok-and-major-league-soccer-sign-multiyear-partnership-renewal
============ Checking for Redirections: https://newsroom.tiktok.com/en-us/tiktok-and-major-league-soccer-sign-multiyear-partnership-renewal
============ Link after cleaning: https://newsroom.tiktok.com/en-us/tiktok-and-major-league-soccer-sign-multiyear-partnership-renewal
========== link already checked
======== We are on link 20 of 113
========== raw link /en-us/tiktok-and-major-league-soccer-sign-multiyear-partnership-renewal
============ Found Relative: joining https://newsroom.tiktok.com/en-us/ and /en-us/tiktok-and-major-league-soccer-sign-multiyear-partnership-renewal
============ Checking for Redirections: https://newsroom.tiktok.com/en-us/tiktok-and-major-league-soccer-sign-multiyear-partnership-renewal
============ Link after cleaning: https://newsroom.tiktok.com/en-us/tiktok-and-major-league-soccer-sign-multiyear-partnership-renewal
========== link already checked
======== We are on link 21 of 113
========== raw link /en-us/news
============ Found Relative: joining https://newsroom.tiktok.com/en-us/ and /en-us/news
============ Checking for Redirections: https://newsroom.tiktok.com/en-us/news
============ Link after cleaning: https://newsroom.tiktok.com/en-us/news
========== link already checked
======== We are on link 22 of 113
========== raw link /en-us/footnotes
============ Found Relative: joining https://newsroom.tiktok.com/en-us/ and /en-us/footnotes
============ Checking for Redirections: https://newsroom.tiktok.com/en-us/footnotes
============ Link after cleaning: https://newsroom.tiktok.com/en-us/footnotes
========== scraping https://newsroom.tiktok.com/en-us/footnotes
======== We are on link 23 of 113
========== raw link /en-us/footnotes
============ Found Relative: joining https://newsroom.tiktok.com/en-us/ and /en-us/footnotes
============ Checking for Redirections: https://newsroom.tiktok.com/en-us/footnotes
============ Link after cleaning: https://newsroom.tiktok.com/en-us/footnotes
========== link already checked
======== We are on link 24 of 113
========== raw link /en-us/footnotes
============ Found Relative: joining https://newsroom.tiktok.com/en-us/ and /en-us/footnotes
============ Checking for Redirections: https://newsroom.tiktok.com/en-us/footnotes
============ Link after cleaning: https://newsroom.tiktok.com/en-us/footnotes
========== link already checked
======== We are on link 25 of 113
========== raw link /en-us/news
============ Found Relative: joining https://newsroom.tiktok.com/en-us/ and /en-us/news
============ Checking for Redirections: https://newsroom.tiktok.com/en-us/news
============ Link after cleaning: https://newsroom.tiktok.com/en-us/news
========== link already checked
======== We are on link 26 of 113
========== raw link /en-us/statement-from-bytedance
============ Found Relative: joining https://newsroom.tiktok.com/en-us/ and /en-us/statement-from-bytedance
============ Checking for Redirections: https://newsroom.tiktok.com/en-us/statement-from-bytedance
============ Link after cleaning: https://newsroom.tiktok.com/en-us/statement-from-bytedance
========== scraping https://newsroom.tiktok.com/en-us/statement-from-bytedance
======== We are on link 27 of 113
========== raw link /en-us/statement-from-bytedance
============ Found Relative: joining https://newsroom.tiktok.com/en-us/ and /en-us/statement-from-bytedance
============ Checking for Redirections: https://newsroom.tiktok.com/en-us/statement-from-bytedance
============ Link after cleaning: https://newsroom.tiktok.com/en-us/statement-from-bytedance
========== link already checked
======== We are on link 28 of 113
========== raw link /en-us/statement-from-bytedance
============ Found Relative: joining https://newsroom.tiktok.com/en-us/ and /en-us/statement-from-bytedance
============ Checking for Redirections: https://newsroom.tiktok.com/en-us/statement-from-bytedance
============ Link after cleaning: https://newsroom.tiktok.com/en-us/statement-from-bytedance
========== link already checked
======== We are on link 29 of 113
========== raw link /en-us/community
============ Found Relative: joining https://newsroom.tiktok.com/en-us/ and /en-us/community
============ Checking for Redirections: https://newsroom.tiktok.com/en-us/community
============ Link after cleaning: https://newsroom.tiktok.com/en-us/community
========== link already checked
======== We are on link 30 of 113
========== raw link /en-us/tiktok-unveils-in-app-experience-with-selena-gomez-and-benny-blanco
============ Found Relative: joining https://newsroom.tiktok.com/en-us/ and /en-us/tiktok-unveils-in-app-experience-with-selena-gomez-and-benny-blanco
============ Checking for Redirections: https://newsroom.tiktok.com/en-us/tiktok-unveils-in-app-experience-with-selena-gomez-and-benny-blanco
============ Link after cleaning: https://newsroom.tiktok.com/en-us/tiktok-unveils-in-app-experience-with-selena-gomez-and-benny-blanco
========== scraping https://newsroom.tiktok.com/en-us/tiktok-unveils-in-app-experience-with-selena-gomez-and-benny-blanco
======== We are on link 31 of 113
========== raw link /en-us/tiktok-unveils-in-app-experience-with-selena-gomez-and-benny-blanco
============ Found Relative: joining https://newsroom.tiktok.com/en-us/ and /en-us/tiktok-unveils-in-app-experience-with-selena-gomez-and-benny-blanco
============ Checking for Redirections: https://newsroom.tiktok.com/en-us/tiktok-unveils-in-app-experience-with-selena-gomez-and-benny-blanco
============ Link after cleaning: https://newsroom.tiktok.com/en-us/tiktok-unveils-in-app-experience-with-selena-gomez-and-benny-blanco
========== link already checked
======== We are on link 32 of 113
========== raw link /en-us/tiktok-unveils-in-app-experience-with-selena-gomez-and-benny-blanco
============ Found Relative: joining https://newsroom.tiktok.com/en-us/ and /en-us/tiktok-unveils-in-app-experience-with-selena-gomez-and-benny-blanco
============ Checking for Redirections: https://newsroom.tiktok.com/en-us/tiktok-unveils-in-app-experience-with-selena-gomez-and-benny-blanco
============ Link after cleaning: https://newsroom.tiktok.com/en-us/tiktok-unveils-in-app-experience-with-selena-gomez-and-benny-blanco
========== link already checked
======== We are on link 33 of 113
========== raw link /en-us/community
============ Found Relative: joining https://newsroom.tiktok.com/en-us/ and /en-us/community
============ Checking for Redirections: https://newsroom.tiktok.com/en-us/community
============ Link after cleaning: https://newsroom.tiktok.com/en-us/community
========== link already checked
======== We are on link 34 of 113
========== raw link /en-us/launching-amber-alerts-to-americans-on-tiktok
============ Found Relative: joining https://newsroom.tiktok.com/en-us/ and /en-us/launching-amber-alerts-to-americans-on-tiktok
============ Checking for Redirections: https://newsroom.tiktok.com/en-us/launching-amber-alerts-to-americans-on-tiktok
============ Link after cleaning: https://newsroom.tiktok.com/en-us/launching-amber-alerts-to-americans-on-tiktok
========== scraping https://newsroom.tiktok.com/en-us/launching-amber-alerts-to-americans-on-tiktok
======== We are on link 35 of 113
========== raw link /en-us/launching-amber-alerts-to-americans-on-tiktok
============ Found Relative: joining https://newsroom.tiktok.com/en-us/ and /en-us/launching-amber-alerts-to-americans-on-tiktok
============ Checking for Redirections: https://newsroom.tiktok.com/en-us/launching-amber-alerts-to-americans-on-tiktok
============ Link after cleaning: https://newsroom.tiktok.com/en-us/launching-amber-alerts-to-americans-on-tiktok
========== link already checked
======== We are on link 36 of 113
========== raw link /en-us/launching-amber-alerts-to-americans-on-tiktok
============ Found Relative: joining https://newsroom.tiktok.com/en-us/ and /en-us/launching-amber-alerts-to-americans-on-tiktok
============ Checking for Redirections: https://newsroom.tiktok.com/en-us/launching-amber-alerts-to-americans-on-tiktok
============ Link after cleaning: https://newsroom.tiktok.com/en-us/launching-amber-alerts-to-americans-on-tiktok
========== link already checked
======== We are on link 37 of 113
========== raw link /en-us/safety
============ Found Relative: joining https://newsroom.tiktok.com/en-us/ and /en-us/safety
============ Checking for Redirections: https://newsroom.tiktok.com/en-us/safety
============ Link after cleaning: https://newsroom.tiktok.com/en-us/safety
========== link already checked
======== We are on link 38 of 113
========== raw link /en-us/introducing-tiktok-security-checkup
============ Found Relative: joining https://newsroom.tiktok.com/en-us/ and /en-us/introducing-tiktok-security-checkup
============ Checking for Redirections: https://newsroom.tiktok.com/en-us/introducing-tiktok-security-checkup
============ Link after cleaning: https://newsroom.tiktok.com/en-us/introducing-tiktok-security-checkup
========== scraping https://newsroom.tiktok.com/en-us/introducing-tiktok-security-checkup
======== We are on link 39 of 113
========== raw link /en-us/introducing-tiktok-security-checkup
============ Found Relative: joining https://newsroom.tiktok.com/en-us/ and /en-us/introducing-tiktok-security-checkup
============ Checking for Redirections: https://newsroom.tiktok.com/en-us/introducing-tiktok-security-checkup
============ Link after cleaning: https://newsroom.tiktok.com/en-us/introducing-tiktok-security-checkup
========== link already checked
======== We are on link 40 of 113
========== raw link /en-us/introducing-tiktok-security-checkup
============ Found Relative: joining https://newsroom.tiktok.com/en-us/ and /en-us/introducing-tiktok-security-checkup
============ Checking for Redirections: https://newsroom.tiktok.com/en-us/introducing-tiktok-security-checkup
============ Link after cleaning: https://newsroom.tiktok.com/en-us/introducing-tiktok-security-checkup
========== link already checked
======== We are on link 41 of 113
========== raw link /en-us/community
============ Found Relative: joining https://newsroom.tiktok.com/en-us/ and /en-us/community
============ Checking for Redirections: https://newsroom.tiktok.com/en-us/community
============ Link after cleaning: https://newsroom.tiktok.com/en-us/community
========== link already checked
======== We are on link 42 of 113
========== raw link /en-us/pi-day-2025
============ Found Relative: joining https://newsroom.tiktok.com/en-us/ and /en-us/pi-day-2025
============ Checking for Redirections: https://newsroom.tiktok.com/en-us/pi-day-2025
============ Link after cleaning: https://newsroom.tiktok.com/en-us/pi-day-2025
========== scraping https://newsroom.tiktok.com/en-us/pi-day-2025
======== We are on link 43 of 113
========== raw link /en-us/pi-day-2025
============ Found Relative: joining https://newsroom.tiktok.com/en-us/ and /en-us/pi-day-2025
============ Checking for Redirections: https://newsroom.tiktok.com/en-us/pi-day-2025
============ Link after cleaning: https://newsroom.tiktok.com/en-us/pi-day-2025
========== link already checked
======== We are on link 44 of 113
========== raw link /en-us/pi-day-2025
============ Found Relative: joining https://newsroom.tiktok.com/en-us/ and /en-us/pi-day-2025
============ Checking for Redirections: https://newsroom.tiktok.com/en-us/pi-day-2025
============ Link after cleaning: https://newsroom.tiktok.com/en-us/pi-day-2025
========== link already checked
======== We are on link 45 of 113
========== raw link /en-us/safety
============ Found Relative: joining https://newsroom.tiktok.com/en-us/ and /en-us/safety
============ Checking for Redirections: https://newsroom.tiktok.com/en-us/safety
============ Link after cleaning: https://newsroom.tiktok.com/en-us/safety
========== link already checked
======== We are on link 46 of 113
========== raw link /en-us/new-ways-we-are-supporting-parents-and-helping-teens-build-balanced-digital-habits
============ Found Relative: joining https://newsroom.tiktok.com/en-us/ and /en-us/new-ways-we-are-supporting-parents-and-helping-teens-build-balanced-digital-habits
============ Checking for Redirections: https://newsroom.tiktok.com/en-us/new-ways-we-are-supporting-parents-and-helping-teens-build-balanced-digital-habits
============ Link after cleaning: https://newsroom.tiktok.com/en-us/new-ways-we-are-supporting-parents-and-helping-teens-build-balanced-digital-habits
========== scraping https://newsroom.tiktok.com/en-us/new-ways-we-are-supporting-parents-and-helping-teens-build-balanced-digital-habits
======== We are on link 47 of 113
========== raw link /en-us/new-ways-we-are-supporting-parents-and-helping-teens-build-balanced-digital-habits
============ Found Relative: joining https://newsroom.tiktok.com/en-us/ and /en-us/new-ways-we-are-supporting-parents-and-helping-teens-build-balanced-digital-habits
============ Checking for Redirections: https://newsroom.tiktok.com/en-us/new-ways-we-are-supporting-parents-and-helping-teens-build-balanced-digital-habits
============ Link after cleaning: https://newsroom.tiktok.com/en-us/new-ways-we-are-supporting-parents-and-helping-teens-build-balanced-digital-habits
========== link already checked
======== We are on link 48 of 113
========== raw link /en-us/new-ways-we-are-supporting-parents-and-helping-teens-build-balanced-digital-habits
============ Found Relative: joining https://newsroom.tiktok.com/en-us/ and /en-us/new-ways-we-are-supporting-parents-and-helping-teens-build-balanced-digital-habits
============ Checking for Redirections: https://newsroom.tiktok.com/en-us/new-ways-we-are-supporting-parents-and-helping-teens-build-balanced-digital-habits
============ Link after cleaning: https://newsroom.tiktok.com/en-us/new-ways-we-are-supporting-parents-and-helping-teens-build-balanced-digital-habits
========== link already checked
======== We are on link 49 of 113
========== raw link /en-us/company
============ Found Relative: joining https://newsroom.tiktok.com/en-us/ and /en-us/company
============ Checking for Redirections: https://newsroom.tiktok.com/en-us/company
============ Link after cleaning: https://newsroom.tiktok.com/en-us/company
========== link already checked
======== We are on link 50 of 113
========== raw link /en-us/oxford-economics-us-jobs-impact-report
============ Found Relative: joining https://newsroom.tiktok.com/en-us/ and /en-us/oxford-economics-us-jobs-impact-report
============ Checking for Redirections: https://newsroom.tiktok.com/en-us/oxford-economics-us-jobs-impact-report
============ Link after cleaning: https://newsroom.tiktok.com/en-us/oxford-economics-us-jobs-impact-report
========== scraping https://newsroom.tiktok.com/en-us/oxford-economics-us-jobs-impact-report
======== We are on link 51 of 113
========== raw link /en-us/oxford-economics-us-jobs-impact-report
============ Found Relative: joining https://newsroom.tiktok.com/en-us/ and /en-us/oxford-economics-us-jobs-impact-report
============ Checking for Redirections: https://newsroom.tiktok.com/en-us/oxford-economics-us-jobs-impact-report
============ Link after cleaning: https://newsroom.tiktok.com/en-us/oxford-economics-us-jobs-impact-report
========== link already checked
======== We are on link 52 of 113
========== raw link /en-us/oxford-economics-us-jobs-impact-report
============ Found Relative: joining https://newsroom.tiktok.com/en-us/ and /en-us/oxford-economics-us-jobs-impact-report
============ Checking for Redirections: https://newsroom.tiktok.com/en-us/oxford-economics-us-jobs-impact-report
============ Link after cleaning: https://newsroom.tiktok.com/en-us/oxford-economics-us-jobs-impact-report
========== link already checked
======== We are on link 53 of 113
========== raw link /en-us/community
============ Found Relative: joining https://newsroom.tiktok.com/en-us/ and /en-us/community
============ Checking for Redirections: https://newsroom.tiktok.com/en-us/community
============ Link after cleaning: https://newsroom.tiktok.com/en-us/community
========== link already checked
======== We are on link 54 of 113
========== raw link /en-us/women-of-tiktok-celebrating-extraordinary-women-driving-real-world-change
============ Found Relative: joining https://newsroom.tiktok.com/en-us/ and /en-us/women-of-tiktok-celebrating-extraordinary-women-driving-real-world-change
============ Checking for Redirections: https://newsroom.tiktok.com/en-us/women-of-tiktok-celebrating-extraordinary-women-driving-real-world-change
============ Link after cleaning: https://newsroom.tiktok.com/en-us/women-of-tiktok-celebrating-extraordinary-women-driving-real-world-change
========== scraping https://newsroom.tiktok.com/en-us/women-of-tiktok-celebrating-extraordinary-women-driving-real-world-change
======== We are on link 55 of 113
========== raw link /en-us/women-of-tiktok-celebrating-extraordinary-women-driving-real-world-change
============ Found Relative: joining https://newsroom.tiktok.com/en-us/ and /en-us/women-of-tiktok-celebrating-extraordinary-women-driving-real-world-change
============ Checking for Redirections: https://newsroom.tiktok.com/en-us/women-of-tiktok-celebrating-extraordinary-women-driving-real-world-change
============ Link after cleaning: https://newsroom.tiktok.com/en-us/women-of-tiktok-celebrating-extraordinary-women-driving-real-world-change
========== link already checked
======== We are on link 56 of 113
========== raw link /en-us/women-of-tiktok-celebrating-extraordinary-women-driving-real-world-change
============ Found Relative: joining https://newsroom.tiktok.com/en-us/ and /en-us/women-of-tiktok-celebrating-extraordinary-women-driving-real-world-change
============ Checking for Redirections: https://newsroom.tiktok.com/en-us/women-of-tiktok-celebrating-extraordinary-women-driving-real-world-change
============ Link after cleaning: https://newsroom.tiktok.com/en-us/women-of-tiktok-celebrating-extraordinary-women-driving-real-world-change
========== link already checked
======== We are on link 57 of 113
========== raw link /en-us/community
============ Found Relative: joining https://newsroom.tiktok.com/en-us/ and /en-us/community
============ Checking for Redirections: https://newsroom.tiktok.com/en-us/community
============ Link after cleaning: https://newsroom.tiktok.com/en-us/community
========== link already checked
======== We are on link 58 of 113
========== raw link /en-us/tiktok-and-lady-gaga-unleash-mayhem-with-an-exclusive-in-app-experience
============ Found Relative: joining https://newsroom.tiktok.com/en-us/ and /en-us/tiktok-and-lady-gaga-unleash-mayhem-with-an-exclusive-in-app-experience
============ Checking for Redirections: https://newsroom.tiktok.com/en-us/tiktok-and-lady-gaga-unleash-mayhem-with-an-exclusive-in-app-experience
============ Link after cleaning: https://newsroom.tiktok.com/en-us/tiktok-and-lady-gaga-unleash-mayhem-with-an-exclusive-in-app-experience
========== scraping https://newsroom.tiktok.com/en-us/tiktok-and-lady-gaga-unleash-mayhem-with-an-exclusive-in-app-experience
======== We are on link 59 of 113
========== raw link /en-us/tiktok-and-lady-gaga-unleash-mayhem-with-an-exclusive-in-app-experience
============ Found Relative: joining https://newsroom.tiktok.com/en-us/ and /en-us/tiktok-and-lady-gaga-unleash-mayhem-with-an-exclusive-in-app-experience
============ Checking for Redirections: https://newsroom.tiktok.com/en-us/tiktok-and-lady-gaga-unleash-mayhem-with-an-exclusive-in-app-experience
============ Link after cleaning: https://newsroom.tiktok.com/en-us/tiktok-and-lady-gaga-unleash-mayhem-with-an-exclusive-in-app-experience
========== link already checked
======== We are on link 60 of 113
========== raw link /en-us/tiktok-and-lady-gaga-unleash-mayhem-with-an-exclusive-in-app-experience
============ Found Relative: joining https://newsroom.tiktok.com/en-us/ and /en-us/tiktok-and-lady-gaga-unleash-mayhem-with-an-exclusive-in-app-experience
============ Checking for Redirections: https://newsroom.tiktok.com/en-us/tiktok-and-lady-gaga-unleash-mayhem-with-an-exclusive-in-app-experience
============ Link after cleaning: https://newsroom.tiktok.com/en-us/tiktok-and-lady-gaga-unleash-mayhem-with-an-exclusive-in-app-experience
========== link already checked
======== We are on link 61 of 113
========== raw link /en-us/product
============ Found Relative: joining https://newsroom.tiktok.com/en-us/ and /en-us/product
============ Checking for Redirections: https://newsroom.tiktok.com/en-us/product
============ Link after cleaning: https://newsroom.tiktok.com/en-us/product
========== link already checked
======== We are on link 62 of 113
========== raw link /en-us/new-features-bring-tiktok-magic-to-desktop
============ Found Relative: joining https://newsroom.tiktok.com/en-us/ and /en-us/new-features-bring-tiktok-magic-to-desktop
============ Checking for Redirections: https://newsroom.tiktok.com/en-us/new-features-bring-tiktok-magic-to-desktop
============ Link after cleaning: https://newsroom.tiktok.com/en-us/new-features-bring-tiktok-magic-to-desktop
========== scraping https://newsroom.tiktok.com/en-us/new-features-bring-tiktok-magic-to-desktop
======== We are on link 63 of 113
========== raw link /en-us/new-features-bring-tiktok-magic-to-desktop
============ Found Relative: joining https://newsroom.tiktok.com/en-us/ and /en-us/new-features-bring-tiktok-magic-to-desktop
============ Checking for Redirections: https://newsroom.tiktok.com/en-us/new-features-bring-tiktok-magic-to-desktop
============ Link after cleaning: https://newsroom.tiktok.com/en-us/new-features-bring-tiktok-magic-to-desktop
========== link already checked
======== We are on link 64 of 113
========== raw link /en-us/new-features-bring-tiktok-magic-to-desktop
============ Found Relative: joining https://newsroom.tiktok.com/en-us/ and /en-us/new-features-bring-tiktok-magic-to-desktop
============ Checking for Redirections: https://newsroom.tiktok.com/en-us/new-features-bring-tiktok-magic-to-desktop
============ Link after cleaning: https://newsroom.tiktok.com/en-us/new-features-bring-tiktok-magic-to-desktop
========== link already checked
======== We are on link 65 of 113
========== raw link /en-us/community
============ Found Relative: joining https://newsroom.tiktok.com/en-us/ and /en-us/community
============ Checking for Redirections: https://newsroom.tiktok.com/en-us/community
============ Link after cleaning: https://newsroom.tiktok.com/en-us/community
========== link already checked
======== We are on link 66 of 113
========== raw link /en-us/filmtok-97th-oscars
============ Found Relative: joining https://newsroom.tiktok.com/en-us/ and /en-us/filmtok-97th-oscars
============ Checking for Redirections: https://newsroom.tiktok.com/en-us/filmtok-97th-oscars
============ Link after cleaning: https://newsroom.tiktok.com/en-us/filmtok-97th-oscars
========== scraping https://newsroom.tiktok.com/en-us/filmtok-97th-oscars
======== We are on link 67 of 113
========== raw link /en-us/filmtok-97th-oscars
============ Found Relative: joining https://newsroom.tiktok.com/en-us/ and /en-us/filmtok-97th-oscars
============ Checking for Redirections: https://newsroom.tiktok.com/en-us/filmtok-97th-oscars
============ Link after cleaning: https://newsroom.tiktok.com/en-us/filmtok-97th-oscars
========== link already checked
======== We are on link 68 of 113
========== raw link /en-us/filmtok-97th-oscars
============ Found Relative: joining https://newsroom.tiktok.com/en-us/ and /en-us/filmtok-97th-oscars
============ Checking for Redirections: https://newsroom.tiktok.com/en-us/filmtok-97th-oscars
============ Link after cleaning: https://newsroom.tiktok.com/en-us/filmtok-97th-oscars
========== link already checked
======== We are on link 69 of 113
========== raw link /en-us/community
============ Found Relative: joining https://newsroom.tiktok.com/en-us/ and /en-us/community
============ Checking for Redirections: https://newsroom.tiktok.com/en-us/community
============ Link after cleaning: https://newsroom.tiktok.com/en-us/community
========== link already checked
======== We are on link 70 of 113
========== raw link /en-us/tate-mcrae-experience-and-shoppable-global-livestream
============ Found Relative: joining https://newsroom.tiktok.com/en-us/ and /en-us/tate-mcrae-experience-and-shoppable-global-livestream
============ Checking for Redirections: https://newsroom.tiktok.com/en-us/tate-mcrae-experience-and-shoppable-global-livestream
============ Link after cleaning: https://newsroom.tiktok.com/en-us/tate-mcrae-experience-and-shoppable-global-livestream
========== scraping https://newsroom.tiktok.com/en-us/tate-mcrae-experience-and-shoppable-global-livestream
======== We are on link 71 of 113
========== raw link /en-us/tate-mcrae-experience-and-shoppable-global-livestream
============ Found Relative: joining https://newsroom.tiktok.com/en-us/ and /en-us/tate-mcrae-experience-and-shoppable-global-livestream
============ Checking for Redirections: https://newsroom.tiktok.com/en-us/tate-mcrae-experience-and-shoppable-global-livestream
============ Link after cleaning: https://newsroom.tiktok.com/en-us/tate-mcrae-experience-and-shoppable-global-livestream
========== link already checked
======== We are on link 72 of 113
========== raw link /en-us/tate-mcrae-experience-and-shoppable-global-livestream
============ Found Relative: joining https://newsroom.tiktok.com/en-us/ and /en-us/tate-mcrae-experience-and-shoppable-global-livestream
============ Checking for Redirections: https://newsroom.tiktok.com/en-us/tate-mcrae-experience-and-shoppable-global-livestream
============ Link after cleaning: https://newsroom.tiktok.com/en-us/tate-mcrae-experience-and-shoppable-global-livestream
========== link already checked
======== We are on link 73 of 113
========== raw link /en-us/community
============ Found Relative: joining https://newsroom.tiktok.com/en-us/ and /en-us/community
============ Checking for Redirections: https://newsroom.tiktok.com/en-us/community
============ Link after cleaning: https://newsroom.tiktok.com/en-us/community
========== link already checked
======== We are on link 74 of 113
========== raw link /en-us/celebrating-the-power-of-community-and-creativity-on-tiktok-live-in-2024
============ Found Relative: joining https://newsroom.tiktok.com/en-us/ and /en-us/celebrating-the-power-of-community-and-creativity-on-tiktok-live-in-2024
============ Checking for Redirections: https://newsroom.tiktok.com/en-us/celebrating-the-power-of-community-and-creativity-on-tiktok-live-in-2024
============ Link after cleaning: https://newsroom.tiktok.com/en-us/celebrating-the-power-of-community-and-creativity-on-tiktok-live-in-2024
========== scraping https://newsroom.tiktok.com/en-us/celebrating-the-power-of-community-and-creativity-on-tiktok-live-in-2024
======== We are on link 75 of 113
========== raw link /en-us/celebrating-the-power-of-community-and-creativity-on-tiktok-live-in-2024
============ Found Relative: joining https://newsroom.tiktok.com/en-us/ and /en-us/celebrating-the-power-of-community-and-creativity-on-tiktok-live-in-2024
============ Checking for Redirections: https://newsroom.tiktok.com/en-us/celebrating-the-power-of-community-and-creativity-on-tiktok-live-in-2024
============ Link after cleaning: https://newsroom.tiktok.com/en-us/celebrating-the-power-of-community-and-creativity-on-tiktok-live-in-2024
========== link already checked
======== We are on link 76 of 113
========== raw link /en-us/celebrating-the-power-of-community-and-creativity-on-tiktok-live-in-2024
============ Found Relative: joining https://newsroom.tiktok.com/en-us/ and /en-us/celebrating-the-power-of-community-and-creativity-on-tiktok-live-in-2024
============ Checking for Redirections: https://newsroom.tiktok.com/en-us/celebrating-the-power-of-community-and-creativity-on-tiktok-live-in-2024
============ Link after cleaning: https://newsroom.tiktok.com/en-us/celebrating-the-power-of-community-and-creativity-on-tiktok-live-in-2024
========== link already checked
======== We are on link 77 of 113
========== raw link /en-us/product
============ Found Relative: joining https://newsroom.tiktok.com/en-us/ and /en-us/product
============ Checking for Redirections: https://newsroom.tiktok.com/en-us/product
============ Link after cleaning: https://newsroom.tiktok.com/en-us/product
========== link already checked
======== We are on link 78 of 113
========== raw link /en-us/tiktok-partners-with-american-heart-association-for-2nd-annual-live-event
============ Found Relative: joining https://newsroom.tiktok.com/en-us/ and /en-us/tiktok-partners-with-american-heart-association-for-2nd-annual-live-event
============ Checking for Redirections: https://newsroom.tiktok.com/en-us/tiktok-partners-with-american-heart-association-for-2nd-annual-live-event
============ Link after cleaning: https://newsroom.tiktok.com/en-us/tiktok-partners-with-american-heart-association-for-2nd-annual-live-event
========== scraping https://newsroom.tiktok.com/en-us/tiktok-partners-with-american-heart-association-for-2nd-annual-live-event
======== We are on link 79 of 113
========== raw link /en-us/tiktok-partners-with-american-heart-association-for-2nd-annual-live-event
============ Found Relative: joining https://newsroom.tiktok.com/en-us/ and /en-us/tiktok-partners-with-american-heart-association-for-2nd-annual-live-event
============ Checking for Redirections: https://newsroom.tiktok.com/en-us/tiktok-partners-with-american-heart-association-for-2nd-annual-live-event
============ Link after cleaning: https://newsroom.tiktok.com/en-us/tiktok-partners-with-american-heart-association-for-2nd-annual-live-event
========== link already checked
======== We are on link 80 of 113
========== raw link /en-us/tiktok-partners-with-american-heart-association-for-2nd-annual-live-event
============ Found Relative: joining https://newsroom.tiktok.com/en-us/ and /en-us/tiktok-partners-with-american-heart-association-for-2nd-annual-live-event
============ Checking for Redirections: https://newsroom.tiktok.com/en-us/tiktok-partners-with-american-heart-association-for-2nd-annual-live-event
============ Link after cleaning: https://newsroom.tiktok.com/en-us/tiktok-partners-with-american-heart-association-for-2nd-annual-live-event
========== link already checked
======== We are on link 81 of 113
========== raw link /en-us/news
============ Found Relative: joining https://newsroom.tiktok.com/en-us/ and /en-us/news
============ Checking for Redirections: https://newsroom.tiktok.com/en-us/news
============ Link after cleaning: https://newsroom.tiktok.com/en-us/news
========== link already checked
======== We are on link 82 of 113
========== raw link /en-us/tiktok-is-now-available-on-the-app-store-and-play-store
============ Found Relative: joining https://newsroom.tiktok.com/en-us/ and /en-us/tiktok-is-now-available-on-the-app-store-and-play-store
============ Checking for Redirections: https://newsroom.tiktok.com/en-us/tiktok-is-now-available-on-the-app-store-and-play-store
============ Link after cleaning: https://newsroom.tiktok.com/en-us/tiktok-is-now-available-on-the-app-store-and-play-store
========== scraping https://newsroom.tiktok.com/en-us/tiktok-is-now-available-on-the-app-store-and-play-store
======== We are on link 83 of 113
========== raw link /en-us/tiktok-is-now-available-on-the-app-store-and-play-store
============ Found Relative: joining https://newsroom.tiktok.com/en-us/ and /en-us/tiktok-is-now-available-on-the-app-store-and-play-store
============ Checking for Redirections: https://newsroom.tiktok.com/en-us/tiktok-is-now-available-on-the-app-store-and-play-store
============ Link after cleaning: https://newsroom.tiktok.com/en-us/tiktok-is-now-available-on-the-app-store-and-play-store
========== link already checked
======== We are on link 84 of 113
========== raw link /en-us/tiktok-is-now-available-on-the-app-store-and-play-store
============ Found Relative: joining https://newsroom.tiktok.com/en-us/ and /en-us/tiktok-is-now-available-on-the-app-store-and-play-store
============ Checking for Redirections: https://newsroom.tiktok.com/en-us/tiktok-is-now-available-on-the-app-store-and-play-store
============ Link after cleaning: https://newsroom.tiktok.com/en-us/tiktok-is-now-available-on-the-app-store-and-play-store
========== link already checked
======== We are on link 85 of 113
========== raw link /en-us/news
============ Found Relative: joining https://newsroom.tiktok.com/en-us/ and /en-us/news
============ Checking for Redirections: https://newsroom.tiktok.com/en-us/news
============ Link after cleaning: https://newsroom.tiktok.com/en-us/news
========== link already checked
======== We are on link 86 of 113
========== raw link /en-us/tiktok-and-luminate-release-latest-music-impact-report
============ Found Relative: joining https://newsroom.tiktok.com/en-us/ and /en-us/tiktok-and-luminate-release-latest-music-impact-report
============ Checking for Redirections: https://newsroom.tiktok.com/en-us/tiktok-and-luminate-release-latest-music-impact-report
============ Link after cleaning: https://newsroom.tiktok.com/en-us/tiktok-and-luminate-release-latest-music-impact-report
========== scraping https://newsroom.tiktok.com/en-us/tiktok-and-luminate-release-latest-music-impact-report
======== We are on link 87 of 113
========== raw link /en-us/tiktok-and-luminate-release-latest-music-impact-report
============ Found Relative: joining https://newsroom.tiktok.com/en-us/ and /en-us/tiktok-and-luminate-release-latest-music-impact-report
============ Checking for Redirections: https://newsroom.tiktok.com/en-us/tiktok-and-luminate-release-latest-music-impact-report
============ Link after cleaning: https://newsroom.tiktok.com/en-us/tiktok-and-luminate-release-latest-music-impact-report
========== link already checked
======== We are on link 88 of 113
========== raw link /en-us/tiktok-and-luminate-release-latest-music-impact-report
============ Found Relative: joining https://newsroom.tiktok.com/en-us/ and /en-us/tiktok-and-luminate-release-latest-music-impact-report
============ Checking for Redirections: https://newsroom.tiktok.com/en-us/tiktok-and-luminate-release-latest-music-impact-report
============ Link after cleaning: https://newsroom.tiktok.com/en-us/tiktok-and-luminate-release-latest-music-impact-report
========== link already checked
======== We are on link 89 of 113
========== raw link https://www.tiktok.com
============ Checking for Redirections: https://www.tiktok.com
========== dropped link https://www.tiktok.com. Could not follow redirection (or it was a meaninglessly small page or bot blocked by sessionID).
======== We are on link 90 of 113
========== raw link https://www.tiktok.com/about?lang=en
============ Checking for Redirections: https://www.tiktok.com/about?lang=en
========== dropped link https://www.tiktok.com/about?lang=en. Could not follow redirection (or it was a meaninglessly small page or bot blocked by sessionID).
======== We are on link 91 of 113
========== raw link https://newsroom.tiktok.com?lang=en
============ Checking for Redirections: https://newsroom.tiktok.com?lang=en
============ Followed Redirection to https://newsroom.tiktok.com/en-us/
============ Link after cleaning: https://newsroom.tiktok.com/en-us/
========== link already checked
======== We are on link 92 of 113
========== raw link https://www.tiktok.com/about/contact?lang=en
============ Checking for Redirections: https://www.tiktok.com/about/contact?lang=en
========== dropped link https://www.tiktok.com/about/contact?lang=en. Could not follow redirection (or it was a meaninglessly small page or bot blocked by sessionID).
======== We are on link 93 of 113
========== raw link https://careers.tiktok.com?lang=en
============ Checking for Redirections: https://careers.tiktok.com?lang=en
============ Followed Redirection to https://lifeattiktok.com/?lang=en
============ Link after cleaning: https://lifeattiktok.com/
========== link already checked
======== We are on link 94 of 113
========== raw link https://www.bytedance.com?lang=en
========== dropped link https://www.bytedance.com?lang=en. Didn't pass first allows/blocks test.
======== We are on link 95 of 113
========== raw link https://www.tiktok.com/for-good?lang=en
============ Checking for Redirections: https://www.tiktok.com/for-good?lang=en
========== dropped link https://www.tiktok.com/for-good?lang=en. Could not follow redirection (or it was a meaninglessly small page or bot blocked by sessionID).
======== We are on link 96 of 113
========== raw link https://developers.tiktok.com?lang=en
============ Checking for Redirections: https://developers.tiktok.com?lang=en
============ Followed Redirection to https://developers.tiktok.com/?lang=en
============ Link after cleaning: https://developers.tiktok.com/
========== link already checked
======== We are on link 97 of 113
========== raw link https://effecthouse.tiktok.com?lang=en
============ Checking for Redirections: https://effecthouse.tiktok.com?lang=en
============ Followed Redirection to https://effecthouse.tiktok.com/?lang=en
============ Link after cleaning: https://effecthouse.tiktok.com/
========== link already checked
======== We are on link 98 of 113
========== raw link https://www.tiktok.com/business?lang=en
============ Checking for Redirections: https://www.tiktok.com/business?lang=en
========== dropped link https://www.tiktok.com/business?lang=en. Could not follow redirection (or it was a meaninglessly small page or bot blocked by sessionID).
======== We are on link 99 of 113
========== raw link https://www.tiktok.com/browse?lang=en
============ Checking for Redirections: https://www.tiktok.com/browse?lang=en
========== dropped link https://www.tiktok.com/browse?lang=en. Could not follow redirection (or it was a meaninglessly small page or bot blocked by sessionID).
======== We are on link 100 of 113
========== raw link https://www.tiktok.com/embed?lang=en
============ Checking for Redirections: https://www.tiktok.com/embed?lang=en
========== dropped link https://www.tiktok.com/embed?lang=en. Could not follow redirection (or it was a meaninglessly small page or bot blocked by sessionID).
======== We are on link 101 of 113
========== raw link https://www.tiktok.com/tiktok-rewards?lang=en
============ Checking for Redirections: https://www.tiktok.com/tiktok-rewards?lang=en
========== dropped link https://www.tiktok.com/tiktok-rewards?lang=en. Could not follow redirection (or it was a meaninglessly small page or bot blocked by sessionID).
======== We are on link 102 of 113
========== raw link https://www.tiktok.com/download/en
============ Checking for Redirections: https://www.tiktok.com/download/en
========== dropped link https://www.tiktok.com/download/en. Could not follow redirection (or it was a meaninglessly small page or bot blocked by sessionID).
======== We are on link 103 of 113
========== raw link https://support.tiktok.com?lang=en
============ Checking for Redirections: https://support.tiktok.com?lang=en
========== dropped link https://support.tiktok.com?lang=en. Could not follow redirection (or it was a meaninglessly small page or bot blocked by sessionID).
======== We are on link 104 of 113
========== raw link https://www.tiktok.com/safety?lang=en
============ Checking for Redirections: https://www.tiktok.com/safety?lang=en
========== dropped link https://www.tiktok.com/safety?lang=en. Could not follow redirection (or it was a meaninglessly small page or bot blocked by sessionID).
======== We are on link 105 of 113
========== raw link https://www.tiktok.com/privacy/overview?lang=en
============ Checking for Redirections: https://www.tiktok.com/privacy/overview?lang=en
========== dropped link https://www.tiktok.com/privacy/overview?lang=en. Could not follow redirection (or it was a meaninglessly small page or bot blocked by sessionID).
======== We are on link 106 of 113
========== raw link https://www.tiktok.com/creator-academy?lang=en
============ Checking for Redirections: https://www.tiktok.com/creator-academy?lang=en
========== dropped link https://www.tiktok.com/creator-academy?lang=en. Could not follow redirection (or it was a meaninglessly small page or bot blocked by sessionID).
======== We are on link 107 of 113
========== raw link https://www.tiktok.com/community-guidelines?lang=en
============ Checking for Redirections: https://www.tiktok.com/community-guidelines?lang=en
========== dropped link https://www.tiktok.com/community-guidelines?lang=en. Could not follow redirection (or it was a meaninglessly small page or bot blocked by sessionID).
======== We are on link 108 of 113
========== raw link https://www.tiktok.com/transparency?lang=en
============ Checking for Redirections: https://www.tiktok.com/transparency?lang=en
========== dropped link https://www.tiktok.com/transparency?lang=en. Could not follow redirection (or it was a meaninglessly small page or bot blocked by sessionID).
======== We are on link 109 of 113
========== raw link https://www.tiktok.com/accessibility?lang=en
============ Checking for Redirections: https://www.tiktok.com/accessibility?lang=en
========== dropped link https://www.tiktok.com/accessibility?lang=en. Could not follow redirection (or it was a meaninglessly small page or bot blocked by sessionID).
======== We are on link 110 of 113
========== raw link https://www.tiktok.com/legal/terms-of-service?lang=en
============ Checking for Redirections: https://www.tiktok.com/legal/terms-of-service?lang=en
========== dropped link https://www.tiktok.com/legal/terms-of-service?lang=en. Could not follow redirection (or it was a meaninglessly small page or bot blocked by sessionID).
======== We are on link 111 of 113
========== raw link https://www.tiktok.com/legal/privacy-policy?lang=en
============ Checking for Redirections: https://www.tiktok.com/legal/privacy-policy?lang=en
========== dropped link https://www.tiktok.com/legal/privacy-policy?lang=en. Could not follow redirection (or it was a meaninglessly small page or bot blocked by sessionID).
======== We are on link 112 of 113
========== raw link https://www.tiktok.com/legal/copyright-policy?lang=en
============ Checking for Redirections: https://www.tiktok.com/legal/copyright-policy?lang=en
========== dropped link https://www.tiktok.com/legal/copyright-policy?lang=en. Could not follow redirection (or it was a meaninglessly small page or bot blocked by sessionID).
======== We are on link 113 of 113
========== raw link https://www.tiktok.com/legal/law-enforcement?lang=en
============ Checking for Redirections: https://www.tiktok.com/legal/law-enforcement?lang=en
========== dropped link https://www.tiktok.com/legal/law-enforcement?lang=en. Could not follow redirection (or it was a meaninglessly small page or bot blocked by sessionID).
====== We are on page 3 of 9: https://www.tiktok.com/community-guidelines/en?lang=en
====== Number of Links on this Page: 82
======== We are on link 1 of 82
========== raw link /community-guidelines/en/overview
============ Found Relative: joining https://www.tiktok.com/community-guidelines/en?lang=en and /community-guidelines/en/overview
============ Checking for Redirections: https://www.tiktok.com/community-guidelines/en/overview
========== dropped link https://www.tiktok.com/community-guidelines/en/overview. Could not follow redirection (or it was a meaninglessly small page or bot blocked by sessionID).
======== We are on link 2 of 82
========== raw link /community-guidelines/en/community-principles
============ Found Relative: joining https://www.tiktok.com/community-guidelines/en?lang=en and /community-guidelines/en/community-principles
============ Checking for Redirections: https://www.tiktok.com/community-guidelines/en/community-principles
========== dropped link https://www.tiktok.com/community-guidelines/en/community-principles. Could not follow redirection (or it was a meaninglessly small page or bot blocked by sessionID).
======== We are on link 3 of 82
========== raw link /community-guidelines/en/youth-safety
============ Found Relative: joining https://www.tiktok.com/community-guidelines/en?lang=en and /community-guidelines/en/youth-safety
============ Checking for Redirections: https://www.tiktok.com/community-guidelines/en/youth-safety
========== dropped link https://www.tiktok.com/community-guidelines/en/youth-safety. Could not follow redirection (or it was a meaninglessly small page or bot blocked by sessionID).
======== We are on link 4 of 82
========== raw link /community-guidelines/en/safety-civility
============ Found Relative: joining https://www.tiktok.com/community-guidelines/en?lang=en and /community-guidelines/en/safety-civility
============ Checking for Redirections: https://www.tiktok.com/community-guidelines/en/safety-civility
========== dropped link https://www.tiktok.com/community-guidelines/en/safety-civility. Could not follow redirection (or it was a meaninglessly small page or bot blocked by sessionID).
======== We are on link 5 of 82
========== raw link /community-guidelines/en/safety-civility#1
============ Found Relative: joining https://www.tiktok.com/community-guidelines/en?lang=en and /community-guidelines/en/safety-civility#1
============ Checking for Redirections: https://www.tiktok.com/community-guidelines/en/safety-civility#1
========== dropped link https://www.tiktok.com/community-guidelines/en/safety-civility#1. Could not follow redirection (or it was a meaninglessly small page or bot blocked by sessionID).
======== We are on link 6 of 82
========== raw link /community-guidelines/en/safety-civility#2
============ Found Relative: joining https://www.tiktok.com/community-guidelines/en?lang=en and /community-guidelines/en/safety-civility#2
============ Checking for Redirections: https://www.tiktok.com/community-guidelines/en/safety-civility#2
========== dropped link https://www.tiktok.com/community-guidelines/en/safety-civility#2. Could not follow redirection (or it was a meaninglessly small page or bot blocked by sessionID).
======== We are on link 7 of 82
========== raw link /community-guidelines/en/safety-civility#3
============ Found Relative: joining https://www.tiktok.com/community-guidelines/en?lang=en and /community-guidelines/en/safety-civility#3
============ Checking for Redirections: https://www.tiktok.com/community-guidelines/en/safety-civility#3
========== dropped link https://www.tiktok.com/community-guidelines/en/safety-civility#3. Could not follow redirection (or it was a meaninglessly small page or bot blocked by sessionID).
======== We are on link 8 of 82
========== raw link /community-guidelines/en/safety-civility#4
============ Found Relative: joining https://www.tiktok.com/community-guidelines/en?lang=en and /community-guidelines/en/safety-civility#4
============ Checking for Redirections: https://www.tiktok.com/community-guidelines/en/safety-civility#4
========== dropped link https://www.tiktok.com/community-guidelines/en/safety-civility#4. Could not follow redirection (or it was a meaninglessly small page or bot blocked by sessionID).
======== We are on link 9 of 82
========== raw link /community-guidelines/en/safety-civility#5
============ Found Relative: joining https://www.tiktok.com/community-guidelines/en?lang=en and /community-guidelines/en/safety-civility#5
============ Checking for Redirections: https://www.tiktok.com/community-guidelines/en/safety-civility#5
========== dropped link https://www.tiktok.com/community-guidelines/en/safety-civility#5. Could not follow redirection (or it was a meaninglessly small page or bot blocked by sessionID).
======== We are on link 10 of 82
========== raw link /community-guidelines/en/safety-civility#6
============ Found Relative: joining https://www.tiktok.com/community-guidelines/en?lang=en and /community-guidelines/en/safety-civility#6
============ Checking for Redirections: https://www.tiktok.com/community-guidelines/en/safety-civility#6
========== dropped link https://www.tiktok.com/community-guidelines/en/safety-civility#6. Could not follow redirection (or it was a meaninglessly small page or bot blocked by sessionID).
======== We are on link 11 of 82
========== raw link /community-guidelines/en/safety-civility#7
============ Found Relative: joining https://www.tiktok.com/community-guidelines/en?lang=en and /community-guidelines/en/safety-civility#7
============ Checking for Redirections: https://www.tiktok.com/community-guidelines/en/safety-civility#7
========== dropped link https://www.tiktok.com/community-guidelines/en/safety-civility#7. Could not follow redirection (or it was a meaninglessly small page or bot blocked by sessionID).
======== We are on link 12 of 82
========== raw link /community-guidelines/en/mental-behavioral-health
============ Found Relative: joining https://www.tiktok.com/community-guidelines/en?lang=en and /community-guidelines/en/mental-behavioral-health
============ Checking for Redirections: https://www.tiktok.com/community-guidelines/en/mental-behavioral-health
========== dropped link https://www.tiktok.com/community-guidelines/en/mental-behavioral-health. Could not follow redirection (or it was a meaninglessly small page or bot blocked by sessionID).
======== We are on link 13 of 82
========== raw link /community-guidelines/en/mental-behavioral-health#1
============ Found Relative: joining https://www.tiktok.com/community-guidelines/en?lang=en and /community-guidelines/en/mental-behavioral-health#1
============ Checking for Redirections: https://www.tiktok.com/community-guidelines/en/mental-behavioral-health#1
========== dropped link https://www.tiktok.com/community-guidelines/en/mental-behavioral-health#1. Could not follow redirection (or it was a meaninglessly small page or bot blocked by sessionID).
======== We are on link 14 of 82
========== raw link /community-guidelines/en/mental-behavioral-health#2
============ Found Relative: joining https://www.tiktok.com/community-guidelines/en?lang=en and /community-guidelines/en/mental-behavioral-health#2
============ Checking for Redirections: https://www.tiktok.com/community-guidelines/en/mental-behavioral-health#2
========== dropped link https://www.tiktok.com/community-guidelines/en/mental-behavioral-health#2. Could not follow redirection (or it was a meaninglessly small page or bot blocked by sessionID).
======== We are on link 15 of 82
========== raw link /community-guidelines/en/mental-behavioral-health#3
============ Found Relative: joining https://www.tiktok.com/community-guidelines/en?lang=en and /community-guidelines/en/mental-behavioral-health#3
============ Checking for Redirections: https://www.tiktok.com/community-guidelines/en/mental-behavioral-health#3
========== dropped link https://www.tiktok.com/community-guidelines/en/mental-behavioral-health#3. Could not follow redirection (or it was a meaninglessly small page or bot blocked by sessionID).
======== We are on link 16 of 82
========== raw link /community-guidelines/en/sensitive-mature-themes
============ Found Relative: joining https://www.tiktok.com/community-guidelines/en?lang=en and /community-guidelines/en/sensitive-mature-themes
============ Checking for Redirections: https://www.tiktok.com/community-guidelines/en/sensitive-mature-themes
========== dropped link https://www.tiktok.com/community-guidelines/en/sensitive-mature-themes. Could not follow redirection (or it was a meaninglessly small page or bot blocked by sessionID).
======== We are on link 17 of 82
========== raw link /community-guidelines/en/sensitive-mature-themes#1
============ Found Relative: joining https://www.tiktok.com/community-guidelines/en?lang=en and /community-guidelines/en/sensitive-mature-themes#1
============ Checking for Redirections: https://www.tiktok.com/community-guidelines/en/sensitive-mature-themes#1
========== dropped link https://www.tiktok.com/community-guidelines/en/sensitive-mature-themes#1. Could not follow redirection (or it was a meaninglessly small page or bot blocked by sessionID).
======== We are on link 18 of 82
========== raw link /community-guidelines/en/sensitive-mature-themes#2
============ Found Relative: joining https://www.tiktok.com/community-guidelines/en?lang=en and /community-guidelines/en/sensitive-mature-themes#2
============ Checking for Redirections: https://www.tiktok.com/community-guidelines/en/sensitive-mature-themes#2
========== dropped link https://www.tiktok.com/community-guidelines/en/sensitive-mature-themes#2. Could not follow redirection (or it was a meaninglessly small page or bot blocked by sessionID).
======== We are on link 19 of 82
========== raw link /community-guidelines/en/sensitive-mature-themes#3
============ Found Relative: joining https://www.tiktok.com/community-guidelines/en?lang=en and /community-guidelines/en/sensitive-mature-themes#3
============ Checking for Redirections: https://www.tiktok.com/community-guidelines/en/sensitive-mature-themes#3
========== dropped link https://www.tiktok.com/community-guidelines/en/sensitive-mature-themes#3. Could not follow redirection (or it was a meaninglessly small page or bot blocked by sessionID).
======== We are on link 20 of 82
========== raw link /community-guidelines/en/sensitive-mature-themes#4
============ Found Relative: joining https://www.tiktok.com/community-guidelines/en?lang=en and /community-guidelines/en/sensitive-mature-themes#4
============ Checking for Redirections: https://www.tiktok.com/community-guidelines/en/sensitive-mature-themes#4
========== dropped link https://www.tiktok.com/community-guidelines/en/sensitive-mature-themes#4. Could not follow redirection (or it was a meaninglessly small page or bot blocked by sessionID).
======== We are on link 21 of 82
========== raw link /community-guidelines/en/sensitive-mature-themes#5
============ Found Relative: joining https://www.tiktok.com/community-guidelines/en?lang=en and /community-guidelines/en/sensitive-mature-themes#5
============ Checking for Redirections: https://www.tiktok.com/community-guidelines/en/sensitive-mature-themes#5
========== dropped link https://www.tiktok.com/community-guidelines/en/sensitive-mature-themes#5. Could not follow redirection (or it was a meaninglessly small page or bot blocked by sessionID).
======== We are on link 22 of 82
========== raw link /community-guidelines/en/integrity-authenticity
============ Found Relative: joining https://www.tiktok.com/community-guidelines/en?lang=en and /community-guidelines/en/integrity-authenticity
============ Checking for Redirections: https://www.tiktok.com/community-guidelines/en/integrity-authenticity
========== dropped link https://www.tiktok.com/community-guidelines/en/integrity-authenticity. Could not follow redirection (or it was a meaninglessly small page or bot blocked by sessionID).
======== We are on link 23 of 82
========== raw link /community-guidelines/en/integrity-authenticity#1
============ Found Relative: joining https://www.tiktok.com/community-guidelines/en?lang=en and /community-guidelines/en/integrity-authenticity#1
============ Checking for Redirections: https://www.tiktok.com/community-guidelines/en/integrity-authenticity#1
========== dropped link https://www.tiktok.com/community-guidelines/en/integrity-authenticity#1. Could not follow redirection (or it was a meaninglessly small page or bot blocked by sessionID).
======== We are on link 24 of 82
========== raw link /community-guidelines/en/integrity-authenticity#2
============ Found Relative: joining https://www.tiktok.com/community-guidelines/en?lang=en and /community-guidelines/en/integrity-authenticity#2
============ Checking for Redirections: https://www.tiktok.com/community-guidelines/en/integrity-authenticity#2
========== dropped link https://www.tiktok.com/community-guidelines/en/integrity-authenticity#2. Could not follow redirection (or it was a meaninglessly small page or bot blocked by sessionID).
======== We are on link 25 of 82
========== raw link /community-guidelines/en/integrity-authenticity#3
============ Found Relative: joining https://www.tiktok.com/community-guidelines/en?lang=en and /community-guidelines/en/integrity-authenticity#3
============ Checking for Redirections: https://www.tiktok.com/community-guidelines/en/integrity-authenticity#3
========== dropped link https://www.tiktok.com/community-guidelines/en/integrity-authenticity#3. Could not follow redirection (or it was a meaninglessly small page or bot blocked by sessionID).
======== We are on link 26 of 82
========== raw link /community-guidelines/en/integrity-authenticity#4
============ Found Relative: joining https://www.tiktok.com/community-guidelines/en?lang=en and /community-guidelines/en/integrity-authenticity#4
============ Checking for Redirections: https://www.tiktok.com/community-guidelines/en/integrity-authenticity#4
========== dropped link https://www.tiktok.com/community-guidelines/en/integrity-authenticity#4. Could not follow redirection (or it was a meaninglessly small page or bot blocked by sessionID).
======== We are on link 27 of 82
========== raw link /community-guidelines/en/integrity-authenticity#5
============ Found Relative: joining https://www.tiktok.com/community-guidelines/en?lang=en and /community-guidelines/en/integrity-authenticity#5
============ Checking for Redirections: https://www.tiktok.com/community-guidelines/en/integrity-authenticity#5
========== dropped link https://www.tiktok.com/community-guidelines/en/integrity-authenticity#5. Could not follow redirection (or it was a meaninglessly small page or bot blocked by sessionID).
======== We are on link 28 of 82
========== raw link /community-guidelines/en/integrity-authenticity#6
============ Found Relative: joining https://www.tiktok.com/community-guidelines/en?lang=en and /community-guidelines/en/integrity-authenticity#6
============ Checking for Redirections: https://www.tiktok.com/community-guidelines/en/integrity-authenticity#6
========== dropped link https://www.tiktok.com/community-guidelines/en/integrity-authenticity#6. Could not follow redirection (or it was a meaninglessly small page or bot blocked by sessionID).
======== We are on link 29 of 82
========== raw link /community-guidelines/en/regulated-commercial-activities
============ Found Relative: joining https://www.tiktok.com/community-guidelines/en?lang=en and /community-guidelines/en/regulated-commercial-activities
============ Checking for Redirections: https://www.tiktok.com/community-guidelines/en/regulated-commercial-activities
========== dropped link https://www.tiktok.com/community-guidelines/en/regulated-commercial-activities. Could not follow redirection (or it was a meaninglessly small page or bot blocked by sessionID).
======== We are on link 30 of 82
========== raw link /community-guidelines/en/regulated-commercial-activities#1
============ Found Relative: joining https://www.tiktok.com/community-guidelines/en?lang=en and /community-guidelines/en/regulated-commercial-activities#1
============ Checking for Redirections: https://www.tiktok.com/community-guidelines/en/regulated-commercial-activities#1
========== dropped link https://www.tiktok.com/community-guidelines/en/regulated-commercial-activities#1. Could not follow redirection (or it was a meaninglessly small page or bot blocked by sessionID).
======== We are on link 31 of 82
========== raw link /community-guidelines/en/regulated-commercial-activities#2
============ Found Relative: joining https://www.tiktok.com/community-guidelines/en?lang=en and /community-guidelines/en/regulated-commercial-activities#2
============ Checking for Redirections: https://www.tiktok.com/community-guidelines/en/regulated-commercial-activities#2
========== dropped link https://www.tiktok.com/community-guidelines/en/regulated-commercial-activities#2. Could not follow redirection (or it was a meaninglessly small page or bot blocked by sessionID).
======== We are on link 32 of 82
========== raw link /community-guidelines/en/regulated-commercial-activities#3
============ Found Relative: joining https://www.tiktok.com/community-guidelines/en?lang=en and /community-guidelines/en/regulated-commercial-activities#3
============ Checking for Redirections: https://www.tiktok.com/community-guidelines/en/regulated-commercial-activities#3
========== dropped link https://www.tiktok.com/community-guidelines/en/regulated-commercial-activities#3. Could not follow redirection (or it was a meaninglessly small page or bot blocked by sessionID).
======== We are on link 33 of 82
========== raw link /community-guidelines/en/regulated-commercial-activities#4
============ Found Relative: joining https://www.tiktok.com/community-guidelines/en?lang=en and /community-guidelines/en/regulated-commercial-activities#4
============ Checking for Redirections: https://www.tiktok.com/community-guidelines/en/regulated-commercial-activities#4
========== dropped link https://www.tiktok.com/community-guidelines/en/regulated-commercial-activities#4. Could not follow redirection (or it was a meaninglessly small page or bot blocked by sessionID).
======== We are on link 34 of 82
========== raw link /community-guidelines/en/regulated-commercial-activities#5
============ Found Relative: joining https://www.tiktok.com/community-guidelines/en?lang=en and /community-guidelines/en/regulated-commercial-activities#5
============ Checking for Redirections: https://www.tiktok.com/community-guidelines/en/regulated-commercial-activities#5
========== dropped link https://www.tiktok.com/community-guidelines/en/regulated-commercial-activities#5. Could not follow redirection (or it was a meaninglessly small page or bot blocked by sessionID).
======== We are on link 35 of 82
========== raw link /community-guidelines/en/regulated-commercial-activities#6
============ Found Relative: joining https://www.tiktok.com/community-guidelines/en?lang=en and /community-guidelines/en/regulated-commercial-activities#6
============ Checking for Redirections: https://www.tiktok.com/community-guidelines/en/regulated-commercial-activities#6
========== dropped link https://www.tiktok.com/community-guidelines/en/regulated-commercial-activities#6. Could not follow redirection (or it was a meaninglessly small page or bot blocked by sessionID).
======== We are on link 36 of 82
========== raw link /community-guidelines/en/privacy-security
============ Found Relative: joining https://www.tiktok.com/community-guidelines/en?lang=en and /community-guidelines/en/privacy-security
============ Checking for Redirections: https://www.tiktok.com/community-guidelines/en/privacy-security
========== dropped link https://www.tiktok.com/community-guidelines/en/privacy-security. Could not follow redirection (or it was a meaninglessly small page or bot blocked by sessionID).
======== We are on link 37 of 82
========== raw link /community-guidelines/en/privacy-security#1
============ Found Relative: joining https://www.tiktok.com/community-guidelines/en?lang=en and /community-guidelines/en/privacy-security#1
============ Checking for Redirections: https://www.tiktok.com/community-guidelines/en/privacy-security#1
========== dropped link https://www.tiktok.com/community-guidelines/en/privacy-security#1. Could not follow redirection (or it was a meaninglessly small page or bot blocked by sessionID).
======== We are on link 38 of 82
========== raw link /community-guidelines/en/privacy-security#2
============ Found Relative: joining https://www.tiktok.com/community-guidelines/en?lang=en and /community-guidelines/en/privacy-security#2
============ Checking for Redirections: https://www.tiktok.com/community-guidelines/en/privacy-security#2
========== dropped link https://www.tiktok.com/community-guidelines/en/privacy-security#2. Could not follow redirection (or it was a meaninglessly small page or bot blocked by sessionID).
======== We are on link 39 of 82
========== raw link /community-guidelines/en/fyf-standards
============ Found Relative: joining https://www.tiktok.com/community-guidelines/en?lang=en and /community-guidelines/en/fyf-standards
============ Checking for Redirections: https://www.tiktok.com/community-guidelines/en/fyf-standards
========== dropped link https://www.tiktok.com/community-guidelines/en/fyf-standards. Could not follow redirection (or it was a meaninglessly small page or bot blocked by sessionID).
======== We are on link 40 of 82
========== raw link /community-guidelines/en/accounts-features
============ Found Relative: joining https://www.tiktok.com/community-guidelines/en?lang=en and /community-guidelines/en/accounts-features
============ Checking for Redirections: https://www.tiktok.com/community-guidelines/en/accounts-features
========== dropped link https://www.tiktok.com/community-guidelines/en/accounts-features. Could not follow redirection (or it was a meaninglessly small page or bot blocked by sessionID).
======== We are on link 41 of 82
========== raw link /community-guidelines/en/accounts-features#1
============ Found Relative: joining https://www.tiktok.com/community-guidelines/en?lang=en and /community-guidelines/en/accounts-features#1
============ Checking for Redirections: https://www.tiktok.com/community-guidelines/en/accounts-features#1
========== dropped link https://www.tiktok.com/community-guidelines/en/accounts-features#1. Could not follow redirection (or it was a meaninglessly small page or bot blocked by sessionID).
======== We are on link 42 of 82
========== raw link /community-guidelines/en/accounts-features#2
============ Found Relative: joining https://www.tiktok.com/community-guidelines/en?lang=en and /community-guidelines/en/accounts-features#2
============ Checking for Redirections: https://www.tiktok.com/community-guidelines/en/accounts-features#2
========== dropped link https://www.tiktok.com/community-guidelines/en/accounts-features#2. Could not follow redirection (or it was a meaninglessly small page or bot blocked by sessionID).
======== We are on link 43 of 82
========== raw link /community-guidelines/en/accounts-features#3
============ Found Relative: joining https://www.tiktok.com/community-guidelines/en?lang=en and /community-guidelines/en/accounts-features#3
============ Checking for Redirections: https://www.tiktok.com/community-guidelines/en/accounts-features#3
========== dropped link https://www.tiktok.com/community-guidelines/en/accounts-features#3. Could not follow redirection (or it was a meaninglessly small page or bot blocked by sessionID).
======== We are on link 44 of 82
========== raw link /community-guidelines/en/accounts-features#4
============ Found Relative: joining https://www.tiktok.com/community-guidelines/en?lang=en and /community-guidelines/en/accounts-features#4
============ Checking for Redirections: https://www.tiktok.com/community-guidelines/en/accounts-features#4
========== dropped link https://www.tiktok.com/community-guidelines/en/accounts-features#4. Could not follow redirection (or it was a meaninglessly small page or bot blocked by sessionID).
======== We are on link 45 of 82
========== raw link /community-guidelines/en/accounts-features#5
============ Found Relative: joining https://www.tiktok.com/community-guidelines/en?lang=en and /community-guidelines/en/accounts-features#5
============ Checking for Redirections: https://www.tiktok.com/community-guidelines/en/accounts-features#5
========== dropped link https://www.tiktok.com/community-guidelines/en/accounts-features#5. Could not follow redirection (or it was a meaninglessly small page or bot blocked by sessionID).
======== We are on link 46 of 82
========== raw link /community-guidelines/en/accounts-features#6
============ Found Relative: joining https://www.tiktok.com/community-guidelines/en?lang=en and /community-guidelines/en/accounts-features#6
============ Checking for Redirections: https://www.tiktok.com/community-guidelines/en/accounts-features#6
========== dropped link https://www.tiktok.com/community-guidelines/en/accounts-features#6. Could not follow redirection (or it was a meaninglessly small page or bot blocked by sessionID).
======== We are on link 47 of 82
========== raw link /community-guidelines/en/enforcement
============ Found Relative: joining https://www.tiktok.com/community-guidelines/en?lang=en and /community-guidelines/en/enforcement
============ Checking for Redirections: https://www.tiktok.com/community-guidelines/en/enforcement
========== dropped link https://www.tiktok.com/community-guidelines/en/enforcement. Could not follow redirection (or it was a meaninglessly small page or bot blocked by sessionID).
======== We are on link 48 of 82
========== raw link /community-guidelines/en/enforcement#1
============ Found Relative: joining https://www.tiktok.com/community-guidelines/en?lang=en and /community-guidelines/en/enforcement#1
============ Checking for Redirections: https://www.tiktok.com/community-guidelines/en/enforcement#1
========== dropped link https://www.tiktok.com/community-guidelines/en/enforcement#1. Could not follow redirection (or it was a meaninglessly small page or bot blocked by sessionID).
======== We are on link 49 of 82
========== raw link /community-guidelines/en/enforcement#2
============ Found Relative: joining https://www.tiktok.com/community-guidelines/en?lang=en and /community-guidelines/en/enforcement#2
============ Checking for Redirections: https://www.tiktok.com/community-guidelines/en/enforcement#2
========== dropped link https://www.tiktok.com/community-guidelines/en/enforcement#2. Could not follow redirection (or it was a meaninglessly small page or bot blocked by sessionID).
======== We are on link 50 of 82
========== raw link /community-guidelines/en/enforcement#3
============ Found Relative: joining https://www.tiktok.com/community-guidelines/en?lang=en and /community-guidelines/en/enforcement#3
============ Checking for Redirections: https://www.tiktok.com/community-guidelines/en/enforcement#3
========== dropped link https://www.tiktok.com/community-guidelines/en/enforcement#3. Could not follow redirection (or it was a meaninglessly small page or bot blocked by sessionID).
======== We are on link 51 of 82
========== raw link /community-guidelines/en/youth-safety/?cgversion=2024H1update&lang=en
============ Found Relative: joining https://www.tiktok.com/community-guidelines/en?lang=en and /community-guidelines/en/youth-safety/?cgversion=2024H1update&lang=en
============ Checking for Redirections: https://www.tiktok.com/community-guidelines/en/youth-safety/?cgversion=2024H1update&lang=en
========== dropped link https://www.tiktok.com/community-guidelines/en/youth-safety/?cgversion=2024H1update&lang=en. Could not follow redirection (or it was a meaninglessly small page or bot blocked by sessionID).
======== We are on link 52 of 82
========== raw link /community-guidelines/en/fyf-standards/?cgversion=2024H1update&lang=en
============ Found Relative: joining https://www.tiktok.com/community-guidelines/en?lang=en and /community-guidelines/en/fyf-standards/?cgversion=2024H1update&lang=en
============ Checking for Redirections: https://www.tiktok.com/community-guidelines/en/fyf-standards/?cgversion=2024H1update&lang=en
========== dropped link https://www.tiktok.com/community-guidelines/en/fyf-standards/?cgversion=2024H1update&lang=en. Could not follow redirection (or it was a meaninglessly small page or bot blocked by sessionID).
======== We are on link 53 of 82
========== raw link https://www.tiktok.com/safety/community-controls/?lang=en
============ Checking for Redirections: https://www.tiktok.com/safety/community-controls/?lang=en
========== dropped link https://www.tiktok.com/safety/community-controls/?lang=en. Could not follow redirection (or it was a meaninglessly small page or bot blocked by sessionID).
======== We are on link 54 of 82
========== raw link https://support.tiktok.com/en/account-and-privacy
============ Checking for Redirections: https://support.tiktok.com/en/account-and-privacy
========== dropped link https://support.tiktok.com/en/account-and-privacy. Could not follow redirection (or it was a meaninglessly small page or bot blocked by sessionID).
======== We are on link 55 of 82
========== raw link https://www.tiktok.com/safety?lang=en
============ Checking for Redirections: https://www.tiktok.com/safety?lang=en
========== dropped link https://www.tiktok.com/safety?lang=en. Could not follow redirection (or it was a meaninglessly small page or bot blocked by sessionID).
======== We are on link 56 of 82
========== raw link /community-guidelines/en/community-principles
============ Found Relative: joining https://www.tiktok.com/community-guidelines/en?lang=en and /community-guidelines/en/community-principles
============ Checking for Redirections: https://www.tiktok.com/community-guidelines/en/community-principles
========== dropped link https://www.tiktok.com/community-guidelines/en/community-principles. Could not follow redirection (or it was a meaninglessly small page or bot blocked by sessionID).
======== We are on link 57 of 82
========== raw link https://www.tiktok.com
============ Checking for Redirections: https://www.tiktok.com
========== dropped link https://www.tiktok.com. Could not follow redirection (or it was a meaninglessly small page or bot blocked by sessionID).
======== We are on link 58 of 82
========== raw link https://www.tiktok.com/about?lang=en
============ Checking for Redirections: https://www.tiktok.com/about?lang=en
========== dropped link https://www.tiktok.com/about?lang=en. Could not follow redirection (or it was a meaninglessly small page or bot blocked by sessionID).
======== We are on link 59 of 82
========== raw link https://newsroom.tiktok.com?lang=en
============ Checking for Redirections: https://newsroom.tiktok.com?lang=en
============ Followed Redirection to https://newsroom.tiktok.com/en-us/
============ Link after cleaning: https://newsroom.tiktok.com/en-us/
========== link already checked
======== We are on link 60 of 82
========== raw link https://www.tiktok.com/about/contact?lang=en
============ Checking for Redirections: https://www.tiktok.com/about/contact?lang=en
========== dropped link https://www.tiktok.com/about/contact?lang=en. Could not follow redirection (or it was a meaninglessly small page or bot blocked by sessionID).
======== We are on link 61 of 82
========== raw link https://careers.tiktok.com?lang=en
============ Checking for Redirections: https://careers.tiktok.com?lang=en
============ Followed Redirection to https://lifeattiktok.com/?lang=en
============ Link after cleaning: https://lifeattiktok.com/
========== link already checked
======== We are on link 62 of 82
========== raw link https://www.bytedance.com?lang=en
========== dropped link https://www.bytedance.com?lang=en. Didn't pass first allows/blocks test.
======== We are on link 63 of 82
========== raw link https://www.tiktok.com/for-good?lang=en
============ Checking for Redirections: https://www.tiktok.com/for-good?lang=en
========== dropped link https://www.tiktok.com/for-good?lang=en. Could not follow redirection (or it was a meaninglessly small page or bot blocked by sessionID).
======== We are on link 64 of 82
========== raw link https://developers.tiktok.com?lang=en
============ Checking for Redirections: https://developers.tiktok.com?lang=en
============ Followed Redirection to https://developers.tiktok.com/?lang=en
============ Link after cleaning: https://developers.tiktok.com/
========== link already checked
======== We are on link 65 of 82
========== raw link https://effecthouse.tiktok.com?lang=en
============ Checking for Redirections: https://effecthouse.tiktok.com?lang=en
============ Followed Redirection to https://effecthouse.tiktok.com/?lang=en
============ Link after cleaning: https://effecthouse.tiktok.com/
========== link already checked
======== We are on link 66 of 82
========== raw link https://www.tiktok.com/business?lang=en
============ Checking for Redirections: https://www.tiktok.com/business?lang=en
========== dropped link https://www.tiktok.com/business?lang=en. Could not follow redirection (or it was a meaninglessly small page or bot blocked by sessionID).
======== We are on link 67 of 82
========== raw link https://www.tiktok.com/browse?lang=en
============ Checking for Redirections: https://www.tiktok.com/browse?lang=en
========== dropped link https://www.tiktok.com/browse?lang=en. Could not follow redirection (or it was a meaninglessly small page or bot blocked by sessionID).
======== We are on link 68 of 82
========== raw link https://www.tiktok.com/embed?lang=en
============ Checking for Redirections: https://www.tiktok.com/embed?lang=en
========== dropped link https://www.tiktok.com/embed?lang=en. Could not follow redirection (or it was a meaninglessly small page or bot blocked by sessionID).
======== We are on link 69 of 82
========== raw link https://www.tiktok.com/tiktok-rewards?lang=en
============ Checking for Redirections: https://www.tiktok.com/tiktok-rewards?lang=en
========== dropped link https://www.tiktok.com/tiktok-rewards?lang=en. Could not follow redirection (or it was a meaninglessly small page or bot blocked by sessionID).
======== We are on link 70 of 82
========== raw link https://www.tiktok.com/download/en
============ Checking for Redirections: https://www.tiktok.com/download/en
========== dropped link https://www.tiktok.com/download/en. Could not follow redirection (or it was a meaninglessly small page or bot blocked by sessionID).
======== We are on link 71 of 82
========== raw link https://support.tiktok.com?lang=en
============ Checking for Redirections: https://support.tiktok.com?lang=en
========== dropped link https://support.tiktok.com?lang=en. Could not follow redirection (or it was a meaninglessly small page or bot blocked by sessionID).
======== We are on link 72 of 82
========== raw link https://www.tiktok.com/safety?lang=en
============ Checking for Redirections: https://www.tiktok.com/safety?lang=en
========== dropped link https://www.tiktok.com/safety?lang=en. Could not follow redirection (or it was a meaninglessly small page or bot blocked by sessionID).
======== We are on link 73 of 82
========== raw link https://www.tiktok.com/privacy/overview?lang=en
============ Checking for Redirections: https://www.tiktok.com/privacy/overview?lang=en
========== dropped link https://www.tiktok.com/privacy/overview?lang=en. Could not follow redirection (or it was a meaninglessly small page or bot blocked by sessionID).
======== We are on link 74 of 82
========== raw link https://www.tiktok.com/creator-academy?lang=en
============ Checking for Redirections: https://www.tiktok.com/creator-academy?lang=en
========== dropped link https://www.tiktok.com/creator-academy?lang=en. Could not follow redirection (or it was a meaninglessly small page or bot blocked by sessionID).
======== We are on link 75 of 82
========== raw link https://www.tiktok.com/community-guidelines?lang=en
============ Checking for Redirections: https://www.tiktok.com/community-guidelines?lang=en
========== dropped link https://www.tiktok.com/community-guidelines?lang=en. Could not follow redirection (or it was a meaninglessly small page or bot blocked by sessionID).
======== We are on link 76 of 82
========== raw link https://www.tiktok.com/transparency?lang=en
============ Checking for Redirections: https://www.tiktok.com/transparency?lang=en
========== dropped link https://www.tiktok.com/transparency?lang=en. Could not follow redirection (or it was a meaninglessly small page or bot blocked by sessionID).
======== We are on link 77 of 82
========== raw link https://www.tiktok.com/accessibility?lang=en
============ Checking for Redirections: https://www.tiktok.com/accessibility?lang=en
========== dropped link https://www.tiktok.com/accessibility?lang=en. Could not follow redirection (or it was a meaninglessly small page or bot blocked by sessionID).
======== We are on link 78 of 82
========== raw link https://www.tiktok.com/legal/terms-of-service?lang=en
============ Checking for Redirections: https://www.tiktok.com/legal/terms-of-service?lang=en
========== dropped link https://www.tiktok.com/legal/terms-of-service?lang=en. Could not follow redirection (or it was a meaninglessly small page or bot blocked by sessionID).
======== We are on link 79 of 82
========== raw link https://www.tiktok.com/legal/privacy-policy?lang=en
============ Checking for Redirections: https://www.tiktok.com/legal/privacy-policy?lang=en
========== dropped link https://www.tiktok.com/legal/privacy-policy?lang=en. Could not follow redirection (or it was a meaninglessly small page or bot blocked by sessionID).
======== We are on link 80 of 82
========== raw link https://www.tiktok.com/legal/copyright-policy?lang=en
============ Checking for Redirections: https://www.tiktok.com/legal/copyright-policy?lang=en
========== dropped link https://www.tiktok.com/legal/copyright-policy?lang=en. Could not follow redirection (or it was a meaninglessly small page or bot blocked by sessionID).
======== We are on link 81 of 82
========== raw link https://www.tiktok.com/legal/law-enforcement?lang=en
============ Checking for Redirections: https://www.tiktok.com/legal/law-enforcement?lang=en
========== dropped link https://www.tiktok.com/legal/law-enforcement?lang=en. Could not follow redirection (or it was a meaninglessly small page or bot blocked by sessionID).
======== We are on link 82 of 82
========== raw link https://www.tiktok.com/legal/privacy-policy-for-younger-users?lang=en
============ Checking for Redirections: https://www.tiktok.com/legal/privacy-policy-for-younger-users?lang=en
========== dropped link https://www.tiktok.com/legal/privacy-policy-for-younger-users?lang=en. Could not follow redirection (or it was a meaninglessly small page or bot blocked by sessionID).
====== We are on page 4 of 9: https://support.tiktok.com/en/using-tiktok/creating-videos/ai-generated-content
====== Number of Links on this Page: 43
======== We are on link 1 of 43
========== raw link https://support.tiktok.com?lang=en
============ Checking for Redirections: https://support.tiktok.com?lang=en
========== dropped link https://support.tiktok.com?lang=en. Could not follow redirection (or it was a meaninglessly small page or bot blocked by sessionID).
======== We are on link 2 of 43
========== raw link /en
============ Found Relative: joining https://support.tiktok.com/en/using-tiktok/creating-videos/ai-generated-content and /en
============ Checking for Redirections: https://support.tiktok.com/en
============ Link after cleaning: https://support.tiktok.com/en
========== link already checked
======== We are on link 3 of 43
========== raw link #1
========== dropped link (either fragment ("#"), js, mailto, comment, pdf, or empty)
======== We are on link 4 of 43
========== raw link #2
========== dropped link (either fragment ("#"), js, mailto, comment, pdf, or empty)
======== We are on link 5 of 43
========== raw link #3
========== dropped link (either fragment ("#"), js, mailto, comment, pdf, or empty)
======== We are on link 6 of 43
========== raw link #4
========== dropped link (either fragment ("#"), js, mailto, comment, pdf, or empty)
======== We are on link 7 of 43
========== raw link #5
========== dropped link (either fragment ("#"), js, mailto, comment, pdf, or empty)
======== We are on link 8 of 43
========== raw link #6
========== dropped link (either fragment ("#"), js, mailto, comment, pdf, or empty)
======== We are on link 9 of 43
========== raw link #7
========== dropped link (either fragment ("#"), js, mailto, comment, pdf, or empty)
======== We are on link 10 of 43
========== raw link https://www.tiktok.com/community-guidelines/en/overview?cgversion=2024H1update
============ Checking for Redirections: https://www.tiktok.com/community-guidelines/en/overview?cgversion=2024H1update
========== dropped link https://www.tiktok.com/community-guidelines/en/overview?cgversion=2024H1update. Could not follow redirection (or it was a meaninglessly small page or bot blocked by sessionID).
======== We are on link 11 of 43
========== raw link https://support.tiktok.com/en/using-tiktok/creating-videos/ai-generated-content#6
============ Checking for Redirections: https://support.tiktok.com/en/using-tiktok/creating-videos/ai-generated-content#6
============ Link after cleaning: https://support.tiktok.com/en/using-tiktok/creating-videos/ai-generated-content
========== link already checked
======== We are on link 12 of 43
========== raw link https://www.tiktok.com/legal/page/us/terms-of-service/en
============ Checking for Redirections: https://www.tiktok.com/legal/page/us/terms-of-service/en
========== dropped link https://www.tiktok.com/legal/page/us/terms-of-service/en. Could not follow redirection (or it was a meaninglessly small page or bot blocked by sessionID).
======== We are on link 13 of 43
========== raw link #8
========== dropped link (either fragment ("#"), js, mailto, comment, pdf, or empty)
======== We are on link 14 of 43
========== raw link https://newsroom.tiktok.com/en-us/partnering-with-our-industry-to-advance-ai-transparency-and-literacy
============ Checking for Redirections: https://newsroom.tiktok.com/en-us/partnering-with-our-industry-to-advance-ai-transparency-and-literacy
============ Link unchanged
========== link already checked
======== We are on link 15 of 43
========== raw link https://www.tiktok.com/community-guidelines/en/integrity-authenticity?cgversion=2024H1update#3
============ Checking for Redirections: https://www.tiktok.com/community-guidelines/en/integrity-authenticity?cgversion=2024H1update#3
============ Link after cleaning: https://www.tiktok.com/community-guidelines/en/integrity-authenticity
========== scraping https://www.tiktok.com/community-guidelines/en/integrity-authenticity
============ New link added. Search term (AI-generated) found on https://www.tiktok.com/community-guidelines/en/integrity-authenticity.
======== We are on link 16 of 43
========== raw link https://support.tiktok.com/en/safety-hc/report-a-problem/report-a-video
============ Checking for Redirections: https://support.tiktok.com/en/safety-hc/report-a-problem/report-a-video
============ Link unchanged
========== scraping https://support.tiktok.com/en/safety-hc/report-a-problem/report-a-video
======== We are on link 17 of 43
========== raw link https://www.tiktok.com/community-guidelines/en/integrity-authenticity?cgversion=2024H1update
============ Checking for Redirections: https://www.tiktok.com/community-guidelines/en/integrity-authenticity?cgversion=2024H1update
============ Link after cleaning: https://www.tiktok.com/community-guidelines/en/integrity-authenticity
========== link already checked
======== We are on link 18 of 43
========== raw link https://www.tiktok.com/community-guidelines/en/integrity-authenticity?cgversion=2024H1update#3
============ Checking for Redirections: https://www.tiktok.com/community-guidelines/en/integrity-authenticity?cgversion=2024H1update#3
============ Link after cleaning: https://www.tiktok.com/community-guidelines/en/integrity-authenticity
========== link already checked
======== We are on link 19 of 43
========== raw link https://www.tiktok.com/community-guidelines/en/
============ Checking for Redirections: https://www.tiktok.com/community-guidelines/en/
========== dropped link https://www.tiktok.com/community-guidelines/en/. Could not follow redirection (or it was a meaninglessly small page or bot blocked by sessionID).
======== We are on link 20 of 43
========== raw link /en/getting-started/creating-an-account/creating-an-account
============ Found Relative: joining https://support.tiktok.com/en/using-tiktok/creating-videos/ai-generated-content and /en/getting-started/creating-an-account/creating-an-account
============ Checking for Redirections: https://support.tiktok.com/en/getting-started/creating-an-account/creating-an-account
============ Link after cleaning: https://support.tiktok.com/en/getting-started/creating-an-account/creating-an-account
========== scraping https://support.tiktok.com/en/getting-started/creating-an-account/creating-an-account
======== We are on link 21 of 43
========== raw link /en/getting-started/setting-up-your-profile
============ Found Relative: joining https://support.tiktok.com/en/using-tiktok/creating-videos/ai-generated-content and /en/getting-started/setting-up-your-profile
============ Checking for Redirections: https://support.tiktok.com/en/getting-started/setting-up-your-profile
========== dropped link https://support.tiktok.com/en/getting-started/setting-up-your-profile. Could not follow redirection (or it was a meaninglessly small page or bot blocked by sessionID).
======== We are on link 22 of 43
========== raw link https://www.tiktok.com/about
============ Checking for Redirections: https://www.tiktok.com/about
========== dropped link https://www.tiktok.com/about. Could not follow redirection (or it was a meaninglessly small page or bot blocked by sessionID).
======== We are on link 23 of 43
========== raw link https://newsroom.tiktok.com
============ Checking for Redirections: https://newsroom.tiktok.com
============ Followed Redirection to https://newsroom.tiktok.com/en-us/
============ Link after cleaning: https://newsroom.tiktok.com/en-us/
========== link already checked
======== We are on link 24 of 43
========== raw link https://www.tiktok.com/about/contact
============ Checking for Redirections: https://www.tiktok.com/about/contact
========== dropped link https://www.tiktok.com/about/contact. Could not follow redirection (or it was a meaninglessly small page or bot blocked by sessionID).
======== We are on link 25 of 43
========== raw link https://careers.tiktok.com
============ Checking for Redirections: https://careers.tiktok.com
============ Followed Redirection to https://lifeattiktok.com/
============ Link after cleaning: https://lifeattiktok.com/
========== link already checked
======== We are on link 26 of 43
========== raw link /forgood?lang=en
============ Found Relative: joining https://support.tiktok.com/en/using-tiktok/creating-videos/ai-generated-content and /forgood?lang=en
============ Checking for Redirections: https://support.tiktok.com/forgood?lang=en
============ Followed Redirection to https://support.tiktok.com/en?invalid_lang=forgood
============ Link after cleaning: https://support.tiktok.com/en
========== link already checked
======== We are on link 27 of 43
========== raw link https://developers.tiktok.com/?refer=tiktok_web
============ Checking for Redirections: https://developers.tiktok.com/?refer=tiktok_web
============ Link after cleaning: https://developers.tiktok.com/
========== link already checked
======== We are on link 28 of 43
========== raw link https://effecthouse.tiktok.com/?utm_source=tiktok_web_article
============ Checking for Redirections: https://effecthouse.tiktok.com/?utm_source=tiktok_web_article
============ Link after cleaning: https://effecthouse.tiktok.com/
========== link already checked
======== We are on link 29 of 43
========== raw link https://www.tiktok.com/business/&attr_source=tt_official_site&attr_medium=tt_official_site_guidance
============ Checking for Redirections: https://www.tiktok.com/business/&attr_source=tt_official_site&attr_medium=tt_official_site_guidance
========== dropped link https://www.tiktok.com/business/&attr_source=tt_official_site&attr_medium=tt_official_site_guidance. Could not follow redirection (or it was a meaninglessly small page or bot blocked by sessionID).
======== We are on link 30 of 43
========== raw link https://www.tiktok.com/tiktok-rewards
============ Checking for Redirections: https://www.tiktok.com/tiktok-rewards
========== dropped link https://www.tiktok.com/tiktok-rewards. Could not follow redirection (or it was a meaninglessly small page or bot blocked by sessionID).
======== We are on link 31 of 43
========== raw link https://www.tiktok.com/browse
============ Checking for Redirections: https://www.tiktok.com/browse
========== dropped link https://www.tiktok.com/browse. Could not follow redirection (or it was a meaninglessly small page or bot blocked by sessionID).
======== We are on link 32 of 43
========== raw link https://www.tiktok.com/embed
============ Checking for Redirections: https://www.tiktok.com/embed
========== dropped link https://www.tiktok.com/embed. Could not follow redirection (or it was a meaninglessly small page or bot blocked by sessionID).
======== We are on link 33 of 43
========== raw link https://support.tiktok.com/en
============ Checking for Redirections: https://support.tiktok.com/en
============ Link unchanged
========== link already checked
======== We are on link 34 of 43
========== raw link /article/safety?lang=en
============ Found Relative: joining https://support.tiktok.com/en/using-tiktok/creating-videos/ai-generated-content and /article/safety?lang=en
============ Checking for Redirections: https://support.tiktok.com/article/safety?lang=en
========== dropped link https://support.tiktok.com/article/safety?lang=en. Could not follow redirection (or it was a meaninglessly small page or bot blocked by sessionID).
======== We are on link 35 of 43
========== raw link https://www.tiktok.com/creators/creator-portal/
============ Checking for Redirections: https://www.tiktok.com/creators/creator-portal/
========== dropped link https://www.tiktok.com/creators/creator-portal/. Could not follow redirection (or it was a meaninglessly small page or bot blocked by sessionID).
======== We are on link 36 of 43
========== raw link https://www.tiktok.com/community-guidelines?lang=en
============ Checking for Redirections: https://www.tiktok.com/community-guidelines?lang=en
========== dropped link https://www.tiktok.com/community-guidelines?lang=en. Could not follow redirection (or it was a meaninglessly small page or bot blocked by sessionID).
======== We are on link 37 of 43
========== raw link https://www.tiktok.com/transparency?lang=en
============ Checking for Redirections: https://www.tiktok.com/transparency?lang=en
========== dropped link https://www.tiktok.com/transparency?lang=en. Could not follow redirection (or it was a meaninglessly small page or bot blocked by sessionID).
======== We are on link 38 of 43
========== raw link https://www.tiktok.com/accessibility
============ Checking for Redirections: https://www.tiktok.com/accessibility
========== dropped link https://www.tiktok.com/accessibility. Could not follow redirection (or it was a meaninglessly small page or bot blocked by sessionID).
======== We are on link 39 of 43
========== raw link https://www.tiktok.com/legal/terms-of-service?lang=en
============ Checking for Redirections: https://www.tiktok.com/legal/terms-of-service?lang=en
========== dropped link https://www.tiktok.com/legal/terms-of-service?lang=en. Could not follow redirection (or it was a meaninglessly small page or bot blocked by sessionID).
======== We are on link 40 of 43
========== raw link https://www.tiktok.com/legal/privacy-policy-row?lang=en
============ Checking for Redirections: https://www.tiktok.com/legal/privacy-policy-row?lang=en
========== dropped link https://www.tiktok.com/legal/privacy-policy-row?lang=en. Could not follow redirection (or it was a meaninglessly small page or bot blocked by sessionID).
======== We are on link 41 of 43
========== raw link https://www.tiktok.com/legal/copyright-policy?lang=en
============ Checking for Redirections: https://www.tiktok.com/legal/copyright-policy?lang=en
========== dropped link https://www.tiktok.com/legal/copyright-policy?lang=en. Could not follow redirection (or it was a meaninglessly small page or bot blocked by sessionID).
======== We are on link 42 of 43
========== raw link https://www.tiktok.com/legal/law-enforcement?lang=en
============ Checking for Redirections: https://www.tiktok.com/legal/law-enforcement?lang=en
========== dropped link https://www.tiktok.com/legal/law-enforcement?lang=en. Could not follow redirection (or it was a meaninglessly small page or bot blocked by sessionID).
======== We are on link 43 of 43
========== raw link https://www.tiktok.com/legal/tiktok-website-cookies-policy?lang=en
============ Checking for Redirections: https://www.tiktok.com/legal/tiktok-website-cookies-policy?lang=en
========== dropped link https://www.tiktok.com/legal/tiktok-website-cookies-policy?lang=en. Could not follow redirection (or it was a meaninglessly small page or bot blocked by sessionID).
====== We are on page 5 of 9: https://www.tiktok.com/community-guidelines/en/integrity-authenticity?cgversion=2024H1update#3
====== Number of Links on this Page: 91
======== We are on link 1 of 91
========== raw link /community-guidelines/en/overview?cgversion=2024H1update
============ Found Relative: joining https://www.tiktok.com/community-guidelines/en/integrity-authenticity?cgversion=2024H1update#3 and /community-guidelines/en/overview?cgversion=2024H1update
============ Checking for Redirections: https://www.tiktok.com/community-guidelines/en/overview?cgversion=2024H1update
========== dropped link https://www.tiktok.com/community-guidelines/en/overview?cgversion=2024H1update. Could not follow redirection (or it was a meaninglessly small page or bot blocked by sessionID).
======== We are on link 2 of 91
========== raw link /community-guidelines/en/community-principles?cgversion=2024H1update
============ Found Relative: joining https://www.tiktok.com/community-guidelines/en/integrity-authenticity?cgversion=2024H1update#3 and /community-guidelines/en/community-principles?cgversion=2024H1update
============ Checking for Redirections: https://www.tiktok.com/community-guidelines/en/community-principles?cgversion=2024H1update
========== dropped link https://www.tiktok.com/community-guidelines/en/community-principles?cgversion=2024H1update. Could not follow redirection (or it was a meaninglessly small page or bot blocked by sessionID).
======== We are on link 3 of 91
========== raw link /community-guidelines/en/youth-safety?cgversion=2024H1update
============ Found Relative: joining https://www.tiktok.com/community-guidelines/en/integrity-authenticity?cgversion=2024H1update#3 and /community-guidelines/en/youth-safety?cgversion=2024H1update
============ Checking for Redirections: https://www.tiktok.com/community-guidelines/en/youth-safety?cgversion=2024H1update
========== dropped link https://www.tiktok.com/community-guidelines/en/youth-safety?cgversion=2024H1update. Could not follow redirection (or it was a meaninglessly small page or bot blocked by sessionID).
======== We are on link 4 of 91
========== raw link /community-guidelines/en/safety-civility?cgversion=2024H1update
============ Found Relative: joining https://www.tiktok.com/community-guidelines/en/integrity-authenticity?cgversion=2024H1update#3 and /community-guidelines/en/safety-civility?cgversion=2024H1update
============ Checking for Redirections: https://www.tiktok.com/community-guidelines/en/safety-civility?cgversion=2024H1update
========== dropped link https://www.tiktok.com/community-guidelines/en/safety-civility?cgversion=2024H1update. Could not follow redirection (or it was a meaninglessly small page or bot blocked by sessionID).
======== We are on link 5 of 91
========== raw link /community-guidelines/en/safety-civility?cgversion=2024H1update#1
============ Found Relative: joining https://www.tiktok.com/community-guidelines/en/integrity-authenticity?cgversion=2024H1update#3 and /community-guidelines/en/safety-civility?cgversion=2024H1update#1
============ Checking for Redirections: https://www.tiktok.com/community-guidelines/en/safety-civility?cgversion=2024H1update#1
========== dropped link https://www.tiktok.com/community-guidelines/en/safety-civility?cgversion=2024H1update#1. Could not follow redirection (or it was a meaninglessly small page or bot blocked by sessionID).
======== We are on link 6 of 91
========== raw link /community-guidelines/en/safety-civility?cgversion=2024H1update#2
============ Found Relative: joining https://www.tiktok.com/community-guidelines/en/integrity-authenticity?cgversion=2024H1update#3 and /community-guidelines/en/safety-civility?cgversion=2024H1update#2
============ Checking for Redirections: https://www.tiktok.com/community-guidelines/en/safety-civility?cgversion=2024H1update#2
========== dropped link https://www.tiktok.com/community-guidelines/en/safety-civility?cgversion=2024H1update#2. Could not follow redirection (or it was a meaninglessly small page or bot blocked by sessionID).
======== We are on link 7 of 91
========== raw link /community-guidelines/en/safety-civility?cgversion=2024H1update#3
============ Found Relative: joining https://www.tiktok.com/community-guidelines/en/integrity-authenticity?cgversion=2024H1update#3 and /community-guidelines/en/safety-civility?cgversion=2024H1update#3
============ Checking for Redirections: https://www.tiktok.com/community-guidelines/en/safety-civility?cgversion=2024H1update#3
========== dropped link https://www.tiktok.com/community-guidelines/en/safety-civility?cgversion=2024H1update#3. Could not follow redirection (or it was a meaninglessly small page or bot blocked by sessionID).
======== We are on link 8 of 91
========== raw link /community-guidelines/en/safety-civility?cgversion=2024H1update#4
============ Found Relative: joining https://www.tiktok.com/community-guidelines/en/integrity-authenticity?cgversion=2024H1update#3 and /community-guidelines/en/safety-civility?cgversion=2024H1update#4
============ Checking for Redirections: https://www.tiktok.com/community-guidelines/en/safety-civility?cgversion=2024H1update#4
========== dropped link https://www.tiktok.com/community-guidelines/en/safety-civility?cgversion=2024H1update#4. Could not follow redirection (or it was a meaninglessly small page or bot blocked by sessionID).
======== We are on link 9 of 91
========== raw link /community-guidelines/en/safety-civility?cgversion=2024H1update#5
============ Found Relative: joining https://www.tiktok.com/community-guidelines/en/integrity-authenticity?cgversion=2024H1update#3 and /community-guidelines/en/safety-civility?cgversion=2024H1update#5
============ Checking for Redirections: https://www.tiktok.com/community-guidelines/en/safety-civility?cgversion=2024H1update#5
========== dropped link https://www.tiktok.com/community-guidelines/en/safety-civility?cgversion=2024H1update#5. Could not follow redirection (or it was a meaninglessly small page or bot blocked by sessionID).
======== We are on link 10 of 91
========== raw link /community-guidelines/en/safety-civility?cgversion=2024H1update#6
============ Found Relative: joining https://www.tiktok.com/community-guidelines/en/integrity-authenticity?cgversion=2024H1update#3 and /community-guidelines/en/safety-civility?cgversion=2024H1update#6
============ Checking for Redirections: https://www.tiktok.com/community-guidelines/en/safety-civility?cgversion=2024H1update#6
========== dropped link https://www.tiktok.com/community-guidelines/en/safety-civility?cgversion=2024H1update#6. Could not follow redirection (or it was a meaninglessly small page or bot blocked by sessionID).
======== We are on link 11 of 91
========== raw link /community-guidelines/en/safety-civility?cgversion=2024H1update#7
============ Found Relative: joining https://www.tiktok.com/community-guidelines/en/integrity-authenticity?cgversion=2024H1update#3 and /community-guidelines/en/safety-civility?cgversion=2024H1update#7
============ Checking for Redirections: https://www.tiktok.com/community-guidelines/en/safety-civility?cgversion=2024H1update#7
========== dropped link https://www.tiktok.com/community-guidelines/en/safety-civility?cgversion=2024H1update#7. Could not follow redirection (or it was a meaninglessly small page or bot blocked by sessionID).
======== We are on link 12 of 91
========== raw link /community-guidelines/en/mental-behavioral-health?cgversion=2024H1update
============ Found Relative: joining https://www.tiktok.com/community-guidelines/en/integrity-authenticity?cgversion=2024H1update#3 and /community-guidelines/en/mental-behavioral-health?cgversion=2024H1update
============ Checking for Redirections: https://www.tiktok.com/community-guidelines/en/mental-behavioral-health?cgversion=2024H1update
========== dropped link https://www.tiktok.com/community-guidelines/en/mental-behavioral-health?cgversion=2024H1update. Could not follow redirection (or it was a meaninglessly small page or bot blocked by sessionID).
======== We are on link 13 of 91
========== raw link /community-guidelines/en/mental-behavioral-health?cgversion=2024H1update#1
============ Found Relative: joining https://www.tiktok.com/community-guidelines/en/integrity-authenticity?cgversion=2024H1update#3 and /community-guidelines/en/mental-behavioral-health?cgversion=2024H1update#1
============ Checking for Redirections: https://www.tiktok.com/community-guidelines/en/mental-behavioral-health?cgversion=2024H1update#1
========== dropped link https://www.tiktok.com/community-guidelines/en/mental-behavioral-health?cgversion=2024H1update#1. Could not follow redirection (or it was a meaninglessly small page or bot blocked by sessionID).
======== We are on link 14 of 91
========== raw link /community-guidelines/en/mental-behavioral-health?cgversion=2024H1update#2
============ Found Relative: joining https://www.tiktok.com/community-guidelines/en/integrity-authenticity?cgversion=2024H1update#3 and /community-guidelines/en/mental-behavioral-health?cgversion=2024H1update#2
============ Checking for Redirections: https://www.tiktok.com/community-guidelines/en/mental-behavioral-health?cgversion=2024H1update#2
========== dropped link https://www.tiktok.com/community-guidelines/en/mental-behavioral-health?cgversion=2024H1update#2. Could not follow redirection (or it was a meaninglessly small page or bot blocked by sessionID).
======== We are on link 15 of 91
========== raw link /community-guidelines/en/mental-behavioral-health?cgversion=2024H1update#3
============ Found Relative: joining https://www.tiktok.com/community-guidelines/en/integrity-authenticity?cgversion=2024H1update#3 and /community-guidelines/en/mental-behavioral-health?cgversion=2024H1update#3
============ Checking for Redirections: https://www.tiktok.com/community-guidelines/en/mental-behavioral-health?cgversion=2024H1update#3
========== dropped link https://www.tiktok.com/community-guidelines/en/mental-behavioral-health?cgversion=2024H1update#3. Could not follow redirection (or it was a meaninglessly small page or bot blocked by sessionID).
======== We are on link 16 of 91
========== raw link /community-guidelines/en/sensitive-mature-themes?cgversion=2024H1update
============ Found Relative: joining https://www.tiktok.com/community-guidelines/en/integrity-authenticity?cgversion=2024H1update#3 and /community-guidelines/en/sensitive-mature-themes?cgversion=2024H1update
============ Checking for Redirections: https://www.tiktok.com/community-guidelines/en/sensitive-mature-themes?cgversion=2024H1update
========== dropped link https://www.tiktok.com/community-guidelines/en/sensitive-mature-themes?cgversion=2024H1update. Could not follow redirection (or it was a meaninglessly small page or bot blocked by sessionID).
======== We are on link 17 of 91
========== raw link /community-guidelines/en/sensitive-mature-themes?cgversion=2024H1update#1
============ Found Relative: joining https://www.tiktok.com/community-guidelines/en/integrity-authenticity?cgversion=2024H1update#3 and /community-guidelines/en/sensitive-mature-themes?cgversion=2024H1update#1
============ Checking for Redirections: https://www.tiktok.com/community-guidelines/en/sensitive-mature-themes?cgversion=2024H1update#1
========== dropped link https://www.tiktok.com/community-guidelines/en/sensitive-mature-themes?cgversion=2024H1update#1. Could not follow redirection (or it was a meaninglessly small page or bot blocked by sessionID).
======== We are on link 18 of 91
========== raw link /community-guidelines/en/sensitive-mature-themes?cgversion=2024H1update#2
============ Found Relative: joining https://www.tiktok.com/community-guidelines/en/integrity-authenticity?cgversion=2024H1update#3 and /community-guidelines/en/sensitive-mature-themes?cgversion=2024H1update#2
============ Checking for Redirections: https://www.tiktok.com/community-guidelines/en/sensitive-mature-themes?cgversion=2024H1update#2
========== dropped link https://www.tiktok.com/community-guidelines/en/sensitive-mature-themes?cgversion=2024H1update#2. Could not follow redirection (or it was a meaninglessly small page or bot blocked by sessionID).
======== We are on link 19 of 91
========== raw link /community-guidelines/en/sensitive-mature-themes?cgversion=2024H1update#3
============ Found Relative: joining https://www.tiktok.com/community-guidelines/en/integrity-authenticity?cgversion=2024H1update#3 and /community-guidelines/en/sensitive-mature-themes?cgversion=2024H1update#3
============ Checking for Redirections: https://www.tiktok.com/community-guidelines/en/sensitive-mature-themes?cgversion=2024H1update#3
========== dropped link https://www.tiktok.com/community-guidelines/en/sensitive-mature-themes?cgversion=2024H1update#3. Could not follow redirection (or it was a meaninglessly small page or bot blocked by sessionID).
======== We are on link 20 of 91
========== raw link /community-guidelines/en/sensitive-mature-themes?cgversion=2024H1update#4
============ Found Relative: joining https://www.tiktok.com/community-guidelines/en/integrity-authenticity?cgversion=2024H1update#3 and /community-guidelines/en/sensitive-mature-themes?cgversion=2024H1update#4
============ Checking for Redirections: https://www.tiktok.com/community-guidelines/en/sensitive-mature-themes?cgversion=2024H1update#4
========== dropped link https://www.tiktok.com/community-guidelines/en/sensitive-mature-themes?cgversion=2024H1update#4. Could not follow redirection (or it was a meaninglessly small page or bot blocked by sessionID).
======== We are on link 21 of 91
========== raw link /community-guidelines/en/sensitive-mature-themes?cgversion=2024H1update#5
============ Found Relative: joining https://www.tiktok.com/community-guidelines/en/integrity-authenticity?cgversion=2024H1update#3 and /community-guidelines/en/sensitive-mature-themes?cgversion=2024H1update#5
============ Checking for Redirections: https://www.tiktok.com/community-guidelines/en/sensitive-mature-themes?cgversion=2024H1update#5
========== dropped link https://www.tiktok.com/community-guidelines/en/sensitive-mature-themes?cgversion=2024H1update#5. Could not follow redirection (or it was a meaninglessly small page or bot blocked by sessionID).
======== We are on link 22 of 91
========== raw link /community-guidelines/en/integrity-authenticity?cgversion=2024H1update
============ Found Relative: joining https://www.tiktok.com/community-guidelines/en/integrity-authenticity?cgversion=2024H1update#3 and /community-guidelines/en/integrity-authenticity?cgversion=2024H1update
============ Checking for Redirections: https://www.tiktok.com/community-guidelines/en/integrity-authenticity?cgversion=2024H1update
============ Link after cleaning: https://www.tiktok.com/community-guidelines/en/integrity-authenticity
========== link already checked
======== We are on link 23 of 91
========== raw link /community-guidelines/en/integrity-authenticity?cgversion=2024H1update#1
============ Found Relative: joining https://www.tiktok.com/community-guidelines/en/integrity-authenticity?cgversion=2024H1update#3 and /community-guidelines/en/integrity-authenticity?cgversion=2024H1update#1
============ Checking for Redirections: https://www.tiktok.com/community-guidelines/en/integrity-authenticity?cgversion=2024H1update#1
============ Link after cleaning: https://www.tiktok.com/community-guidelines/en/integrity-authenticity
========== link already checked
======== We are on link 24 of 91
========== raw link /community-guidelines/en/integrity-authenticity?cgversion=2024H1update#2
============ Found Relative: joining https://www.tiktok.com/community-guidelines/en/integrity-authenticity?cgversion=2024H1update#3 and /community-guidelines/en/integrity-authenticity?cgversion=2024H1update#2
============ Checking for Redirections: https://www.tiktok.com/community-guidelines/en/integrity-authenticity?cgversion=2024H1update#2
============ Link after cleaning: https://www.tiktok.com/community-guidelines/en/integrity-authenticity
========== link already checked
======== We are on link 25 of 91
========== raw link /community-guidelines/en/integrity-authenticity?cgversion=2024H1update#3
============ Found Relative: joining https://www.tiktok.com/community-guidelines/en/integrity-authenticity?cgversion=2024H1update#3 and /community-guidelines/en/integrity-authenticity?cgversion=2024H1update#3
============ Checking for Redirections: https://www.tiktok.com/community-guidelines/en/integrity-authenticity?cgversion=2024H1update#3
============ Link after cleaning: https://www.tiktok.com/community-guidelines/en/integrity-authenticity
========== link already checked
======== We are on link 26 of 91
========== raw link /community-guidelines/en/integrity-authenticity?cgversion=2024H1update#4
============ Found Relative: joining https://www.tiktok.com/community-guidelines/en/integrity-authenticity?cgversion=2024H1update#3 and /community-guidelines/en/integrity-authenticity?cgversion=2024H1update#4
============ Checking for Redirections: https://www.tiktok.com/community-guidelines/en/integrity-authenticity?cgversion=2024H1update#4
============ Link after cleaning: https://www.tiktok.com/community-guidelines/en/integrity-authenticity
========== link already checked
======== We are on link 27 of 91
========== raw link /community-guidelines/en/integrity-authenticity?cgversion=2024H1update#5
============ Found Relative: joining https://www.tiktok.com/community-guidelines/en/integrity-authenticity?cgversion=2024H1update#3 and /community-guidelines/en/integrity-authenticity?cgversion=2024H1update#5
============ Checking for Redirections: https://www.tiktok.com/community-guidelines/en/integrity-authenticity?cgversion=2024H1update#5
============ Link after cleaning: https://www.tiktok.com/community-guidelines/en/integrity-authenticity
========== link already checked
======== We are on link 28 of 91
========== raw link /community-guidelines/en/integrity-authenticity?cgversion=2024H1update#6
============ Found Relative: joining https://www.tiktok.com/community-guidelines/en/integrity-authenticity?cgversion=2024H1update#3 and /community-guidelines/en/integrity-authenticity?cgversion=2024H1update#6
============ Checking for Redirections: https://www.tiktok.com/community-guidelines/en/integrity-authenticity?cgversion=2024H1update#6
============ Link after cleaning: https://www.tiktok.com/community-guidelines/en/integrity-authenticity
========== link already checked
======== We are on link 29 of 91
========== raw link /community-guidelines/en/regulated-commercial-activities?cgversion=2024H1update
============ Found Relative: joining https://www.tiktok.com/community-guidelines/en/integrity-authenticity?cgversion=2024H1update#3 and /community-guidelines/en/regulated-commercial-activities?cgversion=2024H1update
============ Checking for Redirections: https://www.tiktok.com/community-guidelines/en/regulated-commercial-activities?cgversion=2024H1update
========== dropped link https://www.tiktok.com/community-guidelines/en/regulated-commercial-activities?cgversion=2024H1update. Could not follow redirection (or it was a meaninglessly small page or bot blocked by sessionID).
======== We are on link 30 of 91
========== raw link /community-guidelines/en/regulated-commercial-activities?cgversion=2024H1update#1
============ Found Relative: joining https://www.tiktok.com/community-guidelines/en/integrity-authenticity?cgversion=2024H1update#3 and /community-guidelines/en/regulated-commercial-activities?cgversion=2024H1update#1
============ Checking for Redirections: https://www.tiktok.com/community-guidelines/en/regulated-commercial-activities?cgversion=2024H1update#1
========== dropped link https://www.tiktok.com/community-guidelines/en/regulated-commercial-activities?cgversion=2024H1update#1. Could not follow redirection (or it was a meaninglessly small page or bot blocked by sessionID).
======== We are on link 31 of 91
========== raw link /community-guidelines/en/regulated-commercial-activities?cgversion=2024H1update#2
============ Found Relative: joining https://www.tiktok.com/community-guidelines/en/integrity-authenticity?cgversion=2024H1update#3 and /community-guidelines/en/regulated-commercial-activities?cgversion=2024H1update#2
============ Checking for Redirections: https://www.tiktok.com/community-guidelines/en/regulated-commercial-activities?cgversion=2024H1update#2
========== dropped link https://www.tiktok.com/community-guidelines/en/regulated-commercial-activities?cgversion=2024H1update#2. Could not follow redirection (or it was a meaninglessly small page or bot blocked by sessionID).
======== We are on link 32 of 91
========== raw link /community-guidelines/en/regulated-commercial-activities?cgversion=2024H1update#3
============ Found Relative: joining https://www.tiktok.com/community-guidelines/en/integrity-authenticity?cgversion=2024H1update#3 and /community-guidelines/en/regulated-commercial-activities?cgversion=2024H1update#3
============ Checking for Redirections: https://www.tiktok.com/community-guidelines/en/regulated-commercial-activities?cgversion=2024H1update#3
========== dropped link https://www.tiktok.com/community-guidelines/en/regulated-commercial-activities?cgversion=2024H1update#3. Could not follow redirection (or it was a meaninglessly small page or bot blocked by sessionID).
======== We are on link 33 of 91
========== raw link /community-guidelines/en/regulated-commercial-activities?cgversion=2024H1update#4
============ Found Relative: joining https://www.tiktok.com/community-guidelines/en/integrity-authenticity?cgversion=2024H1update#3 and /community-guidelines/en/regulated-commercial-activities?cgversion=2024H1update#4
============ Checking for Redirections: https://www.tiktok.com/community-guidelines/en/regulated-commercial-activities?cgversion=2024H1update#4
========== dropped link https://www.tiktok.com/community-guidelines/en/regulated-commercial-activities?cgversion=2024H1update#4. Could not follow redirection (or it was a meaninglessly small page or bot blocked by sessionID).
======== We are on link 34 of 91
========== raw link /community-guidelines/en/regulated-commercial-activities?cgversion=2024H1update#5
============ Found Relative: joining https://www.tiktok.com/community-guidelines/en/integrity-authenticity?cgversion=2024H1update#3 and /community-guidelines/en/regulated-commercial-activities?cgversion=2024H1update#5
============ Checking for Redirections: https://www.tiktok.com/community-guidelines/en/regulated-commercial-activities?cgversion=2024H1update#5
========== dropped link https://www.tiktok.com/community-guidelines/en/regulated-commercial-activities?cgversion=2024H1update#5. Could not follow redirection (or it was a meaninglessly small page or bot blocked by sessionID).
======== We are on link 35 of 91
========== raw link /community-guidelines/en/regulated-commercial-activities?cgversion=2024H1update#6
============ Found Relative: joining https://www.tiktok.com/community-guidelines/en/integrity-authenticity?cgversion=2024H1update#3 and /community-guidelines/en/regulated-commercial-activities?cgversion=2024H1update#6
============ Checking for Redirections: https://www.tiktok.com/community-guidelines/en/regulated-commercial-activities?cgversion=2024H1update#6
========== dropped link https://www.tiktok.com/community-guidelines/en/regulated-commercial-activities?cgversion=2024H1update#6. Could not follow redirection (or it was a meaninglessly small page or bot blocked by sessionID).
======== We are on link 36 of 91
========== raw link /community-guidelines/en/privacy-security?cgversion=2024H1update
============ Found Relative: joining https://www.tiktok.com/community-guidelines/en/integrity-authenticity?cgversion=2024H1update#3 and /community-guidelines/en/privacy-security?cgversion=2024H1update
============ Checking for Redirections: https://www.tiktok.com/community-guidelines/en/privacy-security?cgversion=2024H1update
========== dropped link https://www.tiktok.com/community-guidelines/en/privacy-security?cgversion=2024H1update. Could not follow redirection (or it was a meaninglessly small page or bot blocked by sessionID).
======== We are on link 37 of 91
========== raw link /community-guidelines/en/privacy-security?cgversion=2024H1update#1
============ Found Relative: joining https://www.tiktok.com/community-guidelines/en/integrity-authenticity?cgversion=2024H1update#3 and /community-guidelines/en/privacy-security?cgversion=2024H1update#1
============ Checking for Redirections: https://www.tiktok.com/community-guidelines/en/privacy-security?cgversion=2024H1update#1
========== dropped link https://www.tiktok.com/community-guidelines/en/privacy-security?cgversion=2024H1update#1. Could not follow redirection (or it was a meaninglessly small page or bot blocked by sessionID).
======== We are on link 38 of 91
========== raw link /community-guidelines/en/privacy-security?cgversion=2024H1update#2
============ Found Relative: joining https://www.tiktok.com/community-guidelines/en/integrity-authenticity?cgversion=2024H1update#3 and /community-guidelines/en/privacy-security?cgversion=2024H1update#2
============ Checking for Redirections: https://www.tiktok.com/community-guidelines/en/privacy-security?cgversion=2024H1update#2
========== dropped link https://www.tiktok.com/community-guidelines/en/privacy-security?cgversion=2024H1update#2. Could not follow redirection (or it was a meaninglessly small page or bot blocked by sessionID).
======== We are on link 39 of 91
========== raw link /community-guidelines/en/fyf-standards?cgversion=2024H1update
============ Found Relative: joining https://www.tiktok.com/community-guidelines/en/integrity-authenticity?cgversion=2024H1update#3 and /community-guidelines/en/fyf-standards?cgversion=2024H1update
============ Checking for Redirections: https://www.tiktok.com/community-guidelines/en/fyf-standards?cgversion=2024H1update
========== dropped link https://www.tiktok.com/community-guidelines/en/fyf-standards?cgversion=2024H1update. Could not follow redirection (or it was a meaninglessly small page or bot blocked by sessionID).
======== We are on link 40 of 91
========== raw link /community-guidelines/en/accounts-features?cgversion=2024H1update
============ Found Relative: joining https://www.tiktok.com/community-guidelines/en/integrity-authenticity?cgversion=2024H1update#3 and /community-guidelines/en/accounts-features?cgversion=2024H1update
============ Checking for Redirections: https://www.tiktok.com/community-guidelines/en/accounts-features?cgversion=2024H1update
========== dropped link https://www.tiktok.com/community-guidelines/en/accounts-features?cgversion=2024H1update. Could not follow redirection (or it was a meaninglessly small page or bot blocked by sessionID).
======== We are on link 41 of 91
========== raw link /community-guidelines/en/accounts-features?cgversion=2024H1update#1
============ Found Relative: joining https://www.tiktok.com/community-guidelines/en/integrity-authenticity?cgversion=2024H1update#3 and /community-guidelines/en/accounts-features?cgversion=2024H1update#1
============ Checking for Redirections: https://www.tiktok.com/community-guidelines/en/accounts-features?cgversion=2024H1update#1
========== dropped link https://www.tiktok.com/community-guidelines/en/accounts-features?cgversion=2024H1update#1. Could not follow redirection (or it was a meaninglessly small page or bot blocked by sessionID).
======== We are on link 42 of 91
========== raw link /community-guidelines/en/accounts-features?cgversion=2024H1update#2
============ Found Relative: joining https://www.tiktok.com/community-guidelines/en/integrity-authenticity?cgversion=2024H1update#3 and /community-guidelines/en/accounts-features?cgversion=2024H1update#2
============ Checking for Redirections: https://www.tiktok.com/community-guidelines/en/accounts-features?cgversion=2024H1update#2
========== dropped link https://www.tiktok.com/community-guidelines/en/accounts-features?cgversion=2024H1update#2. Could not follow redirection (or it was a meaninglessly small page or bot blocked by sessionID).
======== We are on link 43 of 91
========== raw link /community-guidelines/en/accounts-features?cgversion=2024H1update#3
============ Found Relative: joining https://www.tiktok.com/community-guidelines/en/integrity-authenticity?cgversion=2024H1update#3 and /community-guidelines/en/accounts-features?cgversion=2024H1update#3
============ Checking for Redirections: https://www.tiktok.com/community-guidelines/en/accounts-features?cgversion=2024H1update#3
========== dropped link https://www.tiktok.com/community-guidelines/en/accounts-features?cgversion=2024H1update#3. Could not follow redirection (or it was a meaninglessly small page or bot blocked by sessionID).
======== We are on link 44 of 91
========== raw link /community-guidelines/en/accounts-features?cgversion=2024H1update#4
============ Found Relative: joining https://www.tiktok.com/community-guidelines/en/integrity-authenticity?cgversion=2024H1update#3 and /community-guidelines/en/accounts-features?cgversion=2024H1update#4
============ Checking for Redirections: https://www.tiktok.com/community-guidelines/en/accounts-features?cgversion=2024H1update#4
========== dropped link https://www.tiktok.com/community-guidelines/en/accounts-features?cgversion=2024H1update#4. Could not follow redirection (or it was a meaninglessly small page or bot blocked by sessionID).
======== We are on link 45 of 91
========== raw link /community-guidelines/en/accounts-features?cgversion=2024H1update#5
============ Found Relative: joining https://www.tiktok.com/community-guidelines/en/integrity-authenticity?cgversion=2024H1update#3 and /community-guidelines/en/accounts-features?cgversion=2024H1update#5
============ Checking for Redirections: https://www.tiktok.com/community-guidelines/en/accounts-features?cgversion=2024H1update#5
========== dropped link https://www.tiktok.com/community-guidelines/en/accounts-features?cgversion=2024H1update#5. Could not follow redirection (or it was a meaninglessly small page or bot blocked by sessionID).
======== We are on link 46 of 91
========== raw link /community-guidelines/en/accounts-features?cgversion=2024H1update#6
============ Found Relative: joining https://www.tiktok.com/community-guidelines/en/integrity-authenticity?cgversion=2024H1update#3 and /community-guidelines/en/accounts-features?cgversion=2024H1update#6
============ Checking for Redirections: https://www.tiktok.com/community-guidelines/en/accounts-features?cgversion=2024H1update#6
========== dropped link https://www.tiktok.com/community-guidelines/en/accounts-features?cgversion=2024H1update#6. Could not follow redirection (or it was a meaninglessly small page or bot blocked by sessionID).
======== We are on link 47 of 91
========== raw link /community-guidelines/en/enforcement?cgversion=2024H1update
============ Found Relative: joining https://www.tiktok.com/community-guidelines/en/integrity-authenticity?cgversion=2024H1update#3 and /community-guidelines/en/enforcement?cgversion=2024H1update
============ Checking for Redirections: https://www.tiktok.com/community-guidelines/en/enforcement?cgversion=2024H1update
========== dropped link https://www.tiktok.com/community-guidelines/en/enforcement?cgversion=2024H1update. Could not follow redirection (or it was a meaninglessly small page or bot blocked by sessionID).
======== We are on link 48 of 91
========== raw link /community-guidelines/en/enforcement?cgversion=2024H1update#1
============ Found Relative: joining https://www.tiktok.com/community-guidelines/en/integrity-authenticity?cgversion=2024H1update#3 and /community-guidelines/en/enforcement?cgversion=2024H1update#1
============ Checking for Redirections: https://www.tiktok.com/community-guidelines/en/enforcement?cgversion=2024H1update#1
========== dropped link https://www.tiktok.com/community-guidelines/en/enforcement?cgversion=2024H1update#1. Could not follow redirection (or it was a meaninglessly small page or bot blocked by sessionID).
======== We are on link 49 of 91
========== raw link /community-guidelines/en/enforcement?cgversion=2024H1update#2
============ Found Relative: joining https://www.tiktok.com/community-guidelines/en/integrity-authenticity?cgversion=2024H1update#3 and /community-guidelines/en/enforcement?cgversion=2024H1update#2
============ Checking for Redirections: https://www.tiktok.com/community-guidelines/en/enforcement?cgversion=2024H1update#2
========== dropped link https://www.tiktok.com/community-guidelines/en/enforcement?cgversion=2024H1update#2. Could not follow redirection (or it was a meaninglessly small page or bot blocked by sessionID).
======== We are on link 50 of 91
========== raw link /community-guidelines/en/enforcement?cgversion=2024H1update#3
============ Found Relative: joining https://www.tiktok.com/community-guidelines/en/integrity-authenticity?cgversion=2024H1update#3 and /community-guidelines/en/enforcement?cgversion=2024H1update#3
============ Checking for Redirections: https://www.tiktok.com/community-guidelines/en/enforcement?cgversion=2024H1update#3
========== dropped link https://www.tiktok.com/community-guidelines/en/enforcement?cgversion=2024H1update#3. Could not follow redirection (or it was a meaninglessly small page or bot blocked by sessionID).
======== We are on link 51 of 91
========== raw link https://www.tiktok.com/safety/safety-partners/?lang=en
============ Checking for Redirections: https://www.tiktok.com/safety/safety-partners/?lang=en
========== dropped link https://www.tiktok.com/safety/safety-partners/?lang=en. Could not follow redirection (or it was a meaninglessly small page or bot blocked by sessionID).
======== We are on link 52 of 91
========== raw link https://newsroom.tiktok.com/en-us/new-prompts-to-help-people-consider-before-they-share
============ Checking for Redirections: https://newsroom.tiktok.com/en-us/new-prompts-to-help-people-consider-before-they-share
============ Link unchanged
========== scraping https://newsroom.tiktok.com/en-us/new-prompts-to-help-people-consider-before-they-share
======== We are on link 53 of 91
========== raw link https://support.tiktok.com/en/using-tiktok/growing-your-audience/government-politician-and-political-party-accounts
============ Checking for Redirections: https://support.tiktok.com/en/using-tiktok/growing-your-audience/government-politician-and-political-party-accounts
============ Link unchanged
========== scraping https://support.tiktok.com/en/using-tiktok/growing-your-audience/government-politician-and-political-party-accounts
======== We are on link 54 of 91
========== raw link https://ads.tiktok.com/help/article/tiktok-ads-policy-politics-religion-and-culture/?lang=en
============ Checking for Redirections: https://ads.tiktok.com/help/article/tiktok-ads-policy-politics-religion-and-culture/?lang=en
============ Link after cleaning: https://ads.tiktok.com/help/article/tiktok-ads-policy-politics-religion-and-culture/
========== scraping https://ads.tiktok.com/help/article/tiktok-ads-policy-politics-religion-and-culture/
======== We are on link 55 of 91
========== raw link https://www.tiktok.com/transparency/protecting-elections/?lang=en
============ Checking for Redirections: https://www.tiktok.com/transparency/protecting-elections/?lang=en
========== dropped link https://www.tiktok.com/transparency/protecting-elections/?lang=en. Could not follow redirection (or it was a meaninglessly small page or bot blocked by sessionID).
======== We are on link 56 of 91
========== raw link https://support.tiktok.com/en/using-tiktok/growing-your-audience/government-politician-and-political-party-accounts
============ Checking for Redirections: https://support.tiktok.com/en/using-tiktok/growing-your-audience/government-politician-and-political-party-accounts
============ Link unchanged
========== link already checked
======== We are on link 57 of 91
========== raw link https://support.tiktok.com/en/using-tiktok/creating-videos/ai-generated-content
============ Checking for Redirections: https://support.tiktok.com/en/using-tiktok/creating-videos/ai-generated-content
============ Link unchanged
========== link already checked
======== We are on link 58 of 91
========== raw link https://support.tiktok.com/en/using-tiktok/creating-videos/ai-generated-content
============ Checking for Redirections: https://support.tiktok.com/en/using-tiktok/creating-videos/ai-generated-content
============ Link unchanged
========== link already checked
======== We are on link 59 of 91
========== raw link https://www.tiktok.com/legal/page/global/copyright-policy/en
============ Checking for Redirections: https://www.tiktok.com/legal/page/global/copyright-policy/en
========== dropped link https://www.tiktok.com/legal/page/global/copyright-policy/en. Could not follow redirection (or it was a meaninglessly small page or bot blocked by sessionID).
======== We are on link 60 of 91
========== raw link https://www.tiktok.com/legal/report/Copyright
============ Checking for Redirections: https://www.tiktok.com/legal/report/Copyright
========== dropped link https://www.tiktok.com/legal/report/Copyright. Could not follow redirection (or it was a meaninglessly small page or bot blocked by sessionID).
======== We are on link 61 of 91
========== raw link https://www.tiktok.com/legal/report/Trademark
============ Checking for Redirections: https://www.tiktok.com/legal/report/Trademark
========== dropped link https://www.tiktok.com/legal/report/Trademark. Could not follow redirection (or it was a meaninglessly small page or bot blocked by sessionID).
======== We are on link 62 of 91
========== raw link /community-guidelines/en/accounts-features?cgversion=2024H1update&lang=en
============ Found Relative: joining https://www.tiktok.com/community-guidelines/en/integrity-authenticity?cgversion=2024H1update#3 and /community-guidelines/en/accounts-features?cgversion=2024H1update&lang=en
============ Checking for Redirections: https://www.tiktok.com/community-guidelines/en/accounts-features?cgversion=2024H1update&lang=en
========== dropped link https://www.tiktok.com/community-guidelines/en/accounts-features?cgversion=2024H1update&lang=en. Could not follow redirection (or it was a meaninglessly small page or bot blocked by sessionID).
======== We are on link 63 of 91
========== raw link https://www.tiktok.com/transparency/countering-influence-operations/?lang=en
============ Checking for Redirections: https://www.tiktok.com/transparency/countering-influence-operations/?lang=en
========== dropped link https://www.tiktok.com/transparency/countering-influence-operations/?lang=en. Could not follow redirection (or it was a meaninglessly small page or bot blocked by sessionID).
======== We are on link 64 of 91
========== raw link /community-guidelines/en/accounts-features?cgversion=2024H1update&lang=en#1
============ Found Relative: joining https://www.tiktok.com/community-guidelines/en/integrity-authenticity?cgversion=2024H1update#3 and /community-guidelines/en/accounts-features?cgversion=2024H1update&lang=en#1
============ Checking for Redirections: https://www.tiktok.com/community-guidelines/en/accounts-features?cgversion=2024H1update&lang=en#1
========== dropped link https://www.tiktok.com/community-guidelines/en/accounts-features?cgversion=2024H1update&lang=en#1. Could not follow redirection (or it was a meaninglessly small page or bot blocked by sessionID).
======== We are on link 65 of 91
========== raw link /community-guidelines/en/regulated-commercial-activities?cgversion=2024H1update
============ Found Relative: joining https://www.tiktok.com/community-guidelines/en/integrity-authenticity?cgversion=2024H1update#3 and /community-guidelines/en/regulated-commercial-activities?cgversion=2024H1update
============ Checking for Redirections: https://www.tiktok.com/community-guidelines/en/regulated-commercial-activities?cgversion=2024H1update
========== dropped link https://www.tiktok.com/community-guidelines/en/regulated-commercial-activities?cgversion=2024H1update. Could not follow redirection (or it was a meaninglessly small page or bot blocked by sessionID).
======== We are on link 66 of 91
========== raw link https://www.tiktok.com
============ Checking for Redirections: https://www.tiktok.com
========== dropped link https://www.tiktok.com. Could not follow redirection (or it was a meaninglessly small page or bot blocked by sessionID).
======== We are on link 67 of 91
========== raw link https://www.tiktok.com/about?lang=en
============ Checking for Redirections: https://www.tiktok.com/about?lang=en
========== dropped link https://www.tiktok.com/about?lang=en. Could not follow redirection (or it was a meaninglessly small page or bot blocked by sessionID).
======== We are on link 68 of 91
========== raw link https://newsroom.tiktok.com?lang=en
============ Checking for Redirections: https://newsroom.tiktok.com?lang=en
============ Followed Redirection to https://newsroom.tiktok.com/en-us/
============ Link after cleaning: https://newsroom.tiktok.com/en-us/
========== link already checked
======== We are on link 69 of 91
========== raw link https://www.tiktok.com/about/contact?lang=en
============ Checking for Redirections: https://www.tiktok.com/about/contact?lang=en
========== dropped link https://www.tiktok.com/about/contact?lang=en. Could not follow redirection (or it was a meaninglessly small page or bot blocked by sessionID).
======== We are on link 70 of 91
========== raw link https://careers.tiktok.com?lang=en
============ Checking for Redirections: https://careers.tiktok.com?lang=en
============ Followed Redirection to https://lifeattiktok.com/?lang=en
============ Link after cleaning: https://lifeattiktok.com/
========== link already checked
======== We are on link 71 of 91
========== raw link https://www.bytedance.com?lang=en
========== dropped link https://www.bytedance.com?lang=en. Didn't pass first allows/blocks test.
======== We are on link 72 of 91
========== raw link https://www.tiktok.com/for-good?lang=en
============ Checking for Redirections: https://www.tiktok.com/for-good?lang=en
========== dropped link https://www.tiktok.com/for-good?lang=en. Could not follow redirection (or it was a meaninglessly small page or bot blocked by sessionID).
======== We are on link 73 of 91
========== raw link https://developers.tiktok.com?lang=en
============ Checking for Redirections: https://developers.tiktok.com?lang=en
============ Followed Redirection to https://developers.tiktok.com/?lang=en
============ Link after cleaning: https://developers.tiktok.com/
========== link already checked
======== We are on link 74 of 91
========== raw link https://effecthouse.tiktok.com?lang=en
============ Checking for Redirections: https://effecthouse.tiktok.com?lang=en
============ Followed Redirection to https://effecthouse.tiktok.com/?lang=en
============ Link after cleaning: https://effecthouse.tiktok.com/
========== link already checked
======== We are on link 75 of 91
========== raw link https://www.tiktok.com/business?lang=en
============ Checking for Redirections: https://www.tiktok.com/business?lang=en
========== dropped link https://www.tiktok.com/business?lang=en. Could not follow redirection (or it was a meaninglessly small page or bot blocked by sessionID).
======== We are on link 76 of 91
========== raw link https://www.tiktok.com/browse?lang=en
============ Checking for Redirections: https://www.tiktok.com/browse?lang=en
========== dropped link https://www.tiktok.com/browse?lang=en. Could not follow redirection (or it was a meaninglessly small page or bot blocked by sessionID).
======== We are on link 77 of 91
========== raw link https://www.tiktok.com/embed?lang=en
============ Checking for Redirections: https://www.tiktok.com/embed?lang=en
========== dropped link https://www.tiktok.com/embed?lang=en. Could not follow redirection (or it was a meaninglessly small page or bot blocked by sessionID).
======== We are on link 78 of 91
========== raw link https://www.tiktok.com/tiktok-rewards?lang=en
============ Checking for Redirections: https://www.tiktok.com/tiktok-rewards?lang=en
========== dropped link https://www.tiktok.com/tiktok-rewards?lang=en. Could not follow redirection (or it was a meaninglessly small page or bot blocked by sessionID).
======== We are on link 79 of 91
========== raw link https://www.tiktok.com/download/en
============ Checking for Redirections: https://www.tiktok.com/download/en
========== dropped link https://www.tiktok.com/download/en. Could not follow redirection (or it was a meaninglessly small page or bot blocked by sessionID).
======== We are on link 80 of 91
========== raw link https://support.tiktok.com?lang=en
============ Checking for Redirections: https://support.tiktok.com?lang=en
========== dropped link https://support.tiktok.com?lang=en. Could not follow redirection (or it was a meaninglessly small page or bot blocked by sessionID).
======== We are on link 81 of 91
========== raw link https://www.tiktok.com/safety?lang=en
============ Checking for Redirections: https://www.tiktok.com/safety?lang=en
========== dropped link https://www.tiktok.com/safety?lang=en. Could not follow redirection (or it was a meaninglessly small page or bot blocked by sessionID).
======== We are on link 82 of 91
========== raw link https://www.tiktok.com/privacy/overview?lang=en
============ Checking for Redirections: https://www.tiktok.com/privacy/overview?lang=en
========== dropped link https://www.tiktok.com/privacy/overview?lang=en. Could not follow redirection (or it was a meaninglessly small page or bot blocked by sessionID).
======== We are on link 83 of 91
========== raw link https://www.tiktok.com/creator-academy?lang=en
============ Checking for Redirections: https://www.tiktok.com/creator-academy?lang=en
========== dropped link https://www.tiktok.com/creator-academy?lang=en. Could not follow redirection (or it was a meaninglessly small page or bot blocked by sessionID).
======== We are on link 84 of 91
========== raw link https://www.tiktok.com/community-guidelines?lang=en
============ Checking for Redirections: https://www.tiktok.com/community-guidelines?lang=en
========== dropped link https://www.tiktok.com/community-guidelines?lang=en. Could not follow redirection (or it was a meaninglessly small page or bot blocked by sessionID).
======== We are on link 85 of 91
========== raw link https://www.tiktok.com/transparency?lang=en
============ Checking for Redirections: https://www.tiktok.com/transparency?lang=en
========== dropped link https://www.tiktok.com/transparency?lang=en. Could not follow redirection (or it was a meaninglessly small page or bot blocked by sessionID).
======== We are on link 86 of 91
========== raw link https://www.tiktok.com/accessibility?lang=en
============ Checking for Redirections: https://www.tiktok.com/accessibility?lang=en
========== dropped link https://www.tiktok.com/accessibility?lang=en. Could not follow redirection (or it was a meaninglessly small page or bot blocked by sessionID).
======== We are on link 87 of 91
========== raw link https://www.tiktok.com/legal/terms-of-service?lang=en
============ Checking for Redirections: https://www.tiktok.com/legal/terms-of-service?lang=en
========== dropped link https://www.tiktok.com/legal/terms-of-service?lang=en. Could not follow redirection (or it was a meaninglessly small page or bot blocked by sessionID).
======== We are on link 88 of 91
========== raw link https://www.tiktok.com/legal/privacy-policy?lang=en
============ Checking for Redirections: https://www.tiktok.com/legal/privacy-policy?lang=en
========== dropped link https://www.tiktok.com/legal/privacy-policy?lang=en. Could not follow redirection (or it was a meaninglessly small page or bot blocked by sessionID).
======== We are on link 89 of 91
========== raw link https://www.tiktok.com/legal/copyright-policy?lang=en
============ Checking for Redirections: https://www.tiktok.com/legal/copyright-policy?lang=en
========== dropped link https://www.tiktok.com/legal/copyright-policy?lang=en. Could not follow redirection (or it was a meaninglessly small page or bot blocked by sessionID).
======== We are on link 90 of 91
========== raw link https://www.tiktok.com/legal/law-enforcement?lang=en
============ Checking for Redirections: https://www.tiktok.com/legal/law-enforcement?lang=en
========== dropped link https://www.tiktok.com/legal/law-enforcement?lang=en. Could not follow redirection (or it was a meaninglessly small page or bot blocked by sessionID).
======== We are on link 91 of 91
========== raw link https://www.tiktok.com/legal/privacy-policy-for-younger-users?lang=en
============ Checking for Redirections: https://www.tiktok.com/legal/privacy-policy-for-younger-users?lang=en
========== dropped link https://www.tiktok.com/legal/privacy-policy-for-younger-users?lang=en. Could not follow redirection (or it was a meaninglessly small page or bot blocked by sessionID).
====== We are on page 6 of 9: https://newsroom.tiktok.com/en-us/new-labels-for-disclosing-ai-generated-content
====== Number of Links on this Page: 59
======== We are on link 1 of 59
========== raw link /
========== dropped link (either fragment ("#"), js, mailto, comment, pdf, or empty)
======== We are on link 2 of 59
========== raw link /trending/?lang=en
============ Found Relative: joining https://newsroom.tiktok.com/en-us/new-labels-for-disclosing-ai-generated-content and /trending/?lang=en
============ Checking for Redirections: https://newsroom.tiktok.com/trending/?lang=en
============ Followed Redirection to https://newsroom.tiktok.com/en-us
============ Link after cleaning: https://newsroom.tiktok.com/en-us
========== link already checked
======== We are on link 3 of 59
========== raw link /en-us
============ Found Relative: joining https://newsroom.tiktok.com/en-us/new-labels-for-disclosing-ai-generated-content and /en-us
============ Checking for Redirections: https://newsroom.tiktok.com/en-us
============ Link after cleaning: https://newsroom.tiktok.com/en-us
========== link already checked
======== We are on link 4 of 59
========== raw link /en-us/news
============ Found Relative: joining https://newsroom.tiktok.com/en-us/new-labels-for-disclosing-ai-generated-content and /en-us/news
============ Checking for Redirections: https://newsroom.tiktok.com/en-us/news
============ Link after cleaning: https://newsroom.tiktok.com/en-us/news
========== link already checked
======== We are on link 5 of 59
========== raw link /en-us/product
============ Found Relative: joining https://newsroom.tiktok.com/en-us/new-labels-for-disclosing-ai-generated-content and /en-us/product
============ Checking for Redirections: https://newsroom.tiktok.com/en-us/product
============ Link after cleaning: https://newsroom.tiktok.com/en-us/product
========== link already checked
======== We are on link 6 of 59
========== raw link /en-us/community
============ Found Relative: joining https://newsroom.tiktok.com/en-us/new-labels-for-disclosing-ai-generated-content and /en-us/community
============ Checking for Redirections: https://newsroom.tiktok.com/en-us/community
============ Link after cleaning: https://newsroom.tiktok.com/en-us/community
========== link already checked
======== We are on link 7 of 59
========== raw link /en-us/safety
============ Found Relative: joining https://newsroom.tiktok.com/en-us/new-labels-for-disclosing-ai-generated-content and /en-us/safety
============ Checking for Redirections: https://newsroom.tiktok.com/en-us/safety
============ Link after cleaning: https://newsroom.tiktok.com/en-us/safety
========== link already checked
======== We are on link 8 of 59
========== raw link /en-us/company
============ Found Relative: joining https://newsroom.tiktok.com/en-us/new-labels-for-disclosing-ai-generated-content and /en-us/company
============ Checking for Redirections: https://newsroom.tiktok.com/en-us/company
============ Link after cleaning: https://newsroom.tiktok.com/en-us/company
========== link already checked
======== We are on link 9 of 59
========== raw link /en-us/news
============ Found Relative: joining https://newsroom.tiktok.com/en-us/new-labels-for-disclosing-ai-generated-content and /en-us/news
============ Checking for Redirections: https://newsroom.tiktok.com/en-us/news
============ Link after cleaning: https://newsroom.tiktok.com/en-us/news
========== link already checked
======== We are on link 10 of 59
========== raw link https://twitter.com/share?text=New%20labels%20for%20disclosing%20AI-generated%20content&url=https%3A%2F%2Fnewsroom.tiktok.com%2Fen-us%2Fnew-labels-for-disclosing-ai-generated-content
============ Checking for Redirections: https://twitter.com/share?text=New%20labels%20for%20disclosing%20AI-generated%20content&url=https%3A%2F%2Fnewsroom.tiktok.com%2Fen-us%2Fnew-labels-for-disclosing-ai-generated-content
========== dropped link https://twitter.com/share?text=New%20labels%20for%20disclosing%20AI-generated%20content&url=https%3A%2F%2Fnewsroom.tiktok.com%2Fen-us%2Fnew-labels-for-disclosing-ai-generated-content. Could not follow redirection (or it was a meaninglessly small page or bot blocked by sessionID).
======== We are on link 11 of 59
========== raw link https://www.facebook.com/sharer.php?u=https%3A%2F%2Fnewsroom.tiktok.com%2Fen-us%2Fnew-labels-for-disclosing-ai-generated-content
========== dropped link https://www.facebook.com/sharer.php?u=https%3A%2F%2Fnewsroom.tiktok.com%2Fen-us%2Fnew-labels-for-disclosing-ai-generated-content. Didn't pass first allows/blocks test.
======== We are on link 12 of 59
========== raw link https://www.tiktok.com/community-guidelines/en/integrity-authenticity/#3
============ Checking for Redirections: https://www.tiktok.com/community-guidelines/en/integrity-authenticity/#3
========== dropped link https://www.tiktok.com/community-guidelines/en/integrity-authenticity/#3. Could not follow redirection (or it was a meaninglessly small page or bot blocked by sessionID).
======== We are on link 13 of 59
========== raw link https://effecthouse.tiktok.com/effect-platform/latest/news/public-launch/
============ Checking for Redirections: https://effecthouse.tiktok.com/effect-platform/latest/news/public-launch/
============ Link unchanged
========== scraping https://effecthouse.tiktok.com/effect-platform/latest/news/public-launch/
======== We are on link 14 of 59
========== raw link https://psyarxiv.com/v4mfz
========== dropped link https://psyarxiv.com/v4mfz. Didn't pass first allows/blocks test.
======== We are on link 15 of 59
========== raw link https://syntheticmedia.partnershiponai.org/
========== dropped link https://syntheticmedia.partnershiponai.org/. Didn't pass first allows/blocks test.
======== We are on link 16 of 59
========== raw link https://digitalmoment.org/#anchor_our_experiences
========== dropped link https://digitalmoment.org/#anchor_our_experiences. Didn't pass first allows/blocks test.
======== We are on link 17 of 59
========== raw link /en-us/news
============ Found Relative: joining https://newsroom.tiktok.com/en-us/new-labels-for-disclosing-ai-generated-content and /en-us/news
============ Checking for Redirections: https://newsroom.tiktok.com/en-us/news
============ Link after cleaning: https://newsroom.tiktok.com/en-us/news
========== link already checked
======== We are on link 18 of 59
========== raw link https://twitter.com/share?text=New%20labels%20for%20disclosing%20AI-generated%20content&url=https%3A%2F%2Fnewsroom.tiktok.com%2Fen-us%2Fnew-labels-for-disclosing-ai-generated-content
============ Checking for Redirections: https://twitter.com/share?text=New%20labels%20for%20disclosing%20AI-generated%20content&url=https%3A%2F%2Fnewsroom.tiktok.com%2Fen-us%2Fnew-labels-for-disclosing-ai-generated-content
========== dropped link https://twitter.com/share?text=New%20labels%20for%20disclosing%20AI-generated%20content&url=https%3A%2F%2Fnewsroom.tiktok.com%2Fen-us%2Fnew-labels-for-disclosing-ai-generated-content. Could not follow redirection (or it was a meaninglessly small page or bot blocked by sessionID).
======== We are on link 19 of 59
========== raw link https://www.facebook.com/sharer.php?u=https%3A%2F%2Fnewsroom.tiktok.com%2Fen-us%2Fnew-labels-for-disclosing-ai-generated-content
========== dropped link https://www.facebook.com/sharer.php?u=https%3A%2F%2Fnewsroom.tiktok.com%2Fen-us%2Fnew-labels-for-disclosing-ai-generated-content. Didn't pass first allows/blocks test.
======== We are on link 20 of 59
========== raw link /en-us/community
============ Found Relative: joining https://newsroom.tiktok.com/en-us/new-labels-for-disclosing-ai-generated-content and /en-us/community
============ Checking for Redirections: https://newsroom.tiktok.com/en-us/community
============ Link after cleaning: https://newsroom.tiktok.com/en-us/community
========== link already checked
======== We are on link 21 of 59
========== raw link /en-us/apitiktok-voices-to-watch-celebrating-asian-american-native-hawaiian-and-pacific-islander-heritage-month-2025
============ Found Relative: joining https://newsroom.tiktok.com/en-us/new-labels-for-disclosing-ai-generated-content and /en-us/apitiktok-voices-to-watch-celebrating-asian-american-native-hawaiian-and-pacific-islander-heritage-month-2025
============ Checking for Redirections: https://newsroom.tiktok.com/en-us/apitiktok-voices-to-watch-celebrating-asian-american-native-hawaiian-and-pacific-islander-heritage-month-2025
============ Link after cleaning: https://newsroom.tiktok.com/en-us/apitiktok-voices-to-watch-celebrating-asian-american-native-hawaiian-and-pacific-islander-heritage-month-2025
========== link already checked
======== We are on link 22 of 59
========== raw link /en-us/apitiktok-voices-to-watch-celebrating-asian-american-native-hawaiian-and-pacific-islander-heritage-month-2025
============ Found Relative: joining https://newsroom.tiktok.com/en-us/new-labels-for-disclosing-ai-generated-content and /en-us/apitiktok-voices-to-watch-celebrating-asian-american-native-hawaiian-and-pacific-islander-heritage-month-2025
============ Checking for Redirections: https://newsroom.tiktok.com/en-us/apitiktok-voices-to-watch-celebrating-asian-american-native-hawaiian-and-pacific-islander-heritage-month-2025
============ Link after cleaning: https://newsroom.tiktok.com/en-us/apitiktok-voices-to-watch-celebrating-asian-american-native-hawaiian-and-pacific-islander-heritage-month-2025
========== link already checked
======== We are on link 23 of 59
========== raw link /en-us/apitiktok-voices-to-watch-celebrating-asian-american-native-hawaiian-and-pacific-islander-heritage-month-2025
============ Found Relative: joining https://newsroom.tiktok.com/en-us/new-labels-for-disclosing-ai-generated-content and /en-us/apitiktok-voices-to-watch-celebrating-asian-american-native-hawaiian-and-pacific-islander-heritage-month-2025
============ Checking for Redirections: https://newsroom.tiktok.com/en-us/apitiktok-voices-to-watch-celebrating-asian-american-native-hawaiian-and-pacific-islander-heritage-month-2025
============ Link after cleaning: https://newsroom.tiktok.com/en-us/apitiktok-voices-to-watch-celebrating-asian-american-native-hawaiian-and-pacific-islander-heritage-month-2025
========== link already checked
======== We are on link 24 of 59
========== raw link /en-us/community
============ Found Relative: joining https://newsroom.tiktok.com/en-us/new-labels-for-disclosing-ai-generated-content and /en-us/community
============ Checking for Redirections: https://newsroom.tiktok.com/en-us/community
============ Link after cleaning: https://newsroom.tiktok.com/en-us/community
========== link already checked
======== We are on link 25 of 59
========== raw link /en-us/celebrating-world-book-day-with-booktok
============ Found Relative: joining https://newsroom.tiktok.com/en-us/new-labels-for-disclosing-ai-generated-content and /en-us/celebrating-world-book-day-with-booktok
============ Checking for Redirections: https://newsroom.tiktok.com/en-us/celebrating-world-book-day-with-booktok
============ Link after cleaning: https://newsroom.tiktok.com/en-us/celebrating-world-book-day-with-booktok
========== link already checked
======== We are on link 26 of 59
========== raw link /en-us/celebrating-world-book-day-with-booktok
============ Found Relative: joining https://newsroom.tiktok.com/en-us/new-labels-for-disclosing-ai-generated-content and /en-us/celebrating-world-book-day-with-booktok
============ Checking for Redirections: https://newsroom.tiktok.com/en-us/celebrating-world-book-day-with-booktok
============ Link after cleaning: https://newsroom.tiktok.com/en-us/celebrating-world-book-day-with-booktok
========== link already checked
======== We are on link 27 of 59
========== raw link /en-us/celebrating-world-book-day-with-booktok
============ Found Relative: joining https://newsroom.tiktok.com/en-us/new-labels-for-disclosing-ai-generated-content and /en-us/celebrating-world-book-day-with-booktok
============ Checking for Redirections: https://newsroom.tiktok.com/en-us/celebrating-world-book-day-with-booktok
============ Link after cleaning: https://newsroom.tiktok.com/en-us/celebrating-world-book-day-with-booktok
========== link already checked
======== We are on link 28 of 59
========== raw link /en-us/community
============ Found Relative: joining https://newsroom.tiktok.com/en-us/new-labels-for-disclosing-ai-generated-content and /en-us/community
============ Checking for Redirections: https://newsroom.tiktok.com/en-us/community
============ Link after cleaning: https://newsroom.tiktok.com/en-us/community
========== link already checked
======== We are on link 29 of 59
========== raw link /en-us/tiktok-and-major-league-soccer-sign-multiyear-partnership-renewal
============ Found Relative: joining https://newsroom.tiktok.com/en-us/new-labels-for-disclosing-ai-generated-content and /en-us/tiktok-and-major-league-soccer-sign-multiyear-partnership-renewal
============ Checking for Redirections: https://newsroom.tiktok.com/en-us/tiktok-and-major-league-soccer-sign-multiyear-partnership-renewal
============ Link after cleaning: https://newsroom.tiktok.com/en-us/tiktok-and-major-league-soccer-sign-multiyear-partnership-renewal
========== link already checked
======== We are on link 30 of 59
========== raw link /en-us/tiktok-and-major-league-soccer-sign-multiyear-partnership-renewal
============ Found Relative: joining https://newsroom.tiktok.com/en-us/new-labels-for-disclosing-ai-generated-content and /en-us/tiktok-and-major-league-soccer-sign-multiyear-partnership-renewal
============ Checking for Redirections: https://newsroom.tiktok.com/en-us/tiktok-and-major-league-soccer-sign-multiyear-partnership-renewal
============ Link after cleaning: https://newsroom.tiktok.com/en-us/tiktok-and-major-league-soccer-sign-multiyear-partnership-renewal
========== link already checked
======== We are on link 31 of 59
========== raw link /en-us/tiktok-and-major-league-soccer-sign-multiyear-partnership-renewal
============ Found Relative: joining https://newsroom.tiktok.com/en-us/new-labels-for-disclosing-ai-generated-content and /en-us/tiktok-and-major-league-soccer-sign-multiyear-partnership-renewal
============ Checking for Redirections: https://newsroom.tiktok.com/en-us/tiktok-and-major-league-soccer-sign-multiyear-partnership-renewal
============ Link after cleaning: https://newsroom.tiktok.com/en-us/tiktok-and-major-league-soccer-sign-multiyear-partnership-renewal
========== link already checked
======== We are on link 32 of 59
========== raw link https://www.tiktok.com/download-link/af/id1235601864
============ Checking for Redirections: https://www.tiktok.com/download-link/af/id1235601864
========== dropped link https://www.tiktok.com/download-link/af/id1235601864. Could not follow redirection (or it was a meaninglessly small page or bot blocked by sessionID).
======== We are on link 33 of 59
========== raw link https://www.tiktok.com/download-link/af/com.ss.android.ugc.trill
============ Checking for Redirections: https://www.tiktok.com/download-link/af/com.ss.android.ugc.trill
========== dropped link https://www.tiktok.com/download-link/af/com.ss.android.ugc.trill. Could not follow redirection (or it was a meaninglessly small page or bot blocked by sessionID).
======== We are on link 34 of 59
========== raw link https://www.amazon.com/dp/B07KR1RJL2/
========== dropped link https://www.amazon.com/dp/B07KR1RJL2/. Didn't pass first allows/blocks test.
======== We are on link 35 of 59
========== raw link https://www.tiktok.com
============ Checking for Redirections: https://www.tiktok.com
========== dropped link https://www.tiktok.com. Could not follow redirection (or it was a meaninglessly small page or bot blocked by sessionID).
======== We are on link 36 of 59
========== raw link https://www.tiktok.com/about?lang=en
============ Checking for Redirections: https://www.tiktok.com/about?lang=en
========== dropped link https://www.tiktok.com/about?lang=en. Could not follow redirection (or it was a meaninglessly small page or bot blocked by sessionID).
======== We are on link 37 of 59
========== raw link https://newsroom.tiktok.com?lang=en
============ Checking for Redirections: https://newsroom.tiktok.com?lang=en
============ Followed Redirection to https://newsroom.tiktok.com/en-us/
============ Link after cleaning: https://newsroom.tiktok.com/en-us/
========== link already checked
======== We are on link 38 of 59
========== raw link https://www.tiktok.com/about/contact?lang=en
============ Checking for Redirections: https://www.tiktok.com/about/contact?lang=en
========== dropped link https://www.tiktok.com/about/contact?lang=en. Could not follow redirection (or it was a meaninglessly small page or bot blocked by sessionID).
======== We are on link 39 of 59
========== raw link https://careers.tiktok.com?lang=en
============ Checking for Redirections: https://careers.tiktok.com?lang=en
============ Followed Redirection to https://lifeattiktok.com/?lang=en
============ Link after cleaning: https://lifeattiktok.com/
========== link already checked
======== We are on link 40 of 59
========== raw link https://www.bytedance.com?lang=en
========== dropped link https://www.bytedance.com?lang=en. Didn't pass first allows/blocks test.
======== We are on link 41 of 59
========== raw link https://www.tiktok.com/for-good?lang=en
============ Checking for Redirections: https://www.tiktok.com/for-good?lang=en
========== dropped link https://www.tiktok.com/for-good?lang=en. Could not follow redirection (or it was a meaninglessly small page or bot blocked by sessionID).
======== We are on link 42 of 59
========== raw link https://developers.tiktok.com?lang=en
============ Checking for Redirections: https://developers.tiktok.com?lang=en
============ Followed Redirection to https://developers.tiktok.com/?lang=en
============ Link after cleaning: https://developers.tiktok.com/
========== link already checked
======== We are on link 43 of 59
========== raw link https://effecthouse.tiktok.com?lang=en
============ Checking for Redirections: https://effecthouse.tiktok.com?lang=en
============ Followed Redirection to https://effecthouse.tiktok.com/?lang=en
============ Link after cleaning: https://effecthouse.tiktok.com/
========== link already checked
======== We are on link 44 of 59
========== raw link https://www.tiktok.com/business?lang=en
============ Checking for Redirections: https://www.tiktok.com/business?lang=en
========== dropped link https://www.tiktok.com/business?lang=en. Could not follow redirection (or it was a meaninglessly small page or bot blocked by sessionID).
======== We are on link 45 of 59
========== raw link https://www.tiktok.com/browse?lang=en
============ Checking for Redirections: https://www.tiktok.com/browse?lang=en
========== dropped link https://www.tiktok.com/browse?lang=en. Could not follow redirection (or it was a meaninglessly small page or bot blocked by sessionID).
======== We are on link 46 of 59
========== raw link https://www.tiktok.com/embed?lang=en
============ Checking for Redirections: https://www.tiktok.com/embed?lang=en
========== dropped link https://www.tiktok.com/embed?lang=en. Could not follow redirection (or it was a meaninglessly small page or bot blocked by sessionID).
======== We are on link 47 of 59
========== raw link https://www.tiktok.com/tiktok-rewards?lang=en
============ Checking for Redirections: https://www.tiktok.com/tiktok-rewards?lang=en
========== dropped link https://www.tiktok.com/tiktok-rewards?lang=en. Could not follow redirection (or it was a meaninglessly small page or bot blocked by sessionID).
======== We are on link 48 of 59
========== raw link https://www.tiktok.com/download/en
============ Checking for Redirections: https://www.tiktok.com/download/en
========== dropped link https://www.tiktok.com/download/en. Could not follow redirection (or it was a meaninglessly small page or bot blocked by sessionID).
======== We are on link 49 of 59
========== raw link https://support.tiktok.com?lang=en
============ Checking for Redirections: https://support.tiktok.com?lang=en
========== dropped link https://support.tiktok.com?lang=en. Could not follow redirection (or it was a meaninglessly small page or bot blocked by sessionID).
======== We are on link 50 of 59
========== raw link https://www.tiktok.com/safety?lang=en
============ Checking for Redirections: https://www.tiktok.com/safety?lang=en
========== dropped link https://www.tiktok.com/safety?lang=en. Could not follow redirection (or it was a meaninglessly small page or bot blocked by sessionID).
======== We are on link 51 of 59
========== raw link https://www.tiktok.com/privacy/overview?lang=en
============ Checking for Redirections: https://www.tiktok.com/privacy/overview?lang=en
========== dropped link https://www.tiktok.com/privacy/overview?lang=en. Could not follow redirection (or it was a meaninglessly small page or bot blocked by sessionID).
======== We are on link 52 of 59
========== raw link https://www.tiktok.com/creator-academy?lang=en
============ Checking for Redirections: https://www.tiktok.com/creator-academy?lang=en
========== dropped link https://www.tiktok.com/creator-academy?lang=en. Could not follow redirection (or it was a meaninglessly small page or bot blocked by sessionID).
======== We are on link 53 of 59
========== raw link https://www.tiktok.com/community-guidelines?lang=en
============ Checking for Redirections: https://www.tiktok.com/community-guidelines?lang=en
========== dropped link https://www.tiktok.com/community-guidelines?lang=en. Could not follow redirection (or it was a meaninglessly small page or bot blocked by sessionID).
======== We are on link 54 of 59
========== raw link https://www.tiktok.com/transparency?lang=en
============ Checking for Redirections: https://www.tiktok.com/transparency?lang=en
========== dropped link https://www.tiktok.com/transparency?lang=en. Could not follow redirection (or it was a meaninglessly small page or bot blocked by sessionID).
======== We are on link 55 of 59
========== raw link https://www.tiktok.com/accessibility?lang=en
============ Checking for Redirections: https://www.tiktok.com/accessibility?lang=en
========== dropped link https://www.tiktok.com/accessibility?lang=en. Could not follow redirection (or it was a meaninglessly small page or bot blocked by sessionID).
======== We are on link 56 of 59
========== raw link https://www.tiktok.com/legal/terms-of-service?lang=en
============ Checking for Redirections: https://www.tiktok.com/legal/terms-of-service?lang=en
========== dropped link https://www.tiktok.com/legal/terms-of-service?lang=en. Could not follow redirection (or it was a meaninglessly small page or bot blocked by sessionID).
======== We are on link 57 of 59
========== raw link https://www.tiktok.com/legal/privacy-policy?lang=en
============ Checking for Redirections: https://www.tiktok.com/legal/privacy-policy?lang=en
========== dropped link https://www.tiktok.com/legal/privacy-policy?lang=en. Could not follow redirection (or it was a meaninglessly small page or bot blocked by sessionID).
======== We are on link 58 of 59
========== raw link https://www.tiktok.com/legal/copyright-policy?lang=en
============ Checking for Redirections: https://www.tiktok.com/legal/copyright-policy?lang=en
========== dropped link https://www.tiktok.com/legal/copyright-policy?lang=en. Could not follow redirection (or it was a meaninglessly small page or bot blocked by sessionID).
======== We are on link 59 of 59
========== raw link https://www.tiktok.com/legal/law-enforcement?lang=en
============ Checking for Redirections: https://www.tiktok.com/legal/law-enforcement?lang=en
========== dropped link https://www.tiktok.com/legal/law-enforcement?lang=en. Could not follow redirection (or it was a meaninglessly small page or bot blocked by sessionID).
====== We are on page 7 of 9: https://newsroom.tiktok.com/en-us/partnering-with-our-industry-to-advance-ai-transparency-and-literacy
====== Number of Links on this Page: 66
======== We are on link 1 of 66
========== raw link /
========== dropped link (either fragment ("#"), js, mailto, comment, pdf, or empty)
======== We are on link 2 of 66
========== raw link /trending/?lang=en
============ Found Relative: joining https://newsroom.tiktok.com/en-us/partnering-with-our-industry-to-advance-ai-transparency-and-literacy and /trending/?lang=en
============ Checking for Redirections: https://newsroom.tiktok.com/trending/?lang=en
============ Followed Redirection to https://newsroom.tiktok.com/en-us
============ Link after cleaning: https://newsroom.tiktok.com/en-us
========== link already checked
======== We are on link 3 of 66
========== raw link /en-us
============ Found Relative: joining https://newsroom.tiktok.com/en-us/partnering-with-our-industry-to-advance-ai-transparency-and-literacy and /en-us
============ Checking for Redirections: https://newsroom.tiktok.com/en-us
============ Link after cleaning: https://newsroom.tiktok.com/en-us
========== link already checked
======== We are on link 4 of 66
========== raw link /en-us/news
============ Found Relative: joining https://newsroom.tiktok.com/en-us/partnering-with-our-industry-to-advance-ai-transparency-and-literacy and /en-us/news
============ Checking for Redirections: https://newsroom.tiktok.com/en-us/news
============ Link after cleaning: https://newsroom.tiktok.com/en-us/news
========== link already checked
======== We are on link 5 of 66
========== raw link /en-us/product
============ Found Relative: joining https://newsroom.tiktok.com/en-us/partnering-with-our-industry-to-advance-ai-transparency-and-literacy and /en-us/product
============ Checking for Redirections: https://newsroom.tiktok.com/en-us/product
============ Link after cleaning: https://newsroom.tiktok.com/en-us/product
========== link already checked
======== We are on link 6 of 66
========== raw link /en-us/community
============ Found Relative: joining https://newsroom.tiktok.com/en-us/partnering-with-our-industry-to-advance-ai-transparency-and-literacy and /en-us/community
============ Checking for Redirections: https://newsroom.tiktok.com/en-us/community
============ Link after cleaning: https://newsroom.tiktok.com/en-us/community
========== link already checked
======== We are on link 7 of 66
========== raw link /en-us/safety
============ Found Relative: joining https://newsroom.tiktok.com/en-us/partnering-with-our-industry-to-advance-ai-transparency-and-literacy and /en-us/safety
============ Checking for Redirections: https://newsroom.tiktok.com/en-us/safety
============ Link after cleaning: https://newsroom.tiktok.com/en-us/safety
========== link already checked
======== We are on link 8 of 66
========== raw link /en-us/company
============ Found Relative: joining https://newsroom.tiktok.com/en-us/partnering-with-our-industry-to-advance-ai-transparency-and-literacy and /en-us/company
============ Checking for Redirections: https://newsroom.tiktok.com/en-us/company
============ Link after cleaning: https://newsroom.tiktok.com/en-us/company
========== link already checked
======== We are on link 9 of 66
========== raw link /en-us/safety
============ Found Relative: joining https://newsroom.tiktok.com/en-us/partnering-with-our-industry-to-advance-ai-transparency-and-literacy and /en-us/safety
============ Checking for Redirections: https://newsroom.tiktok.com/en-us/safety
============ Link after cleaning: https://newsroom.tiktok.com/en-us/safety
========== link already checked
======== We are on link 10 of 66
========== raw link https://twitter.com/share?text=Partnering%20with%20our%20industry%20to%20advance%20AI%20transparency%20and%20literacy&url=https%3A%2F%2Fnewsroom.tiktok.com%2Fen-us%2Fpartnering-with-our-industry-to-advance-ai-transparency-and-literacy
============ Checking for Redirections: https://twitter.com/share?text=Partnering%20with%20our%20industry%20to%20advance%20AI%20transparency%20and%20literacy&url=https%3A%2F%2Fnewsroom.tiktok.com%2Fen-us%2Fpartnering-with-our-industry-to-advance-ai-transparency-and-literacy
========== dropped link https://twitter.com/share?text=Partnering%20with%20our%20industry%20to%20advance%20AI%20transparency%20and%20literacy&url=https%3A%2F%2Fnewsroom.tiktok.com%2Fen-us%2Fpartnering-with-our-industry-to-advance-ai-transparency-and-literacy. Could not follow redirection (or it was a meaninglessly small page or bot blocked by sessionID).
======== We are on link 11 of 66
========== raw link https://www.facebook.com/sharer.php?u=https%3A%2F%2Fnewsroom.tiktok.com%2Fen-us%2Fpartnering-with-our-industry-to-advance-ai-transparency-and-literacy
========== dropped link https://www.facebook.com/sharer.php?u=https%3A%2F%2Fnewsroom.tiktok.com%2Fen-us%2Fpartnering-with-our-industry-to-advance-ai-transparency-and-literacy. Didn't pass first allows/blocks test.
======== We are on link 12 of 66
========== raw link https://c2pa.org/
========== dropped link https://c2pa.org/. Didn't pass first allows/blocks test.
======== We are on link 13 of 66
========== raw link https://www.tiktok.com/@mediawise?lang=en#:~:text=MediaWise%20(%40mediawise)%20Official%20%7C%20TikTok
============ Checking for Redirections: https://www.tiktok.com/@mediawise?lang=en#:~:text=MediaWise%20(%40mediawise)%20Official%20%7C%20TikTok
========== dropped link https://www.tiktok.com/@mediawise?lang=en#:~:text=MediaWise%20(%40mediawise)%20Official%20%7C%20TikTok. Could not follow redirection (or it was a meaninglessly small page or bot blocked by sessionID).
======== We are on link 14 of 66
========== raw link https://www.witness.org/
========== dropped link https://www.witness.org/. Didn't pass first allows/blocks test.
======== We are on link 15 of 66
========== raw link https://newsroom.tiktok.com/en-us/new-labels-for-disclosing-ai-generated-content
============ Checking for Redirections: https://newsroom.tiktok.com/en-us/new-labels-for-disclosing-ai-generated-content
============ Link unchanged
========== link already checked
======== We are on link 16 of 66
========== raw link https://c2pa.org/
========== dropped link https://c2pa.org/. Didn't pass first allows/blocks test.
======== We are on link 17 of 66
========== raw link https://contentcredentials.org/verify
========== dropped link https://contentcredentials.org/verify. Didn't pass first allows/blocks test.
======== We are on link 18 of 66
========== raw link https://contentauthenticity.org/
========== dropped link https://contentauthenticity.org/. Didn't pass first allows/blocks test.
======== We are on link 19 of 66
========== raw link https://blog.adobe.com/en/publish/2024/05/09/advancing-trust-transparency-online-with-tiktok
========== dropped link https://blog.adobe.com/en/publish/2024/05/09/advancing-trust-transparency-online-with-tiktok. Didn't pass first allows/blocks test.
======== We are on link 20 of 66
========== raw link https://www.tiktok.com/@mediawise?lang=en#:~:text=MediaWise%20(%40mediawise)%20Official%20%7C%20TikTok
============ Checking for Redirections: https://www.tiktok.com/@mediawise?lang=en#:~:text=MediaWise%20(%40mediawise)%20Official%20%7C%20TikTok
========== dropped link https://www.tiktok.com/@mediawise?lang=en#:~:text=MediaWise%20(%40mediawise)%20Official%20%7C%20TikTok. Could not follow redirection (or it was a meaninglessly small page or bot blocked by sessionID).
======== We are on link 21 of 66
========== raw link https://www.witness.org/
========== dropped link https://www.witness.org/. Didn't pass first allows/blocks test.
======== We are on link 22 of 66
========== raw link https://www.aielectionsaccord.com/
========== dropped link https://www.aielectionsaccord.com/. Didn't pass first allows/blocks test.
======== We are on link 23 of 66
========== raw link https://www.tiktok.com/transparency/en/supporting-responsible-transparent-ai-generated-content/
============ Checking for Redirections: https://www.tiktok.com/transparency/en/supporting-responsible-transparent-ai-generated-content/
========== dropped link https://www.tiktok.com/transparency/en/supporting-responsible-transparent-ai-generated-content/. Could not follow redirection (or it was a meaninglessly small page or bot blocked by sessionID).
======== We are on link 24 of 66
========== raw link /en-us/safety
============ Found Relative: joining https://newsroom.tiktok.com/en-us/partnering-with-our-industry-to-advance-ai-transparency-and-literacy and /en-us/safety
============ Checking for Redirections: https://newsroom.tiktok.com/en-us/safety
============ Link after cleaning: https://newsroom.tiktok.com/en-us/safety
========== link already checked
======== We are on link 25 of 66
========== raw link https://twitter.com/share?text=Partnering%20with%20our%20industry%20to%20advance%20AI%20transparency%20and%20literacy&url=https%3A%2F%2Fnewsroom.tiktok.com%2Fen-us%2Fpartnering-with-our-industry-to-advance-ai-transparency-and-literacy
============ Checking for Redirections: https://twitter.com/share?text=Partnering%20with%20our%20industry%20to%20advance%20AI%20transparency%20and%20literacy&url=https%3A%2F%2Fnewsroom.tiktok.com%2Fen-us%2Fpartnering-with-our-industry-to-advance-ai-transparency-and-literacy
========== dropped link https://twitter.com/share?text=Partnering%20with%20our%20industry%20to%20advance%20AI%20transparency%20and%20literacy&url=https%3A%2F%2Fnewsroom.tiktok.com%2Fen-us%2Fpartnering-with-our-industry-to-advance-ai-transparency-and-literacy. Could not follow redirection (or it was a meaninglessly small page or bot blocked by sessionID).
======== We are on link 26 of 66
========== raw link https://www.facebook.com/sharer.php?u=https%3A%2F%2Fnewsroom.tiktok.com%2Fen-us%2Fpartnering-with-our-industry-to-advance-ai-transparency-and-literacy
========== dropped link https://www.facebook.com/sharer.php?u=https%3A%2F%2Fnewsroom.tiktok.com%2Fen-us%2Fpartnering-with-our-industry-to-advance-ai-transparency-and-literacy. Didn't pass first allows/blocks test.
======== We are on link 27 of 66
========== raw link /en-us/community
============ Found Relative: joining https://newsroom.tiktok.com/en-us/partnering-with-our-industry-to-advance-ai-transparency-and-literacy and /en-us/community
============ Checking for Redirections: https://newsroom.tiktok.com/en-us/community
============ Link after cleaning: https://newsroom.tiktok.com/en-us/community
========== link already checked
======== We are on link 28 of 66
========== raw link /en-us/apitiktok-voices-to-watch-celebrating-asian-american-native-hawaiian-and-pacific-islander-heritage-month-2025
============ Found Relative: joining https://newsroom.tiktok.com/en-us/partnering-with-our-industry-to-advance-ai-transparency-and-literacy and /en-us/apitiktok-voices-to-watch-celebrating-asian-american-native-hawaiian-and-pacific-islander-heritage-month-2025
============ Checking for Redirections: https://newsroom.tiktok.com/en-us/apitiktok-voices-to-watch-celebrating-asian-american-native-hawaiian-and-pacific-islander-heritage-month-2025
============ Link after cleaning: https://newsroom.tiktok.com/en-us/apitiktok-voices-to-watch-celebrating-asian-american-native-hawaiian-and-pacific-islander-heritage-month-2025
========== link already checked
======== We are on link 29 of 66
========== raw link /en-us/apitiktok-voices-to-watch-celebrating-asian-american-native-hawaiian-and-pacific-islander-heritage-month-2025
============ Found Relative: joining https://newsroom.tiktok.com/en-us/partnering-with-our-industry-to-advance-ai-transparency-and-literacy and /en-us/apitiktok-voices-to-watch-celebrating-asian-american-native-hawaiian-and-pacific-islander-heritage-month-2025
============ Checking for Redirections: https://newsroom.tiktok.com/en-us/apitiktok-voices-to-watch-celebrating-asian-american-native-hawaiian-and-pacific-islander-heritage-month-2025
============ Link after cleaning: https://newsroom.tiktok.com/en-us/apitiktok-voices-to-watch-celebrating-asian-american-native-hawaiian-and-pacific-islander-heritage-month-2025
========== link already checked
======== We are on link 30 of 66
========== raw link /en-us/apitiktok-voices-to-watch-celebrating-asian-american-native-hawaiian-and-pacific-islander-heritage-month-2025
============ Found Relative: joining https://newsroom.tiktok.com/en-us/partnering-with-our-industry-to-advance-ai-transparency-and-literacy and /en-us/apitiktok-voices-to-watch-celebrating-asian-american-native-hawaiian-and-pacific-islander-heritage-month-2025
============ Checking for Redirections: https://newsroom.tiktok.com/en-us/apitiktok-voices-to-watch-celebrating-asian-american-native-hawaiian-and-pacific-islander-heritage-month-2025
============ Link after cleaning: https://newsroom.tiktok.com/en-us/apitiktok-voices-to-watch-celebrating-asian-american-native-hawaiian-and-pacific-islander-heritage-month-2025
========== link already checked
======== We are on link 31 of 66
========== raw link /en-us/community
============ Found Relative: joining https://newsroom.tiktok.com/en-us/partnering-with-our-industry-to-advance-ai-transparency-and-literacy and /en-us/community
============ Checking for Redirections: https://newsroom.tiktok.com/en-us/community
============ Link after cleaning: https://newsroom.tiktok.com/en-us/community
========== link already checked
======== We are on link 32 of 66
========== raw link /en-us/celebrating-world-book-day-with-booktok
============ Found Relative: joining https://newsroom.tiktok.com/en-us/partnering-with-our-industry-to-advance-ai-transparency-and-literacy and /en-us/celebrating-world-book-day-with-booktok
============ Checking for Redirections: https://newsroom.tiktok.com/en-us/celebrating-world-book-day-with-booktok
============ Link after cleaning: https://newsroom.tiktok.com/en-us/celebrating-world-book-day-with-booktok
========== link already checked
======== We are on link 33 of 66
========== raw link /en-us/celebrating-world-book-day-with-booktok
============ Found Relative: joining https://newsroom.tiktok.com/en-us/partnering-with-our-industry-to-advance-ai-transparency-and-literacy and /en-us/celebrating-world-book-day-with-booktok
============ Checking for Redirections: https://newsroom.tiktok.com/en-us/celebrating-world-book-day-with-booktok
============ Link after cleaning: https://newsroom.tiktok.com/en-us/celebrating-world-book-day-with-booktok
========== link already checked
======== We are on link 34 of 66
========== raw link /en-us/celebrating-world-book-day-with-booktok
============ Found Relative: joining https://newsroom.tiktok.com/en-us/partnering-with-our-industry-to-advance-ai-transparency-and-literacy and /en-us/celebrating-world-book-day-with-booktok
============ Checking for Redirections: https://newsroom.tiktok.com/en-us/celebrating-world-book-day-with-booktok
============ Link after cleaning: https://newsroom.tiktok.com/en-us/celebrating-world-book-day-with-booktok
========== link already checked
======== We are on link 35 of 66
========== raw link /en-us/community
============ Found Relative: joining https://newsroom.tiktok.com/en-us/partnering-with-our-industry-to-advance-ai-transparency-and-literacy and /en-us/community
============ Checking for Redirections: https://newsroom.tiktok.com/en-us/community
============ Link after cleaning: https://newsroom.tiktok.com/en-us/community
========== link already checked
======== We are on link 36 of 66
========== raw link /en-us/tiktok-and-major-league-soccer-sign-multiyear-partnership-renewal
============ Found Relative: joining https://newsroom.tiktok.com/en-us/partnering-with-our-industry-to-advance-ai-transparency-and-literacy and /en-us/tiktok-and-major-league-soccer-sign-multiyear-partnership-renewal
============ Checking for Redirections: https://newsroom.tiktok.com/en-us/tiktok-and-major-league-soccer-sign-multiyear-partnership-renewal
============ Link after cleaning: https://newsroom.tiktok.com/en-us/tiktok-and-major-league-soccer-sign-multiyear-partnership-renewal
========== link already checked
======== We are on link 37 of 66
========== raw link /en-us/tiktok-and-major-league-soccer-sign-multiyear-partnership-renewal
============ Found Relative: joining https://newsroom.tiktok.com/en-us/partnering-with-our-industry-to-advance-ai-transparency-and-literacy and /en-us/tiktok-and-major-league-soccer-sign-multiyear-partnership-renewal
============ Checking for Redirections: https://newsroom.tiktok.com/en-us/tiktok-and-major-league-soccer-sign-multiyear-partnership-renewal
============ Link after cleaning: https://newsroom.tiktok.com/en-us/tiktok-and-major-league-soccer-sign-multiyear-partnership-renewal
========== link already checked
======== We are on link 38 of 66
========== raw link /en-us/tiktok-and-major-league-soccer-sign-multiyear-partnership-renewal
============ Found Relative: joining https://newsroom.tiktok.com/en-us/partnering-with-our-industry-to-advance-ai-transparency-and-literacy and /en-us/tiktok-and-major-league-soccer-sign-multiyear-partnership-renewal
============ Checking for Redirections: https://newsroom.tiktok.com/en-us/tiktok-and-major-league-soccer-sign-multiyear-partnership-renewal
============ Link after cleaning: https://newsroom.tiktok.com/en-us/tiktok-and-major-league-soccer-sign-multiyear-partnership-renewal
========== link already checked
======== We are on link 39 of 66
========== raw link https://www.tiktok.com/download-link/af/id1235601864
============ Checking for Redirections: https://www.tiktok.com/download-link/af/id1235601864
========== dropped link https://www.tiktok.com/download-link/af/id1235601864. Could not follow redirection (or it was a meaninglessly small page or bot blocked by sessionID).
======== We are on link 40 of 66
========== raw link https://www.tiktok.com/download-link/af/com.ss.android.ugc.trill
============ Checking for Redirections: https://www.tiktok.com/download-link/af/com.ss.android.ugc.trill
========== dropped link https://www.tiktok.com/download-link/af/com.ss.android.ugc.trill. Could not follow redirection (or it was a meaninglessly small page or bot blocked by sessionID).
======== We are on link 41 of 66
========== raw link https://www.amazon.com/dp/B07KR1RJL2/
========== dropped link https://www.amazon.com/dp/B07KR1RJL2/. Didn't pass first allows/blocks test.
======== We are on link 42 of 66
========== raw link https://www.tiktok.com
============ Checking for Redirections: https://www.tiktok.com
========== dropped link https://www.tiktok.com. Could not follow redirection (or it was a meaninglessly small page or bot blocked by sessionID).
======== We are on link 43 of 66
========== raw link https://www.tiktok.com/about?lang=en
============ Checking for Redirections: https://www.tiktok.com/about?lang=en
========== dropped link https://www.tiktok.com/about?lang=en. Could not follow redirection (or it was a meaninglessly small page or bot blocked by sessionID).
======== We are on link 44 of 66
========== raw link https://newsroom.tiktok.com?lang=en
============ Checking for Redirections: https://newsroom.tiktok.com?lang=en
============ Followed Redirection to https://newsroom.tiktok.com/en-us/
============ Link after cleaning: https://newsroom.tiktok.com/en-us/
========== link already checked
======== We are on link 45 of 66
========== raw link https://www.tiktok.com/about/contact?lang=en
============ Checking for Redirections: https://www.tiktok.com/about/contact?lang=en
========== dropped link https://www.tiktok.com/about/contact?lang=en. Could not follow redirection (or it was a meaninglessly small page or bot blocked by sessionID).
======== We are on link 46 of 66
========== raw link https://careers.tiktok.com?lang=en
============ Checking for Redirections: https://careers.tiktok.com?lang=en
============ Followed Redirection to https://lifeattiktok.com/?lang=en
============ Link after cleaning: https://lifeattiktok.com/
========== link already checked
======== We are on link 47 of 66
========== raw link https://www.bytedance.com?lang=en
========== dropped link https://www.bytedance.com?lang=en. Didn't pass first allows/blocks test.
======== We are on link 48 of 66
========== raw link https://www.tiktok.com/for-good?lang=en
============ Checking for Redirections: https://www.tiktok.com/for-good?lang=en
========== dropped link https://www.tiktok.com/for-good?lang=en. Could not follow redirection (or it was a meaninglessly small page or bot blocked by sessionID).
======== We are on link 49 of 66
========== raw link https://developers.tiktok.com?lang=en
============ Checking for Redirections: https://developers.tiktok.com?lang=en
============ Followed Redirection to https://developers.tiktok.com/?lang=en
============ Link after cleaning: https://developers.tiktok.com/
========== link already checked
======== We are on link 50 of 66
========== raw link https://effecthouse.tiktok.com?lang=en
============ Checking for Redirections: https://effecthouse.tiktok.com?lang=en
============ Followed Redirection to https://effecthouse.tiktok.com/?lang=en
============ Link after cleaning: https://effecthouse.tiktok.com/
========== link already checked
======== We are on link 51 of 66
========== raw link https://www.tiktok.com/business?lang=en
============ Checking for Redirections: https://www.tiktok.com/business?lang=en
========== dropped link https://www.tiktok.com/business?lang=en. Could not follow redirection (or it was a meaninglessly small page or bot blocked by sessionID).
======== We are on link 52 of 66
========== raw link https://www.tiktok.com/browse?lang=en
============ Checking for Redirections: https://www.tiktok.com/browse?lang=en
========== dropped link https://www.tiktok.com/browse?lang=en. Could not follow redirection (or it was a meaninglessly small page or bot blocked by sessionID).
======== We are on link 53 of 66
========== raw link https://www.tiktok.com/embed?lang=en
============ Checking for Redirections: https://www.tiktok.com/embed?lang=en
========== dropped link https://www.tiktok.com/embed?lang=en. Could not follow redirection (or it was a meaninglessly small page or bot blocked by sessionID).
======== We are on link 54 of 66
========== raw link https://www.tiktok.com/tiktok-rewards?lang=en
============ Checking for Redirections: https://www.tiktok.com/tiktok-rewards?lang=en
========== dropped link https://www.tiktok.com/tiktok-rewards?lang=en. Could not follow redirection (or it was a meaninglessly small page or bot blocked by sessionID).
======== We are on link 55 of 66
========== raw link https://www.tiktok.com/download/en
============ Checking for Redirections: https://www.tiktok.com/download/en
========== dropped link https://www.tiktok.com/download/en. Could not follow redirection (or it was a meaninglessly small page or bot blocked by sessionID).
======== We are on link 56 of 66
========== raw link https://support.tiktok.com?lang=en
============ Checking for Redirections: https://support.tiktok.com?lang=en
========== dropped link https://support.tiktok.com?lang=en. Could not follow redirection (or it was a meaninglessly small page or bot blocked by sessionID).
======== We are on link 57 of 66
========== raw link https://www.tiktok.com/safety?lang=en
============ Checking for Redirections: https://www.tiktok.com/safety?lang=en
========== dropped link https://www.tiktok.com/safety?lang=en. Could not follow redirection (or it was a meaninglessly small page or bot blocked by sessionID).
======== We are on link 58 of 66
========== raw link https://www.tiktok.com/privacy/overview?lang=en
============ Checking for Redirections: https://www.tiktok.com/privacy/overview?lang=en
========== dropped link https://www.tiktok.com/privacy/overview?lang=en. Could not follow redirection (or it was a meaninglessly small page or bot blocked by sessionID).
======== We are on link 59 of 66
========== raw link https://www.tiktok.com/creator-academy?lang=en
============ Checking for Redirections: https://www.tiktok.com/creator-academy?lang=en
========== dropped link https://www.tiktok.com/creator-academy?lang=en. Could not follow redirection (or it was a meaninglessly small page or bot blocked by sessionID).
======== We are on link 60 of 66
========== raw link https://www.tiktok.com/community-guidelines?lang=en
============ Checking for Redirections: https://www.tiktok.com/community-guidelines?lang=en
========== dropped link https://www.tiktok.com/community-guidelines?lang=en. Could not follow redirection (or it was a meaninglessly small page or bot blocked by sessionID).
======== We are on link 61 of 66
========== raw link https://www.tiktok.com/transparency?lang=en
============ Checking for Redirections: https://www.tiktok.com/transparency?lang=en
========== dropped link https://www.tiktok.com/transparency?lang=en. Could not follow redirection (or it was a meaninglessly small page or bot blocked by sessionID).
======== We are on link 62 of 66
========== raw link https://www.tiktok.com/accessibility?lang=en
============ Checking for Redirections: https://www.tiktok.com/accessibility?lang=en
========== dropped link https://www.tiktok.com/accessibility?lang=en. Could not follow redirection (or it was a meaninglessly small page or bot blocked by sessionID).
======== We are on link 63 of 66
========== raw link https://www.tiktok.com/legal/terms-of-service?lang=en
============ Checking for Redirections: https://www.tiktok.com/legal/terms-of-service?lang=en
========== dropped link https://www.tiktok.com/legal/terms-of-service?lang=en. Could not follow redirection (or it was a meaninglessly small page or bot blocked by sessionID).
======== We are on link 64 of 66
========== raw link https://www.tiktok.com/legal/privacy-policy?lang=en
============ Checking for Redirections: https://www.tiktok.com/legal/privacy-policy?lang=en
========== dropped link https://www.tiktok.com/legal/privacy-policy?lang=en. Could not follow redirection (or it was a meaninglessly small page or bot blocked by sessionID).
======== We are on link 65 of 66
========== raw link https://www.tiktok.com/legal/copyright-policy?lang=en
============ Checking for Redirections: https://www.tiktok.com/legal/copyright-policy?lang=en
========== dropped link https://www.tiktok.com/legal/copyright-policy?lang=en. Could not follow redirection (or it was a meaninglessly small page or bot blocked by sessionID).
======== We are on link 66 of 66
========== raw link https://www.tiktok.com/legal/law-enforcement?lang=en
============ Checking for Redirections: https://www.tiktok.com/legal/law-enforcement?lang=en
========== dropped link https://www.tiktok.com/legal/law-enforcement?lang=en. Could not follow redirection (or it was a meaninglessly small page or bot blocked by sessionID).
====== We are on page 8 of 9: https://ads.tiktok.com/i18n/official/article?aid=10021580
ERROR: Somehow this page has no links... 
====== Number of Links on this Page: 0
====== We are on page 9 of 9: https://www.tiktok.com/legal/page/us/terms-of-service/en
====== Number of Links on this Page: 40
======== We are on link 1 of 40
========== raw link https://www.tiktok.com
============ Checking for Redirections: https://www.tiktok.com
========== dropped link https://www.tiktok.com. Could not follow redirection (or it was a meaninglessly small page or bot blocked by sessionID).
======== We are on link 2 of 40
========== raw link https://www.tiktok.com/legal/privacy-policy
============ Checking for Redirections: https://www.tiktok.com/legal/privacy-policy
========== dropped link https://www.tiktok.com/legal/privacy-policy. Could not follow redirection (or it was a meaninglessly small page or bot blocked by sessionID).
======== We are on link 3 of 40
========== raw link https://www.tiktok.com/community-guidelines
============ Checking for Redirections: https://www.tiktok.com/community-guidelines
========== dropped link https://www.tiktok.com/community-guidelines. Could not follow redirection (or it was a meaninglessly small page or bot blocked by sessionID).
======== We are on link 4 of 40
========== raw link https://www.tiktok.com/legal/privacy-policy
============ Checking for Redirections: https://www.tiktok.com/legal/privacy-policy
========== dropped link https://www.tiktok.com/legal/privacy-policy. Could not follow redirection (or it was a meaninglessly small page or bot blocked by sessionID).
======== We are on link 5 of 40
========== raw link https://www.tiktok.com/legal/report/feedback
============ Checking for Redirections: https://www.tiktok.com/legal/report/feedback
========== dropped link https://www.tiktok.com/legal/report/feedback. Could not follow redirection (or it was a meaninglessly small page or bot blocked by sessionID).
======== We are on link 6 of 40
========== raw link https://www.tiktok.com/legal/report/feedback
============ Checking for Redirections: https://www.tiktok.com/legal/report/feedback
========== dropped link https://www.tiktok.com/legal/report/feedback. Could not follow redirection (or it was a meaninglessly small page or bot blocked by sessionID).
======== We are on link 7 of 40
========== raw link https://www.tiktok.com/community-guidelines?lang=en
============ Checking for Redirections: https://www.tiktok.com/community-guidelines?lang=en
========== dropped link https://www.tiktok.com/community-guidelines?lang=en. Could not follow redirection (or it was a meaninglessly small page or bot blocked by sessionID).
======== We are on link 8 of 40
========== raw link https://www.tiktok.com/legal/copyright-policy
============ Checking for Redirections: https://www.tiktok.com/legal/copyright-policy
========== dropped link https://www.tiktok.com/legal/copyright-policy. Could not follow redirection (or it was a meaninglessly small page or bot blocked by sessionID).
======== We are on link 9 of 40
========== raw link https://www.tiktok.com/en/virtual-items
============ Checking for Redirections: https://www.tiktok.com/en/virtual-items
========== dropped link https://www.tiktok.com/en/virtual-items. Could not follow redirection (or it was a meaninglessly small page or bot blocked by sessionID).
======== We are on link 10 of 40
========== raw link https://www.tiktok.com/legal/report/feedback
============ Checking for Redirections: https://www.tiktok.com/legal/report/feedback
========== dropped link https://www.tiktok.com/legal/report/feedback. Could not follow redirection (or it was a meaninglessly small page or bot blocked by sessionID).
======== We are on link 11 of 40
========== raw link https://www.tiktok.com/legal/open-source
============ Checking for Redirections: https://www.tiktok.com/legal/open-source
========== dropped link https://www.tiktok.com/legal/open-source. Could not follow redirection (or it was a meaninglessly small page or bot blocked by sessionID).
======== We are on link 12 of 40
========== raw link https://www.dca.ca.gov/about_us/contactus.shtml
========== dropped link https://www.dca.ca.gov/about_us/contactus.shtml. Didn't pass first allows/blocks test.
======== We are on link 13 of 40
========== raw link https://www.tiktok.com/legal/report/feedback
============ Checking for Redirections: https://www.tiktok.com/legal/report/feedback
========== dropped link https://www.tiktok.com/legal/report/feedback. Could not follow redirection (or it was a meaninglessly small page or bot blocked by sessionID).
======== We are on link 14 of 40
========== raw link https://www.tiktok.com/legal/report/feedback
============ Checking for Redirections: https://www.tiktok.com/legal/report/feedback
========== dropped link https://www.tiktok.com/legal/report/feedback. Could not follow redirection (or it was a meaninglessly small page or bot blocked by sessionID).
======== We are on link 15 of 40
========== raw link https://www.tiktok.com
============ Checking for Redirections: https://www.tiktok.com
========== dropped link https://www.tiktok.com. Could not follow redirection (or it was a meaninglessly small page or bot blocked by sessionID).
======== We are on link 16 of 40
========== raw link https://www.tiktok.com/about?lang=en
============ Checking for Redirections: https://www.tiktok.com/about?lang=en
========== dropped link https://www.tiktok.com/about?lang=en. Could not follow redirection (or it was a meaninglessly small page or bot blocked by sessionID).
======== We are on link 17 of 40
========== raw link https://newsroom.tiktok.com?lang=en
============ Checking for Redirections: https://newsroom.tiktok.com?lang=en
============ Followed Redirection to https://newsroom.tiktok.com/en-us/
============ Link after cleaning: https://newsroom.tiktok.com/en-us/
========== link already checked
======== We are on link 18 of 40
========== raw link https://www.tiktok.com/about/contact?lang=en
============ Checking for Redirections: https://www.tiktok.com/about/contact?lang=en
========== dropped link https://www.tiktok.com/about/contact?lang=en. Could not follow redirection (or it was a meaninglessly small page or bot blocked by sessionID).
======== We are on link 19 of 40
========== raw link https://careers.tiktok.com?lang=en
============ Checking for Redirections: https://careers.tiktok.com?lang=en
============ Followed Redirection to https://lifeattiktok.com/?lang=en
============ Link after cleaning: https://lifeattiktok.com/
========== link already checked
======== We are on link 20 of 40
========== raw link https://www.bytedance.com?lang=en
========== dropped link https://www.bytedance.com?lang=en. Didn't pass first allows/blocks test.
======== We are on link 21 of 40
========== raw link https://www.tiktok.com/for-good?lang=en
============ Checking for Redirections: https://www.tiktok.com/for-good?lang=en
========== dropped link https://www.tiktok.com/for-good?lang=en. Could not follow redirection (or it was a meaninglessly small page or bot blocked by sessionID).
======== We are on link 22 of 40
========== raw link https://developers.tiktok.com?lang=en
============ Checking for Redirections: https://developers.tiktok.com?lang=en
============ Followed Redirection to https://developers.tiktok.com/?lang=en
============ Link after cleaning: https://developers.tiktok.com/
========== link already checked
======== We are on link 23 of 40
========== raw link https://effecthouse.tiktok.com?lang=en
============ Checking for Redirections: https://effecthouse.tiktok.com?lang=en
============ Followed Redirection to https://effecthouse.tiktok.com/?lang=en
============ Link after cleaning: https://effecthouse.tiktok.com/
========== link already checked
======== We are on link 24 of 40
========== raw link https://www.tiktok.com/business?lang=en
============ Checking for Redirections: https://www.tiktok.com/business?lang=en
========== dropped link https://www.tiktok.com/business?lang=en. Could not follow redirection (or it was a meaninglessly small page or bot blocked by sessionID).
======== We are on link 25 of 40
========== raw link https://www.tiktok.com/browse?lang=en
============ Checking for Redirections: https://www.tiktok.com/browse?lang=en
========== dropped link https://www.tiktok.com/browse?lang=en. Could not follow redirection (or it was a meaninglessly small page or bot blocked by sessionID).
======== We are on link 26 of 40
========== raw link https://www.tiktok.com/embed?lang=en
============ Checking for Redirections: https://www.tiktok.com/embed?lang=en
========== dropped link https://www.tiktok.com/embed?lang=en. Could not follow redirection (or it was a meaninglessly small page or bot blocked by sessionID).
======== We are on link 27 of 40
========== raw link https://www.tiktok.com/tiktok-rewards?lang=en
============ Checking for Redirections: https://www.tiktok.com/tiktok-rewards?lang=en
========== dropped link https://www.tiktok.com/tiktok-rewards?lang=en. Could not follow redirection (or it was a meaninglessly small page or bot blocked by sessionID).
======== We are on link 28 of 40
========== raw link https://www.tiktok.com/download/en
============ Checking for Redirections: https://www.tiktok.com/download/en
========== dropped link https://www.tiktok.com/download/en. Could not follow redirection (or it was a meaninglessly small page or bot blocked by sessionID).
======== We are on link 29 of 40
========== raw link https://support.tiktok.com?lang=en
============ Checking for Redirections: https://support.tiktok.com?lang=en
========== dropped link https://support.tiktok.com?lang=en. Could not follow redirection (or it was a meaninglessly small page or bot blocked by sessionID).
======== We are on link 30 of 40
========== raw link https://www.tiktok.com/safety?lang=en
============ Checking for Redirections: https://www.tiktok.com/safety?lang=en
========== dropped link https://www.tiktok.com/safety?lang=en. Could not follow redirection (or it was a meaninglessly small page or bot blocked by sessionID).
======== We are on link 31 of 40
========== raw link https://www.tiktok.com/privacy/overview?lang=en
============ Checking for Redirections: https://www.tiktok.com/privacy/overview?lang=en
========== dropped link https://www.tiktok.com/privacy/overview?lang=en. Could not follow redirection (or it was a meaninglessly small page or bot blocked by sessionID).
======== We are on link 32 of 40
========== raw link https://www.tiktok.com/creator-academy?lang=en
============ Checking for Redirections: https://www.tiktok.com/creator-academy?lang=en
========== dropped link https://www.tiktok.com/creator-academy?lang=en. Could not follow redirection (or it was a meaninglessly small page or bot blocked by sessionID).
======== We are on link 33 of 40
========== raw link https://www.tiktok.com/community-guidelines?lang=en
============ Checking for Redirections: https://www.tiktok.com/community-guidelines?lang=en
========== dropped link https://www.tiktok.com/community-guidelines?lang=en. Could not follow redirection (or it was a meaninglessly small page or bot blocked by sessionID).
======== We are on link 34 of 40
========== raw link https://www.tiktok.com/transparency?lang=en
============ Checking for Redirections: https://www.tiktok.com/transparency?lang=en
========== dropped link https://www.tiktok.com/transparency?lang=en. Could not follow redirection (or it was a meaninglessly small page or bot blocked by sessionID).
======== We are on link 35 of 40
========== raw link https://www.tiktok.com/accessibility?lang=en
============ Checking for Redirections: https://www.tiktok.com/accessibility?lang=en
========== dropped link https://www.tiktok.com/accessibility?lang=en. Could not follow redirection (or it was a meaninglessly small page or bot blocked by sessionID).
======== We are on link 36 of 40
========== raw link https://www.tiktok.com/legal/terms-of-service?lang=en
============ Checking for Redirections: https://www.tiktok.com/legal/terms-of-service?lang=en
========== dropped link https://www.tiktok.com/legal/terms-of-service?lang=en. Could not follow redirection (or it was a meaninglessly small page or bot blocked by sessionID).
======== We are on link 37 of 40
========== raw link https://www.tiktok.com/legal/privacy-policy?lang=en
============ Checking for Redirections: https://www.tiktok.com/legal/privacy-policy?lang=en
========== dropped link https://www.tiktok.com/legal/privacy-policy?lang=en. Could not follow redirection (or it was a meaninglessly small page or bot blocked by sessionID).
======== We are on link 38 of 40
========== raw link https://www.tiktok.com/legal/copyright-policy?lang=en
============ Checking for Redirections: https://www.tiktok.com/legal/copyright-policy?lang=en
========== dropped link https://www.tiktok.com/legal/copyright-policy?lang=en. Could not follow redirection (or it was a meaninglessly small page or bot blocked by sessionID).
======== We are on link 39 of 40
========== raw link https://www.tiktok.com/legal/law-enforcement?lang=en
============ Checking for Redirections: https://www.tiktok.com/legal/law-enforcement?lang=en
========== dropped link https://www.tiktok.com/legal/law-enforcement?lang=en. Could not follow redirection (or it was a meaninglessly small page or bot blocked by sessionID).
======== We are on link 40 of 40
========== raw link https://www.tiktok.com/legal/privacy-policy-for-younger-users?lang=en
============ Checking for Redirections: https://www.tiktok.com/legal/privacy-policy-for-younger-users?lang=en
========== dropped link https://www.tiktok.com/legal/privacy-policy-for-younger-users?lang=en. Could not follow redirection (or it was a meaninglessly small page or bot blocked by sessionID).
==== Number of new pages added: 3
==== We are at iteration 2 (tree depth).
====== We are on page 1 of 3: https://support.tiktok.com/en/using-tiktok/creating-videos
====== Number of Links on this Page: 54
======== We are on link 1 of 54
========== raw link https://support.tiktok.com?lang=en
============ Checking for Redirections: https://support.tiktok.com?lang=en
========== dropped link https://support.tiktok.com?lang=en. Could not follow redirection (or it was a meaninglessly small page or bot blocked by sessionID).
======== We are on link 2 of 54
========== raw link /en
============ Found Relative: joining https://support.tiktok.com/en/using-tiktok/creating-videos and /en
============ Checking for Redirections: https://support.tiktok.com/en
============ Link after cleaning: https://support.tiktok.com/en
========== link already checked
======== We are on link 3 of 54
========== raw link /en/using-tiktok/creating-videos/camera-tools
============ Found Relative: joining https://support.tiktok.com/en/using-tiktok/creating-videos and /en/using-tiktok/creating-videos/camera-tools
============ Checking for Redirections: https://support.tiktok.com/en/using-tiktok/creating-videos/camera-tools
============ Link after cleaning: https://support.tiktok.com/en/using-tiktok/creating-videos/camera-tools
========== scraping https://support.tiktok.com/en/using-tiktok/creating-videos/camera-tools
======== We are on link 4 of 54
========== raw link /en/using-tiktok/creating-videos/effects
============ Found Relative: joining https://support.tiktok.com/en/using-tiktok/creating-videos and /en/using-tiktok/creating-videos/effects
============ Checking for Redirections: https://support.tiktok.com/en/using-tiktok/creating-videos/effects
============ Link after cleaning: https://support.tiktok.com/en/using-tiktok/creating-videos/effects
========== scraping https://support.tiktok.com/en/using-tiktok/creating-videos/effects
======== We are on link 5 of 54
========== raw link /en/using-tiktok/creating-videos/sounds
============ Found Relative: joining https://support.tiktok.com/en/using-tiktok/creating-videos and /en/using-tiktok/creating-videos/sounds
============ Checking for Redirections: https://support.tiktok.com/en/using-tiktok/creating-videos/sounds
============ Link after cleaning: https://support.tiktok.com/en/using-tiktok/creating-videos/sounds
========== scraping https://support.tiktok.com/en/using-tiktok/creating-videos/sounds
======== We are on link 6 of 54
========== raw link /en/using-tiktok/creating-videos/editing-posting-and-deleting
============ Found Relative: joining https://support.tiktok.com/en/using-tiktok/creating-videos and /en/using-tiktok/creating-videos/editing-posting-and-deleting
============ Checking for Redirections: https://support.tiktok.com/en/using-tiktok/creating-videos/editing-posting-and-deleting
============ Link after cleaning: https://support.tiktok.com/en/using-tiktok/creating-videos/editing-posting-and-deleting
========== scraping https://support.tiktok.com/en/using-tiktok/creating-videos/editing-posting-and-deleting
======== We are on link 7 of 54
========== raw link /en/using-tiktok/creating-videos/editing-tiktok-videos-and-photos
============ Found Relative: joining https://support.tiktok.com/en/using-tiktok/creating-videos and /en/using-tiktok/creating-videos/editing-tiktok-videos-and-photos
============ Checking for Redirections: https://support.tiktok.com/en/using-tiktok/creating-videos/editing-tiktok-videos-and-photos
============ Link after cleaning: https://support.tiktok.com/en/using-tiktok/creating-videos/editing-tiktok-videos-and-photos
========== scraping https://support.tiktok.com/en/using-tiktok/creating-videos/editing-tiktok-videos-and-photos
======== We are on link 8 of 54
========== raw link /en/using-tiktok/creating-videos/tiktok-stories
============ Found Relative: joining https://support.tiktok.com/en/using-tiktok/creating-videos and /en/using-tiktok/creating-videos/tiktok-stories
============ Checking for Redirections: https://support.tiktok.com/en/using-tiktok/creating-videos/tiktok-stories
============ Link after cleaning: https://support.tiktok.com/en/using-tiktok/creating-videos/tiktok-stories
========== scraping https://support.tiktok.com/en/using-tiktok/creating-videos/tiktok-stories
======== We are on link 9 of 54
========== raw link /en/using-tiktok/creating-videos/text-posts
============ Found Relative: joining https://support.tiktok.com/en/using-tiktok/creating-videos and /en/using-tiktok/creating-videos/text-posts
============ Checking for Redirections: https://support.tiktok.com/en/using-tiktok/creating-videos/text-posts
============ Link after cleaning: https://support.tiktok.com/en/using-tiktok/creating-videos/text-posts
========== scraping https://support.tiktok.com/en/using-tiktok/creating-videos/text-posts
======== We are on link 10 of 54
========== raw link /en/using-tiktok/creating-videos/create-playlists-of-your-videos
============ Found Relative: joining https://support.tiktok.com/en/using-tiktok/creating-videos and /en/using-tiktok/creating-videos/create-playlists-of-your-videos
============ Checking for Redirections: https://support.tiktok.com/en/using-tiktok/creating-videos/create-playlists-of-your-videos
============ Link after cleaning: https://support.tiktok.com/en/using-tiktok/creating-videos/create-playlists-of-your-videos
========== scraping https://support.tiktok.com/en/using-tiktok/creating-videos/create-playlists-of-your-videos
======== We are on link 11 of 54
========== raw link /en/using-tiktok/creating-videos/credit-a-video
============ Found Relative: joining https://support.tiktok.com/en/using-tiktok/creating-videos and /en/using-tiktok/creating-videos/credit-a-video
============ Checking for Redirections: https://support.tiktok.com/en/using-tiktok/creating-videos/credit-a-video
============ Link after cleaning: https://support.tiktok.com/en/using-tiktok/creating-videos/credit-a-video
========== scraping https://support.tiktok.com/en/using-tiktok/creating-videos/credit-a-video
======== We are on link 12 of 54
========== raw link /en/using-tiktok/creating-videos/add-yours
============ Found Relative: joining https://support.tiktok.com/en/using-tiktok/creating-videos and /en/using-tiktok/creating-videos/add-yours
============ Checking for Redirections: https://support.tiktok.com/en/using-tiktok/creating-videos/add-yours
============ Link after cleaning: https://support.tiktok.com/en/using-tiktok/creating-videos/add-yours
========== scraping https://support.tiktok.com/en/using-tiktok/creating-videos/add-yours
======== We are on link 13 of 54
========== raw link /en/using-tiktok/creating-videos/books
============ Found Relative: joining https://support.tiktok.com/en/using-tiktok/creating-videos and /en/using-tiktok/creating-videos/books
============ Checking for Redirections: https://support.tiktok.com/en/using-tiktok/creating-videos/books
============ Link after cleaning: https://support.tiktok.com/en/using-tiktok/creating-videos/books
========== scraping https://support.tiktok.com/en/using-tiktok/creating-videos/books
======== We are on link 14 of 54
========== raw link /en/using-tiktok/creating-videos/movies-and-tv
============ Found Relative: joining https://support.tiktok.com/en/using-tiktok/creating-videos and /en/using-tiktok/creating-videos/movies-and-tv
============ Checking for Redirections: https://support.tiktok.com/en/using-tiktok/creating-videos/movies-and-tv
============ Link after cleaning: https://support.tiktok.com/en/using-tiktok/creating-videos/movies-and-tv
========== scraping https://support.tiktok.com/en/using-tiktok/creating-videos/movies-and-tv
======== We are on link 15 of 54
========== raw link /en/using-tiktok/creating-videos/accessibility
============ Found Relative: joining https://support.tiktok.com/en/using-tiktok/creating-videos and /en/using-tiktok/creating-videos/accessibility
============ Checking for Redirections: https://support.tiktok.com/en/using-tiktok/creating-videos/accessibility
============ Link after cleaning: https://support.tiktok.com/en/using-tiktok/creating-videos/accessibility
========== scraping https://support.tiktok.com/en/using-tiktok/creating-videos/accessibility
======== We are on link 16 of 54
========== raw link /en/using-tiktok/creating-videos/tiktok-creator-center
============ Found Relative: joining https://support.tiktok.com/en/using-tiktok/creating-videos and /en/using-tiktok/creating-videos/tiktok-creator-center
============ Checking for Redirections: https://support.tiktok.com/en/using-tiktok/creating-videos/tiktok-creator-center
============ Link after cleaning: https://support.tiktok.com/en/using-tiktok/creating-videos/tiktok-creator-center
========== scraping https://support.tiktok.com/en/using-tiktok/creating-videos/tiktok-creator-center
======== We are on link 17 of 54
========== raw link /en/using-tiktok/creating-videos/effect-creator-center
============ Found Relative: joining https://support.tiktok.com/en/using-tiktok/creating-videos and /en/using-tiktok/creating-videos/effect-creator-center
============ Checking for Redirections: https://support.tiktok.com/en/using-tiktok/creating-videos/effect-creator-center
============ Link after cleaning: https://support.tiktok.com/en/using-tiktok/creating-videos/effect-creator-center
========== scraping https://support.tiktok.com/en/using-tiktok/creating-videos/effect-creator-center
======== We are on link 18 of 54
========== raw link /en/using-tiktok/creating-videos/ai-generated-content
============ Found Relative: joining https://support.tiktok.com/en/using-tiktok/creating-videos and /en/using-tiktok/creating-videos/ai-generated-content
============ Checking for Redirections: https://support.tiktok.com/en/using-tiktok/creating-videos/ai-generated-content
============ Link after cleaning: https://support.tiktok.com/en/using-tiktok/creating-videos/ai-generated-content
========== link already checked
======== We are on link 19 of 54
========== raw link /en/using-tiktok/creating-videos/support-nonprofits-on-tiktok
============ Found Relative: joining https://support.tiktok.com/en/using-tiktok/creating-videos and /en/using-tiktok/creating-videos/support-nonprofits-on-tiktok
============ Checking for Redirections: https://support.tiktok.com/en/using-tiktok/creating-videos/support-nonprofits-on-tiktok
============ Link after cleaning: https://support.tiktok.com/en/using-tiktok/creating-videos/support-nonprofits-on-tiktok
========== scraping https://support.tiktok.com/en/using-tiktok/creating-videos/support-nonprofits-on-tiktok
======== We are on link 20 of 54
========== raw link /en/using-tiktok/creating-videos/tiktok-notes
============ Found Relative: joining https://support.tiktok.com/en/using-tiktok/creating-videos and /en/using-tiktok/creating-videos/tiktok-notes
============ Checking for Redirections: https://support.tiktok.com/en/using-tiktok/creating-videos/tiktok-notes
============ Link after cleaning: https://support.tiktok.com/en/using-tiktok/creating-videos/tiktok-notes
========== scraping https://support.tiktok.com/en/using-tiktok/creating-videos/tiktok-notes
======== We are on link 21 of 54
========== raw link /en/using-tiktok/creating-videos/making-a-post
============ Found Relative: joining https://support.tiktok.com/en/using-tiktok/creating-videos and /en/using-tiktok/creating-videos/making-a-post
============ Checking for Redirections: https://support.tiktok.com/en/using-tiktok/creating-videos/making-a-post
============ Link after cleaning: https://support.tiktok.com/en/using-tiktok/creating-videos/making-a-post
========== scraping https://support.tiktok.com/en/using-tiktok/creating-videos/making-a-post
======== We are on link 22 of 54
========== raw link /en/using-tiktok/creating-videos/creating-effects-on-mobile
============ Found Relative: joining https://support.tiktok.com/en/using-tiktok/creating-videos and /en/using-tiktok/creating-videos/creating-effects-on-mobile
============ Checking for Redirections: https://support.tiktok.com/en/using-tiktok/creating-videos/creating-effects-on-mobile
============ Link after cleaning: https://support.tiktok.com/en/using-tiktok/creating-videos/creating-effects-on-mobile
========== scraping https://support.tiktok.com/en/using-tiktok/creating-videos/creating-effects-on-mobile
======== We are on link 23 of 54
========== raw link /en/using-tiktok/creating-videos/creator-playlist
============ Found Relative: joining https://support.tiktok.com/en/using-tiktok/creating-videos and /en/using-tiktok/creating-videos/creator-playlist
============ Checking for Redirections: https://support.tiktok.com/en/using-tiktok/creating-videos/creator-playlist
============ Link after cleaning: https://support.tiktok.com/en/using-tiktok/creating-videos/creator-playlist
========== scraping https://support.tiktok.com/en/using-tiktok/creating-videos/creator-playlist
======== We are on link 24 of 54
========== raw link /en/using-tiktok/creating-videos/creator-tools-on-tiktok
============ Found Relative: joining https://support.tiktok.com/en/using-tiktok/creating-videos and /en/using-tiktok/creating-videos/creator-tools-on-tiktok
============ Checking for Redirections: https://support.tiktok.com/en/using-tiktok/creating-videos/creator-tools-on-tiktok
============ Link after cleaning: https://support.tiktok.com/en/using-tiktok/creating-videos/creator-tools-on-tiktok
========== scraping https://support.tiktok.com/en/using-tiktok/creating-videos/creator-tools-on-tiktok
======== We are on link 25 of 54
========== raw link /en/using-tiktok/creating-videos/movies-and-tv
============ Found Relative: joining https://support.tiktok.com/en/using-tiktok/creating-videos and /en/using-tiktok/creating-videos/movies-and-tv
============ Checking for Redirections: https://support.tiktok.com/en/using-tiktok/creating-videos/movies-and-tv
============ Link after cleaning: https://support.tiktok.com/en/using-tiktok/creating-videos/movies-and-tv
========== link already checked
======== We are on link 26 of 54
========== raw link /en/using-tiktok/creating-videos/tiktok-studio
============ Found Relative: joining https://support.tiktok.com/en/using-tiktok/creating-videos and /en/using-tiktok/creating-videos/tiktok-studio
============ Checking for Redirections: https://support.tiktok.com/en/using-tiktok/creating-videos/tiktok-studio
============ Link after cleaning: https://support.tiktok.com/en/using-tiktok/creating-videos/tiktok-studio
========== scraping https://support.tiktok.com/en/using-tiktok/creating-videos/tiktok-studio
======== We are on link 27 of 54
========== raw link /en/using-tiktok/creating-videos/duets-settings
============ Found Relative: joining https://support.tiktok.com/en/using-tiktok/creating-videos and /en/using-tiktok/creating-videos/duets-settings
============ Checking for Redirections: https://support.tiktok.com/en/using-tiktok/creating-videos/duets-settings
============ Link after cleaning: https://support.tiktok.com/en/using-tiktok/creating-videos/duets-settings
========== scraping https://support.tiktok.com/en/using-tiktok/creating-videos/duets-settings
======== We are on link 28 of 54
========== raw link /en/using-tiktok/creating-videos/stitch-settings
============ Found Relative: joining https://support.tiktok.com/en/using-tiktok/creating-videos and /en/using-tiktok/creating-videos/stitch-settings
============ Checking for Redirections: https://support.tiktok.com/en/using-tiktok/creating-videos/stitch-settings
============ Link after cleaning: https://support.tiktok.com/en/using-tiktok/creating-videos/stitch-settings
========== scraping https://support.tiktok.com/en/using-tiktok/creating-videos/stitch-settings
======== We are on link 29 of 54
========== raw link /en/using-tiktok/creating-videos/tiktok-avatar
============ Found Relative: joining https://support.tiktok.com/en/using-tiktok/creating-videos and /en/using-tiktok/creating-videos/tiktok-avatar
============ Checking for Redirections: https://support.tiktok.com/en/using-tiktok/creating-videos/tiktok-avatar
============ Link after cleaning: https://support.tiktok.com/en/using-tiktok/creating-videos/tiktok-avatar
========== scraping https://support.tiktok.com/en/using-tiktok/creating-videos/tiktok-avatar
======== We are on link 30 of 54
========== raw link /en/using-tiktok/creating-videos/ai-alive
============ Found Relative: joining https://support.tiktok.com/en/using-tiktok/creating-videos and /en/using-tiktok/creating-videos/ai-alive
============ Checking for Redirections: https://support.tiktok.com/en/using-tiktok/creating-videos/ai-alive
============ Link after cleaning: https://support.tiktok.com/en/using-tiktok/creating-videos/ai-alive
========== scraping https://support.tiktok.com/en/using-tiktok/creating-videos/ai-alive
======== We are on link 31 of 54
========== raw link /en/getting-started/creating-an-account/creating-an-account
============ Found Relative: joining https://support.tiktok.com/en/using-tiktok/creating-videos and /en/getting-started/creating-an-account/creating-an-account
============ Checking for Redirections: https://support.tiktok.com/en/getting-started/creating-an-account/creating-an-account
============ Link after cleaning: https://support.tiktok.com/en/getting-started/creating-an-account/creating-an-account
========== link already checked
======== We are on link 32 of 54
========== raw link /en/getting-started/setting-up-your-profile
============ Found Relative: joining https://support.tiktok.com/en/using-tiktok/creating-videos and /en/getting-started/setting-up-your-profile
============ Checking for Redirections: https://support.tiktok.com/en/getting-started/setting-up-your-profile
========== dropped link https://support.tiktok.com/en/getting-started/setting-up-your-profile. Could not follow redirection (or it was a meaninglessly small page or bot blocked by sessionID).
======== We are on link 33 of 54
========== raw link https://www.tiktok.com/about
============ Checking for Redirections: https://www.tiktok.com/about
========== dropped link https://www.tiktok.com/about. Could not follow redirection (or it was a meaninglessly small page or bot blocked by sessionID).
======== We are on link 34 of 54
========== raw link https://newsroom.tiktok.com
============ Checking for Redirections: https://newsroom.tiktok.com
============ Followed Redirection to https://newsroom.tiktok.com/en-us/
============ Link after cleaning: https://newsroom.tiktok.com/en-us/
========== link already checked
======== We are on link 35 of 54
========== raw link https://www.tiktok.com/about/contact
============ Checking for Redirections: https://www.tiktok.com/about/contact
========== dropped link https://www.tiktok.com/about/contact. Could not follow redirection (or it was a meaninglessly small page or bot blocked by sessionID).
======== We are on link 36 of 54
========== raw link https://careers.tiktok.com
============ Checking for Redirections: https://careers.tiktok.com
============ Followed Redirection to https://lifeattiktok.com/
============ Link after cleaning: https://lifeattiktok.com/
========== link already checked
======== We are on link 37 of 54
========== raw link /forgood?lang=en
============ Found Relative: joining https://support.tiktok.com/en/using-tiktok/creating-videos and /forgood?lang=en
============ Checking for Redirections: https://support.tiktok.com/forgood?lang=en
============ Followed Redirection to https://support.tiktok.com/en?invalid_lang=forgood
============ Link after cleaning: https://support.tiktok.com/en
========== link already checked
======== We are on link 38 of 54
========== raw link https://developers.tiktok.com/?refer=tiktok_web
============ Checking for Redirections: https://developers.tiktok.com/?refer=tiktok_web
============ Link after cleaning: https://developers.tiktok.com/
========== link already checked
======== We are on link 39 of 54
========== raw link https://effecthouse.tiktok.com/?utm_source=tiktok_web_article
============ Checking for Redirections: https://effecthouse.tiktok.com/?utm_source=tiktok_web_article
============ Link after cleaning: https://effecthouse.tiktok.com/
========== link already checked
======== We are on link 40 of 54
========== raw link https://www.tiktok.com/business/&attr_source=tt_official_site&attr_medium=tt_official_site_guidance
============ Checking for Redirections: https://www.tiktok.com/business/&attr_source=tt_official_site&attr_medium=tt_official_site_guidance
========== dropped link https://www.tiktok.com/business/&attr_source=tt_official_site&attr_medium=tt_official_site_guidance. Could not follow redirection (or it was a meaninglessly small page or bot blocked by sessionID).
======== We are on link 41 of 54
========== raw link https://www.tiktok.com/tiktok-rewards
============ Checking for Redirections: https://www.tiktok.com/tiktok-rewards
========== dropped link https://www.tiktok.com/tiktok-rewards. Could not follow redirection (or it was a meaninglessly small page or bot blocked by sessionID).
======== We are on link 42 of 54
========== raw link https://www.tiktok.com/browse
============ Checking for Redirections: https://www.tiktok.com/browse
========== dropped link https://www.tiktok.com/browse. Could not follow redirection (or it was a meaninglessly small page or bot blocked by sessionID).
======== We are on link 43 of 54
========== raw link https://www.tiktok.com/embed
============ Checking for Redirections: https://www.tiktok.com/embed
========== dropped link https://www.tiktok.com/embed. Could not follow redirection (or it was a meaninglessly small page or bot blocked by sessionID).
======== We are on link 44 of 54
========== raw link https://support.tiktok.com/en
============ Checking for Redirections: https://support.tiktok.com/en
============ Link unchanged
========== link already checked
======== We are on link 45 of 54
========== raw link /article/safety?lang=en
============ Found Relative: joining https://support.tiktok.com/en/using-tiktok/creating-videos and /article/safety?lang=en
============ Checking for Redirections: https://support.tiktok.com/article/safety?lang=en
========== dropped link https://support.tiktok.com/article/safety?lang=en. Could not follow redirection (or it was a meaninglessly small page or bot blocked by sessionID).
======== We are on link 46 of 54
========== raw link https://www.tiktok.com/creators/creator-portal/
============ Checking for Redirections: https://www.tiktok.com/creators/creator-portal/
========== dropped link https://www.tiktok.com/creators/creator-portal/. Could not follow redirection (or it was a meaninglessly small page or bot blocked by sessionID).
======== We are on link 47 of 54
========== raw link https://www.tiktok.com/community-guidelines?lang=en
============ Checking for Redirections: https://www.tiktok.com/community-guidelines?lang=en
========== dropped link https://www.tiktok.com/community-guidelines?lang=en. Could not follow redirection (or it was a meaninglessly small page or bot blocked by sessionID).
======== We are on link 48 of 54
========== raw link https://www.tiktok.com/transparency?lang=en
============ Checking for Redirections: https://www.tiktok.com/transparency?lang=en
========== dropped link https://www.tiktok.com/transparency?lang=en. Could not follow redirection (or it was a meaninglessly small page or bot blocked by sessionID).
======== We are on link 49 of 54
========== raw link https://www.tiktok.com/accessibility
============ Checking for Redirections: https://www.tiktok.com/accessibility
========== dropped link https://www.tiktok.com/accessibility. Could not follow redirection (or it was a meaninglessly small page or bot blocked by sessionID).
======== We are on link 50 of 54
========== raw link https://www.tiktok.com/legal/terms-of-service?lang=en
============ Checking for Redirections: https://www.tiktok.com/legal/terms-of-service?lang=en
========== dropped link https://www.tiktok.com/legal/terms-of-service?lang=en. Could not follow redirection (or it was a meaninglessly small page or bot blocked by sessionID).
======== We are on link 51 of 54
========== raw link https://www.tiktok.com/legal/privacy-policy-row?lang=en
============ Checking for Redirections: https://www.tiktok.com/legal/privacy-policy-row?lang=en
========== dropped link https://www.tiktok.com/legal/privacy-policy-row?lang=en. Could not follow redirection (or it was a meaninglessly small page or bot blocked by sessionID).
======== We are on link 52 of 54
========== raw link https://www.tiktok.com/legal/copyright-policy?lang=en
============ Checking for Redirections: https://www.tiktok.com/legal/copyright-policy?lang=en
========== dropped link https://www.tiktok.com/legal/copyright-policy?lang=en. Could not follow redirection (or it was a meaninglessly small page or bot blocked by sessionID).
======== We are on link 53 of 54
========== raw link https://www.tiktok.com/legal/law-enforcement?lang=en
============ Checking for Redirections: https://www.tiktok.com/legal/law-enforcement?lang=en
========== dropped link https://www.tiktok.com/legal/law-enforcement?lang=en. Could not follow redirection (or it was a meaninglessly small page or bot blocked by sessionID).
======== We are on link 54 of 54
========== raw link https://www.tiktok.com/legal/tiktok-website-cookies-policy?lang=en
============ Checking for Redirections: https://www.tiktok.com/legal/tiktok-website-cookies-policy?lang=en
========== dropped link https://www.tiktok.com/legal/tiktok-website-cookies-policy?lang=en. Could not follow redirection (or it was a meaninglessly small page or bot blocked by sessionID).
====== We are on page 2 of 3: https://newsroom.tiktok.com/en-us/safety
====== Number of Links on this Page: 113
======== We are on link 1 of 113
========== raw link /
========== dropped link (either fragment ("#"), js, mailto, comment, pdf, or empty)
======== We are on link 2 of 113
========== raw link /trending/?lang=en
============ Found Relative: joining https://newsroom.tiktok.com/en-us/safety and /trending/?lang=en
============ Checking for Redirections: https://newsroom.tiktok.com/trending/?lang=en
============ Followed Redirection to https://newsroom.tiktok.com/en-us
============ Link after cleaning: https://newsroom.tiktok.com/en-us
========== link already checked
======== We are on link 3 of 113
========== raw link /en-us/news
============ Found Relative: joining https://newsroom.tiktok.com/en-us/safety and /en-us/news
============ Checking for Redirections: https://newsroom.tiktok.com/en-us/news
============ Link after cleaning: https://newsroom.tiktok.com/en-us/news
========== link already checked
======== We are on link 4 of 113
========== raw link /en-us/footnotes
============ Found Relative: joining https://newsroom.tiktok.com/en-us/safety and /en-us/footnotes
============ Checking for Redirections: https://newsroom.tiktok.com/en-us/footnotes
============ Link after cleaning: https://newsroom.tiktok.com/en-us/footnotes
========== link already checked
======== We are on link 5 of 113
========== raw link /en-us/footnotes
============ Found Relative: joining https://newsroom.tiktok.com/en-us/safety and /en-us/footnotes
============ Checking for Redirections: https://newsroom.tiktok.com/en-us/footnotes
============ Link after cleaning: https://newsroom.tiktok.com/en-us/footnotes
========== link already checked
======== We are on link 6 of 113
========== raw link /en-us/footnotes
============ Found Relative: joining https://newsroom.tiktok.com/en-us/safety and /en-us/footnotes
============ Checking for Redirections: https://newsroom.tiktok.com/en-us/footnotes
============ Link after cleaning: https://newsroom.tiktok.com/en-us/footnotes
========== link already checked
======== We are on link 7 of 113
========== raw link /en-us
============ Found Relative: joining https://newsroom.tiktok.com/en-us/safety and /en-us
============ Checking for Redirections: https://newsroom.tiktok.com/en-us
============ Link after cleaning: https://newsroom.tiktok.com/en-us
========== link already checked
======== We are on link 8 of 113
========== raw link /en-us/news
============ Found Relative: joining https://newsroom.tiktok.com/en-us/safety and /en-us/news
============ Checking for Redirections: https://newsroom.tiktok.com/en-us/news
============ Link after cleaning: https://newsroom.tiktok.com/en-us/news
========== link already checked
======== We are on link 9 of 113
========== raw link /en-us/product
============ Found Relative: joining https://newsroom.tiktok.com/en-us/safety and /en-us/product
============ Checking for Redirections: https://newsroom.tiktok.com/en-us/product
============ Link after cleaning: https://newsroom.tiktok.com/en-us/product
========== link already checked
======== We are on link 10 of 113
========== raw link /en-us/community
============ Found Relative: joining https://newsroom.tiktok.com/en-us/safety and /en-us/community
============ Checking for Redirections: https://newsroom.tiktok.com/en-us/community
============ Link after cleaning: https://newsroom.tiktok.com/en-us/community
========== link already checked
======== We are on link 11 of 113
========== raw link /en-us/safety
============ Found Relative: joining https://newsroom.tiktok.com/en-us/safety and /en-us/safety
============ Checking for Redirections: https://newsroom.tiktok.com/en-us/safety
============ Link after cleaning: https://newsroom.tiktok.com/en-us/safety
========== link already checked
======== We are on link 12 of 113
========== raw link /en-us/company
============ Found Relative: joining https://newsroom.tiktok.com/en-us/safety and /en-us/company
============ Checking for Redirections: https://newsroom.tiktok.com/en-us/company
============ Link after cleaning: https://newsroom.tiktok.com/en-us/company
========== link already checked
======== We are on link 13 of 113
========== raw link /en-us/community
============ Found Relative: joining https://newsroom.tiktok.com/en-us/safety and /en-us/community
============ Checking for Redirections: https://newsroom.tiktok.com/en-us/community
============ Link after cleaning: https://newsroom.tiktok.com/en-us/community
========== link already checked
======== We are on link 14 of 113
========== raw link /en-us/launching-amber-alerts-to-americans-on-tiktok
============ Found Relative: joining https://newsroom.tiktok.com/en-us/safety and /en-us/launching-amber-alerts-to-americans-on-tiktok
============ Checking for Redirections: https://newsroom.tiktok.com/en-us/launching-amber-alerts-to-americans-on-tiktok
============ Link after cleaning: https://newsroom.tiktok.com/en-us/launching-amber-alerts-to-americans-on-tiktok
========== link already checked
======== We are on link 15 of 113
========== raw link /en-us/launching-amber-alerts-to-americans-on-tiktok
============ Found Relative: joining https://newsroom.tiktok.com/en-us/safety and /en-us/launching-amber-alerts-to-americans-on-tiktok
============ Checking for Redirections: https://newsroom.tiktok.com/en-us/launching-amber-alerts-to-americans-on-tiktok
============ Link after cleaning: https://newsroom.tiktok.com/en-us/launching-amber-alerts-to-americans-on-tiktok
========== link already checked
======== We are on link 16 of 113
========== raw link /en-us/launching-amber-alerts-to-americans-on-tiktok
============ Found Relative: joining https://newsroom.tiktok.com/en-us/safety and /en-us/launching-amber-alerts-to-americans-on-tiktok
============ Checking for Redirections: https://newsroom.tiktok.com/en-us/launching-amber-alerts-to-americans-on-tiktok
============ Link after cleaning: https://newsroom.tiktok.com/en-us/launching-amber-alerts-to-americans-on-tiktok
========== link already checked
======== We are on link 17 of 113
========== raw link /en-us/safety
============ Found Relative: joining https://newsroom.tiktok.com/en-us/safety and /en-us/safety
============ Checking for Redirections: https://newsroom.tiktok.com/en-us/safety
============ Link after cleaning: https://newsroom.tiktok.com/en-us/safety
========== link already checked
======== We are on link 18 of 113
========== raw link /en-us/introducing-tiktok-security-checkup
============ Found Relative: joining https://newsroom.tiktok.com/en-us/safety and /en-us/introducing-tiktok-security-checkup
============ Checking for Redirections: https://newsroom.tiktok.com/en-us/introducing-tiktok-security-checkup
============ Link after cleaning: https://newsroom.tiktok.com/en-us/introducing-tiktok-security-checkup
========== link already checked
======== We are on link 19 of 113
========== raw link /en-us/introducing-tiktok-security-checkup
============ Found Relative: joining https://newsroom.tiktok.com/en-us/safety and /en-us/introducing-tiktok-security-checkup
============ Checking for Redirections: https://newsroom.tiktok.com/en-us/introducing-tiktok-security-checkup
============ Link after cleaning: https://newsroom.tiktok.com/en-us/introducing-tiktok-security-checkup
========== link already checked
======== We are on link 20 of 113
========== raw link /en-us/introducing-tiktok-security-checkup
============ Found Relative: joining https://newsroom.tiktok.com/en-us/safety and /en-us/introducing-tiktok-security-checkup
============ Checking for Redirections: https://newsroom.tiktok.com/en-us/introducing-tiktok-security-checkup
============ Link after cleaning: https://newsroom.tiktok.com/en-us/introducing-tiktok-security-checkup
========== link already checked
======== We are on link 21 of 113
========== raw link /en-us/community
============ Found Relative: joining https://newsroom.tiktok.com/en-us/safety and /en-us/community
============ Checking for Redirections: https://newsroom.tiktok.com/en-us/community
============ Link after cleaning: https://newsroom.tiktok.com/en-us/community
========== link already checked
======== We are on link 22 of 113
========== raw link /en-us/pi-day-2025
============ Found Relative: joining https://newsroom.tiktok.com/en-us/safety and /en-us/pi-day-2025
============ Checking for Redirections: https://newsroom.tiktok.com/en-us/pi-day-2025
============ Link after cleaning: https://newsroom.tiktok.com/en-us/pi-day-2025
========== link already checked
======== We are on link 23 of 113
========== raw link /en-us/pi-day-2025
============ Found Relative: joining https://newsroom.tiktok.com/en-us/safety and /en-us/pi-day-2025
============ Checking for Redirections: https://newsroom.tiktok.com/en-us/pi-day-2025
============ Link after cleaning: https://newsroom.tiktok.com/en-us/pi-day-2025
========== link already checked
======== We are on link 24 of 113
========== raw link /en-us/pi-day-2025
============ Found Relative: joining https://newsroom.tiktok.com/en-us/safety and /en-us/pi-day-2025
============ Checking for Redirections: https://newsroom.tiktok.com/en-us/pi-day-2025
============ Link after cleaning: https://newsroom.tiktok.com/en-us/pi-day-2025
========== link already checked
======== We are on link 25 of 113
========== raw link /en-us/safety
============ Found Relative: joining https://newsroom.tiktok.com/en-us/safety and /en-us/safety
============ Checking for Redirections: https://newsroom.tiktok.com/en-us/safety
============ Link after cleaning: https://newsroom.tiktok.com/en-us/safety
========== link already checked
======== We are on link 26 of 113
========== raw link /en-us/new-ways-we-are-supporting-parents-and-helping-teens-build-balanced-digital-habits
============ Found Relative: joining https://newsroom.tiktok.com/en-us/safety and /en-us/new-ways-we-are-supporting-parents-and-helping-teens-build-balanced-digital-habits
============ Checking for Redirections: https://newsroom.tiktok.com/en-us/new-ways-we-are-supporting-parents-and-helping-teens-build-balanced-digital-habits
============ Link after cleaning: https://newsroom.tiktok.com/en-us/new-ways-we-are-supporting-parents-and-helping-teens-build-balanced-digital-habits
========== link already checked
======== We are on link 27 of 113
========== raw link /en-us/new-ways-we-are-supporting-parents-and-helping-teens-build-balanced-digital-habits
============ Found Relative: joining https://newsroom.tiktok.com/en-us/safety and /en-us/new-ways-we-are-supporting-parents-and-helping-teens-build-balanced-digital-habits
============ Checking for Redirections: https://newsroom.tiktok.com/en-us/new-ways-we-are-supporting-parents-and-helping-teens-build-balanced-digital-habits
============ Link after cleaning: https://newsroom.tiktok.com/en-us/new-ways-we-are-supporting-parents-and-helping-teens-build-balanced-digital-habits
========== link already checked
======== We are on link 28 of 113
========== raw link /en-us/new-ways-we-are-supporting-parents-and-helping-teens-build-balanced-digital-habits
============ Found Relative: joining https://newsroom.tiktok.com/en-us/safety and /en-us/new-ways-we-are-supporting-parents-and-helping-teens-build-balanced-digital-habits
============ Checking for Redirections: https://newsroom.tiktok.com/en-us/new-ways-we-are-supporting-parents-and-helping-teens-build-balanced-digital-habits
============ Link after cleaning: https://newsroom.tiktok.com/en-us/new-ways-we-are-supporting-parents-and-helping-teens-build-balanced-digital-habits
========== link already checked
======== We are on link 29 of 113
========== raw link /en-us/safety
============ Found Relative: joining https://newsroom.tiktok.com/en-us/safety and /en-us/safety
============ Checking for Redirections: https://newsroom.tiktok.com/en-us/safety
============ Link after cleaning: https://newsroom.tiktok.com/en-us/safety
========== link already checked
======== We are on link 30 of 113
========== raw link /en-us/tiktok-launches-a-digital-safety-and-privacy-campaign-for-safer-internet-day-and-beyond
============ Found Relative: joining https://newsroom.tiktok.com/en-us/safety and /en-us/tiktok-launches-a-digital-safety-and-privacy-campaign-for-safer-internet-day-and-beyond
============ Checking for Redirections: https://newsroom.tiktok.com/en-us/tiktok-launches-a-digital-safety-and-privacy-campaign-for-safer-internet-day-and-beyond
============ Link after cleaning: https://newsroom.tiktok.com/en-us/tiktok-launches-a-digital-safety-and-privacy-campaign-for-safer-internet-day-and-beyond
========== scraping https://newsroom.tiktok.com/en-us/tiktok-launches-a-digital-safety-and-privacy-campaign-for-safer-internet-day-and-beyond
======== We are on link 31 of 113
========== raw link /en-us/tiktok-launches-a-digital-safety-and-privacy-campaign-for-safer-internet-day-and-beyond
============ Found Relative: joining https://newsroom.tiktok.com/en-us/safety and /en-us/tiktok-launches-a-digital-safety-and-privacy-campaign-for-safer-internet-day-and-beyond
============ Checking for Redirections: https://newsroom.tiktok.com/en-us/tiktok-launches-a-digital-safety-and-privacy-campaign-for-safer-internet-day-and-beyond
============ Link after cleaning: https://newsroom.tiktok.com/en-us/tiktok-launches-a-digital-safety-and-privacy-campaign-for-safer-internet-day-and-beyond
========== link already checked
======== We are on link 32 of 113
========== raw link /en-us/tiktok-launches-a-digital-safety-and-privacy-campaign-for-safer-internet-day-and-beyond
============ Found Relative: joining https://newsroom.tiktok.com/en-us/safety and /en-us/tiktok-launches-a-digital-safety-and-privacy-campaign-for-safer-internet-day-and-beyond
============ Checking for Redirections: https://newsroom.tiktok.com/en-us/tiktok-launches-a-digital-safety-and-privacy-campaign-for-safer-internet-day-and-beyond
============ Link after cleaning: https://newsroom.tiktok.com/en-us/tiktok-launches-a-digital-safety-and-privacy-campaign-for-safer-internet-day-and-beyond
========== link already checked
======== We are on link 33 of 113
========== raw link /en-us/safety
============ Found Relative: joining https://newsroom.tiktok.com/en-us/safety and /en-us/safety
============ Checking for Redirections: https://newsroom.tiktok.com/en-us/safety
============ Link after cleaning: https://newsroom.tiktok.com/en-us/safety
========== link already checked
======== We are on link 34 of 113
========== raw link /en-us/hrd-2025
============ Found Relative: joining https://newsroom.tiktok.com/en-us/safety and /en-us/hrd-2025
============ Checking for Redirections: https://newsroom.tiktok.com/en-us/hrd-2025
============ Link after cleaning: https://newsroom.tiktok.com/en-us/hrd-2025
========== scraping https://newsroom.tiktok.com/en-us/hrd-2025
======== We are on link 35 of 113
========== raw link /en-us/hrd-2025
============ Found Relative: joining https://newsroom.tiktok.com/en-us/safety and /en-us/hrd-2025
============ Checking for Redirections: https://newsroom.tiktok.com/en-us/hrd-2025
============ Link after cleaning: https://newsroom.tiktok.com/en-us/hrd-2025
========== link already checked
======== We are on link 36 of 113
========== raw link /en-us/hrd-2025
============ Found Relative: joining https://newsroom.tiktok.com/en-us/safety and /en-us/hrd-2025
============ Checking for Redirections: https://newsroom.tiktok.com/en-us/hrd-2025
============ Link after cleaning: https://newsroom.tiktok.com/en-us/hrd-2025
========== link already checked
======== We are on link 37 of 113
========== raw link /en-us/safety
============ Found Relative: joining https://newsroom.tiktok.com/en-us/safety and /en-us/safety
============ Checking for Redirections: https://newsroom.tiktok.com/en-us/safety
============ Link after cleaning: https://newsroom.tiktok.com/en-us/safety
========== link already checked
======== We are on link 38 of 113
========== raw link /en-us/bringing-even-more-transparency
============ Found Relative: joining https://newsroom.tiktok.com/en-us/safety and /en-us/bringing-even-more-transparency
============ Checking for Redirections: https://newsroom.tiktok.com/en-us/bringing-even-more-transparency
============ Link after cleaning: https://newsroom.tiktok.com/en-us/bringing-even-more-transparency
========== scraping https://newsroom.tiktok.com/en-us/bringing-even-more-transparency
======== We are on link 39 of 113
========== raw link /en-us/bringing-even-more-transparency
============ Found Relative: joining https://newsroom.tiktok.com/en-us/safety and /en-us/bringing-even-more-transparency
============ Checking for Redirections: https://newsroom.tiktok.com/en-us/bringing-even-more-transparency
============ Link after cleaning: https://newsroom.tiktok.com/en-us/bringing-even-more-transparency
========== link already checked
======== We are on link 40 of 113
========== raw link /en-us/bringing-even-more-transparency
============ Found Relative: joining https://newsroom.tiktok.com/en-us/safety and /en-us/bringing-even-more-transparency
============ Checking for Redirections: https://newsroom.tiktok.com/en-us/bringing-even-more-transparency
============ Link after cleaning: https://newsroom.tiktok.com/en-us/bringing-even-more-transparency
========== link already checked
======== We are on link 41 of 113
========== raw link /en-us/safety
============ Found Relative: joining https://newsroom.tiktok.com/en-us/safety and /en-us/safety
============ Checking for Redirections: https://newsroom.tiktok.com/en-us/safety
============ Link after cleaning: https://newsroom.tiktok.com/en-us/safety
========== link already checked
======== We are on link 42 of 113
========== raw link /en-us/cybersecurity-awareness-month-at-tiktok
============ Found Relative: joining https://newsroom.tiktok.com/en-us/safety and /en-us/cybersecurity-awareness-month-at-tiktok
============ Checking for Redirections: https://newsroom.tiktok.com/en-us/cybersecurity-awareness-month-at-tiktok
============ Link after cleaning: https://newsroom.tiktok.com/en-us/cybersecurity-awareness-month-at-tiktok
========== scraping https://newsroom.tiktok.com/en-us/cybersecurity-awareness-month-at-tiktok
======== We are on link 43 of 113
========== raw link /en-us/cybersecurity-awareness-month-at-tiktok
============ Found Relative: joining https://newsroom.tiktok.com/en-us/safety and /en-us/cybersecurity-awareness-month-at-tiktok
============ Checking for Redirections: https://newsroom.tiktok.com/en-us/cybersecurity-awareness-month-at-tiktok
============ Link after cleaning: https://newsroom.tiktok.com/en-us/cybersecurity-awareness-month-at-tiktok
========== link already checked
======== We are on link 44 of 113
========== raw link /en-us/cybersecurity-awareness-month-at-tiktok
============ Found Relative: joining https://newsroom.tiktok.com/en-us/safety and /en-us/cybersecurity-awareness-month-at-tiktok
============ Checking for Redirections: https://newsroom.tiktok.com/en-us/cybersecurity-awareness-month-at-tiktok
============ Link after cleaning: https://newsroom.tiktok.com/en-us/cybersecurity-awareness-month-at-tiktok
========== link already checked
======== We are on link 45 of 113
========== raw link /en-us/community
============ Found Relative: joining https://newsroom.tiktok.com/en-us/safety and /en-us/community
============ Checking for Redirections: https://newsroom.tiktok.com/en-us/community
============ Link after cleaning: https://newsroom.tiktok.com/en-us/community
========== link already checked
======== We are on link 46 of 113
========== raw link /en-us/fostering-mental-wellbeing-awareness-and-literacy-with-the-world-health-organization
============ Found Relative: joining https://newsroom.tiktok.com/en-us/safety and /en-us/fostering-mental-wellbeing-awareness-and-literacy-with-the-world-health-organization
============ Checking for Redirections: https://newsroom.tiktok.com/en-us/fostering-mental-wellbeing-awareness-and-literacy-with-the-world-health-organization
============ Link after cleaning: https://newsroom.tiktok.com/en-us/fostering-mental-wellbeing-awareness-and-literacy-with-the-world-health-organization
========== scraping https://newsroom.tiktok.com/en-us/fostering-mental-wellbeing-awareness-and-literacy-with-the-world-health-organization
======== We are on link 47 of 113
========== raw link /en-us/fostering-mental-wellbeing-awareness-and-literacy-with-the-world-health-organization
============ Found Relative: joining https://newsroom.tiktok.com/en-us/safety and /en-us/fostering-mental-wellbeing-awareness-and-literacy-with-the-world-health-organization
============ Checking for Redirections: https://newsroom.tiktok.com/en-us/fostering-mental-wellbeing-awareness-and-literacy-with-the-world-health-organization
============ Link after cleaning: https://newsroom.tiktok.com/en-us/fostering-mental-wellbeing-awareness-and-literacy-with-the-world-health-organization
========== link already checked
======== We are on link 48 of 113
========== raw link /en-us/fostering-mental-wellbeing-awareness-and-literacy-with-the-world-health-organization
============ Found Relative: joining https://newsroom.tiktok.com/en-us/safety and /en-us/fostering-mental-wellbeing-awareness-and-literacy-with-the-world-health-organization
============ Checking for Redirections: https://newsroom.tiktok.com/en-us/fostering-mental-wellbeing-awareness-and-literacy-with-the-world-health-organization
============ Link after cleaning: https://newsroom.tiktok.com/en-us/fostering-mental-wellbeing-awareness-and-literacy-with-the-world-health-organization
========== link already checked
======== We are on link 49 of 113
========== raw link /en-us/safety
============ Found Relative: joining https://newsroom.tiktok.com/en-us/safety and /en-us/safety
============ Checking for Redirections: https://newsroom.tiktok.com/en-us/safety
============ Link after cleaning: https://newsroom.tiktok.com/en-us/safety
========== link already checked
======== We are on link 50 of 113
========== raw link /en-us/tiktok-and-the-family-online-safety-institute-partner-to-launch-digital-safety-partnership-for-families
============ Found Relative: joining https://newsroom.tiktok.com/en-us/safety and /en-us/tiktok-and-the-family-online-safety-institute-partner-to-launch-digital-safety-partnership-for-families
============ Checking for Redirections: https://newsroom.tiktok.com/en-us/tiktok-and-the-family-online-safety-institute-partner-to-launch-digital-safety-partnership-for-families
============ Link after cleaning: https://newsroom.tiktok.com/en-us/tiktok-and-the-family-online-safety-institute-partner-to-launch-digital-safety-partnership-for-families
========== scraping https://newsroom.tiktok.com/en-us/tiktok-and-the-family-online-safety-institute-partner-to-launch-digital-safety-partnership-for-families
======== We are on link 51 of 113
========== raw link /en-us/tiktok-and-the-family-online-safety-institute-partner-to-launch-digital-safety-partnership-for-families
============ Found Relative: joining https://newsroom.tiktok.com/en-us/safety and /en-us/tiktok-and-the-family-online-safety-institute-partner-to-launch-digital-safety-partnership-for-families
============ Checking for Redirections: https://newsroom.tiktok.com/en-us/tiktok-and-the-family-online-safety-institute-partner-to-launch-digital-safety-partnership-for-families
============ Link after cleaning: https://newsroom.tiktok.com/en-us/tiktok-and-the-family-online-safety-institute-partner-to-launch-digital-safety-partnership-for-families
========== link already checked
======== We are on link 52 of 113
========== raw link /en-us/tiktok-and-the-family-online-safety-institute-partner-to-launch-digital-safety-partnership-for-families
============ Found Relative: joining https://newsroom.tiktok.com/en-us/safety and /en-us/tiktok-and-the-family-online-safety-institute-partner-to-launch-digital-safety-partnership-for-families
============ Checking for Redirections: https://newsroom.tiktok.com/en-us/tiktok-and-the-family-online-safety-institute-partner-to-launch-digital-safety-partnership-for-families
============ Link after cleaning: https://newsroom.tiktok.com/en-us/tiktok-and-the-family-online-safety-institute-partner-to-launch-digital-safety-partnership-for-families
========== link already checked
======== We are on link 53 of 113
========== raw link /en-us/news
============ Found Relative: joining https://newsroom.tiktok.com/en-us/safety and /en-us/news
============ Checking for Redirections: https://newsroom.tiktok.com/en-us/news
============ Link after cleaning: https://newsroom.tiktok.com/en-us/news
========== link already checked
======== We are on link 54 of 113
========== raw link /en-us/continuing-to-protect-the-integrity-of-tiktok-through-the-us-elections
============ Found Relative: joining https://newsroom.tiktok.com/en-us/safety and /en-us/continuing-to-protect-the-integrity-of-tiktok-through-the-us-elections
============ Checking for Redirections: https://newsroom.tiktok.com/en-us/continuing-to-protect-the-integrity-of-tiktok-through-the-us-elections
============ Link after cleaning: https://newsroom.tiktok.com/en-us/continuing-to-protect-the-integrity-of-tiktok-through-the-us-elections
========== scraping https://newsroom.tiktok.com/en-us/continuing-to-protect-the-integrity-of-tiktok-through-the-us-elections
============ New link added. Search term (AI-generated) found on https://newsroom.tiktok.com/en-us/continuing-to-protect-the-integrity-of-tiktok-through-the-us-elections.
======== We are on link 55 of 113
========== raw link /en-us/continuing-to-protect-the-integrity-of-tiktok-through-the-us-elections
============ Found Relative: joining https://newsroom.tiktok.com/en-us/safety and /en-us/continuing-to-protect-the-integrity-of-tiktok-through-the-us-elections
============ Checking for Redirections: https://newsroom.tiktok.com/en-us/continuing-to-protect-the-integrity-of-tiktok-through-the-us-elections
============ Link after cleaning: https://newsroom.tiktok.com/en-us/continuing-to-protect-the-integrity-of-tiktok-through-the-us-elections
========== link already checked
======== We are on link 56 of 113
========== raw link /en-us/continuing-to-protect-the-integrity-of-tiktok-through-the-us-elections
============ Found Relative: joining https://newsroom.tiktok.com/en-us/safety and /en-us/continuing-to-protect-the-integrity-of-tiktok-through-the-us-elections
============ Checking for Redirections: https://newsroom.tiktok.com/en-us/continuing-to-protect-the-integrity-of-tiktok-through-the-us-elections
============ Link after cleaning: https://newsroom.tiktok.com/en-us/continuing-to-protect-the-integrity-of-tiktok-through-the-us-elections
========== link already checked
======== We are on link 57 of 113
========== raw link /en-us/news
============ Found Relative: joining https://newsroom.tiktok.com/en-us/safety and /en-us/news
============ Checking for Redirections: https://newsroom.tiktok.com/en-us/news
============ Link after cleaning: https://newsroom.tiktok.com/en-us/news
========== link already checked
======== We are on link 58 of 113
========== raw link /en-us/strengthening-our-approach-to-countering-influence-attempts
============ Found Relative: joining https://newsroom.tiktok.com/en-us/safety and /en-us/strengthening-our-approach-to-countering-influence-attempts
============ Checking for Redirections: https://newsroom.tiktok.com/en-us/strengthening-our-approach-to-countering-influence-attempts
============ Link after cleaning: https://newsroom.tiktok.com/en-us/strengthening-our-approach-to-countering-influence-attempts
========== scraping https://newsroom.tiktok.com/en-us/strengthening-our-approach-to-countering-influence-attempts
======== We are on link 59 of 113
========== raw link /en-us/strengthening-our-approach-to-countering-influence-attempts
============ Found Relative: joining https://newsroom.tiktok.com/en-us/safety and /en-us/strengthening-our-approach-to-countering-influence-attempts
============ Checking for Redirections: https://newsroom.tiktok.com/en-us/strengthening-our-approach-to-countering-influence-attempts
============ Link after cleaning: https://newsroom.tiktok.com/en-us/strengthening-our-approach-to-countering-influence-attempts
========== link already checked
======== We are on link 60 of 113
========== raw link /en-us/strengthening-our-approach-to-countering-influence-attempts
============ Found Relative: joining https://newsroom.tiktok.com/en-us/safety and /en-us/strengthening-our-approach-to-countering-influence-attempts
============ Checking for Redirections: https://newsroom.tiktok.com/en-us/strengthening-our-approach-to-countering-influence-attempts
============ Link after cleaning: https://newsroom.tiktok.com/en-us/strengthening-our-approach-to-countering-influence-attempts
========== link already checked
======== We are on link 61 of 113
========== raw link /en-us/safety
============ Found Relative: joining https://newsroom.tiktok.com/en-us/safety and /en-us/safety
============ Checking for Redirections: https://newsroom.tiktok.com/en-us/safety
============ Link after cleaning: https://newsroom.tiktok.com/en-us/safety
========== link already checked
======== We are on link 62 of 113
========== raw link /en-us/partnering-with-our-industry-to-advance-ai-transparency-and-literacy
============ Found Relative: joining https://newsroom.tiktok.com/en-us/safety and /en-us/partnering-with-our-industry-to-advance-ai-transparency-and-literacy
============ Checking for Redirections: https://newsroom.tiktok.com/en-us/partnering-with-our-industry-to-advance-ai-transparency-and-literacy
============ Link after cleaning: https://newsroom.tiktok.com/en-us/partnering-with-our-industry-to-advance-ai-transparency-and-literacy
========== link already checked
======== We are on link 63 of 113
========== raw link /en-us/partnering-with-our-industry-to-advance-ai-transparency-and-literacy
============ Found Relative: joining https://newsroom.tiktok.com/en-us/safety and /en-us/partnering-with-our-industry-to-advance-ai-transparency-and-literacy
============ Checking for Redirections: https://newsroom.tiktok.com/en-us/partnering-with-our-industry-to-advance-ai-transparency-and-literacy
============ Link after cleaning: https://newsroom.tiktok.com/en-us/partnering-with-our-industry-to-advance-ai-transparency-and-literacy
========== link already checked
======== We are on link 64 of 113
========== raw link /en-us/partnering-with-our-industry-to-advance-ai-transparency-and-literacy
============ Found Relative: joining https://newsroom.tiktok.com/en-us/safety and /en-us/partnering-with-our-industry-to-advance-ai-transparency-and-literacy
============ Checking for Redirections: https://newsroom.tiktok.com/en-us/partnering-with-our-industry-to-advance-ai-transparency-and-literacy
============ Link after cleaning: https://newsroom.tiktok.com/en-us/partnering-with-our-industry-to-advance-ai-transparency-and-literacy
========== link already checked
======== We are on link 65 of 113
========== raw link /en-us/community
============ Found Relative: joining https://newsroom.tiktok.com/en-us/safety and /en-us/community
============ Checking for Redirections: https://newsroom.tiktok.com/en-us/community
============ Link after cleaning: https://newsroom.tiktok.com/en-us/community
========== link already checked
======== We are on link 66 of 113
========== raw link /en-us/more-updates-to-help-the-tiktok-community-create-and-share-safely
============ Found Relative: joining https://newsroom.tiktok.com/en-us/safety and /en-us/more-updates-to-help-the-tiktok-community-create-and-share-safely
============ Checking for Redirections: https://newsroom.tiktok.com/en-us/more-updates-to-help-the-tiktok-community-create-and-share-safely
============ Link after cleaning: https://newsroom.tiktok.com/en-us/more-updates-to-help-the-tiktok-community-create-and-share-safely
========== scraping https://newsroom.tiktok.com/en-us/more-updates-to-help-the-tiktok-community-create-and-share-safely
======== We are on link 67 of 113
========== raw link /en-us/more-updates-to-help-the-tiktok-community-create-and-share-safely
============ Found Relative: joining https://newsroom.tiktok.com/en-us/safety and /en-us/more-updates-to-help-the-tiktok-community-create-and-share-safely
============ Checking for Redirections: https://newsroom.tiktok.com/en-us/more-updates-to-help-the-tiktok-community-create-and-share-safely
============ Link after cleaning: https://newsroom.tiktok.com/en-us/more-updates-to-help-the-tiktok-community-create-and-share-safely
========== link already checked
======== We are on link 68 of 113
========== raw link /en-us/more-updates-to-help-the-tiktok-community-create-and-share-safely
============ Found Relative: joining https://newsroom.tiktok.com/en-us/safety and /en-us/more-updates-to-help-the-tiktok-community-create-and-share-safely
============ Checking for Redirections: https://newsroom.tiktok.com/en-us/more-updates-to-help-the-tiktok-community-create-and-share-safely
============ Link after cleaning: https://newsroom.tiktok.com/en-us/more-updates-to-help-the-tiktok-community-create-and-share-safely
========== link already checked
======== We are on link 69 of 113
========== raw link /en-us/community
============ Found Relative: joining https://newsroom.tiktok.com/en-us/safety and /en-us/community
============ Checking for Redirections: https://newsroom.tiktok.com/en-us/community
============ Link after cleaning: https://newsroom.tiktok.com/en-us/community
========== link already checked
======== We are on link 70 of 113
========== raw link /en-us/tiktok-youth-council-holds-first-meetings-as-new-research-shows-teens-want-to-work-directly-with-platforms
============ Found Relative: joining https://newsroom.tiktok.com/en-us/safety and /en-us/tiktok-youth-council-holds-first-meetings-as-new-research-shows-teens-want-to-work-directly-with-platforms
============ Checking for Redirections: https://newsroom.tiktok.com/en-us/tiktok-youth-council-holds-first-meetings-as-new-research-shows-teens-want-to-work-directly-with-platforms
============ Link after cleaning: https://newsroom.tiktok.com/en-us/tiktok-youth-council-holds-first-meetings-as-new-research-shows-teens-want-to-work-directly-with-platforms
========== scraping https://newsroom.tiktok.com/en-us/tiktok-youth-council-holds-first-meetings-as-new-research-shows-teens-want-to-work-directly-with-platforms
============ New link added. Search term (AI-generated) found on https://newsroom.tiktok.com/en-us/tiktok-youth-council-holds-first-meetings-as-new-research-shows-teens-want-to-work-directly-with-platforms.
======== We are on link 71 of 113
========== raw link /en-us/tiktok-youth-council-holds-first-meetings-as-new-research-shows-teens-want-to-work-directly-with-platforms
============ Found Relative: joining https://newsroom.tiktok.com/en-us/safety and /en-us/tiktok-youth-council-holds-first-meetings-as-new-research-shows-teens-want-to-work-directly-with-platforms
============ Checking for Redirections: https://newsroom.tiktok.com/en-us/tiktok-youth-council-holds-first-meetings-as-new-research-shows-teens-want-to-work-directly-with-platforms
============ Link after cleaning: https://newsroom.tiktok.com/en-us/tiktok-youth-council-holds-first-meetings-as-new-research-shows-teens-want-to-work-directly-with-platforms
========== link already checked
======== We are on link 72 of 113
========== raw link /en-us/tiktok-youth-council-holds-first-meetings-as-new-research-shows-teens-want-to-work-directly-with-platforms
============ Found Relative: joining https://newsroom.tiktok.com/en-us/safety and /en-us/tiktok-youth-council-holds-first-meetings-as-new-research-shows-teens-want-to-work-directly-with-platforms
============ Checking for Redirections: https://newsroom.tiktok.com/en-us/tiktok-youth-council-holds-first-meetings-as-new-research-shows-teens-want-to-work-directly-with-platforms
============ Link after cleaning: https://newsroom.tiktok.com/en-us/tiktok-youth-council-holds-first-meetings-as-new-research-shows-teens-want-to-work-directly-with-platforms
========== link already checked
======== We are on link 73 of 113
========== raw link /en-us/safety
============ Found Relative: joining https://newsroom.tiktok.com/en-us/safety and /en-us/safety
============ Checking for Redirections: https://newsroom.tiktok.com/en-us/safety
============ Link after cleaning: https://newsroom.tiktok.com/en-us/safety
========== link already checked
======== We are on link 74 of 113
========== raw link /en-us/celebrating-data-privacy-day-2024
============ Found Relative: joining https://newsroom.tiktok.com/en-us/safety and /en-us/celebrating-data-privacy-day-2024
============ Checking for Redirections: https://newsroom.tiktok.com/en-us/celebrating-data-privacy-day-2024
============ Link after cleaning: https://newsroom.tiktok.com/en-us/celebrating-data-privacy-day-2024
========== scraping https://newsroom.tiktok.com/en-us/celebrating-data-privacy-day-2024
======== We are on link 75 of 113
========== raw link /en-us/celebrating-data-privacy-day-2024
============ Found Relative: joining https://newsroom.tiktok.com/en-us/safety and /en-us/celebrating-data-privacy-day-2024
============ Checking for Redirections: https://newsroom.tiktok.com/en-us/celebrating-data-privacy-day-2024
============ Link after cleaning: https://newsroom.tiktok.com/en-us/celebrating-data-privacy-day-2024
========== link already checked
======== We are on link 76 of 113
========== raw link /en-us/celebrating-data-privacy-day-2024
============ Found Relative: joining https://newsroom.tiktok.com/en-us/safety and /en-us/celebrating-data-privacy-day-2024
============ Checking for Redirections: https://newsroom.tiktok.com/en-us/celebrating-data-privacy-day-2024
============ Link after cleaning: https://newsroom.tiktok.com/en-us/celebrating-data-privacy-day-2024
========== link already checked
======== We are on link 77 of 113
========== raw link /en-us/community
============ Found Relative: joining https://newsroom.tiktok.com/en-us/safety and /en-us/community
============ Checking for Redirections: https://newsroom.tiktok.com/en-us/community
============ Link after cleaning: https://newsroom.tiktok.com/en-us/community
========== link already checked
======== We are on link 78 of 113
========== raw link /en-us/holocaust-remembrance-day-2024
============ Found Relative: joining https://newsroom.tiktok.com/en-us/safety and /en-us/holocaust-remembrance-day-2024
============ Checking for Redirections: https://newsroom.tiktok.com/en-us/holocaust-remembrance-day-2024
============ Link after cleaning: https://newsroom.tiktok.com/en-us/holocaust-remembrance-day-2024
========== scraping https://newsroom.tiktok.com/en-us/holocaust-remembrance-day-2024
======== We are on link 79 of 113
========== raw link /en-us/holocaust-remembrance-day-2024
============ Found Relative: joining https://newsroom.tiktok.com/en-us/safety and /en-us/holocaust-remembrance-day-2024
============ Checking for Redirections: https://newsroom.tiktok.com/en-us/holocaust-remembrance-day-2024
============ Link after cleaning: https://newsroom.tiktok.com/en-us/holocaust-remembrance-day-2024
========== link already checked
======== We are on link 80 of 113
========== raw link /en-us/holocaust-remembrance-day-2024
============ Found Relative: joining https://newsroom.tiktok.com/en-us/safety and /en-us/holocaust-remembrance-day-2024
============ Checking for Redirections: https://newsroom.tiktok.com/en-us/holocaust-remembrance-day-2024
============ Link after cleaning: https://newsroom.tiktok.com/en-us/holocaust-remembrance-day-2024
========== link already checked
======== We are on link 81 of 113
========== raw link /en-us/safety
============ Found Relative: joining https://newsroom.tiktok.com/en-us/safety and /en-us/safety
============ Checking for Redirections: https://newsroom.tiktok.com/en-us/safety
============ Link after cleaning: https://newsroom.tiktok.com/en-us/safety
========== link already checked
======== We are on link 82 of 113
========== raw link /en-us/protecting-election-integrity-in-2024
============ Found Relative: joining https://newsroom.tiktok.com/en-us/safety and /en-us/protecting-election-integrity-in-2024
============ Checking for Redirections: https://newsroom.tiktok.com/en-us/protecting-election-integrity-in-2024
============ Link after cleaning: https://newsroom.tiktok.com/en-us/protecting-election-integrity-in-2024
========== scraping https://newsroom.tiktok.com/en-us/protecting-election-integrity-in-2024
============ New link added. Search term (AI-generated) found on https://newsroom.tiktok.com/en-us/protecting-election-integrity-in-2024.
======== We are on link 83 of 113
========== raw link /en-us/protecting-election-integrity-in-2024
============ Found Relative: joining https://newsroom.tiktok.com/en-us/safety and /en-us/protecting-election-integrity-in-2024
============ Checking for Redirections: https://newsroom.tiktok.com/en-us/protecting-election-integrity-in-2024
============ Link after cleaning: https://newsroom.tiktok.com/en-us/protecting-election-integrity-in-2024
========== link already checked
======== We are on link 84 of 113
========== raw link /en-us/protecting-election-integrity-in-2024
============ Found Relative: joining https://newsroom.tiktok.com/en-us/safety and /en-us/protecting-election-integrity-in-2024
============ Checking for Redirections: https://newsroom.tiktok.com/en-us/protecting-election-integrity-in-2024
============ Link after cleaning: https://newsroom.tiktok.com/en-us/protecting-election-integrity-in-2024
========== link already checked
======== We are on link 85 of 113
========== raw link /en-us/safety
============ Found Relative: joining https://newsroom.tiktok.com/en-us/safety and /en-us/safety
============ Checking for Redirections: https://newsroom.tiktok.com/en-us/safety
============ Link after cleaning: https://newsroom.tiktok.com/en-us/safety
========== link already checked
======== We are on link 86 of 113
========== raw link /en-us/tiktok-facts-the-basics-of-tiktok-ads
============ Found Relative: joining https://newsroom.tiktok.com/en-us/safety and /en-us/tiktok-facts-the-basics-of-tiktok-ads
============ Checking for Redirections: https://newsroom.tiktok.com/en-us/tiktok-facts-the-basics-of-tiktok-ads
============ Link after cleaning: https://newsroom.tiktok.com/en-us/tiktok-facts-the-basics-of-tiktok-ads
========== scraping https://newsroom.tiktok.com/en-us/tiktok-facts-the-basics-of-tiktok-ads
======== We are on link 87 of 113
========== raw link /en-us/tiktok-facts-the-basics-of-tiktok-ads
============ Found Relative: joining https://newsroom.tiktok.com/en-us/safety and /en-us/tiktok-facts-the-basics-of-tiktok-ads
============ Checking for Redirections: https://newsroom.tiktok.com/en-us/tiktok-facts-the-basics-of-tiktok-ads
============ Link after cleaning: https://newsroom.tiktok.com/en-us/tiktok-facts-the-basics-of-tiktok-ads
========== link already checked
======== We are on link 88 of 113
========== raw link /en-us/tiktok-facts-the-basics-of-tiktok-ads
============ Found Relative: joining https://newsroom.tiktok.com/en-us/safety and /en-us/tiktok-facts-the-basics-of-tiktok-ads
============ Checking for Redirections: https://newsroom.tiktok.com/en-us/tiktok-facts-the-basics-of-tiktok-ads
============ Link after cleaning: https://newsroom.tiktok.com/en-us/tiktok-facts-the-basics-of-tiktok-ads
========== link already checked
======== We are on link 89 of 113
========== raw link https://www.tiktok.com
============ Checking for Redirections: https://www.tiktok.com
========== dropped link https://www.tiktok.com. Could not follow redirection (or it was a meaninglessly small page or bot blocked by sessionID).
======== We are on link 90 of 113
========== raw link https://www.tiktok.com/about?lang=en
============ Checking for Redirections: https://www.tiktok.com/about?lang=en
========== dropped link https://www.tiktok.com/about?lang=en. Could not follow redirection (or it was a meaninglessly small page or bot blocked by sessionID).
======== We are on link 91 of 113
========== raw link https://newsroom.tiktok.com?lang=en
============ Checking for Redirections: https://newsroom.tiktok.com?lang=en
============ Followed Redirection to https://newsroom.tiktok.com/en-us/
============ Link after cleaning: https://newsroom.tiktok.com/en-us/
========== link already checked
======== We are on link 92 of 113
========== raw link https://www.tiktok.com/about/contact?lang=en
============ Checking for Redirections: https://www.tiktok.com/about/contact?lang=en
========== dropped link https://www.tiktok.com/about/contact?lang=en. Could not follow redirection (or it was a meaninglessly small page or bot blocked by sessionID).
======== We are on link 93 of 113
========== raw link https://careers.tiktok.com?lang=en
============ Checking for Redirections: https://careers.tiktok.com?lang=en
============ Followed Redirection to https://lifeattiktok.com/?lang=en
============ Link after cleaning: https://lifeattiktok.com/
========== link already checked
======== We are on link 94 of 113
========== raw link https://www.bytedance.com?lang=en
========== dropped link https://www.bytedance.com?lang=en. Didn't pass first allows/blocks test.
======== We are on link 95 of 113
========== raw link https://www.tiktok.com/for-good?lang=en
============ Checking for Redirections: https://www.tiktok.com/for-good?lang=en
========== dropped link https://www.tiktok.com/for-good?lang=en. Could not follow redirection (or it was a meaninglessly small page or bot blocked by sessionID).
======== We are on link 96 of 113
========== raw link https://developers.tiktok.com?lang=en
============ Checking for Redirections: https://developers.tiktok.com?lang=en
============ Followed Redirection to https://developers.tiktok.com/?lang=en
============ Link after cleaning: https://developers.tiktok.com/
========== link already checked
======== We are on link 97 of 113
========== raw link https://effecthouse.tiktok.com?lang=en
============ Checking for Redirections: https://effecthouse.tiktok.com?lang=en
============ Followed Redirection to https://effecthouse.tiktok.com/?lang=en
============ Link after cleaning: https://effecthouse.tiktok.com/
========== link already checked
======== We are on link 98 of 113
========== raw link https://www.tiktok.com/business?lang=en
============ Checking for Redirections: https://www.tiktok.com/business?lang=en
========== dropped link https://www.tiktok.com/business?lang=en. Could not follow redirection (or it was a meaninglessly small page or bot blocked by sessionID).
======== We are on link 99 of 113
========== raw link https://www.tiktok.com/browse?lang=en
============ Checking for Redirections: https://www.tiktok.com/browse?lang=en
========== dropped link https://www.tiktok.com/browse?lang=en. Could not follow redirection (or it was a meaninglessly small page or bot blocked by sessionID).
======== We are on link 100 of 113
========== raw link https://www.tiktok.com/embed?lang=en
============ Checking for Redirections: https://www.tiktok.com/embed?lang=en
========== dropped link https://www.tiktok.com/embed?lang=en. Could not follow redirection (or it was a meaninglessly small page or bot blocked by sessionID).
======== We are on link 101 of 113
========== raw link https://www.tiktok.com/tiktok-rewards?lang=en
============ Checking for Redirections: https://www.tiktok.com/tiktok-rewards?lang=en
========== dropped link https://www.tiktok.com/tiktok-rewards?lang=en. Could not follow redirection (or it was a meaninglessly small page or bot blocked by sessionID).
======== We are on link 102 of 113
========== raw link https://www.tiktok.com/download/en
============ Checking for Redirections: https://www.tiktok.com/download/en
========== dropped link https://www.tiktok.com/download/en. Could not follow redirection (or it was a meaninglessly small page or bot blocked by sessionID).
======== We are on link 103 of 113
========== raw link https://support.tiktok.com?lang=en
============ Checking for Redirections: https://support.tiktok.com?lang=en
========== dropped link https://support.tiktok.com?lang=en. Could not follow redirection (or it was a meaninglessly small page or bot blocked by sessionID).
======== We are on link 104 of 113
========== raw link https://www.tiktok.com/safety?lang=en
============ Checking for Redirections: https://www.tiktok.com/safety?lang=en
========== dropped link https://www.tiktok.com/safety?lang=en. Could not follow redirection (or it was a meaninglessly small page or bot blocked by sessionID).
======== We are on link 105 of 113
========== raw link https://www.tiktok.com/privacy/overview?lang=en
============ Checking for Redirections: https://www.tiktok.com/privacy/overview?lang=en
========== dropped link https://www.tiktok.com/privacy/overview?lang=en. Could not follow redirection (or it was a meaninglessly small page or bot blocked by sessionID).
======== We are on link 106 of 113
========== raw link https://www.tiktok.com/creator-academy?lang=en
============ Checking for Redirections: https://www.tiktok.com/creator-academy?lang=en
========== dropped link https://www.tiktok.com/creator-academy?lang=en. Could not follow redirection (or it was a meaninglessly small page or bot blocked by sessionID).
======== We are on link 107 of 113
========== raw link https://www.tiktok.com/community-guidelines?lang=en
============ Checking for Redirections: https://www.tiktok.com/community-guidelines?lang=en
========== dropped link https://www.tiktok.com/community-guidelines?lang=en. Could not follow redirection (or it was a meaninglessly small page or bot blocked by sessionID).
======== We are on link 108 of 113
========== raw link https://www.tiktok.com/transparency?lang=en
============ Checking for Redirections: https://www.tiktok.com/transparency?lang=en
========== dropped link https://www.tiktok.com/transparency?lang=en. Could not follow redirection (or it was a meaninglessly small page or bot blocked by sessionID).
======== We are on link 109 of 113
========== raw link https://www.tiktok.com/accessibility?lang=en
============ Checking for Redirections: https://www.tiktok.com/accessibility?lang=en
========== dropped link https://www.tiktok.com/accessibility?lang=en. Could not follow redirection (or it was a meaninglessly small page or bot blocked by sessionID).
======== We are on link 110 of 113
========== raw link https://www.tiktok.com/legal/terms-of-service?lang=en
============ Checking for Redirections: https://www.tiktok.com/legal/terms-of-service?lang=en
========== dropped link https://www.tiktok.com/legal/terms-of-service?lang=en. Could not follow redirection (or it was a meaninglessly small page or bot blocked by sessionID).
======== We are on link 111 of 113
========== raw link https://www.tiktok.com/legal/privacy-policy?lang=en
============ Checking for Redirections: https://www.tiktok.com/legal/privacy-policy?lang=en
========== dropped link https://www.tiktok.com/legal/privacy-policy?lang=en. Could not follow redirection (or it was a meaninglessly small page or bot blocked by sessionID).
======== We are on link 112 of 113
========== raw link https://www.tiktok.com/legal/copyright-policy?lang=en
============ Checking for Redirections: https://www.tiktok.com/legal/copyright-policy?lang=en
========== dropped link https://www.tiktok.com/legal/copyright-policy?lang=en. Could not follow redirection (or it was a meaninglessly small page or bot blocked by sessionID).
======== We are on link 113 of 113
========== raw link https://www.tiktok.com/legal/law-enforcement?lang=en
============ Checking for Redirections: https://www.tiktok.com/legal/law-enforcement?lang=en
========== dropped link https://www.tiktok.com/legal/law-enforcement?lang=en. Could not follow redirection (or it was a meaninglessly small page or bot blocked by sessionID).
====== We are on page 3 of 3: https://www.tiktok.com/community-guidelines/en/integrity-authenticity
ERROR: Somehow this page has no links... 
====== Number of Links on this Page: 0
==== Number of new pages added: 3
== Finished scraping tiktok.com-AI_Moderation in 395.0340 seconds.
== Writing to db file
== Done (/home/oscarc/ContentModerationWebScraper/data/05_04_25_09_35/all_htmls/AI_Moderation_tiktok_com_05_04_25_09_35.json)
== Completed with Errors, search for error in logs
